<?xml version="1.0" encoding="UTF-8"?>
<gpx xmlns:xsi="http://www.w3.org/2001/XMLSchema-instance" xmlns="http://www.topografix.com/GPX/1/1" xsi:schemaLocation="http://www.topografix.com/GPX/1/1 http://www.topografix.com/GPX/1/1/gpx.xsd" version="1.1" creator="Open GPX Tracker for iOS">
	<trk>
		<trkseg>
			<trkpt lat="48.10725366056468" lon="-122.77447169049478">
				<ele>2.814805033459198</ele>
				<time>2026-09-14T23:42:29Z</time>
			</trkpt>
			<trkpt lat="48.10722694948594" lon="-122.77444217416054">
				<ele>1.2757492947498825</ele>
				<time>2026-09-14T23:42:30Z</time>
			</trkpt>
			<trkpt lat="48.10720480943109" lon="-122.77444006249398">
				<ele>1.0957979237130466</ele>
				<time>2026-09-14T23:42:31Z</time>
			</trkpt>
			<trkpt lat="48.1071847763529" lon="-122.77443804658247">
				<ele>0.9200364395207536</ele>
				<time>2026-09-14T23:42:34Z</time>
			</trkpt>
			<trkpt lat="48.10716794968907" lon="-122.77441545620485">
				<ele>1.292682269332314</ele>
				<time>2026-09-14T23:42:37Z</time>
			</trkpt>
			<trkpt lat="48.10715285421871" lon="-122.77439703418183">
				<ele>1.3010561705880086</ele>
				<time>2026-09-14T23:42:41Z</time>
			</trkpt>
			<trkpt lat="48.10713684664767" lon="-122.77437337604198">
				<ele>1.303741340711344</ele>
				<time>2026-09-14T23:42:46Z</time>
			</trkpt>
			<trkpt lat="48.107119855931245" lon="-122.77435001516595">
				<ele>1.3013080173619578</ele>
				<time>2026-09-14T23:42:49Z</time>
			</trkpt>
			<trkpt lat="48.1071014576598" lon="-122.77432805427796">
				<ele>1.3229820285569787</ele>
				<time>2026-09-14T23:42:52Z</time>
			</trkpt>
			<trkpt lat="48.107082830140705" lon="-122.77430692100057">
				<ele>1.3006106246002425</ele>
				<time>2026-09-14T23:42:55Z</time>
			</trkpt>
			<trkpt lat="48.10706749693281" lon="-122.77428971314502">
				<ele>1.315887608267282</ele>
				<time>2026-09-14T23:42:57Z</time>
			</trkpt>
			<trkpt lat="48.107059860917246" lon="-122.77425837835659">
				<ele>1.6026886833742182</ele>
				<time>2026-09-14T23:43:01Z</time>
			</trkpt>
			<trkpt lat="48.107070547603" lon="-122.77423055696619">
				<ele>1.6251535917261286</ele>
				<time>2026-09-14T23:43:05Z</time>
			</trkpt>
			<trkpt lat="48.10709002977481" lon="-122.77423160811658">
				<ele>1.6030423414204904</ele>
				<time>2026-09-14T23:43:08Z</time>
			</trkpt>
			<trkpt lat="48.10711308984625" lon="-122.77424484484129">
				<ele>1.589824192346807</ele>
				<time>2026-09-14T23:43:11Z</time>
			</trkpt>
			<trkpt lat="48.10713608753646" lon="-122.77425245406593">
				<ele>0.5041495886893301</ele>
				<time>2026-09-14T23:43:14Z</time>
			</trkpt>
			<trkpt lat="48.107148198364946" lon="-122.77427257100948">
				<ele>1.051971286791371</ele>
				<time>2026-09-14T23:43:18Z</time>
			</trkpt>
			<trkpt lat="48.10716484992638" lon="-122.77428761644214">
				<ele>1.2555129102249936</ele>
				<time>2026-09-14T23:43:24Z</time>
			</trkpt>
			<trkpt lat="48.10717926143268" lon="-122.7742697074701">
				<ele>1.3932128836563749</ele>
				<time>2026-09-14T23:43:33Z</time>
			</trkpt>
			<trkpt lat="48.10719376555869" lon="-122.77425145292572">
				<ele>1.6008396313373474</ele>
				<time>2026-09-14T23:43:39Z</time>
			</trkpt>
			<trkpt lat="48.107210393096544" lon="-122.77423357674155">
				<ele>1.861367961247307</ele>
				<time>2026-09-14T23:43:44Z</time>
			</trkpt>
			<trkpt lat="48.10722873273072" lon="-122.77422902836236">
				<ele>1.883190182764313</ele>
				<time>2026-09-14T23:43:48Z</time>
			</trkpt>
			<trkpt lat="48.10724710132695" lon="-122.7742498698705">
				<ele>2.011637503885357</ele>
				<time>2026-09-14T23:43:54Z</time>
			</trkpt>
			<trkpt lat="48.10724643036921" lon="-122.77428416609935">
				<ele>1.9437050941272815</ele>
				<time>2026-09-14T23:43:59Z</time>
			</trkpt>
			<trkpt lat="48.10725399941361" lon="-122.77431045397704">
				<ele>1.7487003857106593</ele>
				<time>2026-09-14T23:44:03Z</time>
			</trkpt>
			<trkpt lat="48.10724684835862" lon="-122.77434487906636">
				<ele>1.7714764099098907</ele>
				<time>2026-09-14T23:44:09Z</time>
			</trkpt>
			<trkpt lat="48.10723761808433" lon="-122.77436850566616">
				<ele>1.7578028722372245</ele>
				<time>2026-09-14T23:44:11Z</time>
			</trkpt>
			<trkpt lat="48.10722815808076" lon="-122.77439414596292">
				<ele>1.715374656703247</ele>
				<time>2026-09-14T23:44:13Z</time>
			</trkpt>
			<trkpt lat="48.10721966561137" lon="-122.7744279449616">
				<ele>1.657060950683693</ele>
				<time>2026-09-14T23:44:16Z</time>
			</trkpt>
			<trkpt lat="48.107213032108646" lon="-122.77445642597627">
				<ele>1.5926724062349358</ele>
				<time>2026-09-14T23:44:18Z</time>
			</trkpt>
			<trkpt lat="48.10722525407351" lon="-122.7744794168017">
				<ele>1.360450851039964</ele>
				<time>2026-09-14T23:44:21Z</time>
			</trkpt>
			<trkpt lat="48.10724984679502" lon="-122.7744805608337">
				<ele>1.2565680059761952</ele>
				<time>2026-09-14T23:44:24Z</time>
			</trkpt>
			<trkpt lat="48.10727520026204" lon="-122.77448155424105">
				<ele>1.2767817745625898</ele>
				<time>2026-09-14T23:44:27Z</time>
			</trkpt>
			<trkpt lat="48.10729363172061" lon="-122.77447942823332">
				<ele>1.4278468354879443</ele>
				<time>2026-09-14T23:44:29Z</time>
			</trkpt>
			<trkpt lat="48.10731264778156" lon="-122.77448007367526">
				<ele>1.4650248379068351</ele>
				<time>2026-09-14T23:44:32Z</time>
			</trkpt>
			<trkpt lat="48.10733098359235" lon="-122.77448278305882">
				<ele>1.453586374768303</ele>
				<time>2026-09-14T23:44:35Z</time>
			</trkpt>
			<trkpt lat="48.107344633446345" lon="-122.77450427543128">
				<ele>1.6390858298029691</ele>
				<time>2026-09-14T23:44:40Z</time>
			</trkpt>
			<trkpt lat="48.107332259482334" lon="-122.77453144535225">
				<ele>1.552118021200858</ele>
				<time>2026-09-14T23:44:44Z</time>
			</trkpt>
			<trkpt lat="48.10731299635036" lon="-122.77454770459025">
				<ele>1.428684394217136</ele>
				<time>2026-09-14T23:44:47Z</time>
			</trkpt>
			<trkpt lat="48.10729293334427" lon="-122.77455007768444">
				<ele>1.63141165685078</ele>
				<time>2026-09-14T23:44:51Z</time>
			</trkpt>
			<trkpt lat="48.107276086918304" lon="-122.77453306602752">
				<ele>1.5220582475901452</ele>
				<time>2026-09-14T23:44:54Z</time>
			</trkpt>
			<trkpt lat="48.10726399341018" lon="-122.77451006024106">
				<ele>1.5083430061650809</ele>
				<time>2026-09-14T23:44:57Z</time>
			</trkpt>
			<trkpt lat="48.10725032789613" lon="-122.77448112234002">
				<ele>1.5320038642767777</ele>
				<time>2026-09-14T23:45:00Z</time>
			</trkpt>
			<trkpt lat="48.107234921890274" lon="-122.7744515678117">
				<ele>1.4903413227121654</ele>
				<time>2026-09-14T23:45:03Z</time>
			</trkpt>
			<trkpt lat="48.10722149907032" lon="-122.77443071288153">
				<ele>1.3851831322383212</ele>
				<time>2026-09-14T23:45:05Z</time>
			</trkpt>
			<trkpt lat="48.10720528146111" lon="-122.77441248888623">
				<ele>1.3298267162535957</ele>
				<time>2026-09-14T23:45:07Z</time>
			</trkpt>
			<trkpt lat="48.10718767719811" lon="-122.77439524676657">
				<ele>1.3635565825121567</ele>
				<time>2026-09-14T23:45:09Z</time>
			</trkpt>
			<trkpt lat="48.107170557856485" lon="-122.7743786159849">
				<ele>1.3999538099499382</ele>
				<time>2026-09-14T23:45:11Z</time>
			</trkpt>
			<trkpt lat="48.107153682245624" lon="-122.77435936632163">
				<ele>1.4270497715191262</ele>
				<time>2026-09-14T23:45:13Z</time>
			</trkpt>
			<trkpt lat="48.10713738768447" lon="-122.77433991317892">
				<ele>1.4281195475804225</ele>
				<time>2026-09-14T23:45:15Z</time>
			</trkpt>
			<trkpt lat="48.107119699926095" lon="-122.77432030506495">
				<ele>1.4354723713389212</ele>
				<time>2026-09-14T23:45:17Z</time>
			</trkpt>
			<trkpt lat="48.10710055762927" lon="-122.77430109297745">
				<ele>1.4500036911363061</ele>
				<time>2026-09-14T23:45:19Z</time>
			</trkpt>
			<trkpt lat="48.107081431625375" lon="-122.77428352800283">
				<ele>1.4762670298396081</ele>
				<time>2026-09-14T23:45:21Z</time>
			</trkpt>
			<trkpt lat="48.107063099688446" lon="-122.77426690891187">
				<ele>1.4889855599026554</ele>
				<time>2026-09-14T23:45:23Z</time>
			</trkpt>
			<trkpt lat="48.1070437743097" lon="-122.7742527276585">
				<ele>1.5174712529890293</ele>
				<time>2026-09-14T23:45:25Z</time>
			</trkpt>
			<trkpt lat="48.107024700118394" lon="-122.77423762560473">
				<ele>1.5078097623177733</ele>
				<time>2026-09-14T23:45:27Z</time>
			</trkpt>
			<trkpt lat="48.10700461982578" lon="-122.77422335523035">
				<ele>1.4718911853069727</ele>
				<time>2026-09-14T23:45:29Z</time>
			</trkpt>
			<trkpt lat="48.1069839308189" lon="-122.77421013433472">
				<ele>1.4597672050743427</ele>
				<time>2026-09-14T23:45:31Z</time>
			</trkpt>
			<trkpt lat="48.106964151984904" lon="-122.77419750049499">
				<ele>1.4289752592339084</ele>
				<time>2026-09-14T23:45:33Z</time>
			</trkpt>
			<trkpt lat="48.10694440300931" lon="-122.77418566628639">
				<ele>1.4187392724617212</ele>
				<time>2026-09-14T23:45:35Z</time>
			</trkpt>
			<trkpt lat="48.10692432419128" lon="-122.77417489386539">
				<ele>1.4201224552416534</ele>
				<time>2026-09-14T23:45:37Z</time>
			</trkpt>
			<trkpt lat="48.10690502907983" lon="-122.77416443336993">
				<ele>1.3887250031001592</ele>
				<time>2026-09-14T23:45:39Z</time>
			</trkpt>
			<trkpt lat="48.10688677303182" lon="-122.7741541840465">
				<ele>1.3603308099648999</ele>
				<time>2026-09-14T23:45:41Z</time>
			</trkpt>
			<trkpt lat="48.106867728523085" lon="-122.7741436874892">
				<ele>1.3685832538725293</ele>
				<time>2026-09-14T23:45:43Z</time>
			</trkpt>
			<trkpt lat="48.106849367670236" lon="-122.7741340101198">
				<ele>1.3762157245971274</ele>
				<time>2026-09-14T23:45:45Z</time>
			</trkpt>
			<trkpt lat="48.10683044180343" lon="-122.7741232526729">
				<ele>1.3500231414289594</ele>
				<time>2026-09-14T23:45:47Z</time>
			</trkpt>
			<trkpt lat="48.10681252064803" lon="-122.77411280715215">
				<ele>1.3381006399844964</ele>
				<time>2026-09-14T23:45:49Z</time>
			</trkpt>
			<trkpt lat="48.1067928423719" lon="-122.77410134408537">
				<ele>1.3730747675494293</ele>
				<time>2026-09-14T23:45:51Z</time>
			</trkpt>
			<trkpt lat="48.10677286533269" lon="-122.77408923986087">
				<ele>1.3260614892352294</ele>
				<time>2026-09-14T23:45:53Z</time>
			</trkpt>
			<trkpt lat="48.1067528758108" lon="-122.7740768718306">
				<ele>1.3115804947423761</ele>
				<time>2026-09-14T23:45:55Z</time>
			</trkpt>
			<trkpt lat="48.10673350892682" lon="-122.77406349352354">
				<ele>1.302705651250875</ele>
				<time>2026-09-14T23:45:57Z</time>
			</trkpt>
			<trkpt lat="48.10671360825037" lon="-122.77404980117859">
				<ele>1.2520342326974756</ele>
				<time>2026-09-14T23:45:59Z</time>
			</trkpt>
			<trkpt lat="48.10669209432327" lon="-122.77404342681055">
				<ele>1.0884733984962445</ele>
				<time>2026-09-14T23:46:01Z</time>
			</trkpt>
			<trkpt lat="48.10667179449122" lon="-122.77404132481651">
				<ele>1.1137106789511577</ele>
				<time>2026-09-14T23:46:03Z</time>
			</trkpt>
			<trkpt lat="48.106649861412095" lon="-122.77404175310738">
				<ele>1.1084127977774578</ele>
				<time>2026-09-14T23:46:05Z</time>
			</trkpt>
			<trkpt lat="48.10662488915148" lon="-122.77404192541758">
				<ele>1.0945546554355232</ele>
				<time>2026-09-14T23:46:07Z</time>
			</trkpt>
			<trkpt lat="48.1066020505316" lon="-122.77404343366825">
				<ele>1.058308382577934</ele>
				<time>2026-09-14T23:46:09Z</time>
			</trkpt>
			<trkpt lat="48.106583758755804" lon="-122.77403970401576">
				<ele>1.1562077123187464</ele>
				<time>2026-09-14T23:46:10Z</time>
			</trkpt>
			<trkpt lat="48.10655693121932" lon="-122.77402448177695">
				<ele>1.0451478982406783</ele>
				<time>2026-09-14T23:46:12Z</time>
			</trkpt>
			<trkpt lat="48.106532061597086" lon="-122.77400663635841">
				<ele>1.057921405300302</ele>
				<time>2026-09-14T23:46:14Z</time>
			</trkpt>
			<trkpt lat="48.10651219692751" lon="-122.7739793759282">
				<ele>1.2053412468278957</ele>
				<time>2026-09-14T23:46:16Z</time>
			</trkpt>
			<trkpt lat="48.10649580584055" lon="-122.77395083024986">
				<ele>0.9440304655652447</ele>
				<time>2026-09-14T23:46:18Z</time>
			</trkpt>
			<trkpt lat="48.1064789767404" lon="-122.77392437572881">
				<ele>1.1369099593060206</ele>
				<time>2026-09-14T23:46:20Z</time>
			</trkpt>
			<trkpt lat="48.10646430281824" lon="-122.77389975586728">
				<ele>1.1759195067407475</ele>
				<time>2026-09-14T23:46:22Z</time>
			</trkpt>
			<trkpt lat="48.106465311818596" lon="-122.77387039644053">
				<ele>1.0669684217923674</ele>
				<time>2026-09-14T23:46:24Z</time>
			</trkpt>
			<trkpt lat="48.10647614959604" lon="-122.77383209065641">
				<ele>1.3588841140071075</ele>
				<time>2026-09-14T23:46:26Z</time>
			</trkpt>
			<trkpt lat="48.106491263006156" lon="-122.77378279197553">
				<ele>0.8068657624663409</ele>
				<time>2026-09-14T23:46:28Z</time>
			</trkpt>
			<trkpt lat="48.10650306858248" lon="-122.77375888263566">
				<ele>1.1804123684427523</ele>
				<time>2026-09-14T23:46:29Z</time>
			</trkpt>
			<trkpt lat="48.106514966449815" lon="-122.77373514194544">
				<ele>1.1935487636049302</ele>
				<time>2026-09-14T23:46:30Z</time>
			</trkpt>
			<trkpt lat="48.106527229475965" lon="-122.77369024549462">
				<ele>0.6962136489446245</ele>
				<time>2026-09-14T23:46:32Z</time>
			</trkpt>
			<trkpt lat="48.10654229732928" lon="-122.77364379491475">
				<ele>0.7629115790216829</ele>
				<time>2026-09-14T23:46:34Z</time>
			</trkpt>
			<trkpt lat="48.106557120406116" lon="-122.7736023323469">
				<ele>0.8592628733273102</ele>
				<time>2026-09-14T23:46:36Z</time>
			</trkpt>
			<trkpt lat="48.10657018378852" lon="-122.773568161898">
				<ele>0.9417893131051684</ele>
				<time>2026-09-14T23:46:38Z</time>
			</trkpt>
			<trkpt lat="48.10657959157807" lon="-122.77352954200838">
				<ele>1.0091204579082493</ele>
				<time>2026-09-14T23:46:41Z</time>
			</trkpt>
			<trkpt lat="48.10659158318274" lon="-122.773491059163">
				<ele>1.0602761793485094</ele>
				<time>2026-09-14T23:46:43Z</time>
			</trkpt>
			<trkpt lat="48.106602092465295" lon="-122.77345520307259">
				<ele>1.1109225866907444</ele>
				<time>2026-09-14T23:46:45Z</time>
			</trkpt>
			<trkpt lat="48.106613463575464" lon="-122.77342071030166">
				<ele>1.1258634525866675</ele>
				<time>2026-09-14T23:46:47Z</time>
			</trkpt>
			<trkpt lat="48.10662725235836" lon="-122.773373889669">
				<ele>1.1518243128888201</ele>
				<time>2026-09-14T23:46:49Z</time>
			</trkpt>
			<trkpt lat="48.10663816403268" lon="-122.77334065629542">
				<ele>1.1488617938028618</ele>
				<time>2026-09-14T23:46:51Z</time>
			</trkpt>
			<trkpt lat="48.10664826843424" lon="-122.7733079466463">
				<ele>1.172473417164472</ele>
				<time>2026-09-14T23:46:52Z</time>
			</trkpt>
			<trkpt lat="48.10666096735466" lon="-122.77325113519743">
				<ele>1.2183900668750596</ele>
				<time>2026-09-14T23:46:54Z</time>
			</trkpt>
			<trkpt lat="48.10667010806497" lon="-122.7732061926859">
				<ele>1.1821516408354498</ele>
				<time>2026-09-14T23:46:56Z</time>
			</trkpt>
			<trkpt lat="48.10668205307897" lon="-122.77316440675857">
				<ele>1.0716691171228447</ele>
				<time>2026-09-14T23:46:58Z</time>
			</trkpt>
			<trkpt lat="48.10669305994326" lon="-122.77312234069773">
				<ele>1.1040468089600033</ele>
				<time>2026-09-14T23:47:00Z</time>
			</trkpt>
			<trkpt lat="48.10670545745648" lon="-122.77309056908736">
				<ele>1.1169214276841224</ele>
				<time>2026-09-14T23:47:02Z</time>
			</trkpt>
			<trkpt lat="48.10672060241471" lon="-122.77305745417154">
				<ele>1.155143508898501</ele>
				<time>2026-09-14T23:47:04Z</time>
			</trkpt>
			<trkpt lat="48.106734152357944" lon="-122.77302378612806">
				<ele>1.493276272793878</ele>
				<time>2026-09-14T23:47:06Z</time>
			</trkpt>
			<trkpt lat="48.10674619039145" lon="-122.77298931187482">
				<ele>1.4419586498858301</ele>
				<time>2026-09-14T23:47:08Z</time>
			</trkpt>
			<trkpt lat="48.10675926793124" lon="-122.77295130295163">
				<ele>1.4565308420125476</ele>
				<time>2026-09-14T23:47:10Z</time>
			</trkpt>
			<trkpt lat="48.10676588445625" lon="-122.77291646604375">
				<ele>1.2168734029086856</ele>
				<time>2026-09-14T23:47:12Z</time>
			</trkpt>
			<trkpt lat="48.10678013629733" lon="-122.77288821808489">
				<ele>1.320613680953187</ele>
				<time>2026-09-14T23:47:14Z</time>
			</trkpt>
			<trkpt lat="48.10679066722289" lon="-122.77286004223603">
				<ele>1.2642145631041188</ele>
				<time>2026-09-14T23:47:16Z</time>
			</trkpt>
			<trkpt lat="48.10680271515263" lon="-122.77283088388903">
				<ele>1.2652169869808532</ele>
				<time>2026-09-14T23:47:18Z</time>
			</trkpt>
			<trkpt lat="48.10681515689834" lon="-122.77279935972774">
				<ele>1.537718026859924</ele>
				<time>2026-09-14T23:47:20Z</time>
			</trkpt>
			<trkpt lat="48.106826314815734" lon="-122.77276853361761">
				<ele>1.262578087542245</ele>
				<time>2026-09-14T23:47:22Z</time>
			</trkpt>
			<trkpt lat="48.10683558751748" lon="-122.77272974922866">
				<ele>1.277433737264392</ele>
				<time>2026-09-14T23:47:24Z</time>
			</trkpt>
			<trkpt lat="48.1068488182949" lon="-122.77269623153848">
				<ele>1.2267029449974558</ele>
				<time>2026-09-14T23:47:26Z</time>
			</trkpt>
			<trkpt lat="48.106859813725094" lon="-122.77266266903446">
				<ele>1.2984148210047515</ele>
				<time>2026-09-14T23:47:28Z</time>
			</trkpt>
			<trkpt lat="48.10687057333162" lon="-122.77263075778524">
				<ele>1.3138736122317773</ele>
				<time>2026-09-14T23:47:30Z</time>
			</trkpt>
			<trkpt lat="48.10688084218685" lon="-122.7725991341983">
				<ele>1.3431746268673166</ele>
				<time>2026-09-14T23:47:32Z</time>
			</trkpt>
			<trkpt lat="48.10688995300625" lon="-122.77256976457465">
				<ele>1.3674224807813822</ele>
				<time>2026-09-14T23:47:34Z</time>
			</trkpt>
			<trkpt lat="48.10689876430671" lon="-122.77254078625033">
				<ele>1.2778298973312623</ele>
				<time>2026-09-14T23:47:36Z</time>
			</trkpt>
			<trkpt lat="48.10690765029782" lon="-122.77251069328021">
				<ele>1.3561481424517403</ele>
				<time>2026-09-14T23:47:38Z</time>
			</trkpt>
			<trkpt lat="48.106917059042935" lon="-122.77248185421644">
				<ele>1.3711879180571707</ele>
				<time>2026-09-14T23:47:40Z</time>
			</trkpt>
			<trkpt lat="48.10693038843606" lon="-122.77244590000225">
				<ele>1.3767104512475434</ele>
				<time>2026-09-14T23:47:43Z</time>
			</trkpt>
			<trkpt lat="48.106937374640175" lon="-122.77242019554197">
				<ele>1.3912061057091272</ele>
				<time>2026-09-14T23:47:45Z</time>
			</trkpt>
			<trkpt lat="48.106948096467626" lon="-122.77238307931408">
				<ele>1.3741328345253052</ele>
				<time>2026-09-14T23:47:48Z</time>
			</trkpt>
			<trkpt lat="48.10695649560062" lon="-122.77235660912169">
				<ele>1.3997724366668933</ele>
				<time>2026-09-14T23:47:50Z</time>
			</trkpt>
			<trkpt lat="48.106973590505284" lon="-122.77232622585049">
				<ele>1.3624258809119851</ele>
				<time>2026-09-14T23:47:53Z</time>
			</trkpt>
			<trkpt lat="48.10698120541913" lon="-122.77230020047669">
				<ele>1.499642605948182</ele>
				<time>2026-09-14T23:47:55Z</time>
			</trkpt>
			<trkpt lat="48.10699071995618" lon="-122.77227429872487">
				<ele>1.1725235341920666</ele>
				<time>2026-09-14T23:47:57Z</time>
			</trkpt>
			<trkpt lat="48.10699791465587" lon="-122.77224639043682">
				<ele>1.2852281795626226</ele>
				<time>2026-09-14T23:47:59Z</time>
			</trkpt>
			<trkpt lat="48.10700643163514" lon="-122.77222023190116">
				<ele>1.2673763422166004</ele>
				<time>2026-09-14T23:48:01Z</time>
			</trkpt>
			<trkpt lat="48.10701613325389" lon="-122.77219526672334">
				<ele>1.2503468058385074</ele>
				<time>2026-09-14T23:48:03Z</time>
			</trkpt>
			<trkpt lat="48.107026144793565" lon="-122.77217191388155">
				<ele>1.2819551615976685</ele>
				<time>2026-09-14T23:48:05Z</time>
			</trkpt>
			<trkpt lat="48.10704041380386" lon="-122.77214262236167">
				<ele>1.283024489016558</ele>
				<time>2026-09-14T23:48:08Z</time>
			</trkpt>
			<trkpt lat="48.107052019433155" lon="-122.7721215133166">
				<ele>1.3571902075398228</ele>
				<time>2026-09-14T23:48:10Z</time>
			</trkpt>
			<trkpt lat="48.107068081341865" lon="-122.7720910009621">
				<ele>1.361325452138015</ele>
				<time>2026-09-14T23:48:13Z</time>
			</trkpt>
			<trkpt lat="48.10708435649294" lon="-122.77206126649963">
				<ele>1.3336096928894214</ele>
				<time>2026-09-14T23:48:16Z</time>
			</trkpt>
			<trkpt lat="48.107099625463626" lon="-122.77203215719416">
				<ele>1.5302036007027482</ele>
				<time>2026-09-14T23:48:19Z</time>
			</trkpt>
			<trkpt lat="48.107110920625274" lon="-122.77199773683435">
				<ele>1.557913187054865</ele>
				<time>2026-09-14T23:48:22Z</time>
			</trkpt>
			<trkpt lat="48.10711805127584" lon="-122.77196104154223">
				<ele>1.3843206997358593</ele>
				<time>2026-09-14T23:48:25Z</time>
			</trkpt>
			<trkpt lat="48.10712573438106" lon="-122.771934020761">
				<ele>1.4415652380005248</ele>
				<time>2026-09-14T23:48:27Z</time>
			</trkpt>
			<trkpt lat="48.10713367006702" lon="-122.77190827973601">
				<ele>1.4159848604085106</ele>
				<time>2026-09-14T23:48:29Z</time>
			</trkpt>
			<trkpt lat="48.10714316991112" lon="-122.77188042938694">
				<ele>1.5336978102569816</ele>
				<time>2026-09-14T23:48:31Z</time>
			</trkpt>
			<trkpt lat="48.10715474886133" lon="-122.77185243896092">
				<ele>1.5601291066004919</ele>
				<time>2026-09-14T23:48:33Z</time>
			</trkpt>
			<trkpt lat="48.10716743781958" lon="-122.77182259031173">
				<ele>1.6278007193836217</ele>
				<time>2026-09-14T23:48:35Z</time>
			</trkpt>
			<trkpt lat="48.10717500370157" lon="-122.77179162730098">
				<ele>1.8371764971379925</ele>
				<time>2026-09-14T23:48:37Z</time>
			</trkpt>
			<trkpt lat="48.10718304570074" lon="-122.7717638230701">
				<ele>1.7581816274169526</ele>
				<time>2026-09-14T23:48:39Z</time>
			</trkpt>
			<trkpt lat="48.10719307757714" lon="-122.77173662007696">
				<ele>1.842039074357242</ele>
				<time>2026-09-14T23:48:41Z</time>
			</trkpt>
			<trkpt lat="48.107202237802724" lon="-122.77171091248606">
				<ele>1.7548502836207156</ele>
				<time>2026-09-14T23:48:43Z</time>
			</trkpt>
			<trkpt lat="48.10721143784382" lon="-122.77168505589424">
				<ele>1.6455666230979666</ele>
				<time>2026-09-14T23:48:45Z</time>
			</trkpt>
			<trkpt lat="48.107220564998684" lon="-122.77165914459489">
				<ele>1.6085818147698383</ele>
				<time>2026-09-14T23:48:47Z</time>
			</trkpt>
			<trkpt lat="48.10722839435776" lon="-122.77163321327428">
				<ele>1.5154487351827086</ele>
				<time>2026-09-14T23:48:49Z</time>
			</trkpt>
			<trkpt lat="48.10723812016278" lon="-122.77160859288053">
				<ele>1.5646064131057607</ele>
				<time>2026-09-14T23:48:51Z</time>
			</trkpt>
			<trkpt lat="48.107246429136104" lon="-122.77158235274003">
				<ele>1.5588245730961496</ele>
				<time>2026-09-14T23:48:53Z</time>
			</trkpt>
			<trkpt lat="48.10725437065724" lon="-122.77154918904911">
				<ele>1.6531548170762917</ele>
				<time>2026-09-14T23:48:55Z</time>
			</trkpt>
			<trkpt lat="48.1072645176008" lon="-122.77151698347892">
				<ele>1.5268622491319412</ele>
				<time>2026-09-14T23:48:57Z</time>
			</trkpt>
			<trkpt lat="48.10727511469664" lon="-122.77148375886526">
				<ele>1.4467750841685962</ele>
				<time>2026-09-14T23:48:59Z</time>
			</trkpt>
			<trkpt lat="48.10728730482998" lon="-122.77144957790568">
				<ele>1.3776554405916315</ele>
				<time>2026-09-14T23:49:01Z</time>
			</trkpt>
			<trkpt lat="48.107301009525344" lon="-122.77141788965578">
				<ele>1.3920496954037382</ele>
				<time>2026-09-14T23:49:03Z</time>
			</trkpt>
			<trkpt lat="48.10731163487398" lon="-122.77138646228762">
				<ele>1.442305606029489</ele>
				<time>2026-09-14T23:49:05Z</time>
			</trkpt>
			<trkpt lat="48.107322739252155" lon="-122.77135420685674">
				<ele>1.3636073960935562</ele>
				<time>2026-09-14T23:49:07Z</time>
			</trkpt>
			<trkpt lat="48.10733365774385" lon="-122.7713184190388">
				<ele>1.3545004888123628</ele>
				<time>2026-09-14T23:49:09Z</time>
			</trkpt>
			<trkpt lat="48.10734511040671" lon="-122.7712845784209">
				<ele>1.2882951528301305</ele>
				<time>2026-09-14T23:49:11Z</time>
			</trkpt>
			<trkpt lat="48.107357142510665" lon="-122.77124923589078">
				<ele>1.238211837391777</ele>
				<time>2026-09-14T23:49:13Z</time>
			</trkpt>
			<trkpt lat="48.10736698269024" lon="-122.77122641159632">
				<ele>1.38980408437763</ele>
				<time>2026-09-14T23:49:14Z</time>
			</trkpt>
			<trkpt lat="48.10738040497159" lon="-122.77118803930715">
				<ele>1.4144215084781457</ele>
				<time>2026-09-14T23:49:16Z</time>
			</trkpt>
			<trkpt lat="48.10739446940845" lon="-122.77114862271856">
				<ele>1.3909800178475997</ele>
				<time>2026-09-14T23:49:18Z</time>
			</trkpt>
			<trkpt lat="48.10740872105058" lon="-122.77110915654016">
				<ele>1.3401385053457133</ele>
				<time>2026-09-14T23:49:20Z</time>
			</trkpt>
			<trkpt lat="48.107421825121136" lon="-122.7710743642595">
				<ele>1.3700271353347553</ele>
				<time>2026-09-14T23:49:22Z</time>
			</trkpt>
			<trkpt lat="48.10743751456606" lon="-122.77103440329563">
				<ele>1.4029367068103404</ele>
				<time>2026-09-14T23:49:24Z</time>
			</trkpt>
			<trkpt lat="48.10745092823187" lon="-122.77099893354179">
				<ele>1.193937260610344</ele>
				<time>2026-09-14T23:49:26Z</time>
			</trkpt>
			<trkpt lat="48.107464485875" lon="-122.77096353416856">
				<ele>1.4499634725702677</ele>
				<time>2026-09-14T23:49:28Z</time>
			</trkpt>
			<trkpt lat="48.107474975048596" lon="-122.77092764035284">
				<ele>1.4127724297867452</ele>
				<time>2026-09-14T23:49:30Z</time>
			</trkpt>
			<trkpt lat="48.107486047555106" lon="-122.77089118693664">
				<ele>1.2045620437405802</ele>
				<time>2026-09-14T23:49:32Z</time>
			</trkpt>
			<trkpt lat="48.1074959524782" lon="-122.77085534132041">
				<ele>1.2162329273260113</ele>
				<time>2026-09-14T23:49:34Z</time>
			</trkpt>
			<trkpt lat="48.107506502637214" lon="-122.77081720405063">
				<ele>1.2288323837023256</ele>
				<time>2026-09-14T23:49:36Z</time>
			</trkpt>
			<trkpt lat="48.10752038249106" lon="-122.77077954125178">
				<ele>1.2894415045059233</ele>
				<time>2026-09-14T23:49:38Z</time>
			</trkpt>
			<trkpt lat="48.10753032700277" lon="-122.77074759132684">
				<ele>1.2802714465135345</ele>
				<time>2026-09-14T23:49:40Z</time>
			</trkpt>
			<trkpt lat="48.107540184905105" lon="-122.77071085179911">
				<ele>1.2585631366319419</ele>
				<time>2026-09-14T23:49:42Z</time>
			</trkpt>
			<trkpt lat="48.107550511532565" lon="-122.7706756126021">
				<ele>1.3062841986772185</ele>
				<time>2026-09-14T23:49:45Z</time>
			</trkpt>
			<trkpt lat="48.107561979016324" lon="-122.77064351917934">
				<ele>1.2904572364189235</ele>
				<time>2026-09-14T23:49:47Z</time>
			</trkpt>
			<trkpt lat="48.107570910687045" lon="-122.77061742652472">
				<ele>1.2887556029872052</ele>
				<time>2026-09-14T23:49:48Z</time>
			</trkpt>
			<trkpt lat="48.10758196687687" lon="-122.77058144273161">
				<ele>1.2706880951311952</ele>
				<time>2026-09-14T23:49:50Z</time>
			</trkpt>
			<trkpt lat="48.107591192438726" lon="-122.77054700338309">
				<ele>1.302229826268647</ele>
				<time>2026-09-14T23:49:52Z</time>
			</trkpt>
			<trkpt lat="48.10759911345653" lon="-122.77051349442381">
				<ele>1.3316451953850788</ele>
				<time>2026-09-14T23:49:54Z</time>
			</trkpt>
			<trkpt lat="48.107608039472616" lon="-122.77048479024613">
				<ele>1.5041710616474724</ele>
				<time>2026-09-14T23:49:56Z</time>
			</trkpt>
			<trkpt lat="48.10762161992296" lon="-122.77046102780051">
				<ele>1.2103123274215157</ele>
				<time>2026-09-14T23:49:58Z</time>
			</trkpt>
			<trkpt lat="48.1076370070248" lon="-122.7704470481283">
				<ele>1.2429920842520943</ele>
				<time>2026-09-14T23:50:00Z</time>
			</trkpt>
			<trkpt lat="48.1076548789226" lon="-122.77044239559036">
				<ele>1.2604703040529834</ele>
				<time>2026-09-14T23:50:02Z</time>
			</trkpt>
			<trkpt lat="48.10767301329453" lon="-122.7704410607454">
				<ele>1.2398691832939903</ele>
				<time>2026-09-14T23:50:04Z</time>
			</trkpt>
			<trkpt lat="48.10769532010991" lon="-122.77043340400681">
				<ele>1.2832955615686004</ele>
				<time>2026-09-14T23:50:06Z</time>
			</trkpt>
			<trkpt lat="48.10771587040854" lon="-122.77042225182636">
				<ele>1.2281716054918341</ele>
				<time>2026-09-14T23:50:08Z</time>
			</trkpt>
			<trkpt lat="48.10773830063756" lon="-122.77040761930274">
				<ele>1.2449585586419794</ele>
				<time>2026-09-14T23:50:10Z</time>
			</trkpt>
			<trkpt lat="48.10776242870023" lon="-122.77038918894266">
				<ele>1.2320903077381864</ele>
				<time>2026-09-14T23:50:12Z</time>
			</trkpt>
			<trkpt lat="48.10778297113245" lon="-122.77037526391551">
				<ele>1.2258290122514595</ele>
				<time>2026-09-14T23:50:14Z</time>
			</trkpt>
			<trkpt lat="48.10781180109102" lon="-122.77035067116893">
				<ele>1.2504703510756627</ele>
				<time>2026-09-14T23:50:16Z</time>
			</trkpt>
			<trkpt lat="48.1078393776001" lon="-122.77032633884957">
				<ele>1.254869439379128</ele>
				<time>2026-09-14T23:50:18Z</time>
			</trkpt>
			<trkpt lat="48.1078664673333" lon="-122.77030457583602">
				<ele>1.26473328946118</ele>
				<time>2026-09-14T23:50:20Z</time>
			</trkpt>
			<trkpt lat="48.107887127827496" lon="-122.77028686230248">
				<ele>1.3174210866645453</ele>
				<time>2026-09-14T23:50:21Z</time>
			</trkpt>
			<trkpt lat="48.10791325638643" lon="-122.7702669351762">
				<ele>1.2892007044079854</ele>
				<time>2026-09-14T23:50:23Z</time>
			</trkpt>
			<trkpt lat="48.10793887277889" lon="-122.77024906398903">
				<ele>1.3287533968361913</ele>
				<time>2026-09-14T23:50:25Z</time>
			</trkpt>
			<trkpt lat="48.107962354575676" lon="-122.77022631635957">
				<ele>1.7285740765633406</ele>
				<time>2026-09-14T23:50:27Z</time>
			</trkpt>
			<trkpt lat="48.10798634008887" lon="-122.77020827484563">
				<ele>1.773435798643625</ele>
				<time>2026-09-14T23:50:29Z</time>
			</trkpt>
			<trkpt lat="48.10800988480442" lon="-122.77019419245956">
				<ele>1.7254167445508415</ele>
				<time>2026-09-14T23:50:31Z</time>
			</trkpt>
			<trkpt lat="48.108032469896784" lon="-122.77017865722686">
				<ele>1.6841110015441778</ele>
				<time>2026-09-14T23:50:33Z</time>
			</trkpt>
			<trkpt lat="48.108056034796576" lon="-122.7701522290553">
				<ele>2.0709297714731</ele>
				<time>2026-09-14T23:50:35Z</time>
			</trkpt>
			<trkpt lat="48.10807285267574" lon="-122.77012465401555">
				<ele>1.9087097012958303</ele>
				<time>2026-09-14T23:50:37Z</time>
			</trkpt>
			<trkpt lat="48.108079122714265" lon="-122.77008340877951">
				<ele>1.765338730037186</ele>
				<time>2026-09-14T23:50:39Z</time>
			</trkpt>
			<trkpt lat="48.1080805547754" lon="-122.77003903038838">
				<ele>1.6923439489131304</ele>
				<time>2026-09-14T23:50:41Z</time>
			</trkpt>
			<trkpt lat="48.108082802859364" lon="-122.76999973811077">
				<ele>1.6169866816645815</ele>
				<time>2026-09-14T23:50:43Z</time>
			</trkpt>
			<trkpt lat="48.10808792590122" lon="-122.76994312930717">
				<ele>1.5127452343369931</ele>
				<time>2026-09-14T23:50:46Z</time>
			</trkpt>
			<trkpt lat="48.1080922567624" lon="-122.76991344179969">
				<ele>1.4549380260320568</ele>
				<time>2026-09-14T23:50:48Z</time>
			</trkpt>
			<trkpt lat="48.1080977057273" lon="-122.76987819590657">
				<ele>1.4562177378513503</ele>
				<time>2026-09-14T23:50:50Z</time>
			</trkpt>
			<trkpt lat="48.108107432364534" lon="-122.76984628595758">
				<ele>1.4248406112732646</ele>
				<time>2026-09-14T23:50:52Z</time>
			</trkpt>
			<trkpt lat="48.10811090720742" lon="-122.7698050477763">
				<ele>1.4297790640610124</ele>
				<time>2026-09-14T23:50:54Z</time>
			</trkpt>
			<trkpt lat="48.108113694842984" lon="-122.76977171796348">
				<ele>1.332943549698637</ele>
				<time>2026-09-14T23:50:56Z</time>
			</trkpt>
			<trkpt lat="48.1081162831112" lon="-122.76974155247535">
				<ele>1.18574219674613</ele>
				<time>2026-09-14T23:50:58Z</time>
			</trkpt>
			<trkpt lat="48.10812043833205" lon="-122.76970862018707">
				<ele>1.1512421786457985</ele>
				<time>2026-09-14T23:51:00Z</time>
			</trkpt>
			<trkpt lat="48.10812504422268" lon="-122.76967444298161">
				<ele>1.2675639902534286</ele>
				<time>2026-09-14T23:51:02Z</time>
			</trkpt>
			<trkpt lat="48.108130139703704" lon="-122.76964095467511">
				<ele>1.2513739591966058</ele>
				<time>2026-09-14T23:51:04Z</time>
			</trkpt>
			<trkpt lat="48.10813641091798" lon="-122.76960996538955">
				<ele>1.2838379044187924</ele>
				<time>2026-09-14T23:51:06Z</time>
			</trkpt>
			<trkpt lat="48.10814372818182" lon="-122.76957840811995">
				<ele>1.2793878576545765</ele>
				<time>2026-09-14T23:51:08Z</time>
			</trkpt>
			<trkpt lat="48.10815105470537" lon="-122.76954628481673">
				<ele>1.2885888512493082</ele>
				<time>2026-09-14T23:51:10Z</time>
			</trkpt>
			<trkpt lat="48.10815908163173" lon="-122.76951302855281">
				<ele>1.2847889646989437</ele>
				<time>2026-09-14T23:51:12Z</time>
			</trkpt>
			<trkpt lat="48.108167135252074" lon="-122.769478518832">
				<ele>1.2750309680135636</ele>
				<time>2026-09-14T23:51:14Z</time>
			</trkpt>
			<trkpt lat="48.10817460461462" lon="-122.76944393357245">
				<ele>1.2814663233114132</ele>
				<time>2026-09-14T23:51:16Z</time>
			</trkpt>
			<trkpt lat="48.10818308345297" lon="-122.76940793174646">
				<ele>1.29014918039924</ele>
				<time>2026-09-14T23:51:18Z</time>
			</trkpt>
			<trkpt lat="48.108188901255936" lon="-122.7693709738446">
				<ele>1.2726745090817815</ele>
				<time>2026-09-14T23:51:20Z</time>
			</trkpt>
			<trkpt lat="48.108195105845255" lon="-122.7693313289766">
				<ele>1.2495581294550604</ele>
				<time>2026-09-14T23:51:22Z</time>
			</trkpt>
			<trkpt lat="48.108202481446256" lon="-122.76929056273383">
				<ele>1.2563615504950256</ele>
				<time>2026-09-14T23:51:24Z</time>
			</trkpt>
			<trkpt lat="48.108212146314045" lon="-122.76924803122559">
				<ele>1.2792818077389612</ele>
				<time>2026-09-14T23:51:26Z</time>
			</trkpt>
			<trkpt lat="48.108222129261314" lon="-122.76920464552252">
				<ele>1.2144861467586416</ele>
				<time>2026-09-14T23:51:28Z</time>
			</trkpt>
			<trkpt lat="48.10823248780321" lon="-122.76916258851475">
				<ele>1.3135829351971289</ele>
				<time>2026-09-14T23:51:30Z</time>
			</trkpt>
			<trkpt lat="48.108240745894705" lon="-122.7691200206983">
				<ele>1.371685702413071</ele>
				<time>2026-09-14T23:51:32Z</time>
			</trkpt>
			<trkpt lat="48.10824899703745" lon="-122.76907665768132">
				<ele>1.3010169120672828</ele>
				<time>2026-09-14T23:51:34Z</time>
			</trkpt>
			<trkpt lat="48.108257390244766" lon="-122.76903528936867">
				<ele>1.3119901890764503</ele>
				<time>2026-09-14T23:51:36Z</time>
			</trkpt>
			<trkpt lat="48.10826585672882" lon="-122.76899624118435">
				<ele>1.3145092999175496</ele>
				<time>2026-09-14T23:51:38Z</time>
			</trkpt>
			<trkpt lat="48.10827348581846" lon="-122.76895595740514">
				<ele>1.3140778625746776</ele>
				<time>2026-09-14T23:51:40Z</time>
			</trkpt>
			<trkpt lat="48.10828066816254" lon="-122.7689133414434">
				<ele>1.350817744407923</ele>
				<time>2026-09-14T23:51:42Z</time>
			</trkpt>
			<trkpt lat="48.10828745499276" lon="-122.76886964829494">
				<ele>1.3683804230313044</ele>
				<time>2026-09-14T23:51:44Z</time>
			</trkpt>
			<trkpt lat="48.10829453927082" lon="-122.76882873584843">
				<ele>1.339955375385017</ele>
				<time>2026-09-14T23:51:46Z</time>
			</trkpt>
			<trkpt lat="48.108300195577044" lon="-122.76879152529332">
				<ele>1.2423950120147182</ele>
				<time>2026-09-14T23:51:48Z</time>
			</trkpt>
			<trkpt lat="48.10830683103533" lon="-122.76875046726583">
				<ele>1.2142613522229446</ele>
				<time>2026-09-14T23:51:50Z</time>
			</trkpt>
			<trkpt lat="48.10831274333255" lon="-122.76871174769653">
				<ele>1.2274407257023192</ele>
				<time>2026-09-14T23:51:52Z</time>
			</trkpt>
			<trkpt lat="48.10831662092888" lon="-122.76867437706075">
				<ele>1.2160316313988169</ele>
				<time>2026-09-14T23:51:54Z</time>
			</trkpt>
			<trkpt lat="48.108321047210346" lon="-122.76863414347802">
				<ele>1.2398394047777899</ele>
				<time>2026-09-14T23:51:56Z</time>
			</trkpt>
			<trkpt lat="48.1083216987721" lon="-122.76859296374252">
				<ele>1.1486491700943624</ele>
				<time>2026-09-14T23:51:58Z</time>
			</trkpt>
			<trkpt lat="48.10831976332155" lon="-122.76856420992698">
				<ele>1.3002671058237958</ele>
				<time>2026-09-14T23:52:00Z</time>
			</trkpt>
			<trkpt lat="48.10831969799705" lon="-122.76852933811885">
				<ele>1.3870486395902333</ele>
				<time>2026-09-14T23:52:02Z</time>
			</trkpt>
			<trkpt lat="48.108321186396374" lon="-122.76849155609499">
				<ele>1.4830579952426923</ele>
				<time>2026-09-14T23:52:04Z</time>
			</trkpt>
			<trkpt lat="48.108321841375854" lon="-122.76845385150979">
				<ele>1.4014118397265385</ele>
				<time>2026-09-14T23:52:06Z</time>
			</trkpt>
			<trkpt lat="48.10832199495599" lon="-122.76841061194585">
				<ele>1.3586034334411465</ele>
				<time>2026-09-14T23:52:08Z</time>
			</trkpt>
			<trkpt lat="48.108320634579634" lon="-122.76836909649009">
				<ele>1.3301865454529072</ele>
				<time>2026-09-14T23:52:10Z</time>
			</trkpt>
			<trkpt lat="48.108320026422355" lon="-122.76832640422616">
				<ele>1.3564203943868591</ele>
				<time>2026-09-14T23:52:12Z</time>
			</trkpt>
			<trkpt lat="48.10831964127499" lon="-122.76828677307415">
				<ele>1.328656149161496</ele>
				<time>2026-09-14T23:52:14Z</time>
			</trkpt>
			<trkpt lat="48.10831814710969" lon="-122.76824623534912">
				<ele>1.3020787901566635</ele>
				<time>2026-09-14T23:52:16Z</time>
			</trkpt>
			<trkpt lat="48.108315565496405" lon="-122.7681977238391">
				<ele>1.1698789920723947</ele>
				<time>2026-09-14T23:52:18Z</time>
			</trkpt>
			<trkpt lat="48.10831472082816" lon="-122.768146676786">
				<ele>0.9400502893159803</ele>
				<time>2026-09-14T23:52:20Z</time>
			</trkpt>
			<trkpt lat="48.10831216792966" lon="-122.7680954224274">
				<ele>0.9369046951338547</ele>
				<time>2026-09-14T23:52:22Z</time>
			</trkpt>
			<trkpt lat="48.108308171403884" lon="-122.76805040605886">
				<ele>0.9892885790288304</ele>
				<time>2026-09-14T23:52:24Z</time>
			</trkpt>
			<trkpt lat="48.108305025990596" lon="-122.76800822987484">
				<ele>1.1157769539772104</ele>
				<time>2026-09-14T23:52:26Z</time>
			</trkpt>
			<trkpt lat="48.10830343226148" lon="-122.76796338635506">
				<ele>1.1530978619509789</ele>
				<time>2026-09-14T23:52:28Z</time>
			</trkpt>
			<trkpt lat="48.10830011800106" lon="-122.76791768428734">
				<ele>1.1912866264989894</ele>
				<time>2026-09-14T23:52:30Z</time>
			</trkpt>
			<trkpt lat="48.10829791479464" lon="-122.76787600675583">
				<ele>1.4998586600536719</ele>
				<time>2026-09-14T23:52:32Z</time>
			</trkpt>
			<trkpt lat="48.10829180920896" lon="-122.76782733826936">
				<ele>1.4430779204454325</ele>
				<time>2026-09-14T23:52:34Z</time>
			</trkpt>
			<trkpt lat="48.10828425509762" lon="-122.76778370275257">
				<ele>1.3687163013473764</ele>
				<time>2026-09-14T23:52:36Z</time>
			</trkpt>
			<trkpt lat="48.108278374554544" lon="-122.76773606106399">
				<ele>1.4044105356865337</ele>
				<time>2026-09-14T23:52:38Z</time>
			</trkpt>
			<trkpt lat="48.10827106841355" lon="-122.76768935907874">
				<ele>1.380159146301768</ele>
				<time>2026-09-14T23:52:40Z</time>
			</trkpt>
			<trkpt lat="48.10826753263764" lon="-122.76765640455334">
				<ele>1.3591219992471189</ele>
				<time>2026-09-14T23:52:42Z</time>
			</trkpt>
			<trkpt lat="48.10826181006196" lon="-122.76760792981659">
				<ele>1.3375714156261118</ele>
				<time>2026-09-14T23:52:44Z</time>
			</trkpt>
			<trkpt lat="48.10825433285837" lon="-122.76756157156846">
				<ele>1.3433716738378898</ele>
				<time>2026-09-14T23:52:46Z</time>
			</trkpt>
			<trkpt lat="48.10824854987159" lon="-122.76751473791629">
				<ele>1.3488605369861908</ele>
				<time>2026-09-14T23:52:48Z</time>
			</trkpt>
			<trkpt lat="48.10824204124039" lon="-122.76746948740781">
				<ele>1.3260751569877023</ele>
				<time>2026-09-14T23:52:50Z</time>
			</trkpt>
			<trkpt lat="48.108232354846855" lon="-122.76741549203237">
				<ele>1.2875513700223458</ele>
				<time>2026-09-14T23:52:52Z</time>
			</trkpt>
			<trkpt lat="48.10822418259228" lon="-122.76736896532779">
				<ele>1.3029240728778468</ele>
				<time>2026-09-14T23:52:54Z</time>
			</trkpt>
			<trkpt lat="48.10821573579038" lon="-122.76732253033124">
				<ele>1.2937943641838743</ele>
				<time>2026-09-14T23:52:56Z</time>
			</trkpt>
			<trkpt lat="48.10820894832406" lon="-122.76728002000422">
				<ele>1.386753656329578</ele>
				<time>2026-09-14T23:52:58Z</time>
			</trkpt>
			<trkpt lat="48.108200586601875" lon="-122.76723228257777">
				<ele>1.4927285242938133</ele>
				<time>2026-09-14T23:53:00Z</time>
			</trkpt>
			<trkpt lat="48.10819351722571" lon="-122.76719323043451">
				<ele>1.4094059790571727</ele>
				<time>2026-09-14T23:53:02Z</time>
			</trkpt>
			<trkpt lat="48.10819128427138" lon="-122.76715303650128">
				<ele>0.7943408928706255</ele>
				<time>2026-09-14T23:53:04Z</time>
			</trkpt>
			<trkpt lat="48.10818364002354" lon="-122.76711173025608">
				<ele>0.907625631513838</ele>
				<time>2026-09-14T23:53:06Z</time>
			</trkpt>
			<trkpt lat="48.10817792260341" lon="-122.76707591217817">
				<ele>0.9956242932783752</ele>
				<time>2026-09-14T23:53:08Z</time>
			</trkpt>
			<trkpt lat="48.108173026015656" lon="-122.76703183396884">
				<ele>0.8351896832078509</ele>
				<time>2026-09-14T23:53:10Z</time>
			</trkpt>
			<trkpt lat="48.10816475847619" lon="-122.76698812151902">
				<ele>0.9504647536801158</ele>
				<time>2026-09-14T23:53:12Z</time>
			</trkpt>
			<trkpt lat="48.108157668868316" lon="-122.76694903974489">
				<ele>1.1806371030658909</ele>
				<time>2026-09-14T23:53:14Z</time>
			</trkpt>
			<trkpt lat="48.1081508847331" lon="-122.76691116587584">
				<ele>1.2238280784524989</ele>
				<time>2026-09-14T23:53:16Z</time>
			</trkpt>
			<trkpt lat="48.10814355431759" lon="-122.76687344735616">
				<ele>1.183124910283933</ele>
				<time>2026-09-14T23:53:18Z</time>
			</trkpt>
			<trkpt lat="48.108137718817986" lon="-122.76683261213067">
				<ele>1.185434204149871</ele>
				<time>2026-09-14T23:53:20Z</time>
			</trkpt>
			<trkpt lat="48.10813035805029" lon="-122.76679395968773">
				<ele>1.115608135878965</ele>
				<time>2026-09-14T23:53:22Z</time>
			</trkpt>
			<trkpt lat="48.10812153537222" lon="-122.76675591735918">
				<ele>1.1106553687110612</ele>
				<time>2026-09-14T23:53:24Z</time>
			</trkpt>
			<trkpt lat="48.108112363483365" lon="-122.76672101260057">
				<ele>1.1036740271489016</ele>
				<time>2026-09-14T23:53:26Z</time>
			</trkpt>
			<trkpt lat="48.108102269585466" lon="-122.76668499131439">
				<ele>1.1456260471351492</ele>
				<time>2026-09-14T23:53:28Z</time>
			</trkpt>
			<trkpt lat="48.10809317309553" lon="-122.76664822643762">
				<ele>1.125973978603394</ele>
				<time>2026-09-14T23:53:30Z</time>
			</trkpt>
			<trkpt lat="48.108084846379946" lon="-122.76661158558588">
				<ele>1.1739376520692097</ele>
				<time>2026-09-14T23:53:32Z</time>
			</trkpt>
			<trkpt lat="48.10807658082646" lon="-122.76657374260951">
				<ele>1.1489524564135039</ele>
				<time>2026-09-14T23:53:34Z</time>
			</trkpt>
			<trkpt lat="48.10806836434403" lon="-122.76653597287894">
				<ele>1.1520224202669915</ele>
				<time>2026-09-14T23:53:36Z</time>
			</trkpt>
			<trkpt lat="48.10806073548335" lon="-122.76649414116174">
				<ele>1.2507095309020144</ele>
				<time>2026-09-14T23:53:38Z</time>
			</trkpt>
			<trkpt lat="48.10805273456143" lon="-122.76645703917009">
				<ele>1.2289838822079169</ele>
				<time>2026-09-14T23:53:40Z</time>
			</trkpt>
			<trkpt lat="48.10804600634081" lon="-122.76641855344481">
				<ele>1.2469299755514278</ele>
				<time>2026-09-14T23:53:42Z</time>
			</trkpt>
			<trkpt lat="48.10803905657484" lon="-122.76638147820348">
				<ele>1.2147606284718933</ele>
				<time>2026-09-14T23:53:44Z</time>
			</trkpt>
			<trkpt lat="48.108032467138834" lon="-122.76634444173904">
				<ele>1.2001651048496278</ele>
				<time>2026-09-14T23:53:46Z</time>
			</trkpt>
			<trkpt lat="48.108026054355534" lon="-122.76630643383002">
				<ele>1.2001662447772645</ele>
				<time>2026-09-14T23:53:48Z</time>
			</trkpt>
			<trkpt lat="48.10801964888396" lon="-122.76626709699251">
				<ele>1.193447641011538</ele>
				<time>2026-09-14T23:53:50Z</time>
			</trkpt>
			<trkpt lat="48.108012317688804" lon="-122.76622928708643">
				<ele>1.198955324614662</ele>
				<time>2026-09-14T23:53:52Z</time>
			</trkpt>
			<trkpt lat="48.10800524272163" lon="-122.76619191912214">
				<ele>1.1965259084795825</ele>
				<time>2026-09-14T23:53:54Z</time>
			</trkpt>
			<trkpt lat="48.10799854822716" lon="-122.76615433297593">
				<ele>1.220169601598176</ele>
				<time>2026-09-14T23:53:56Z</time>
			</trkpt>
			<trkpt lat="48.10799213536993" lon="-122.76611680129666">
				<ele>1.1785850643917506</ele>
				<time>2026-09-14T23:53:58Z</time>
			</trkpt>
			<trkpt lat="48.10798759098661" lon="-122.76607714209055">
				<ele>1.002064991857889</ele>
				<time>2026-09-14T23:54:00Z</time>
			</trkpt>
			<trkpt lat="48.10798134575652" lon="-122.76603773197088">
				<ele>0.9860163596802316</ele>
				<time>2026-09-14T23:54:02Z</time>
			</trkpt>
			<trkpt lat="48.10797416309968" lon="-122.76599908784405">
				<ele>1.030991159206561</ele>
				<time>2026-09-14T23:54:04Z</time>
			</trkpt>
			<trkpt lat="48.10796895232795" lon="-122.76596236580467">
				<ele>1.0277801554622599</ele>
				<time>2026-09-14T23:54:06Z</time>
			</trkpt>
			<trkpt lat="48.10796343740526" lon="-122.76592596033538">
				<ele>1.0009777893056793</ele>
				<time>2026-09-14T23:54:08Z</time>
			</trkpt>
			<trkpt lat="48.10795711511346" lon="-122.76589171814135">
				<ele>1.0161355954204119</ele>
				<time>2026-09-14T23:54:10Z</time>
			</trkpt>
			<trkpt lat="48.10794867597575" lon="-122.76585824219242">
				<ele>1.11890545801759</ele>
				<time>2026-09-14T23:54:12Z</time>
			</trkpt>
			<trkpt lat="48.10793398098619" lon="-122.76582318566027">
				<ele>0.7034246642794564</ele>
				<time>2026-09-14T23:54:14Z</time>
			</trkpt>
			<trkpt lat="48.10792585528945" lon="-122.76578575709793">
				<ele>0.8369245881539094</ele>
				<time>2026-09-14T23:54:16Z</time>
			</trkpt>
			<trkpt lat="48.10791848563564" lon="-122.7657569238431">
				<ele>0.9915116534408845</ele>
				<time>2026-09-14T23:54:18Z</time>
			</trkpt>
			<trkpt lat="48.10790930741972" lon="-122.76572404779894">
				<ele>1.0942614198794516</ele>
				<time>2026-09-14T23:54:20Z</time>
			</trkpt>
			<trkpt lat="48.10790012033735" lon="-122.76568924737884">
				<ele>1.1308797637899275</ele>
				<time>2026-09-14T23:54:22Z</time>
			</trkpt>
			<trkpt lat="48.10789281081439" lon="-122.7656492679225">
				<ele>1.1440122732691407</ele>
				<time>2026-09-14T23:54:24Z</time>
			</trkpt>
			<trkpt lat="48.107886695106565" lon="-122.76561420057111">
				<ele>1.070467418176733</ele>
				<time>2026-09-14T23:54:26Z</time>
			</trkpt>
			<trkpt lat="48.107880656701795" lon="-122.76557855246914">
				<ele>1.122693061519513</ele>
				<time>2026-09-14T23:54:28Z</time>
			</trkpt>
			<trkpt lat="48.10787338697409" lon="-122.76553798840764">
				<ele>1.1308099137003218</ele>
				<time>2026-09-14T23:54:30Z</time>
			</trkpt>
			<trkpt lat="48.10786976447207" lon="-122.76550217014474">
				<ele>1.1929598918493092</ele>
				<time>2026-09-14T23:54:32Z</time>
			</trkpt>
			<trkpt lat="48.10786490058908" lon="-122.76546648125752">
				<ele>1.2891078640144151</ele>
				<time>2026-09-14T23:54:34Z</time>
			</trkpt>
			<trkpt lat="48.10786090170839" lon="-122.76543127559363">
				<ele>1.308677167007282</ele>
				<time>2026-09-14T23:54:36Z</time>
			</trkpt>
			<trkpt lat="48.107855331946894" lon="-122.76539442190624">
				<ele>1.3452348798309366</ele>
				<time>2026-09-14T23:54:38Z</time>
			</trkpt>
			<trkpt lat="48.1078565924974" lon="-122.76535411773665">
				<ele>1.6172418234918062</ele>
				<time>2026-09-14T23:54:40Z</time>
			</trkpt>
			<trkpt lat="48.10785833135234" lon="-122.76531715005481">
				<ele>1.4856867667216598</ele>
				<time>2026-09-14T23:54:42Z</time>
			</trkpt>
			<trkpt lat="48.107863773401554" lon="-122.76527978169409">
				<ele>1.3650874007329605</ele>
				<time>2026-09-14T23:54:44Z</time>
			</trkpt>
			<trkpt lat="48.10786593681691" lon="-122.76524396902546">
				<ele>1.2448233989588822</ele>
				<time>2026-09-14T23:54:46Z</time>
			</trkpt>
			<trkpt lat="48.10787166503489" lon="-122.76520733015732">
				<ele>1.220019074301259</ele>
				<time>2026-09-14T23:54:48Z</time>
			</trkpt>
			<trkpt lat="48.10788111987512" lon="-122.76516895995866">
				<ele>1.2068523227447798</ele>
				<time>2026-09-14T23:54:50Z</time>
			</trkpt>
			<trkpt lat="48.10789254574832" lon="-122.76513395042848">
				<ele>1.267992786245145</ele>
				<time>2026-09-14T23:54:52Z</time>
			</trkpt>
			<trkpt lat="48.10790883892316" lon="-122.76511461437575">
				<ele>1.3096070367015642</ele>
				<time>2026-09-14T23:54:54Z</time>
			</trkpt>
			<trkpt lat="48.107934703827944" lon="-122.76512413460384">
				<ele>1.2808877736186304</ele>
				<time>2026-09-14T23:54:56Z</time>
			</trkpt>
			<trkpt lat="48.10796851725183" lon="-122.76514192807375">
				<ele>1.2110442333119096</ele>
				<time>2026-09-14T23:54:58Z</time>
			</trkpt>
			<trkpt lat="48.10800066356526" lon="-122.76515811776136">
				<ele>1.1994132843793537</ele>
				<time>2026-09-14T23:55:00Z</time>
			</trkpt>
			<trkpt lat="48.10801948807765" lon="-122.76516950124007">
				<ele>1.439087845802856</ele>
				<time>2026-09-14T23:55:01Z</time>
			</trkpt>
			<trkpt lat="48.10804931547338" lon="-122.7651919297531">
				<ele>1.3404492801931802</ele>
				<time>2026-09-14T23:55:03Z</time>
			</trkpt>
			<trkpt lat="48.1080758968326" lon="-122.76521675509966">
				<ele>1.252163253701454</ele>
				<time>2026-09-14T23:55:05Z</time>
			</trkpt>
			<trkpt lat="48.10810433431503" lon="-122.76523280065913">
				<ele>1.3535411073307841</ele>
				<time>2026-09-14T23:55:07Z</time>
			</trkpt>
			<trkpt lat="48.10813130922055" lon="-122.76524579550323">
				<ele>1.2937195799623602</ele>
				<time>2026-09-14T23:55:09Z</time>
			</trkpt>
			<trkpt lat="48.10815718239769" lon="-122.76526587033537">
				<ele>1.3719803637204002</ele>
				<time>2026-09-14T23:55:11Z</time>
			</trkpt>
			<trkpt lat="48.1081801798141" lon="-122.76528369499248">
				<ele>1.3331928434842446</ele>
				<time>2026-09-14T23:55:13Z</time>
			</trkpt>
			<trkpt lat="48.10820404660032" lon="-122.76529687928084">
				<ele>1.2764477285992442</ele>
				<time>2026-09-14T23:55:15Z</time>
			</trkpt>
			<trkpt lat="48.10822318613614" lon="-122.76531138002144">
				<ele>1.237471323128247</ele>
				<time>2026-09-14T23:55:17Z</time>
			</trkpt>
			<trkpt lat="48.108242746690074" lon="-122.76532562439472">
				<ele>1.2706997334299608</ele>
				<time>2026-09-14T23:55:19Z</time>
			</trkpt>
			<trkpt lat="48.10826148221788" lon="-122.76533980148037">
				<ele>1.3655352903511044</ele>
				<time>2026-09-14T23:55:21Z</time>
			</trkpt>
			<trkpt lat="48.10825228094229" lon="-122.76536751037222">
				<ele>1.2571223465140378</ele>
				<time>2026-09-14T23:55:25Z</time>
			</trkpt>
			<trkpt lat="48.10824387548919" lon="-122.76539790634561">
				<ele>1.2577809169573406</ele>
				<time>2026-09-14T23:55:27Z</time>
			</trkpt>
			<trkpt lat="48.10824185711706" lon="-122.76543449188124">
				<ele>1.2719674947317934</ele>
				<time>2026-09-14T23:55:29Z</time>
			</trkpt>
			<trkpt lat="48.108242371399015" lon="-122.765470535922">
				<ele>1.308257454394223</ele>
				<time>2026-09-14T23:55:31Z</time>
			</trkpt>
			<trkpt lat="48.10824109446011" lon="-122.76550210095364">
				<ele>1.3671093552810092</ele>
				<time>2026-09-14T23:55:33Z</time>
			</trkpt>
			<trkpt lat="48.10823563071645" lon="-122.76553819072737">
				<ele>1.2607804906456508</ele>
				<time>2026-09-14T23:55:35Z</time>
			</trkpt>
			<trkpt lat="48.10822847214764" lon="-122.76557315374325">
				<ele>1.2066939397680478</ele>
				<time>2026-09-14T23:55:37Z</time>
			</trkpt>
			<trkpt lat="48.10822009446059" lon="-122.76560412223687">
				<ele>1.2112314074745534</ele>
				<time>2026-09-14T23:55:39Z</time>
			</trkpt>
			<trkpt lat="48.108212133231966" lon="-122.76563174461938">
				<ele>1.2006233716228287</ele>
				<time>2026-09-14T23:55:41Z</time>
			</trkpt>
			<trkpt lat="48.10820316715003" lon="-122.76566351969178">
				<ele>1.153953455719499</ele>
				<time>2026-09-14T23:55:43Z</time>
			</trkpt>
			<trkpt lat="48.108195386198204" lon="-122.76569088342332">
				<ele>1.160575875874592</ele>
				<time>2026-09-14T23:55:45Z</time>
			</trkpt>
			<trkpt lat="48.108187024128355" lon="-122.76572037218452">
				<ele>1.2183194427374886</ele>
				<time>2026-09-14T23:55:47Z</time>
			</trkpt>
			<trkpt lat="48.108180318940384" lon="-122.76574816037417">
				<ele>1.1850133649307075</ele>
				<time>2026-09-14T23:55:49Z</time>
			</trkpt>
			<trkpt lat="48.10817188357174" lon="-122.76578547423897">
				<ele>1.157913836236407</ele>
				<time>2026-09-14T23:55:52Z</time>
			</trkpt>
			<trkpt lat="48.10816329032235" lon="-122.76581164855715">
				<ele>1.074146126844937</ele>
				<time>2026-09-14T23:55:54Z</time>
			</trkpt>
			<trkpt lat="48.10815532794213" lon="-122.76583635523441">
				<ele>1.1920217363689254</ele>
				<time>2026-09-14T23:55:56Z</time>
			</trkpt>
			<trkpt lat="48.10814771086577" lon="-122.76586183965854">
				<ele>1.1181028265818824</ele>
				<time>2026-09-14T23:55:58Z</time>
			</trkpt>
			<trkpt lat="48.108139454224094" lon="-122.76589057748247">
				<ele>1.1385616268762924</ele>
				<time>2026-09-14T23:56:00Z</time>
			</trkpt>
			<trkpt lat="48.10813157857084" lon="-122.76591725372157">
				<ele>1.167461897415734</ele>
				<time>2026-09-14T23:56:02Z</time>
			</trkpt>
			<trkpt lat="48.10812212593503" lon="-122.76594526716603">
				<ele>1.2066102842116102</ele>
				<time>2026-09-14T23:56:04Z</time>
			</trkpt>
			<trkpt lat="48.108111469493664" lon="-122.76597272905151">
				<ele>1.1763629836530818</ele>
				<time>2026-09-14T23:56:06Z</time>
			</trkpt>
			<trkpt lat="48.10810156360091" lon="-122.76600038188077">
				<ele>1.2128096074091772</ele>
				<time>2026-09-14T23:56:08Z</time>
			</trkpt>
			<trkpt lat="48.108092702609206" lon="-122.76602947515943">
				<ele>1.1948375141345835</ele>
				<time>2026-09-14T23:56:10Z</time>
			</trkpt>
			<trkpt lat="48.108085232834775" lon="-122.76605513560605">
				<ele>1.2004114724889625</ele>
				<time>2026-09-14T23:56:12Z</time>
			</trkpt>
			<trkpt lat="48.10807641608633" lon="-122.76608153905542">
				<ele>1.2068044714060733</ele>
				<time>2026-09-14T23:56:14Z</time>
			</trkpt>
			<trkpt lat="48.10806804083253" lon="-122.76610636090436">
				<ele>1.2040322638501273</ele>
				<time>2026-09-14T23:56:16Z</time>
			</trkpt>
			<trkpt lat="48.10805672242083" lon="-122.7661380274668">
				<ele>1.2382310190354957</ele>
				<time>2026-09-14T23:56:19Z</time>
			</trkpt>
			<trkpt lat="48.10804366495685" lon="-122.76617034162732">
				<ele>1.2199553451504812</ele>
				<time>2026-09-14T23:56:22Z</time>
			</trkpt>
			<trkpt lat="48.10802920210528" lon="-122.76620439348923">
				<ele>1.213456739018067</ele>
				<time>2026-09-14T23:56:25Z</time>
			</trkpt>
			<trkpt lat="48.10802031913429" lon="-122.76622794571466">
				<ele>1.2232880218115803</ele>
				<time>2026-09-14T23:56:27Z</time>
			</trkpt>
			<trkpt lat="48.108011369536015" lon="-122.76625196565888">
				<ele>1.208943195288402</ele>
				<time>2026-09-14T23:56:29Z</time>
			</trkpt>
			<trkpt lat="48.10799925333414" lon="-122.76627465510538">
				<ele>1.1590971307247138</ele>
				<time>2026-09-14T23:56:31Z</time>
			</trkpt>
			<trkpt lat="48.107990222205835" lon="-122.7662995443706">
				<ele>1.1508832235242359</ele>
				<time>2026-09-14T23:56:33Z</time>
			</trkpt>
			<trkpt lat="48.10798054942705" lon="-122.7663230432852">
				<ele>1.1369830522352373</ele>
				<time>2026-09-14T23:56:35Z</time>
			</trkpt>
			<trkpt lat="48.107969508730754" lon="-122.76634535996382">
				<ele>1.1460720715247916</ele>
				<time>2026-09-14T23:56:37Z</time>
			</trkpt>
			<trkpt lat="48.10795753430385" lon="-122.7663719632437">
				<ele>1.2077931014086332</ele>
				<time>2026-09-14T23:56:39Z</time>
			</trkpt>
			<trkpt lat="48.10794419088856" lon="-122.76640773850383">
				<ele>1.043996285281704</ele>
				<time>2026-09-14T23:56:41Z</time>
			</trkpt>
			<trkpt lat="48.10794909080625" lon="-122.76644197081094">
				<ele>1.0010958059214126</ele>
				<time>2026-09-14T23:56:43Z</time>
			</trkpt>
			<trkpt lat="48.1079639601912" lon="-122.76645763448678">
				<ele>1.0996548824930983</ele>
				<time>2026-09-14T23:56:45Z</time>
			</trkpt>
			<trkpt lat="48.107981740151985" lon="-122.76646608464591">
				<ele>1.09420393681577</ele>
				<time>2026-09-14T23:56:47Z</time>
			</trkpt>
			<trkpt lat="48.10800654318049" lon="-122.76648396878973">
				<ele>1.1165771547768308</ele>
				<time>2026-09-14T23:56:50Z</time>
			</trkpt>
			<trkpt lat="48.108022540557144" lon="-122.76649895859208">
				<ele>1.143470686084303</ele>
				<time>2026-09-14T23:56:52Z</time>
			</trkpt>
			<trkpt lat="48.10804679988414" lon="-122.7665162017864">
				<ele>1.2030260220937663</ele>
				<time>2026-09-14T23:56:55Z</time>
			</trkpt>
			<trkpt lat="48.10806410185912" lon="-122.76652779523073">
				<ele>1.181397812825697</ele>
				<time>2026-09-14T23:56:57Z</time>
			</trkpt>
			<trkpt lat="48.10808325158742" lon="-122.7665411174311">
				<ele>1.252792185964534</ele>
				<time>2026-09-14T23:56:59Z</time>
			</trkpt>
			<trkpt lat="48.10810222322055" lon="-122.76655596722223">
				<ele>1.1958341514648652</ele>
				<time>2026-09-14T23:57:01Z</time>
			</trkpt>
			<trkpt lat="48.108122028072515" lon="-122.76657472221203">
				<ele>1.1495819884112528</ele>
				<time>2026-09-14T23:57:03Z</time>
			</trkpt>
			<trkpt lat="48.10814131635021" lon="-122.7665893564147">
				<ele>1.1413059973680966</ele>
				<time>2026-09-14T23:57:05Z</time>
			</trkpt>
			<trkpt lat="48.108162167277136" lon="-122.76660324564783">
				<ele>1.1669241611323002</ele>
				<time>2026-09-14T23:57:07Z</time>
			</trkpt>
			<trkpt lat="48.10818354068303" lon="-122.76661877392392">
				<ele>1.2018403039017045</ele>
				<time>2026-09-14T23:57:09Z</time>
			</trkpt>
			<trkpt lat="48.10820529249784" lon="-122.76663573197456">
				<ele>1.1964205369935499</ele>
				<time>2026-09-14T23:57:11Z</time>
			</trkpt>
			<trkpt lat="48.10822457142646" lon="-122.76665405283539">
				<ele>1.190299830223072</ele>
				<time>2026-09-14T23:57:13Z</time>
			</trkpt>
			<trkpt lat="48.10824299757358" lon="-122.76667353990572">
				<ele>1.176577690079256</ele>
				<time>2026-09-14T23:57:15Z</time>
			</trkpt>
			<trkpt lat="48.10823973925176" lon="-122.76670420876303">
				<ele>1.1351780548665502</ele>
				<time>2026-09-14T23:57:19Z</time>
			</trkpt>
			<trkpt lat="48.10822426193401" lon="-122.76673897171989">
				<ele>1.0825740569680384</ele>
				<time>2026-09-14T23:57:22Z</time>
			</trkpt>
			<trkpt lat="48.10820860293661" lon="-122.76676980587007">
				<ele>1.0629979480713878</ele>
				<time>2026-09-14T23:57:24Z</time>
			</trkpt>
			<trkpt lat="48.10818701503397" lon="-122.7667961609615">
				<ele>1.0385334797444976</ele>
				<time>2026-09-14T23:57:26Z</time>
			</trkpt>
			<trkpt lat="48.1081625818146" lon="-122.76682694869886">
				<ele>1.109397265145173</ele>
				<time>2026-09-14T23:57:28Z</time>
			</trkpt>
			<trkpt lat="48.10813302278392" lon="-122.76685370519554">
				<ele>1.1196044563114285</ele>
				<time>2026-09-14T23:57:30Z</time>
			</trkpt>
			<trkpt lat="48.10810478947982" lon="-122.76687542392128">
				<ele>1.7595705292302029</ele>
				<time>2026-09-14T23:57:32Z</time>
			</trkpt>
			<trkpt lat="48.10807837805583" lon="-122.76689962386686">
				<ele>1.175687457818384</ele>
				<time>2026-09-14T23:57:34Z</time>
			</trkpt>
			<trkpt lat="48.108061720814774" lon="-122.76691430788217">
				<ele>1.1841428583190208</ele>
				<time>2026-09-14T23:57:35Z</time>
			</trkpt>
			<trkpt lat="48.108027664315514" lon="-122.76689945695922">
				<ele>1.10100626897189</ele>
				<time>2026-09-14T23:57:37Z</time>
			</trkpt>
			<trkpt lat="48.10801127361751" lon="-122.76688767050263">
				<ele>1.1332177437786761</ele>
				<time>2026-09-14T23:57:38Z</time>
			</trkpt>
			<trkpt lat="48.10799860572501" lon="-122.76684299622241">
				<ele>1.3387594513103167</ele>
				<time>2026-09-14T23:57:40Z</time>
			</trkpt>
			<trkpt lat="48.10799065689888" lon="-122.7667995869024">
				<ele>1.3011807473022863</ele>
				<time>2026-09-14T23:57:42Z</time>
			</trkpt>
			<trkpt lat="48.10797919562585" lon="-122.76676352335647">
				<ele>1.230916349001248</ele>
				<time>2026-09-14T23:57:44Z</time>
			</trkpt>
			<trkpt lat="48.10796951504353" lon="-122.76672693257503">
				<ele>1.1774047002887968</ele>
				<time>2026-09-14T23:57:46Z</time>
			</trkpt>
			<trkpt lat="48.10796230430596" lon="-122.76668987488094">
				<ele>1.2335125755163112</ele>
				<time>2026-09-14T23:57:48Z</time>
			</trkpt>
			<trkpt lat="48.1079577655907" lon="-122.76665328742783">
				<ele>1.259493517995967</ele>
				<time>2026-09-14T23:57:50Z</time>
			</trkpt>
			<trkpt lat="48.10795227010595" lon="-122.7666158338326">
				<ele>1.2798000216484908</ele>
				<time>2026-09-14T23:57:52Z</time>
			</trkpt>
			<trkpt lat="48.107944541596765" lon="-122.76657895870699">
				<ele>1.2397117197589722</ele>
				<time>2026-09-14T23:57:54Z</time>
			</trkpt>
			<trkpt lat="48.1079380109455" lon="-122.76654094030424">
				<ele>1.260948454624213</ele>
				<time>2026-09-14T23:57:56Z</time>
			</trkpt>
			<trkpt lat="48.107933989812764" lon="-122.7665045781732">
				<ele>1.2773582534662502</ele>
				<time>2026-09-14T23:57:58Z</time>
			</trkpt>
			<trkpt lat="48.107930465801154" lon="-122.76646622951496">
				<ele>1.4265595899515162</ele>
				<time>2026-09-14T23:58:00Z</time>
			</trkpt>
			<trkpt lat="48.10792541025963" lon="-122.76643298717468">
				<ele>1.3884134027969495</ele>
				<time>2026-09-14T23:58:02Z</time>
			</trkpt>
			<trkpt lat="48.10792179049528" lon="-122.76639907357833">
				<ele>1.439973256985649</ele>
				<time>2026-09-14T23:58:04Z</time>
			</trkpt>
			<trkpt lat="48.10791696542129" lon="-122.76636452229113">
				<ele>1.4649961823562379</ele>
				<time>2026-09-14T23:58:06Z</time>
			</trkpt>
			<trkpt lat="48.10791163411237" lon="-122.76632985805914">
				<ele>1.5338554954649375</ele>
				<time>2026-09-14T23:58:08Z</time>
			</trkpt>
			<trkpt lat="48.107906165544485" lon="-122.76629488693192">
				<ele>1.5710499450398245</ele>
				<time>2026-09-14T23:58:10Z</time>
			</trkpt>
			<trkpt lat="48.10790088887915" lon="-122.76626152257303">
				<ele>1.5406421411377167</ele>
				<time>2026-09-14T23:58:12Z</time>
			</trkpt>
			<trkpt lat="48.10789549207868" lon="-122.76622612693156">
				<ele>1.5506055712453701</ele>
				<time>2026-09-14T23:58:14Z</time>
			</trkpt>
			<trkpt lat="48.107890348219875" lon="-122.76619113228497">
				<ele>1.5181257325003017</ele>
				<time>2026-09-14T23:58:16Z</time>
			</trkpt>
			<trkpt lat="48.10788534947733" lon="-122.76615661128889">
				<ele>1.4920728665435092</ele>
				<time>2026-09-14T23:58:18Z</time>
			</trkpt>
			<trkpt lat="48.10788166165935" lon="-122.76612257958661">
				<ele>1.4680561602933082</ele>
				<time>2026-09-14T23:58:20Z</time>
			</trkpt>
			<trkpt lat="48.10787887460222" lon="-122.76608864368524">
				<ele>1.4658409869135056</ele>
				<time>2026-09-14T23:58:22Z</time>
			</trkpt>
			<trkpt lat="48.107877090191806" lon="-122.76605716528142">
				<ele>1.4444030520711024</ele>
				<time>2026-09-14T23:58:24Z</time>
			</trkpt>
			<trkpt lat="48.10787534019559" lon="-122.76602342414218">
				<ele>1.4269554173375312</ele>
				<time>2026-09-14T23:58:26Z</time>
			</trkpt>
			<trkpt lat="48.10787413837278" lon="-122.76599117860842">
				<ele>1.4097164509178874</ele>
				<time>2026-09-14T23:58:28Z</time>
			</trkpt>
			<trkpt lat="48.10787359875078" lon="-122.76595740722388">
				<ele>1.4015677855623707</ele>
				<time>2026-09-14T23:58:30Z</time>
			</trkpt>
			<trkpt lat="48.107873534255546" lon="-122.76592309622687">
				<ele>1.4085989093362024</ele>
				<time>2026-09-14T23:58:32Z</time>
			</trkpt>
			<trkpt lat="48.10787339986476" lon="-122.76588825709905">
				<ele>1.3929000531196358</ele>
				<time>2026-09-14T23:58:34Z</time>
			</trkpt>
			<trkpt lat="48.10787384542761" lon="-122.7658527956377">
				<ele>1.416346735867787</ele>
				<time>2026-09-14T23:58:36Z</time>
			</trkpt>
			<trkpt lat="48.107875330151856" lon="-122.76581758435539">
				<ele>1.3745675172089626</ele>
				<time>2026-09-14T23:58:38Z</time>
			</trkpt>
			<trkpt lat="48.10787791289626" lon="-122.76578019751119">
				<ele>1.387057385737645</ele>
				<time>2026-09-14T23:58:40Z</time>
			</trkpt>
			<trkpt lat="48.10788289374311" lon="-122.76574578932401">
				<ele>1.4195687618619317</ele>
				<time>2026-09-14T23:58:42Z</time>
			</trkpt>
			<trkpt lat="48.10788269926996" lon="-122.7657105663779">
				<ele>1.3409633010429403</ele>
				<time>2026-09-14T23:58:44Z</time>
			</trkpt>
			<trkpt lat="48.10787228999621" lon="-122.76567826153">
				<ele>1.2886717299728438</ele>
				<time>2026-09-14T23:58:46Z</time>
			</trkpt>
			<trkpt lat="48.107858377184776" lon="-122.76565184050844">
				<ele>1.5533807122439605</ele>
				<time>2026-09-14T23:58:48Z</time>
			</trkpt>
			<trkpt lat="48.10784120987662" lon="-122.76564007258479">
				<ele>1.9366694245048173</ele>
				<time>2026-09-14T23:58:50Z</time>
			</trkpt>
			<trkpt lat="48.107817011330035" lon="-122.76564476295984">
				<ele>1.5777387204411326</ele>
				<time>2026-09-14T23:58:52Z</time>
			</trkpt>
			<trkpt lat="48.107792061659715" lon="-122.76565460172485">
				<ele>1.3385368244156375</ele>
				<time>2026-09-14T23:58:54Z</time>
			</trkpt>
			<trkpt lat="48.10776691042876" lon="-122.76566405934389">
				<ele>1.3043257496804586</ele>
				<time>2026-09-14T23:58:56Z</time>
			</trkpt>
			<trkpt lat="48.10773846240434" lon="-122.7656715794614">
				<ele>1.2446756648668895</ele>
				<time>2026-09-14T23:58:58Z</time>
			</trkpt>
			<trkpt lat="48.10771598491455" lon="-122.76569828042199">
				<ele>1.1595601403945395</ele>
				<time>2026-09-14T23:59:00Z</time>
			</trkpt>
			<trkpt lat="48.10771289530649" lon="-122.76572710819691">
				<ele>1.052921679708028</ele>
				<time>2026-09-14T23:59:02Z</time>
			</trkpt>
			<trkpt lat="48.10773075081172" lon="-122.76574746237783">
				<ele>1.1315745774582702</ele>
				<time>2026-09-14T23:59:05Z</time>
			</trkpt>
			<trkpt lat="48.107759572158365" lon="-122.76573317187407">
				<ele>1.095456441582769</ele>
				<time>2026-09-14T23:59:08Z</time>
			</trkpt>
			<trkpt lat="48.10778072977879" lon="-122.7657176324876">
				<ele>1.2071082325704943</ele>
				<time>2026-09-14T23:59:10Z</time>
			</trkpt>
			<trkpt lat="48.10780060383674" lon="-122.76568801994988">
				<ele>1.0220651304049966</ele>
				<time>2026-09-14T23:59:12Z</time>
			</trkpt>
			<trkpt lat="48.10781992929931" lon="-122.76565959982369">
				<ele>1.1596967143026333</ele>
				<time>2026-09-14T23:59:14Z</time>
			</trkpt>
			<trkpt lat="48.10784156140336" lon="-122.7656351797677">
				<ele>1.1324169701031366</ele>
				<time>2026-09-14T23:59:16Z</time>
			</trkpt>
			<trkpt lat="48.10786981067531" lon="-122.76561270787207">
				<ele>1.1460685106046498</ele>
				<time>2026-09-14T23:59:18Z</time>
			</trkpt>
			<trkpt lat="48.107865632212835" lon="-122.76557482500942">
				<ele>1.0409925581351338</ele>
				<time>2026-09-14T23:59:20Z</time>
			</trkpt>
			<trkpt lat="48.10785098387218" lon="-122.76555450722644">
				<ele>1.0129667869772234</ele>
				<time>2026-09-14T23:59:22Z</time>
			</trkpt>
			<trkpt lat="48.10783116997522" lon="-122.76553036136043">
				<ele>1.5419252654074889</ele>
				<time>2026-09-14T23:59:25Z</time>
			</trkpt>
			<trkpt lat="48.10782247537773" lon="-122.76550341452288">
				<ele>1.3176269118860198</ele>
				<time>2026-09-14T23:59:27Z</time>
			</trkpt>
			<trkpt lat="48.10782583799399" lon="-122.7654722885037">
				<ele>1.2281462385366773</ele>
				<time>2026-09-14T23:59:30Z</time>
			</trkpt>
			<trkpt lat="48.10784433884234" lon="-122.76545546322625">
				<ele>1.2521159545545686</ele>
				<time>2026-09-14T23:59:34Z</time>
			</trkpt>
			<trkpt lat="48.10786324486006" lon="-122.76547249182407">
				<ele>1.2471960182170143</ele>
				<time>2026-09-14T23:59:37Z</time>
			</trkpt>
			<trkpt lat="48.10785095873744" lon="-122.76549348019093">
				<ele>1.0314502658949678</ele>
				<time>2026-09-14T23:59:46Z</time>
			</trkpt>
			<trkpt lat="48.10783168472979" lon="-122.76548855932836">
				<ele>1.278075111098282</ele>
				<time>2026-09-14T23:59:48Z</time>
			</trkpt>
			<trkpt lat="48.10781645949856" lon="-122.76547204796327">
				<ele>1.1581357455009567</ele>
				<time>2026-09-14T23:59:50Z</time>
			</trkpt>
			<trkpt lat="48.10780785794331" lon="-122.76544171274169">
				<ele>1.0342167757170238</ele>
				<time>2026-09-14T23:59:52Z</time>
			</trkpt>
			<trkpt lat="48.10779781674379" lon="-122.76541577147702">
				<ele>1.066049013695178</ele>
				<time>2026-09-14T23:59:54Z</time>
			</trkpt>
			<trkpt lat="48.10778529323957" lon="-122.76539544182675">
				<ele>0.978518317967076</ele>
				<time>2026-09-14T23:59:56Z</time>
			</trkpt>
			<trkpt lat="48.10777455558312" lon="-122.7653688613818">
				<ele>1.0025923825011986</ele>
				<time>2026-09-14T23:59:58Z</time>
			</trkpt>
			<trkpt lat="48.107766093735094" lon="-122.76534447327114">
				<ele>1.0228707058981108</ele>
				<time>2026-09-15T00:00:00Z</time>
			</trkpt>
			<trkpt lat="48.10775636224665" lon="-122.76530712897468">
				<ele>1.065963099149517</ele>
				<time>2026-09-15T00:00:03Z</time>
			</trkpt>
			<trkpt lat="48.107749809260454" lon="-122.76528164125938">
				<ele>1.067993575576022</ele>
				<time>2026-09-15T00:00:05Z</time>
			</trkpt>
			<trkpt lat="48.10774416613429" lon="-122.7652463073224">
				<ele>1.3174713444550825</ele>
				<time>2026-09-15T00:00:08Z</time>
			</trkpt>
			<trkpt lat="48.10773992898279" lon="-122.7652117302489">
				<ele>1.2632476531575705</ele>
				<time>2026-09-15T00:00:11Z</time>
			</trkpt>
			<trkpt lat="48.10773889082639" lon="-122.76518144154102">
				<ele>1.0064031145088528</ele>
				<time>2026-09-15T00:00:14Z</time>
			</trkpt>
			<trkpt lat="48.10773539873137" lon="-122.76515424049363">
				<ele>1.0889286678908725</ele>
				<time>2026-09-15T00:00:16Z</time>
			</trkpt>
			<trkpt lat="48.107728215077934" lon="-122.76512067740524">
				<ele>1.2157879168677503</ele>
				<time>2026-09-15T00:00:19Z</time>
			</trkpt>
			<trkpt lat="48.1077255044253" lon="-122.76508919842266">
				<ele>1.2013645285904424</ele>
				<time>2026-09-15T00:00:21Z</time>
			</trkpt>
			<trkpt lat="48.10772207663128" lon="-122.76506119008087">
				<ele>1.2572235385925836</ele>
				<time>2026-09-15T00:00:23Z</time>
			</trkpt>
			<trkpt lat="48.107713709748225" lon="-122.76503267620588">
				<ele>1.273960953333166</ele>
				<time>2026-09-15T00:00:25Z</time>
			</trkpt>
			<trkpt lat="48.10768988852972" lon="-122.76502557521965">
				<ele>1.485789225012553</ele>
				<time>2026-09-15T00:00:28Z</time>
			</trkpt>
			<trkpt lat="48.10766354577858" lon="-122.76503820963251">
				<ele>1.3167105939242418</ele>
				<time>2026-09-15T00:00:31Z</time>
			</trkpt>
			<trkpt lat="48.10764368754807" lon="-122.76506569377577">
				<ele>1.3404059782300273</ele>
				<time>2026-09-15T00:00:34Z</time>
			</trkpt>
			<trkpt lat="48.10763079799869" lon="-122.76508788849964">
				<ele>1.3294261953440376</ele>
				<time>2026-09-15T00:00:36Z</time>
			</trkpt>
			<trkpt lat="48.107619812835736" lon="-122.76511626489328">
				<ele>1.2605613694872346</ele>
				<time>2026-09-15T00:00:39Z</time>
			</trkpt>
			<trkpt lat="48.10761028885163" lon="-122.76514350329553">
				<ele>1.2571333389939348</ele>
				<time>2026-09-15T00:00:42Z</time>
			</trkpt>
			<trkpt lat="48.107586606853545" lon="-122.76516196172312">
				<ele>1.358858614709714</ele>
				<time>2026-09-15T00:00:45Z</time>
			</trkpt>
			<trkpt lat="48.10757335934371" lon="-122.76518569443338">
				<ele>1.398219913169875</ele>
				<time>2026-09-15T00:00:47Z</time>
			</trkpt>
			<trkpt lat="48.10755655313497" lon="-122.76521144749714">
				<ele>1.3755739263970774</ele>
				<time>2026-09-15T00:00:49Z</time>
			</trkpt>
			<trkpt lat="48.107537038555236" lon="-122.76523849785592">
				<ele>1.3214976493583954</ele>
				<time>2026-09-15T00:00:51Z</time>
			</trkpt>
			<trkpt lat="48.10753303754523" lon="-122.76527416542191">
				<ele>1.1535596362143288</ele>
				<time>2026-09-15T00:00:53Z</time>
			</trkpt>
			<trkpt lat="48.10755936612968" lon="-122.7652889504115">
				<ele>1.3319770181748005</ele>
				<time>2026-09-15T00:00:56Z</time>
			</trkpt>
			<trkpt lat="48.107578119728316" lon="-122.76530238324776">
				<ele>0.8668772180762474</ele>
				<time>2026-09-15T00:00:58Z</time>
			</trkpt>
			<trkpt lat="48.10760077743878" lon="-122.76530090019831">
				<ele>1.0540500935599368</ele>
				<time>2026-09-15T00:01:00Z</time>
			</trkpt>
			<trkpt lat="48.1076286243881" lon="-122.76529248192574">
				<ele>1.4423841350884885</ele>
				<time>2026-09-15T00:01:02Z</time>
			</trkpt>
			<trkpt lat="48.10765636206634" lon="-122.76527992459891">
				<ele>1.3001520917282328</ele>
				<time>2026-09-15T00:01:04Z</time>
			</trkpt>
			<trkpt lat="48.10768303130253" lon="-122.76527219903134">
				<ele>1.2192767541863248</ele>
				<time>2026-09-15T00:01:06Z</time>
			</trkpt>
			<trkpt lat="48.107710809700464" lon="-122.7652639012883">
				<ele>1.2588907019151243</ele>
				<time>2026-09-15T00:01:08Z</time>
			</trkpt>
			<trkpt lat="48.10773912644506" lon="-122.76525620334768">
				<ele>1.2184965419244804</ele>
				<time>2026-09-15T00:01:10Z</time>
			</trkpt>
			<trkpt lat="48.10776863562584" lon="-122.76524835237018">
				<ele>1.1444004627812667</ele>
				<time>2026-09-15T00:01:12Z</time>
			</trkpt>
			<trkpt lat="48.10779726983613" lon="-122.76524215708429">
				<ele>1.1380391591897343</ele>
				<time>2026-09-15T00:01:14Z</time>
			</trkpt>
			<trkpt lat="48.10782325913097" lon="-122.7652350123806">
				<ele>1.1683415175686385</ele>
				<time>2026-09-15T00:01:16Z</time>
			</trkpt>
			<trkpt lat="48.107849233359815" lon="-122.76522995239412">
				<ele>1.2175165774611294</ele>
				<time>2026-09-15T00:01:18Z</time>
			</trkpt>
			<trkpt lat="48.107874627275685" lon="-122.76523355460365">
				<ele>1.2777325181632762</ele>
				<time>2026-09-15T00:01:20Z</time>
			</trkpt>
			<trkpt lat="48.10789527656675" lon="-122.76523910537954">
				<ele>1.471758759889962</ele>
				<time>2026-09-15T00:01:22Z</time>
			</trkpt>
			<trkpt lat="48.1079172958827" lon="-122.7652467611395">
				<ele>1.1909366496074085</ele>
				<time>2026-09-15T00:01:24Z</time>
			</trkpt>
			<trkpt lat="48.107935895951535" lon="-122.76525977843997">
				<ele>1.2705222651048942</ele>
				<time>2026-09-15T00:01:26Z</time>
			</trkpt>
			<trkpt lat="48.10795518592878" lon="-122.76525067235616">
				<ele>1.3385589777397655</ele>
				<time>2026-09-15T00:01:28Z</time>
			</trkpt>
			<trkpt lat="48.10796597873153" lon="-122.76522778468551">
				<ele>0.8693783080158113</ele>
				<time>2026-09-15T00:01:30Z</time>
			</trkpt>
			<trkpt lat="48.10796320041939" lon="-122.76519115517168">
				<ele>1.055332916629581</ele>
				<time>2026-09-15T00:01:33Z</time>
			</trkpt>
			<trkpt lat="48.107946740848455" lon="-122.76516233049196">
				<ele>0.9845275603962769</ele>
				<time>2026-09-15T00:01:37Z</time>
			</trkpt>
			<trkpt lat="48.10792776653299" lon="-122.76515701603051">
				<ele>1.1203306454785853</ele>
				<time>2026-09-15T00:01:40Z</time>
			</trkpt>
			<trkpt lat="48.107912056500815" lon="-122.76517329809558">
				<ele>1.1743266419002616</ele>
				<time>2026-09-15T00:01:44Z</time>
			</trkpt>
			<trkpt lat="48.10790037331686" lon="-122.76520597697942">
				<ele>1.2202859861100457</ele>
				<time>2026-09-15T00:01:48Z</time>
			</trkpt>
			<trkpt lat="48.10789509984833" lon="-122.76523523183012">
				<ele>1.266756917723054</ele>
				<time>2026-09-15T00:01:51Z</time>
			</trkpt>
			<trkpt lat="48.10789116865377" lon="-122.76526605658101">
				<ele>1.257092242354645</ele>
				<time>2026-09-15T00:01:54Z</time>
			</trkpt>
			<trkpt lat="48.10789197808733" lon="-122.76530081991623">
				<ele>1.1252167984252353</ele>
				<time>2026-09-15T00:01:58Z</time>
			</trkpt>
			<trkpt lat="48.10786863591289" lon="-122.76531197097707">
				<ele>1.1534416541792964</ele>
				<time>2026-09-15T00:02:02Z</time>
			</trkpt>
			<trkpt lat="48.107854195934266" lon="-122.76529355872604">
				<ele>0.9582106782466866</ele>
				<time>2026-09-15T00:02:05Z</time>
			</trkpt>
			<trkpt lat="48.10785256620519" lon="-122.76525771731185">
				<ele>1.107105851391676</ele>
				<time>2026-09-15T00:02:09Z</time>
			</trkpt>
			<trkpt lat="48.1078619678351" lon="-122.76522847961385">
				<ele>0.9289029016635908</ele>
				<time>2026-09-15T00:02:12Z</time>
			</trkpt>
			<trkpt lat="48.10786679703118" lon="-122.7651969689038">
				<ele>1.1622034869881261</ele>
				<time>2026-09-15T00:02:16Z</time>
			</trkpt>
			<trkpt lat="48.10788270119459" lon="-122.76518223375521">
				<ele>1.3261694229270518</ele>
				<time>2026-09-15T00:02:19Z</time>
			</trkpt>
			<trkpt lat="48.10790198198225" lon="-122.76518335090606">
				<ele>1.3013062086547933</ele>
				<time>2026-09-15T00:02:23Z</time>
			</trkpt>
			<trkpt lat="48.107909699117066" lon="-122.76520822667445">
				<ele>1.1292422151985804</ele>
				<time>2026-09-15T00:02:32Z</time>
			</trkpt>
			<trkpt lat="48.10791469038496" lon="-122.7652383937628">
				<ele>1.2577145520660693</ele>
				<time>2026-09-15T00:02:36Z</time>
			</trkpt>
			<trkpt lat="48.10789814632109" lon="-122.76526551353474">
				<ele>1.5381523634199787</ele>
				<time>2026-09-15T00:02:40Z</time>
			</trkpt>
			<trkpt lat="48.10788883452674" lon="-122.76529533868624">
				<ele>1.3861326518086194</ele>
				<time>2026-09-15T00:02:44Z</time>
			</trkpt>
			<trkpt lat="48.10788716978211" lon="-122.76532505453973">
				<ele>1.3481291927694414</ele>
				<time>2026-09-15T00:02:47Z</time>
			</trkpt>
			<trkpt lat="48.107888109415406" lon="-122.76535464206167">
				<ele>1.3849809817704113</ele>
				<time>2026-09-15T00:02:51Z</time>
			</trkpt>
			<trkpt lat="48.10789016713302" lon="-122.76538147501977">
				<ele>1.2552573992209695</ele>
				<time>2026-09-15T00:02:55Z</time>
			</trkpt>
			<trkpt lat="48.1078890835377" lon="-122.76541337355619">
				<ele>1.584240375895682</ele>
				<time>2026-09-15T00:03:00Z</time>
			</trkpt>
			<trkpt lat="48.10788549000494" lon="-122.76544534739537">
				<ele>1.3350997046814967</ele>
				<time>2026-09-15T00:03:06Z</time>
			</trkpt>
			<trkpt lat="48.10788226287628" lon="-122.7654811596492">
				<ele>1.3082438342917762</ele>
				<time>2026-09-15T00:03:10Z</time>
			</trkpt>
			<trkpt lat="48.107876699152186" lon="-122.76551366244689">
				<ele>1.308073361785592</ele>
				<time>2026-09-15T00:03:17Z</time>
			</trkpt>
			<trkpt lat="48.10787078689317" lon="-122.76554321268873">
				<ele>1.276668085534233</ele>
				<time>2026-09-15T00:03:21Z</time>
			</trkpt>
			<trkpt lat="48.10786414238021" lon="-122.76557276788253">
				<ele>1.3195971946976286</ele>
				<time>2026-09-15T00:03:25Z</time>
			</trkpt>
			<trkpt lat="48.1078550557164" lon="-122.76560026294482">
				<ele>1.2467439216087897</ele>
				<time>2026-09-15T00:03:28Z</time>
			</trkpt>
			<trkpt lat="48.107845147995164" lon="-122.76563104429893">
				<ele>1.2179796230350668</ele>
				<time>2026-09-15T00:03:31Z</time>
			</trkpt>
			<trkpt lat="48.10784011562973" lon="-122.76565975218111">
				<ele>1.3545316872946742</ele>
				<time>2026-09-15T00:03:33Z</time>
			</trkpt>
			<trkpt lat="48.10783547575951" lon="-122.7656861555645">
				<ele>1.406379892980656</ele>
				<time>2026-09-15T00:03:35Z</time>
			</trkpt>
			<trkpt lat="48.10783040480123" lon="-122.76571232629294">
				<ele>1.3261974236435314</ele>
				<time>2026-09-15T00:03:37Z</time>
			</trkpt>
			<trkpt lat="48.10782733584884" lon="-122.76574085523909">
				<ele>1.2522461584297169</ele>
				<time>2026-09-15T00:03:39Z</time>
			</trkpt>
			<trkpt lat="48.10782734615172" lon="-122.76578275813596">
				<ele>1.2344169821065059</ele>
				<time>2026-09-15T00:03:42Z</time>
			</trkpt>
			<trkpt lat="48.107826320331455" lon="-122.76581783834419">
				<ele>1.217991704941376</ele>
				<time>2026-09-15T00:03:45Z</time>
			</trkpt>
			<trkpt lat="48.10782086508274" lon="-122.76585452382766">
				<ele>1.2077394515510775</ele>
				<time>2026-09-15T00:03:48Z</time>
			</trkpt>
			<trkpt lat="48.10781609519367" lon="-122.76589221907935">
				<ele>1.1855562421392705</ele>
				<time>2026-09-15T00:03:51Z</time>
			</trkpt>
			<trkpt lat="48.1078122438793" lon="-122.76593005628087">
				<ele>1.146070893119866</ele>
				<time>2026-09-15T00:03:54Z</time>
			</trkpt>
			<trkpt lat="48.10780772107533" lon="-122.76596592038678">
				<ele>1.179238122876086</ele>
				<time>2026-09-15T00:03:57Z</time>
			</trkpt>
			<trkpt lat="48.10780239160508" lon="-122.76600128230093">
				<ele>1.1816712023097473</ele>
				<time>2026-09-15T00:04:00Z</time>
			</trkpt>
			<trkpt lat="48.107798406842846" lon="-122.76603758848107">
				<ele>1.1501178367420835</ele>
				<time>2026-09-15T00:04:03Z</time>
			</trkpt>
			<trkpt lat="48.107793182404954" lon="-122.76607432954431">
				<ele>1.1578829014471914</ele>
				<time>2026-09-15T00:04:06Z</time>
			</trkpt>
			<trkpt lat="48.10778734123744" lon="-122.76610998276293">
				<ele>1.1231470425476076</ele>
				<time>2026-09-15T00:04:09Z</time>
			</trkpt>
			<trkpt lat="48.10777894720057" lon="-122.76614572888738">
				<ele>1.199987248882458</ele>
				<time>2026-09-15T00:04:12Z</time>
			</trkpt>
			<trkpt lat="48.10777295155363" lon="-122.7661730576991">
				<ele>1.1808359968462412</ele>
				<time>2026-09-15T00:04:14Z</time>
			</trkpt>
			<trkpt lat="48.10776820465758" lon="-122.76619941455975">
				<ele>1.2345278369871195</ele>
				<time>2026-09-15T00:04:16Z</time>
			</trkpt>
			<trkpt lat="48.107764479675005" lon="-122.7662291226399">
				<ele>1.3989330168129221</ele>
				<time>2026-09-15T00:04:18Z</time>
			</trkpt>
			<trkpt lat="48.10776082562311" lon="-122.76626742342593">
				<ele>1.3523480833962793</ele>
				<time>2026-09-15T00:04:21Z</time>
			</trkpt>
			<trkpt lat="48.10775752492636" lon="-122.76629824077398">
				<ele>1.351015692344454</ele>
				<time>2026-09-15T00:04:23Z</time>
			</trkpt>
			<trkpt lat="48.10775363455254" lon="-122.76632942488185">
				<ele>1.3226665659006827</ele>
				<time>2026-09-15T00:04:25Z</time>
			</trkpt>
			<trkpt lat="48.107751324902985" lon="-122.7663604355406">
				<ele>1.1873997021957763</ele>
				<time>2026-09-15T00:04:27Z</time>
			</trkpt>
			<trkpt lat="48.107749220845434" lon="-122.76638772612897">
				<ele>1.1768384162953076</ele>
				<time>2026-09-15T00:04:29Z</time>
			</trkpt>
			<trkpt lat="48.10774525606912" lon="-122.76641550605873">
				<ele>1.2317662968775807</ele>
				<time>2026-09-15T00:04:31Z</time>
			</trkpt>
			<trkpt lat="48.10774174331119" lon="-122.76644612026222">
				<ele>1.2131300477190372</ele>
				<time>2026-09-15T00:04:33Z</time>
			</trkpt>
			<trkpt lat="48.10773817234056" lon="-122.76647521504177">
				<ele>1.225773222660301</ele>
				<time>2026-09-15T00:04:35Z</time>
			</trkpt>
			<trkpt lat="48.107734174630814" lon="-122.7665026953194">
				<ele>1.1160826258595762</ele>
				<time>2026-09-15T00:04:37Z</time>
			</trkpt>
			<trkpt lat="48.10772892606104" lon="-122.7665286175862">
				<ele>1.1143645354829594</ele>
				<time>2026-09-15T00:04:39Z</time>
			</trkpt>
			<trkpt lat="48.10772329394605" lon="-122.76656706639994">
				<ele>1.1444139360246588</ele>
				<time>2026-09-15T00:04:42Z</time>
			</trkpt>
			<trkpt lat="48.10771616230903" lon="-122.7666080038268">
				<ele>1.201632262729916</ele>
				<time>2026-09-15T00:04:45Z</time>
			</trkpt>
			<trkpt lat="48.107723480798576" lon="-122.76663440709532">
				<ele>1.1131771955967054</ele>
				<time>2026-09-15T00:04:47Z</time>
			</trkpt>
			<trkpt lat="48.10774315386866" lon="-122.76665120379026">
				<ele>1.1787845445866267</ele>
				<time>2026-09-15T00:04:50Z</time>
			</trkpt>
			<trkpt lat="48.10776314005633" lon="-122.76665299548449">
				<ele>1.2607783797319847</ele>
				<time>2026-09-15T00:04:52Z</time>
			</trkpt>
			<trkpt lat="48.10778234508244" lon="-122.76665096753338">
				<ele>1.2702062829438354</ele>
				<time>2026-09-15T00:04:54Z</time>
			</trkpt>
			<trkpt lat="48.107801600211666" lon="-122.76664801398954">
				<ele>1.2814685948146476</ele>
				<time>2026-09-15T00:04:56Z</time>
			</trkpt>
			<trkpt lat="48.107822397864275" lon="-122.76664447384212">
				<ele>1.3221798927272985</ele>
				<time>2026-09-15T00:04:58Z</time>
			</trkpt>
			<trkpt lat="48.107844020546985" lon="-122.76664787760079">
				<ele>1.2897796362936411</ele>
				<time>2026-09-15T00:05:00Z</time>
			</trkpt>
			<trkpt lat="48.10786867073348" lon="-122.7666550124278">
				<ele>1.2745650924257532</ele>
				<time>2026-09-15T00:05:02Z</time>
			</trkpt>
			<trkpt lat="48.1078937557998" lon="-122.76666218601034">
				<ele>1.3058471527612916</ele>
				<time>2026-09-15T00:05:04Z</time>
			</trkpt>
			<trkpt lat="48.107917824899836" lon="-122.76667064488437">
				<ele>1.2675668675572709</ele>
				<time>2026-09-15T00:05:06Z</time>
			</trkpt>
			<trkpt lat="48.10794413099319" lon="-122.76668192838885">
				<ele>1.267801677684698</ele>
				<time>2026-09-15T00:05:08Z</time>
			</trkpt>
			<trkpt lat="48.107965277676215" lon="-122.76669188216546">
				<ele>1.2795119062821136</ele>
				<time>2026-09-15T00:05:09Z</time>
			</trkpt>
			<trkpt lat="48.107996665163455" lon="-122.76670596946451">
				<ele>1.2031601018896794</ele>
				<time>2026-09-15T00:05:11Z</time>
			</trkpt>
			<trkpt lat="48.1080298340964" lon="-122.76672083917491">
				<ele>1.2121941372716805</ele>
				<time>2026-09-15T00:05:13Z</time>
			</trkpt>
			<trkpt lat="48.10806229489746" lon="-122.76673486916366">
				<ele>1.2227302839874596</ele>
				<time>2026-09-15T00:05:15Z</time>
			</trkpt>
			<trkpt lat="48.10809397425054" lon="-122.76674835057432">
				<ele>1.216926203889706</ele>
				<time>2026-09-15T00:05:17Z</time>
			</trkpt>
			<trkpt lat="48.10812348394283" lon="-122.76676177960265">
				<ele>1.2101513415694036</ele>
				<time>2026-09-15T00:05:19Z</time>
			</trkpt>
			<trkpt lat="48.108148988773934" lon="-122.76678188336273">
				<ele>1.155754919400806</ele>
				<time>2026-09-15T00:05:21Z</time>
			</trkpt>
			<trkpt lat="48.10816304922913" lon="-122.76681038857505">
				<ele>1.1838823964275242</ele>
				<time>2026-09-15T00:05:23Z</time>
			</trkpt>
			<trkpt lat="48.10816940613777" lon="-122.76683717922796">
				<ele>1.193161079382424</ele>
				<time>2026-09-15T00:05:25Z</time>
			</trkpt>
			<trkpt lat="48.10814981988168" lon="-122.76684579705307">
				<ele>1.3380623040264084</ele>
				<time>2026-09-15T00:05:28Z</time>
			</trkpt>
			<trkpt lat="48.10812934089061" lon="-122.76682590121297">
				<ele>1.2193567285270568</ele>
				<time>2026-09-15T00:05:30Z</time>
			</trkpt>
			<trkpt lat="48.10810992456698" lon="-122.76679870417156">
				<ele>1.3631603754099224</ele>
				<time>2026-09-15T00:05:32Z</time>
			</trkpt>
			<trkpt lat="48.1080958244494" lon="-122.76676547687538">
				<ele>1.3996839954320883</ele>
				<time>2026-09-15T00:05:34Z</time>
			</trkpt>
			<trkpt lat="48.10808607574097" lon="-122.76673038151073">
				<ele>1.1548865143657885</ele>
				<time>2026-09-15T00:05:36Z</time>
			</trkpt>
			<trkpt lat="48.108072658478584" lon="-122.76669036100346">
				<ele>1.1942599483294813</ele>
				<time>2026-09-15T00:05:38Z</time>
			</trkpt>
			<trkpt lat="48.10807124133642" lon="-122.7666493989679">
				<ele>1.0630276224891375</ele>
				<time>2026-09-15T00:05:40Z</time>
			</trkpt>
			<trkpt lat="48.10807180024795" lon="-122.76659980081872">
				<ele>1.23580680836967</ele>
				<time>2026-09-15T00:05:42Z</time>
			</trkpt>
			<trkpt lat="48.10806912614391" lon="-122.7665568835472">
				<ele>1.2200012327033782</ele>
				<time>2026-09-15T00:05:44Z</time>
			</trkpt>
			<trkpt lat="48.10806802491047" lon="-122.76652195544634">
				<ele>1.2728878117345737</ele>
				<time>2026-09-15T00:05:46Z</time>
			</trkpt>
			<trkpt lat="48.10806555883008" lon="-122.76648427162247">
				<ele>1.2269678878081436</ele>
				<time>2026-09-15T00:05:48Z</time>
			</trkpt>
			<trkpt lat="48.10806239814439" lon="-122.76644791066491">
				<ele>1.3363261797371813</ele>
				<time>2026-09-15T00:05:50Z</time>
			</trkpt>
			<trkpt lat="48.108057638086066" lon="-122.76640697340667">
				<ele>1.2836588131199953</ele>
				<time>2026-09-15T00:05:52Z</time>
			</trkpt>
			<trkpt lat="48.1080526295759" lon="-122.76636388501764">
				<ele>1.266296337946475</ele>
				<time>2026-09-15T00:05:54Z</time>
			</trkpt>
			<trkpt lat="48.10804697151358" lon="-122.76632409180941">
				<ele>1.2481779340481154</ele>
				<time>2026-09-15T00:05:56Z</time>
			</trkpt>
			<trkpt lat="48.10804221445271" lon="-122.76628411007907">
				<ele>1.250285573324664</ele>
				<time>2026-09-15T00:05:58Z</time>
			</trkpt>
			<trkpt lat="48.10803766723223" lon="-122.76624056220909">
				<ele>1.3055857324052944</ele>
				<time>2026-09-15T00:06:00Z</time>
			</trkpt>
			<trkpt lat="48.108031075693724" lon="-122.76619731865749">
				<ele>1.2800687675954556</ele>
				<time>2026-09-15T00:06:02Z</time>
			</trkpt>
			<trkpt lat="48.10802386904517" lon="-122.76615468964965">
				<ele>1.266787129228259</ele>
				<time>2026-09-15T00:06:04Z</time>
			</trkpt>
			<trkpt lat="48.10801697086703" lon="-122.76610837752277">
				<ele>1.2634658189181067</ele>
				<time>2026-09-15T00:06:06Z</time>
			</trkpt>
			<trkpt lat="48.108008905416284" lon="-122.76606521180075">
				<ele>1.042277287847675</ele>
				<time>2026-09-15T00:06:08Z</time>
			</trkpt>
			<trkpt lat="48.10800079599648" lon="-122.76602058022914">
				<ele>1.0145185615591217</ele>
				<time>2026-09-15T00:06:10Z</time>
			</trkpt>
			<trkpt lat="48.1079924261352" lon="-122.76597977398738">
				<ele>1.0790244540261114</ele>
				<time>2026-09-15T00:06:12Z</time>
			</trkpt>
			<trkpt lat="48.107986384825665" lon="-122.76593665693117">
				<ele>1.1068567363301227</ele>
				<time>2026-09-15T00:06:14Z</time>
			</trkpt>
			<trkpt lat="48.107980938710696" lon="-122.76589395413293">
				<ele>1.1428598883096122</ele>
				<time>2026-09-15T00:06:16Z</time>
			</trkpt>
			<trkpt lat="48.10797670594315" lon="-122.76585047207878">
				<ele>1.1727713174752914</ele>
				<time>2026-09-15T00:06:18Z</time>
			</trkpt>
			<trkpt lat="48.10797266588626" lon="-122.76580554848896">
				<ele>1.185960699934835</ele>
				<time>2026-09-15T00:06:20Z</time>
			</trkpt>
			<trkpt lat="48.107969015660125" lon="-122.76575982140228">
				<ele>1.185822409846974</ele>
				<time>2026-09-15T00:06:22Z</time>
			</trkpt>
			<trkpt lat="48.10796013990236" lon="-122.76571577491032">
				<ele>1.107790304334337</ele>
				<time>2026-09-15T00:06:24Z</time>
			</trkpt>
			<trkpt lat="48.107948203828855" lon="-122.76567292190822">
				<ele>1.075989378118635</ele>
				<time>2026-09-15T00:06:26Z</time>
			</trkpt>
			<trkpt lat="48.10793696972836" lon="-122.76562971846411">
				<ele>1.073344347971151</ele>
				<time>2026-09-15T00:06:28Z</time>
			</trkpt>
			<trkpt lat="48.10792657760635" lon="-122.76558998435105">
				<ele>1.0589709738394752</ele>
				<time>2026-09-15T00:06:30Z</time>
			</trkpt>
			<trkpt lat="48.107916713210074" lon="-122.76554414011417">
				<ele>1.1004557444472525</ele>
				<time>2026-09-15T00:06:32Z</time>
			</trkpt>
			<trkpt lat="48.1079085889955" lon="-122.76549801271484">
				<ele>1.0937685902045473</ele>
				<time>2026-09-15T00:06:34Z</time>
			</trkpt>
			<trkpt lat="48.10790278198896" lon="-122.7654546306857">
				<ele>1.082106380190158</ele>
				<time>2026-09-15T00:06:36Z</time>
			</trkpt>
			<trkpt lat="48.107900671718305" lon="-122.76542701570104">
				<ele>1.034865192144931</ele>
				<time>2026-09-15T00:06:37Z</time>
			</trkpt>
			<trkpt lat="48.10789481920284" lon="-122.7653860175981">
				<ele>1.0726708809607324</ele>
				<time>2026-09-15T00:06:39Z</time>
			</trkpt>
			<trkpt lat="48.107887916030386" lon="-122.76534253232283">
				<ele>1.0458755124444892</ele>
				<time>2026-09-15T00:06:41Z</time>
			</trkpt>
			<trkpt lat="48.10788589268429" lon="-122.76529696372505">
				<ele>1.1631317427274546</ele>
				<time>2026-09-15T00:06:43Z</time>
			</trkpt>
			<trkpt lat="48.107881155493956" lon="-122.76525836523803">
				<ele>1.1870318619455063</ele>
				<time>2026-09-15T00:06:45Z</time>
			</trkpt>
			<trkpt lat="48.10788927144171" lon="-122.76522606701216">
				<ele>1.2299213765220571</ele>
				<time>2026-09-15T00:06:47Z</time>
			</trkpt>
			<trkpt lat="48.10790310290102" lon="-122.765200291611">
				<ele>1.2078007139225662</ele>
				<time>2026-09-15T00:06:49Z</time>
			</trkpt>
			<trkpt lat="48.107920567407895" lon="-122.76519306499794">
				<ele>1.2249387247266128</ele>
				<time>2026-09-15T00:06:51Z</time>
			</trkpt>
			<trkpt lat="48.10794351193834" lon="-122.76520604988916">
				<ele>1.211234909281302</ele>
				<time>2026-09-15T00:06:53Z</time>
			</trkpt>
			<trkpt lat="48.107959794522436" lon="-122.76522806071749">
				<ele>1.2711025147738724</ele>
				<time>2026-09-15T00:06:55Z</time>
			</trkpt>
			<trkpt lat="48.107984581965184" lon="-122.76524544195176">
				<ele>1.3099918461079874</ele>
				<time>2026-09-15T00:06:57Z</time>
			</trkpt>
			<trkpt lat="48.10800736140053" lon="-122.76526958840859">
				<ele>1.3691172749834628</ele>
				<time>2026-09-15T00:06:59Z</time>
			</trkpt>
			<trkpt lat="48.10802427867586" lon="-122.76528161427584">
				<ele>1.3323891737727926</ele>
				<time>2026-09-15T00:07:00Z</time>
			</trkpt>
			<trkpt lat="48.10803943271719" lon="-122.76530477981422">
				<ele>1.2919396588828427</ele>
				<time>2026-09-15T00:07:02Z</time>
			</trkpt>
			<trkpt lat="48.10805404836711" lon="-122.76532503656583">
				<ele>1.2374096580323304</ele>
				<time>2026-09-15T00:07:04Z</time>
			</trkpt>
			<trkpt lat="48.10806802411371" lon="-122.76534267494573">
				<ele>1.265541330242666</ele>
				<time>2026-09-15T00:07:06Z</time>
			</trkpt>
			<trkpt lat="48.108079372401384" lon="-122.76536354366057">
				<ele>1.2622286520051027</ele>
				<time>2026-09-15T00:07:08Z</time>
			</trkpt>
			<trkpt lat="48.10809442759962" lon="-122.76539399119453">
				<ele>1.3013568777154951</ele>
				<time>2026-09-15T00:07:11Z</time>
			</trkpt>
			<trkpt lat="48.10811525935803" lon="-122.76540828385384">
				<ele>1.2669089025497193</ele>
				<time>2026-09-15T00:07:14Z</time>
			</trkpt>
			<trkpt lat="48.1081319487737" lon="-122.76542104859413">
				<ele>1.2090292010875316</ele>
				<time>2026-09-15T00:07:16Z</time>
			</trkpt>
			<trkpt lat="48.10814787194042" lon="-122.76543360694325">
				<ele>1.1954686847442488</ele>
				<time>2026-09-15T00:07:18Z</time>
			</trkpt>
			<trkpt lat="48.10816557276001" lon="-122.76544554016027">
				<ele>1.2224510636346757</ele>
				<time>2026-09-15T00:07:20Z</time>
			</trkpt>
			<trkpt lat="48.10818709053285" lon="-122.76545547727532">
				<ele>1.2771210190482876</ele>
				<time>2026-09-15T00:07:22Z</time>
			</trkpt>
			<trkpt lat="48.10821161831166" lon="-122.76546487520669">
				<ele>1.4597576662982696</ele>
				<time>2026-09-15T00:07:24Z</time>
			</trkpt>
			<trkpt lat="48.1082383776262" lon="-122.76547764661426">
				<ele>1.3775022235606542</ele>
				<time>2026-09-15T00:07:26Z</time>
			</trkpt>
			<trkpt lat="48.10826901734444" lon="-122.76549482439489">
				<ele>1.3724045791009658</ele>
				<time>2026-09-15T00:07:28Z</time>
			</trkpt>
			<trkpt lat="48.1083007189273" lon="-122.76551604895921">
				<ele>1.3350581186017472</ele>
				<time>2026-09-15T00:07:30Z</time>
			</trkpt>
			<trkpt lat="48.10833120315515" lon="-122.76553520804278">
				<ele>1.3703072013622695</ele>
				<time>2026-09-15T00:07:32Z</time>
			</trkpt>
			<trkpt lat="48.10836430308956" lon="-122.7655520432431">
				<ele>1.4036595452746283</ele>
				<time>2026-09-15T00:07:34Z</time>
			</trkpt>
			<trkpt lat="48.108364917445535" lon="-122.76558414225747">
				<ele>1.7491136420823743</ele>
				<time>2026-09-15T00:07:36Z</time>
			</trkpt>
			<trkpt lat="48.108358748491376" lon="-122.76561328393112">
				<ele>1.5497816344005066</ele>
				<time>2026-09-15T00:07:38Z</time>
			</trkpt>
			<trkpt lat="48.10835496872727" lon="-122.76564896480474">
				<ele>1.4130906854660878</ele>
				<time>2026-09-15T00:07:41Z</time>
			</trkpt>
			<trkpt lat="48.10835012821122" lon="-122.76567583909163">
				<ele>1.4357379850844332</ele>
				<time>2026-09-15T00:07:43Z</time>
			</trkpt>
			<trkpt lat="48.10834476146778" lon="-122.76571051361506">
				<ele>1.3853486858406363</ele>
				<time>2026-09-15T00:07:45Z</time>
			</trkpt>
			<trkpt lat="48.108340643508654" lon="-122.76574499971635">
				<ele>1.07319667122351</ele>
				<time>2026-09-15T00:07:48Z</time>
			</trkpt>
			<trkpt lat="48.10831813296619" lon="-122.76576591290834">
				<ele>1.2028339780269555</ele>
				<time>2026-09-15T00:07:51Z</time>
			</trkpt>
			<trkpt lat="48.10829204089495" lon="-122.76576567031726">
				<ele>1.1541345089021817</ele>
				<time>2026-09-15T00:07:53Z</time>
			</trkpt>
			<trkpt lat="48.10825949757743" lon="-122.76575474499505">
				<ele>1.2227200586620874</ele>
				<time>2026-09-15T00:07:55Z</time>
			</trkpt>
			<trkpt lat="48.108228381517144" lon="-122.76573555577043">
				<ele>1.235578031567254</ele>
				<time>2026-09-15T00:07:57Z</time>
			</trkpt>
			<trkpt lat="48.10819901146031" lon="-122.76571173082914">
				<ele>1.2478531208244625</ele>
				<time>2026-09-15T00:07:59Z</time>
			</trkpt>
			<trkpt lat="48.108173363595704" lon="-122.7656846875634">
				<ele>1.4018606960020819</ele>
				<time>2026-09-15T00:08:01Z</time>
			</trkpt>
			<trkpt lat="48.10814840191559" lon="-122.76565377871646">
				<ele>1.379878591976695</ele>
				<time>2026-09-15T00:08:03Z</time>
			</trkpt>
			<trkpt lat="48.108124694908916" lon="-122.76562487325516">
				<ele>1.341640470434669</ele>
				<time>2026-09-15T00:08:05Z</time>
			</trkpt>
			<trkpt lat="48.108102745045535" lon="-122.76559662195521">
				<ele>1.3620826711359548</ele>
				<time>2026-09-15T00:08:07Z</time>
			</trkpt>
			<trkpt lat="48.108080121393726" lon="-122.7655638869313">
				<ele>1.303595727685579</ele>
				<time>2026-09-15T00:08:09Z</time>
			</trkpt>
			<trkpt lat="48.10806041716414" lon="-122.76553645242403">
				<ele>1.3035950178639446</ele>
				<time>2026-09-15T00:08:11Z</time>
			</trkpt>
			<trkpt lat="48.10803652795441" lon="-122.76549996656593">
				<ele>1.336067117612945</ele>
				<time>2026-09-15T00:08:13Z</time>
			</trkpt>
			<trkpt lat="48.10801367906335" lon="-122.76546688656454">
				<ele>1.3732437076170498</ele>
				<time>2026-09-15T00:08:15Z</time>
			</trkpt>
			<trkpt lat="48.10799963360459" lon="-122.7654470688091">
				<ele>1.3768360632636778</ele>
				<time>2026-09-15T00:08:16Z</time>
			</trkpt>
			<trkpt lat="48.107975374106466" lon="-122.76541427577992">
				<ele>1.3764129420261852</ele>
				<time>2026-09-15T00:08:18Z</time>
			</trkpt>
			<trkpt lat="48.10794972784707" lon="-122.76538322544543">
				<ele>1.3728295614905939</ele>
				<time>2026-09-15T00:08:20Z</time>
			</trkpt>
			<trkpt lat="48.107923595023436" lon="-122.76535170219076">
				<ele>1.4172412201429871</ele>
				<time>2026-09-15T00:08:22Z</time>
			</trkpt>
			<trkpt lat="48.107910663555415" lon="-122.76533240924554">
				<ele>1.3692998442736801</ele>
				<time>2026-09-15T00:08:23Z</time>
			</trkpt>
			<trkpt lat="48.10788470103617" lon="-122.7652948567836">
				<ele>1.3450327723429432</ele>
				<time>2026-09-15T00:08:25Z</time>
			</trkpt>
			<trkpt lat="48.107870824342555" lon="-122.76527745089587">
				<ele>1.335216175243911</ele>
				<time>2026-09-15T00:08:26Z</time>
			</trkpt>
			<trkpt lat="48.10785644446378" lon="-122.76525990135183">
				<ele>1.3309439037253874</ele>
				<time>2026-09-15T00:08:27Z</time>
			</trkpt>
			<trkpt lat="48.10784195802364" lon="-122.7652437124609">
				<ele>1.3403573753463291</ele>
				<time>2026-09-15T00:08:28Z</time>
			</trkpt>
			<trkpt lat="48.10781034784023" lon="-122.76521763262497">
				<ele>1.3305406460662432</ele>
				<time>2026-09-15T00:08:30Z</time>
			</trkpt>
			<trkpt lat="48.10779351295138" lon="-122.76520517378897">
				<ele>1.2878757627280315</ele>
				<time>2026-09-15T00:08:31Z</time>
			</trkpt>
			<trkpt lat="48.10777739259544" lon="-122.76519148833613">
				<ele>1.1468331850796467</ele>
				<time>2026-09-15T00:08:32Z</time>
			</trkpt>
			<trkpt lat="48.10776122204309" lon="-122.76517793276781">
				<ele>1.143748064915794</ele>
				<time>2026-09-15T00:08:33Z</time>
			</trkpt>
			<trkpt lat="48.1077434044879" lon="-122.76516389024049">
				<ele>1.1490604644721678</ele>
				<time>2026-09-15T00:08:34Z</time>
			</trkpt>
			<trkpt lat="48.10772466676716" lon="-122.76515134087022">
				<ele>1.1956310420218053</ele>
				<time>2026-09-15T00:08:35Z</time>
			</trkpt>
			<trkpt lat="48.10770622892689" lon="-122.7651412587624">
				<ele>1.3083639165755976</ele>
				<time>2026-09-15T00:08:36Z</time>
			</trkpt>
			<trkpt lat="48.107688253877924" lon="-122.76513235305227">
				<ele>1.324772548457183</ele>
				<time>2026-09-15T00:08:37Z</time>
			</trkpt>
			<trkpt lat="48.10767150591839" lon="-122.76512180375383">
				<ele>1.330692511128813</ele>
				<time>2026-09-15T00:08:38Z</time>
			</trkpt>
			<trkpt lat="48.10765517928523" lon="-122.76510737328084">
				<ele>1.2618225794593094</ele>
				<time>2026-09-15T00:08:39Z</time>
			</trkpt>
			<trkpt lat="48.107639098595484" lon="-122.76509328666712">
				<ele>1.278060286090021</ele>
				<time>2026-09-15T00:08:40Z</time>
			</trkpt>
			<trkpt lat="48.10760928821264" lon="-122.76511232369698">
				<ele>1.3001066354164585</ele>
				<time>2026-09-15T00:08:42Z</time>
			</trkpt>
			<trkpt lat="48.10757872362993" lon="-122.76513797359948">
				<ele>1.2661120528485412</ele>
				<time>2026-09-15T00:08:44Z</time>
			</trkpt>
			<trkpt lat="48.10756182884645" lon="-122.76515057143703">
				<ele>1.3442576746391381</ele>
				<time>2026-09-15T00:08:45Z</time>
			</trkpt>
			<trkpt lat="48.10754522576949" lon="-122.76516374254021">
				<ele>1.331482569369232</ele>
				<time>2026-09-15T00:08:46Z</time>
			</trkpt>
			<trkpt lat="48.107529284448816" lon="-122.76517793196335">
				<ele>1.331821960813155</ele>
				<time>2026-09-15T00:08:47Z</time>
			</trkpt>
			<trkpt lat="48.10751060055847" lon="-122.76519087026932">
				<ele>1.3124915420939978</ele>
				<time>2026-09-15T00:08:48Z</time>
			</trkpt>
			<trkpt lat="48.10749379201956" lon="-122.76520531915864">
				<ele>1.289552511271328</ele>
				<time>2026-09-15T00:08:49Z</time>
			</trkpt>
			<trkpt lat="48.10747573524863" lon="-122.76521784270425">
				<ele>1.2368338145512787</ele>
				<time>2026-09-15T00:08:50Z</time>
			</trkpt>
			<trkpt lat="48.107455871988535" lon="-122.76523218548137">
				<ele>1.1602188772347688</ele>
				<time>2026-09-15T00:08:51Z</time>
			</trkpt>
			<trkpt lat="48.10744244112943" lon="-122.76525406935473">
				<ele>1.271730496849358</ele>
				<time>2026-09-15T00:08:52Z</time>
			</trkpt>
			<trkpt lat="48.10742905873878" lon="-122.76527950266367">
				<ele>1.243618884293678</ele>
				<time>2026-09-15T00:08:53Z</time>
			</trkpt>
			<trkpt lat="48.10745079948795" lon="-122.76529806308604">
				<ele>2.006212438714769</ele>
				<time>2026-09-15T00:08:55Z</time>
			</trkpt>
			<trkpt lat="48.107468956145325" lon="-122.76529512266237">
				<ele>1.7089474075112356</ele>
				<time>2026-09-15T00:08:57Z</time>
			</trkpt>
			<trkpt lat="48.10748598022609" lon="-122.76528562900327">
				<ele>1.5092705843833585</ele>
				<time>2026-09-15T00:08:58Z</time>
			</trkpt>
			<trkpt lat="48.10752125214321" lon="-122.7652685322577">
				<ele>1.4753101983479127</ele>
				<time>2026-09-15T00:09:00Z</time>
			</trkpt>
			<trkpt lat="48.10753855271293" lon="-122.76525568710548">
				<ele>0.8302340987771899</ele>
				<time>2026-09-15T00:09:01Z</time>
			</trkpt>
			<trkpt lat="48.107555691912644" lon="-122.76524210997304">
				<ele>0.9195302334288407</ele>
				<time>2026-09-15T00:09:02Z</time>
			</trkpt>
			<trkpt lat="48.10757227245637" lon="-122.7652305142914">
				<ele>1.0490932675937827</ele>
				<time>2026-09-15T00:09:03Z</time>
			</trkpt>
			<trkpt lat="48.10758931775539" lon="-122.7652203462142">
				<ele>1.0632656598892325</ele>
				<time>2026-09-15T00:09:04Z</time>
			</trkpt>
			<trkpt lat="48.10762220309583" lon="-122.76520600073401">
				<ele>1.0749219482318786</ele>
				<time>2026-09-15T00:09:06Z</time>
			</trkpt>
			<trkpt lat="48.10764087533225" lon="-122.76520780371503">
				<ele>0.9823386613636487</ele>
				<time>2026-09-15T00:09:07Z</time>
			</trkpt>
			<trkpt lat="48.10767861087851" lon="-122.76520069046877">
				<ele>1.0664621628485378</ele>
				<time>2026-09-15T00:09:09Z</time>
			</trkpt>
			<trkpt lat="48.10769773801683" lon="-122.76519330174135">
				<ele>1.0744953141688391</ele>
				<time>2026-09-15T00:09:10Z</time>
			</trkpt>
			<trkpt lat="48.107716777234565" lon="-122.76518495091705">
				<ele>1.067091051586008</ele>
				<time>2026-09-15T00:09:11Z</time>
			</trkpt>
			<trkpt lat="48.10773491250525" lon="-122.76517695823892">
				<ele>1.1144981404083296</ele>
				<time>2026-09-15T00:09:12Z</time>
			</trkpt>
			<trkpt lat="48.10776672031262" lon="-122.76518210213855">
				<ele>1.0758902087307973</ele>
				<time>2026-09-15T00:09:14Z</time>
			</trkpt>
			<trkpt lat="48.10776750826325" lon="-122.76521530998875">
				<ele>1.3764079285208695</ele>
				<time>2026-09-15T00:09:17Z</time>
			</trkpt>
			<trkpt lat="48.107746989676116" lon="-122.76524732383734">
				<ele>1.1947007135633818</ele>
				<time>2026-09-15T00:09:20Z</time>
			</trkpt>
			<trkpt lat="48.10773008587944" lon="-122.76527338280043">
				<ele>1.1460946105146377</ele>
				<time>2026-09-15T00:09:22Z</time>
			</trkpt>
			<trkpt lat="48.107707131613196" lon="-122.76529784665946">
				<ele>1.1004980596597882</ele>
				<time>2026-09-15T00:09:24Z</time>
			</trkpt>
			<trkpt lat="48.107712849356226" lon="-122.76532815201124">
				<ele>1.098680809577285</ele>
				<time>2026-09-15T00:09:26Z</time>
			</trkpt>
			<trkpt lat="48.10773958211659" lon="-122.76533214088035">
				<ele>0.9094027035467676</ele>
				<time>2026-09-15T00:09:28Z</time>
			</trkpt>
			<trkpt lat="48.10775802178318" lon="-122.76531629953111">
				<ele>1.2709247442253577</ele>
				<time>2026-09-15T00:09:30Z</time>
			</trkpt>
			<trkpt lat="48.10778250481384" lon="-122.76530533165578">
				<ele>1.2629971269483562</ele>
				<time>2026-09-15T00:09:32Z</time>
			</trkpt>
			<trkpt lat="48.10781276281034" lon="-122.76528727846448">
				<ele>1.232099245721674</ele>
				<time>2026-09-15T00:09:34Z</time>
			</trkpt>
			<trkpt lat="48.107830069205605" lon="-122.76527657980913">
				<ele>1.1328795664939264</ele>
				<time>2026-09-15T00:09:35Z</time>
			</trkpt>
			<trkpt lat="48.10785404563095" lon="-122.76525940575851">
				<ele>1.1555821157363333</ele>
				<time>2026-09-15T00:09:37Z</time>
			</trkpt>
			<trkpt lat="48.1078802043998" lon="-122.76523950056591">
				<ele>1.039704579265475</ele>
				<time>2026-09-15T00:09:39Z</time>
			</trkpt>
			<trkpt lat="48.107904630097" lon="-122.76522656361503">
				<ele>1.2391982919635645</ele>
				<time>2026-09-15T00:09:41Z</time>
			</trkpt>
			<trkpt lat="48.10793696701623" lon="-122.76523014676214">
				<ele>1.3884422542630581</ele>
				<time>2026-09-15T00:09:43Z</time>
			</trkpt>
			<trkpt lat="48.10796503718496" lon="-122.76522738433788">
				<ele>1.1883692231373573</ele>
				<time>2026-09-15T00:09:45Z</time>
			</trkpt>
			<trkpt lat="48.10799109984355" lon="-122.76523521229076">
				<ele>1.1784613366755394</ele>
				<time>2026-09-15T00:09:47Z</time>
			</trkpt>
			<trkpt lat="48.10800037236519" lon="-122.76526974011236">
				<ele>1.2142903983931816</ele>
				<time>2026-09-15T00:09:49Z</time>
			</trkpt>
			<trkpt lat="48.10802238615496" lon="-122.76528585208037">
				<ele>1.2222968052124301</ele>
				<time>2026-09-15T00:09:51Z</time>
			</trkpt>
			<trkpt lat="48.108042176236495" lon="-122.76530276654016">
				<ele>1.1943298025330868</ele>
				<time>2026-09-15T00:09:53Z</time>
			</trkpt>
			<trkpt lat="48.10806230883874" lon="-122.76532191270931">
				<ele>1.3008296293293071</ele>
				<time>2026-09-15T00:09:55Z</time>
			</trkpt>
			<trkpt lat="48.108091454315634" lon="-122.76533602302699">
				<ele>1.3159022162449823</ele>
				<time>2026-09-15T00:09:57Z</time>
			</trkpt>
			<trkpt lat="48.10811930288577" lon="-122.76534396364124">
				<ele>1.3915860128761324</ele>
				<time>2026-09-15T00:09:59Z</time>
			</trkpt>
			<trkpt lat="48.108149233690156" lon="-122.76534972900372">
				<ele>1.2947947203553696</ele>
				<time>2026-09-15T00:10:01Z</time>
			</trkpt>
			<trkpt lat="48.10817522627365" lon="-122.76535246690766">
				<ele>1.2254174009435914</ele>
				<time>2026-09-15T00:10:03Z</time>
			</trkpt>
			<trkpt lat="48.108200639807016" lon="-122.76535400277335">
				<ele>1.2259269804279427</ele>
				<time>2026-09-15T00:10:05Z</time>
			</trkpt>
			<trkpt lat="48.10822681241548" lon="-122.7653546642318">
				<ele>1.2178414339704489</ele>
				<time>2026-09-15T00:10:07Z</time>
			</trkpt>
			<trkpt lat="48.108253097220505" lon="-122.76535618298949">
				<ele>1.202429457931732</ele>
				<time>2026-09-15T00:10:09Z</time>
			</trkpt>
			<trkpt lat="48.10827905919121" lon="-122.7653568549562">
				<ele>1.1948866308906965</ele>
				<time>2026-09-15T00:10:11Z</time>
			</trkpt>
			<trkpt lat="48.10830491977538" lon="-122.76535434093701">
				<ele>1.2528765078824868</ele>
				<time>2026-09-15T00:10:13Z</time>
			</trkpt>
			<trkpt lat="48.10833005328663" lon="-122.7653464188399">
				<ele>1.243646726386693</ele>
				<time>2026-09-15T00:10:15Z</time>
			</trkpt>
			<trkpt lat="48.10835610646521" lon="-122.76534026452187">
				<ele>1.2381046735986132</ele>
				<time>2026-09-15T00:10:17Z</time>
			</trkpt>
			<trkpt lat="48.108381692348274" lon="-122.76533452342714">
				<ele>1.2265887338298818</ele>
				<time>2026-09-15T00:10:19Z</time>
			</trkpt>
			<trkpt lat="48.10840802972137" lon="-122.76533302654595">
				<ele>1.1142468733516182</ele>
				<time>2026-09-15T00:10:21Z</time>
			</trkpt>
			<trkpt lat="48.10842248367632" lon="-122.76535323064817">
				<ele>1.2909462628138506</ele>
				<time>2026-09-15T00:10:24Z</time>
			</trkpt>
			<trkpt lat="48.108413609710446" lon="-122.76538176108639">
				<ele>1.380148292384476</ele>
				<time>2026-09-15T00:10:28Z</time>
			</trkpt>
			<trkpt lat="48.10840264394209" lon="-122.76540757224831">
				<ele>1.1702147397074505</ele>
				<time>2026-09-15T00:10:31Z</time>
			</trkpt>
			<trkpt lat="48.10839406158784" lon="-122.7654407785056">
				<ele>1.2024450564821478</ele>
				<time>2026-09-15T00:10:35Z</time>
			</trkpt>
			<trkpt lat="48.10838533877963" lon="-122.7654691535562">
				<ele>1.2259586530909239</ele>
				<time>2026-09-15T00:10:38Z</time>
			</trkpt>
			<trkpt lat="48.10837880258266" lon="-122.76549683488865">
				<ele>1.2778473181099734</ele>
				<time>2026-09-15T00:10:41Z</time>
			</trkpt>
			<trkpt lat="48.10837272251646" lon="-122.76553111172477">
				<ele>1.2755446686911185</ele>
				<time>2026-09-15T00:10:44Z</time>
			</trkpt>
			<trkpt lat="48.108365244026835" lon="-122.76555869022683">
				<ele>1.3527561588085533</ele>
				<time>2026-09-15T00:10:46Z</time>
			</trkpt>
			<trkpt lat="48.10836027667412" lon="-122.76559070393608">
				<ele>1.3004487712211628</ele>
				<time>2026-09-15T00:10:49Z</time>
			</trkpt>
			<trkpt lat="48.10835628223094" lon="-122.76562246298856">
				<ele>1.3191697042588082</ele>
				<time>2026-09-15T00:10:51Z</time>
			</trkpt>
			<trkpt lat="48.10834894774786" lon="-122.76565892539901">
				<ele>1.2664949364425802</ele>
				<time>2026-09-15T00:10:54Z</time>
			</trkpt>
			<trkpt lat="48.108343812957806" lon="-122.76568829114836">
				<ele>1.3021659025106516</ele>
				<time>2026-09-15T00:10:56Z</time>
			</trkpt>
			<trkpt lat="48.108340218298544" lon="-122.7657183178413">
				<ele>1.3549448822045385</ele>
				<time>2026-09-15T00:10:58Z</time>
			</trkpt>
			<trkpt lat="48.108337088471295" lon="-122.76575186725135">
				<ele>1.3062909829457325</ele>
				<time>2026-09-15T00:11:00Z</time>
			</trkpt>
			<trkpt lat="48.10833224365085" lon="-122.76578838506259">
				<ele>1.256976376719642</ele>
				<time>2026-09-15T00:11:02Z</time>
			</trkpt>
			<trkpt lat="48.10832592568988" lon="-122.76582177807192">
				<ele>1.231285877962982</ele>
				<time>2026-09-15T00:11:04Z</time>
			</trkpt>
			<trkpt lat="48.108319957843456" lon="-122.7658577361151">
				<ele>1.2386973274883708</ele>
				<time>2026-09-15T00:11:06Z</time>
			</trkpt>
			<trkpt lat="48.108314213218456" lon="-122.7658917843148">
				<ele>1.263005347131429</ele>
				<time>2026-09-15T00:11:08Z</time>
			</trkpt>
			<trkpt lat="48.10830888588976" lon="-122.76592513159696">
				<ele>1.4774754806963486</ele>
				<time>2026-09-15T00:11:10Z</time>
			</trkpt>
			<trkpt lat="48.10830415117958" lon="-122.76595760724264">
				<ele>1.4095034982343861</ele>
				<time>2026-09-15T00:11:12Z</time>
			</trkpt>
			<trkpt lat="48.108299686251215" lon="-122.76599457683761">
				<ele>1.3533238426037038</ele>
				<time>2026-09-15T00:11:14Z</time>
			</trkpt>
			<trkpt lat="48.108294202908034" lon="-122.76602231910915">
				<ele>1.3507886683377741</ele>
				<time>2026-09-15T00:11:16Z</time>
			</trkpt>
			<trkpt lat="48.10828946056783" lon="-122.76605350769579">
				<ele>1.3422797842844858</ele>
				<time>2026-09-15T00:11:18Z</time>
			</trkpt>
			<trkpt lat="48.10828496354887" lon="-122.76608497437621">
				<ele>1.316477273912053</ele>
				<time>2026-09-15T00:11:20Z</time>
			</trkpt>
			<trkpt lat="48.108280843802746" lon="-122.76611678820451">
				<ele>1.3037360828509499</ele>
				<time>2026-09-15T00:11:22Z</time>
			</trkpt>
			<trkpt lat="48.10827713358768" lon="-122.76615194862313">
				<ele>1.3121917301122679</ele>
				<time>2026-09-15T00:11:24Z</time>
			</trkpt>
			<trkpt lat="48.10827218561968" lon="-122.76618612271355">
				<ele>1.3782362310375902</ele>
				<time>2026-09-15T00:11:26Z</time>
			</trkpt>
			<trkpt lat="48.10826757167279" lon="-122.76622379278592">
				<ele>1.3729277941735738</ele>
				<time>2026-09-15T00:11:28Z</time>
			</trkpt>
			<trkpt lat="48.10826208065519" lon="-122.76626586481252">
				<ele>1.333026812660826</ele>
				<time>2026-09-15T00:11:30Z</time>
			</trkpt>
			<trkpt lat="48.108255700408876" lon="-122.76630334154409">
				<ele>1.3310643241142586</ele>
				<time>2026-09-15T00:11:32Z</time>
			</trkpt>
			<trkpt lat="48.10824815740274" lon="-122.76633996329657">
				<ele>1.3496318193825907</ele>
				<time>2026-09-15T00:11:34Z</time>
			</trkpt>
			<trkpt lat="48.10824316326466" lon="-122.76637541103241">
				<ele>1.4107981466413761</ele>
				<time>2026-09-15T00:11:36Z</time>
			</trkpt>
			<trkpt lat="48.10823743474273" lon="-122.76641429322767">
				<ele>1.360510153758863</ele>
				<time>2026-09-15T00:11:38Z</time>
			</trkpt>
			<trkpt lat="48.10822969805488" lon="-122.76645472522867">
				<ele>1.2931258655432707</ele>
				<time>2026-09-15T00:11:40Z</time>
			</trkpt>
			<trkpt lat="48.108223732223024" lon="-122.76648418732574">
				<ele>1.294551298722741</ele>
				<time>2026-09-15T00:11:42Z</time>
			</trkpt>
			<trkpt lat="48.10821574233883" lon="-122.7665169461269">
				<ele>1.3610862161733586</ele>
				<time>2026-09-15T00:11:44Z</time>
			</trkpt>
			<trkpt lat="48.10821247250679" lon="-122.76656027213812">
				<ele>1.5013061198825746</ele>
				<time>2026-09-15T00:11:46Z</time>
			</trkpt>
			<trkpt lat="48.1082085304298" lon="-122.76659050384382">
				<ele>1.3758033712756266</ele>
				<time>2026-09-15T00:11:48Z</time>
			</trkpt>
			<trkpt lat="48.10820177285726" lon="-122.7666189389998">
				<ele>1.355368396990773</ele>
				<time>2026-09-15T00:11:50Z</time>
			</trkpt>
			<trkpt lat="48.10819517332928" lon="-122.76664997776436">
				<ele>1.3586112539880055</ele>
				<time>2026-09-15T00:11:52Z</time>
			</trkpt>
			<trkpt lat="48.10819113721955" lon="-122.7666810165511">
				<ele>1.334111275631443</ele>
				<time>2026-09-15T00:11:54Z</time>
			</trkpt>
			<trkpt lat="48.1081838657121" lon="-122.7667160314313">
				<ele>1.3902529494192741</ele>
				<time>2026-09-15T00:11:56Z</time>
			</trkpt>
			<trkpt lat="48.108178328931054" lon="-122.76675414122603">
				<ele>1.3870429924809997</ele>
				<time>2026-09-15T00:11:58Z</time>
			</trkpt>
			<trkpt lat="48.10817800091425" lon="-122.7667932893364">
				<ele>1.1898200711762215</ele>
				<time>2026-09-15T00:12:00Z</time>
			</trkpt>
			<trkpt lat="48.10817617591013" lon="-122.76682890451711">
				<ele>1.243346703494435</ele>
				<time>2026-09-15T00:12:02Z</time>
			</trkpt>
			<trkpt lat="48.10815279103551" lon="-122.76685548484141">
				<ele>1.243453608679527</ele>
				<time>2026-09-15T00:12:05Z</time>
			</trkpt>
			<trkpt lat="48.10812029157434" lon="-122.76685732571246">
				<ele>1.3905315526098931</ele>
				<time>2026-09-15T00:12:07Z</time>
			</trkpt>
			<trkpt lat="48.10809031771931" lon="-122.76683731962403">
				<ele>1.2948530650678016</ele>
				<time>2026-09-15T00:12:09Z</time>
			</trkpt>
			<trkpt lat="48.10806475866225" lon="-122.76680932505307">
				<ele>1.1553065844589838</ele>
				<time>2026-09-15T00:12:11Z</time>
			</trkpt>
			<trkpt lat="48.10804443709056" lon="-122.7667852177314">
				<ele>1.2206993547298381</ele>
				<time>2026-09-15T00:12:13Z</time>
			</trkpt>
			<trkpt lat="48.10802698770271" lon="-122.76675695562305">
				<ele>1.3346125004569416</ele>
				<time>2026-09-15T00:12:15Z</time>
			</trkpt>
			<trkpt lat="48.10800765940871" lon="-122.76672684714374">
				<ele>1.3797174306412714</ele>
				<time>2026-09-15T00:12:17Z</time>
			</trkpt>
			<trkpt lat="48.107993192354755" lon="-122.7666871954006">
				<ele>1.3425448776221245</ele>
				<time>2026-09-15T00:12:19Z</time>
			</trkpt>
			<trkpt lat="48.107985458473" lon="-122.76665056357652">
				<ele>1.3102007297064056</ele>
				<time>2026-09-15T00:12:21Z</time>
			</trkpt>
			<trkpt lat="48.1079827884918" lon="-122.76661432405074">
				<ele>1.4280443242056506</ele>
				<time>2026-09-15T00:12:23Z</time>
			</trkpt>
			<trkpt lat="48.10797734509824" lon="-122.76657778226921">
				<ele>1.2394401905973993</ele>
				<time>2026-09-15T00:12:25Z</time>
			</trkpt>
			<trkpt lat="48.1079764840444" lon="-122.7665391213343">
				<ele>1.0348344075206128</ele>
				<time>2026-09-15T00:12:27Z</time>
			</trkpt>
			<trkpt lat="48.10797039429458" lon="-122.76650473336935">
				<ele>0.9886648264533058</ele>
				<time>2026-09-15T00:12:29Z</time>
			</trkpt>
			<trkpt lat="48.1079684122092" lon="-122.76646483269427">
				<ele>1.0764825145585313</ele>
				<time>2026-09-15T00:12:31Z</time>
			</trkpt>
			<trkpt lat="48.10797603684133" lon="-122.76641986430921">
				<ele>1.1359616623663271</ele>
				<time>2026-09-15T00:12:33Z</time>
			</trkpt>
			<trkpt lat="48.10797782043946" lon="-122.76639025623912">
				<ele>1.1931103549623572</ele>
				<time>2026-09-15T00:12:34Z</time>
			</trkpt>
			<trkpt lat="48.10797740307597" lon="-122.76634637613977">
				<ele>1.2027855460107162</ele>
				<time>2026-09-15T00:12:36Z</time>
			</trkpt>
			<trkpt lat="48.107978190091636" lon="-122.76630334718617">
				<ele>1.2274687165951725</ele>
				<time>2026-09-15T00:12:38Z</time>
			</trkpt>
			<trkpt lat="48.10797520998833" lon="-122.76626013922007">
				<ele>1.1532620130213367</ele>
				<time>2026-09-15T00:12:40Z</time>
			</trkpt>
			<trkpt lat="48.10797176917464" lon="-122.76621673231728">
				<ele>1.2115137171010524</ele>
				<time>2026-09-15T00:12:42Z</time>
			</trkpt>
			<trkpt lat="48.10796737838287" lon="-122.76617788319842">
				<ele>1.1588582400380751</ele>
				<time>2026-09-15T00:12:44Z</time>
			</trkpt>
			<trkpt lat="48.107963592840676" lon="-122.7661427643085">
				<ele>1.2274188394221213</ele>
				<time>2026-09-15T00:12:46Z</time>
			</trkpt>
			<trkpt lat="48.10794933472296" lon="-122.76610849120117">
				<ele>1.2559590168413592</ele>
				<time>2026-09-15T00:12:48Z</time>
			</trkpt>
			<trkpt lat="48.107935221487" lon="-122.76606278359554">
				<ele>1.1194388816672003</ele>
				<time>2026-09-15T00:12:50Z</time>
			</trkpt>
			<trkpt lat="48.10792860994284" lon="-122.76602151040078">
				<ele>1.2873875437065259</ele>
				<time>2026-09-15T00:12:52Z</time>
			</trkpt>
			<trkpt lat="48.10792052564231" lon="-122.7659856412718">
				<ele>1.3779579545812553</ele>
				<time>2026-09-15T00:12:54Z</time>
			</trkpt>
			<trkpt lat="48.10790995483104" lon="-122.76595426164039">
				<ele>1.3181858330489042</ele>
				<time>2026-09-15T00:12:56Z</time>
			</trkpt>
			<trkpt lat="48.10789634720324" lon="-122.76591996198555">
				<ele>1.363798181255227</ele>
				<time>2026-09-15T00:12:58Z</time>
			</trkpt>
			<trkpt lat="48.107887911826175" lon="-122.76588729719518">
				<ele>1.3709506470442925</ele>
				<time>2026-09-15T00:13:00Z</time>
			</trkpt>
			<trkpt lat="48.107877442976125" lon="-122.76584922176407">
				<ele>1.368814786313159</ele>
				<time>2026-09-15T00:13:02Z</time>
			</trkpt>
			<trkpt lat="48.10786697496237" lon="-122.76580228070716">
				<ele>1.3580129216288874</ele>
				<time>2026-09-15T00:13:04Z</time>
			</trkpt>
			<trkpt lat="48.107860792266194" lon="-122.76575847876403">
				<ele>1.1435529292331523</ele>
				<time>2026-09-15T00:13:06Z</time>
			</trkpt>
			<trkpt lat="48.107860000215624" lon="-122.76571772096334">
				<ele>1.1376934165701655</ele>
				<time>2026-09-15T00:13:08Z</time>
			</trkpt>
			<trkpt lat="48.10786540114758" lon="-122.76567188045404">
				<ele>1.2567125497162017</ele>
				<time>2026-09-15T00:13:10Z</time>
			</trkpt>
			<trkpt lat="48.10787304950705" lon="-122.76562211009941">
				<ele>1.1931420370472452</ele>
				<time>2026-09-15T00:13:12Z</time>
			</trkpt>
			<trkpt lat="48.10787590737162" lon="-122.7655811378516">
				<ele>1.2596325406742537</ele>
				<time>2026-09-15T00:13:14Z</time>
			</trkpt>
			<trkpt lat="48.10788002303193" lon="-122.76553942568789">
				<ele>1.3962451230747526</ele>
				<time>2026-09-15T00:13:16Z</time>
			</trkpt>
			<trkpt lat="48.107881939389316" lon="-122.76549442064666">
				<ele>1.31942914240393</ele>
				<time>2026-09-15T00:13:18Z</time>
			</trkpt>
			<trkpt lat="48.1078796052383" lon="-122.7654526163662">
				<ele>1.2768249203148976</ele>
				<time>2026-09-15T00:13:20Z</time>
			</trkpt>
			<trkpt lat="48.10787754163997" lon="-122.76541274214794">
				<ele>1.2000940394484445</ele>
				<time>2026-09-15T00:13:22Z</time>
			</trkpt>
			<trkpt lat="48.10788088542596" lon="-122.76536796495243">
				<ele>1.247809291031139</ele>
				<time>2026-09-15T00:13:24Z</time>
			</trkpt>
			<trkpt lat="48.10788408046149" lon="-122.76532724726044">
				<ele>1.2516207784608895</ele>
				<time>2026-09-15T00:13:26Z</time>
			</trkpt>
			<trkpt lat="48.10788584044686" lon="-122.76528605324323">
				<ele>1.2786982636009405</ele>
				<time>2026-09-15T00:13:28Z</time>
			</trkpt>
			<trkpt lat="48.107892635357715" lon="-122.76524540836449">
				<ele>1.2568563663673693</ele>
				<time>2026-09-15T00:13:30Z</time>
			</trkpt>
			<trkpt lat="48.1078917547744" lon="-122.76521722893904">
				<ele>1.0568340107322314</ele>
				<time>2026-09-15T00:13:32Z</time>
			</trkpt>
			<trkpt lat="48.10789326072168" lon="-122.76518948957832">
				<ele>1.0204250828147714</ele>
				<time>2026-09-15T00:13:33Z</time>
			</trkpt>
			<trkpt lat="48.107897849994195" lon="-122.7651505828101">
				<ele>1.1177244248826845</ele>
				<time>2026-09-15T00:13:35Z</time>
			</trkpt>
			<trkpt lat="48.10790553668892" lon="-122.76510520567538">
				<ele>1.1337937382927912</ele>
				<time>2026-09-15T00:13:37Z</time>
			</trkpt>
			<trkpt lat="48.107906574546696" lon="-122.76506335149341">
				<ele>1.2460527864411013</ele>
				<time>2026-09-15T00:13:39Z</time>
			</trkpt>
			<trkpt lat="48.10790117105765" lon="-122.7650254949737">
				<ele>1.2846133963095632</ele>
				<time>2026-09-15T00:13:41Z</time>
			</trkpt>
			<trkpt lat="48.10789479220622" lon="-122.76498775127486">
				<ele>1.3093615844179958</ele>
				<time>2026-09-15T00:13:43Z</time>
			</trkpt>
			<trkpt lat="48.107886252865754" lon="-122.764951746424">
				<ele>1.191555305058106</ele>
				<time>2026-09-15T00:13:45Z</time>
			</trkpt>
			<trkpt lat="48.10787678010597" lon="-122.76492551300929">
				<ele>1.1039947571028392</ele>
				<time>2026-09-15T00:13:47Z</time>
			</trkpt>
			<trkpt lat="48.10786741928548" lon="-122.76489708717412">
				<ele>1.2106042990090344</ele>
				<time>2026-09-15T00:13:49Z</time>
			</trkpt>
			<trkpt lat="48.10785732844807" lon="-122.76486710912857">
				<ele>1.1900648222283294</ele>
				<time>2026-09-15T00:13:51Z</time>
			</trkpt>
			<trkpt lat="48.107847846310555" lon="-122.76483528101235">
				<ele>1.1690398831234</ele>
				<time>2026-09-15T00:13:53Z</time>
			</trkpt>
			<trkpt lat="48.107839980832736" lon="-122.76480510825408">
				<ele>1.1838491283978918</ele>
				<time>2026-09-15T00:13:55Z</time>
			</trkpt>
			<trkpt lat="48.10783144552295" lon="-122.7647745590768">
				<ele>1.2124000923992426</ele>
				<time>2026-09-15T00:13:57Z</time>
			</trkpt>
			<trkpt lat="48.107821303200666" lon="-122.76474687865979">
				<ele>1.1557012175214396</ele>
				<time>2026-09-15T00:13:59Z</time>
			</trkpt>
			<trkpt lat="48.107809150781534" lon="-122.7647215031369">
				<ele>1.2050244327606912</ele>
				<time>2026-09-15T00:14:01Z</time>
			</trkpt>
			<trkpt lat="48.10779661368973" lon="-122.76469978817433">
				<ele>1.1977207537742522</ele>
				<time>2026-09-15T00:14:03Z</time>
			</trkpt>
			<trkpt lat="48.10778295722256" lon="-122.76467559902062">
				<ele>1.1911103584812253</ele>
				<time>2026-09-15T00:14:05Z</time>
			</trkpt>
			<trkpt lat="48.10776896965572" lon="-122.76465150021384">
				<ele>1.185701880165361</ele>
				<time>2026-09-15T00:14:07Z</time>
			</trkpt>
			<trkpt lat="48.107755220922506" lon="-122.76462930981712">
				<ele>1.2030887414389184</ele>
				<time>2026-09-15T00:14:09Z</time>
			</trkpt>
			<trkpt lat="48.10772926872558" lon="-122.76460470970156">
				<ele>1.1815149656253467</ele>
				<time>2026-09-15T00:14:12Z</time>
			</trkpt>
			<trkpt lat="48.10771414938648" lon="-122.76458146066761">
				<ele>1.482976039001386</ele>
				<time>2026-09-15T00:14:14Z</time>
			</trkpt>
			<trkpt lat="48.10769279066445" lon="-122.76457149038076">
				<ele>1.4358160807172808</ele>
				<time>2026-09-15T00:14:17Z</time>
			</trkpt>
			<trkpt lat="48.107663263302406" lon="-122.76458354223266">
				<ele>1.34315586444065</ele>
				<time>2026-09-15T00:14:19Z</time>
			</trkpt>
			<trkpt lat="48.107640671743646" lon="-122.76461422552737">
				<ele>1.3731502078537865</ele>
				<time>2026-09-15T00:14:21Z</time>
			</trkpt>
			<trkpt lat="48.10762547084586" lon="-122.76463830595081">
				<ele>1.740964209869933</ele>
				<time>2026-09-15T00:14:22Z</time>
			</trkpt>
			<trkpt lat="48.10761337940167" lon="-122.76466254662046">
				<ele>1.717927739912593</ele>
				<time>2026-09-15T00:14:23Z</time>
			</trkpt>
			<trkpt lat="48.107592551985356" lon="-122.76470292051013">
				<ele>1.5713422704665518</ele>
				<time>2026-09-15T00:14:25Z</time>
			</trkpt>
			<trkpt lat="48.10758764671541" lon="-122.76473128299712">
				<ele>1.5201079263089206</ele>
				<time>2026-09-15T00:14:26Z</time>
			</trkpt>
			<trkpt lat="48.107577799659545" lon="-122.76478269685359">
				<ele>1.4324834543043252</ele>
				<time>2026-09-15T00:14:28Z</time>
			</trkpt>
			<trkpt lat="48.1075678942522" lon="-122.76483406093917">
				<ele>1.3418346850599647</ele>
				<time>2026-09-15T00:14:30Z</time>
			</trkpt>
			<trkpt lat="48.1075644532982" lon="-122.76487572442193">
				<ele>1.4052021753666288</ele>
				<time>2026-09-15T00:14:32Z</time>
			</trkpt>
			<trkpt lat="48.10755536444618" lon="-122.76492493926577">
				<ele>1.4326382978658536</ele>
				<time>2026-09-15T00:14:34Z</time>
			</trkpt>
			<trkpt lat="48.10755626700976" lon="-122.76497066299349">
				<ele>1.3354821647668373</ele>
				<time>2026-09-15T00:14:36Z</time>
			</trkpt>
			<trkpt lat="48.107553199237636" lon="-122.76501183025518">
				<ele>1.4039862467953093</ele>
				<time>2026-09-15T00:14:38Z</time>
			</trkpt>
			<trkpt lat="48.107550869214634" lon="-122.76504851101713">
				<ele>1.333717242779585</ele>
				<time>2026-09-15T00:14:40Z</time>
			</trkpt>
			<trkpt lat="48.10754941832646" lon="-122.76508940112592">
				<ele>1.3744223546865335</ele>
				<time>2026-09-15T00:14:42Z</time>
			</trkpt>
			<trkpt lat="48.10755102016311" lon="-122.76512567339286">
				<ele>1.3957932417825276</ele>
				<time>2026-09-15T00:14:44Z</time>
			</trkpt>
			<trkpt lat="48.10755351189216" lon="-122.7651545199279">
				<ele>1.3372666777197395</ele>
				<time>2026-09-15T00:14:46Z</time>
			</trkpt>
			<trkpt lat="48.1075488217578" lon="-122.76518941160995">
				<ele>1.2683714921814726</ele>
				<time>2026-09-15T00:14:49Z</time>
			</trkpt>
			<trkpt lat="48.1075616762022" lon="-122.76521093149145">
				<ele>1.2899672058389555</ele>
				<time>2026-09-15T00:14:51Z</time>
			</trkpt>
			<trkpt lat="48.107584980550115" lon="-122.76520317510196">
				<ele>1.1870530291347734</ele>
				<time>2026-09-15T00:14:55Z</time>
			</trkpt>
			<trkpt lat="48.107610383263875" lon="-122.76518895505939">
				<ele>1.2480818463672172</ele>
				<time>2026-09-15T00:14:58Z</time>
			</trkpt>
			<trkpt lat="48.10763398283739" lon="-122.76518516793118">
				<ele>1.2995137877859868</ele>
				<time>2026-09-15T00:15:01Z</time>
			</trkpt>
			<trkpt lat="48.107655135455936" lon="-122.76518058112053">
				<ele>1.2783887736255082</ele>
				<time>2026-09-15T00:15:03Z</time>
			</trkpt>
			<trkpt lat="48.107676926817064" lon="-122.76517175299573">
				<ele>1.2536854413871517</ele>
				<time>2026-09-15T00:15:05Z</time>
			</trkpt>
			<trkpt lat="48.10769689159658" lon="-122.7651634579678">
				<ele>1.2825910855296634</ele>
				<time>2026-09-15T00:15:07Z</time>
			</trkpt>
			<trkpt lat="48.107715805977385" lon="-122.76516305714517">
				<ele>1.2210466082367475</ele>
				<time>2026-09-15T00:15:09Z</time>
			</trkpt>
			<trkpt lat="48.10773316214184" lon="-122.76517992113756">
				<ele>1.3547099715682975</ele>
				<time>2026-09-15T00:15:12Z</time>
			</trkpt>
			<trkpt lat="48.10772472310744" lon="-122.76520453415873">
				<ele>1.6576104387445483</ele>
				<time>2026-09-15T00:15:16Z</time>
			</trkpt>
			<trkpt lat="48.10771826873292" lon="-122.76523860595633">
				<ele>0.9700711425510029</ele>
				<time>2026-09-15T00:15:20Z</time>
			</trkpt>
			<trkpt lat="48.1077004637188" lon="-122.76526185165623">
				<ele>1.3233370724494051</ele>
				<time>2026-09-15T00:15:23Z</time>
			</trkpt>
			<trkpt lat="48.107677354842025" lon="-122.76525580750588">
				<ele>1.095419913647575</ele>
				<time>2026-09-15T00:15:25Z</time>
			</trkpt>
			<trkpt lat="48.107657708885846" lon="-122.7652419296403">
				<ele>1.0828123999078372</ele>
				<time>2026-09-15T00:15:27Z</time>
			</trkpt>
			<trkpt lat="48.10763906146432" lon="-122.76521842012122">
				<ele>1.1347343781640724</ele>
				<time>2026-09-15T00:15:30Z</time>
			</trkpt>
			<trkpt lat="48.10764416560258" lon="-122.76518502169914">
				<ele>1.3919065950870078</ele>
				<time>2026-09-15T00:15:33Z</time>
			</trkpt>
			<trkpt lat="48.10765902165199" lon="-122.76515994530862">
				<ele>1.3567723205269857</ele>
				<time>2026-09-15T00:15:36Z</time>
			</trkpt>
			<trkpt lat="48.10767805754835" lon="-122.76516422484309">
				<ele>1.3124555956253836</ele>
				<time>2026-09-15T00:15:39Z</time>
			</trkpt>
			<trkpt lat="48.10767813975233" lon="-122.76519474165268">
				<ele>1.4385899145656076</ele>
				<time>2026-09-15T00:15:42Z</time>
			</trkpt>
			<trkpt lat="48.10766015821592" lon="-122.76522096703962">
				<ele>1.133577458823524</ele>
				<time>2026-09-15T00:15:46Z</time>
			</trkpt>
			<trkpt lat="48.107647361201934" lon="-122.76524489196056">
				<ele>1.315242183554819</ele>
				<time>2026-09-15T00:15:50Z</time>
			</trkpt>
			<trkpt lat="48.107644057263656" lon="-122.76527622834467">
				<ele>1.375935314111988</ele>
				<time>2026-09-15T00:15:53Z</time>
			</trkpt>
			<trkpt lat="48.10763756075033" lon="-122.76530249721519">
				<ele>1.3798525089337232</ele>
				<time>2026-09-15T00:15:55Z</time>
			</trkpt>
			<trkpt lat="48.10762900564978" lon="-122.76534829237194">
				<ele>1.3665908196956806</ele>
				<time>2026-09-15T00:15:58Z</time>
			</trkpt>
			<trkpt lat="48.10762386117714" lon="-122.76538743601189">
				<ele>1.0401965511675897</ele>
				<time>2026-09-15T00:16:00Z</time>
			</trkpt>
			<trkpt lat="48.107617798560334" lon="-122.76542258188762">
				<ele>1.0723987462626994</ele>
				<time>2026-09-15T00:16:02Z</time>
			</trkpt>
			<trkpt lat="48.10761112585822" lon="-122.7654611208463">
				<ele>1.0939691629116517</ele>
				<time>2026-09-15T00:16:04Z</time>
			</trkpt>
			<trkpt lat="48.107605996338904" lon="-122.76550210862321">
				<ele>1.121708957365069</ele>
				<time>2026-09-15T00:16:06Z</time>
			</trkpt>
			<trkpt lat="48.107601120769935" lon="-122.76554276519292">
				<ele>0.9447721509168261</ele>
				<time>2026-09-15T00:16:08Z</time>
			</trkpt>
			<trkpt lat="48.10759712706868" lon="-122.76558556494818">
				<ele>0.9557613694243976</ele>
				<time>2026-09-15T00:16:10Z</time>
			</trkpt>
			<trkpt lat="48.107595501315544" lon="-122.76561824376724">
				<ele>1.2334050748678607</ele>
				<time>2026-09-15T00:16:12Z</time>
			</trkpt>
			<trkpt lat="48.10759427674831" lon="-122.76565167368516">
				<ele>1.1779519559817118</ele>
				<time>2026-09-15T00:16:14Z</time>
			</trkpt>
			<trkpt lat="48.107593094572344" lon="-122.765683310535">
				<ele>1.2117832687649468</ele>
				<time>2026-09-15T00:16:16Z</time>
			</trkpt>
			<trkpt lat="48.10759480668621" lon="-122.76571316105465">
				<ele>1.2257910613393577</ele>
				<time>2026-09-15T00:16:18Z</time>
			</trkpt>
			<trkpt lat="48.107592723659636" lon="-122.76574315703151">
				<ele>1.1665243002853636</ele>
				<time>2026-09-15T00:16:20Z</time>
			</trkpt>
			<trkpt lat="48.10758879632765" lon="-122.76577096755398">
				<ele>1.1616420890523003</ele>
				<time>2026-09-15T00:16:22Z</time>
			</trkpt>
			<trkpt lat="48.10758464363651" lon="-122.7657983931875">
				<ele>1.1846122963577557</ele>
				<time>2026-09-15T00:16:24Z</time>
			</trkpt>
			<trkpt lat="48.10757999836159" lon="-122.7658262029751">
				<ele>1.2105772753045798</ele>
				<time>2026-09-15T00:16:26Z</time>
			</trkpt>
			<trkpt lat="48.10757546854766" lon="-122.7658553032404">
				<ele>1.2199741875452474</ele>
				<time>2026-09-15T00:16:28Z</time>
			</trkpt>
			<trkpt lat="48.10756893116797" lon="-122.76588487150144">
				<ele>1.2357439554794105</ele>
				<time>2026-09-15T00:16:30Z</time>
			</trkpt>
			<trkpt lat="48.10756291682587" lon="-122.76591447461021">
				<ele>1.2773723371720536</ele>
				<time>2026-09-15T00:16:32Z</time>
			</trkpt>
			<trkpt lat="48.10755797816593" lon="-122.76594288649902">
				<ele>1.3790179832855962</ele>
				<time>2026-09-15T00:16:34Z</time>
			</trkpt>
			<trkpt lat="48.1075517776198" lon="-122.76597272603219">
				<ele>1.176674501816116</ele>
				<time>2026-09-15T00:16:36Z</time>
			</trkpt>
			<trkpt lat="48.107562320914376" lon="-122.76599750349456">
				<ele>1.1615325710433098</ele>
				<time>2026-09-15T00:16:38Z</time>
			</trkpt>
			<trkpt lat="48.10758692252476" lon="-122.76600182958542">
				<ele>1.2875396800114558</ele>
				<time>2026-09-15T00:16:41Z</time>
			</trkpt>
			<trkpt lat="48.107606671665174" lon="-122.76599540535564">
				<ele>1.223219296707171</ele>
				<time>2026-09-15T00:16:43Z</time>
			</trkpt>
			<trkpt lat="48.10762727990261" lon="-122.76597934414505">
				<ele>1.1454576479364107</ele>
				<time>2026-09-15T00:16:45Z</time>
			</trkpt>
			<trkpt lat="48.107639824353924" lon="-122.7659582335276">
				<ele>1.0670817727514859</ele>
				<time>2026-09-15T00:16:47Z</time>
			</trkpt>
			<trkpt lat="48.10766174234001" lon="-122.76593974726669">
				<ele>1.137318042922029</ele>
				<time>2026-09-15T00:16:50Z</time>
			</trkpt>
			<trkpt lat="48.107684763461485" lon="-122.76592725939209">
				<ele>1.2425074186014946</ele>
				<time>2026-09-15T00:16:53Z</time>
			</trkpt>
			<trkpt lat="48.10770934150414" lon="-122.7659248703971">
				<ele>1.049682299518775</ele>
				<time>2026-09-15T00:16:56Z</time>
			</trkpt>
			<trkpt lat="48.10773328543615" lon="-122.76592648909732">
				<ele>1.038540523441668</ele>
				<time>2026-09-15T00:16:59Z</time>
			</trkpt>
			<trkpt lat="48.10775914364208" lon="-122.76592943023043">
				<ele>1.0500062761446998</ele>
				<time>2026-09-15T00:17:02Z</time>
			</trkpt>
			<trkpt lat="48.10777961021917" lon="-122.76593171937517">
				<ele>1.0524545753225318</ele>
				<time>2026-09-15T00:17:04Z</time>
			</trkpt>
			<trkpt lat="48.107801770180835" lon="-122.76593054682117">
				<ele>1.2433411655691309</ele>
				<time>2026-09-15T00:17:07Z</time>
			</trkpt>
			<trkpt lat="48.10782096992837" lon="-122.76593132501422">
				<ele>1.897966771948699</ele>
				<time>2026-09-15T00:17:09Z</time>
			</trkpt>
			<trkpt lat="48.107839151074565" lon="-122.76592913846477">
				<ele>1.433475882746297</ele>
				<time>2026-09-15T00:17:11Z</time>
			</trkpt>
			<trkpt lat="48.107857426683886" lon="-122.76592572627845">
				<ele>1.413743844292636</ele>
				<time>2026-09-15T00:17:13Z</time>
			</trkpt>
			<trkpt lat="48.10787756908251" lon="-122.76592581473449">
				<ele>1.3636280189305303</ele>
				<time>2026-09-15T00:17:15Z</time>
			</trkpt>
			<trkpt lat="48.10790431758544" lon="-122.76592820919753">
				<ele>1.298525704513466</ele>
				<time>2026-09-15T00:17:19Z</time>
			</trkpt>
			<trkpt lat="48.10792420705207" lon="-122.76592779817508">
				<ele>1.280252411417461</ele>
				<time>2026-09-15T00:17:21Z</time>
			</trkpt>
			<trkpt lat="48.10794452107123" lon="-122.76592651664448">
				<ele>1.2994487188254809</ele>
				<time>2026-09-15T00:17:23Z</time>
			</trkpt>
			<trkpt lat="48.10798100273173" lon="-122.76592770042872">
				<ele>1.3026309734134074</ele>
				<time>2026-09-15T00:17:25Z</time>
			</trkpt>
			<trkpt lat="48.10800187506963" lon="-122.76592868879287">
				<ele>1.3060894607205604</ele>
				<time>2026-09-15T00:17:27Z</time>
			</trkpt>
			<trkpt lat="48.10802414794143" lon="-122.76592540286194">
				<ele>1.4540055870855362</ele>
				<time>2026-09-15T00:17:29Z</time>
			</trkpt>
			<trkpt lat="48.108047668417065" lon="-122.76592234453189">
				<ele>1.3738298864723077</ele>
				<time>2026-09-15T00:17:31Z</time>
			</trkpt>
			<trkpt lat="48.10807558225657" lon="-122.76591549092066">
				<ele>1.347311080506806</ele>
				<time>2026-09-15T00:17:33Z</time>
			</trkpt>
			<trkpt lat="48.10810031065965" lon="-122.76590539608421">
				<ele>1.38131841913453</ele>
				<time>2026-09-15T00:17:35Z</time>
			</trkpt>
			<trkpt lat="48.10812452238652" lon="-122.76589686332058">
				<ele>1.3681331484225119</ele>
				<time>2026-09-15T00:17:37Z</time>
			</trkpt>
			<trkpt lat="48.10814481388551" lon="-122.76589778181274">
				<ele>1.2862050908075737</ele>
				<time>2026-09-15T00:17:39Z</time>
			</trkpt>
			<trkpt lat="48.108137461337655" lon="-122.76593040468327">
				<ele>1.503708054665573</ele>
				<time>2026-09-15T00:17:44Z</time>
			</trkpt>
			<trkpt lat="48.108123075411974" lon="-122.76595996200099">
				<ele>1.5435954055712777</ele>
				<time>2026-09-15T00:17:47Z</time>
			</trkpt>
			<trkpt lat="48.10811059968102" lon="-122.76599599244078">
				<ele>1.6058622613814144</ele>
				<time>2026-09-15T00:17:50Z</time>
			</trkpt>
			<trkpt lat="48.108102491583324" lon="-122.76602068507258">
				<ele>1.4374141161213139</ele>
				<time>2026-09-15T00:17:52Z</time>
			</trkpt>
			<trkpt lat="48.10809402757434" lon="-122.76604689284412">
				<ele>1.4702556676021317</ele>
				<time>2026-09-15T00:17:54Z</time>
			</trkpt>
			<trkpt lat="48.108085218765574" lon="-122.76607410695986">
				<ele>1.3487402867591634</ele>
				<time>2026-09-15T00:17:56Z</time>
			</trkpt>
			<trkpt lat="48.108074450305274" lon="-122.76610562550046">
				<ele>1.3110422141994995</ele>
				<time>2026-09-15T00:17:58Z</time>
			</trkpt>
			<trkpt lat="48.108064949815876" lon="-122.76614226595414">
				<ele>1.3206739600522468</ele>
				<time>2026-09-15T00:18:00Z</time>
			</trkpt>
			<trkpt lat="48.10805509825073" lon="-122.76618162606461">
				<ele>1.3725611614084734</ele>
				<time>2026-09-15T00:18:02Z</time>
			</trkpt>
			<trkpt lat="48.108050271401446" lon="-122.7662254296755">
				<ele>1.3549979506680465</ele>
				<time>2026-09-15T00:18:04Z</time>
			</trkpt>
			<trkpt lat="48.10804955912938" lon="-122.76626346904605">
				<ele>1.1531723708425972</ele>
				<time>2026-09-15T00:18:06Z</time>
			</trkpt>
			<trkpt lat="48.10804913047832" lon="-122.7663022605194">
				<ele>1.1200846901536892</ele>
				<time>2026-09-15T00:18:08Z</time>
			</trkpt>
			<trkpt lat="48.10804547336833" lon="-122.76633774038686">
				<ele>1.1259339782392104</ele>
				<time>2026-09-15T00:18:10Z</time>
			</trkpt>
			<trkpt lat="48.10804278046528" lon="-122.76637446690305">
				<ele>1.1757152603734902</ele>
				<time>2026-09-15T00:18:12Z</time>
			</trkpt>
			<trkpt lat="48.10803968201545" lon="-122.76641346608616">
				<ele>1.2187593422302676</ele>
				<time>2026-09-15T00:18:14Z</time>
			</trkpt>
			<trkpt lat="48.10803750973836" lon="-122.76644992941259">
				<ele>1.2009367129759738</ele>
				<time>2026-09-15T00:18:16Z</time>
			</trkpt>
			<trkpt lat="48.10803206071706" lon="-122.76649401875227">
				<ele>1.2570315494702342</ele>
				<time>2026-09-15T00:18:18Z</time>
			</trkpt>
			<trkpt lat="48.10802964882617" lon="-122.76653629481754">
				<ele>1.2717036545172924</ele>
				<time>2026-09-15T00:18:20Z</time>
			</trkpt>
			<trkpt lat="48.108026410867275" lon="-122.76657720326176">
				<ele>1.102847451379425</ele>
				<time>2026-09-15T00:18:22Z</time>
			</trkpt>
			<trkpt lat="48.10804000771639" lon="-122.76661243198971">
				<ele>1.043657839124016</ele>
				<time>2026-09-15T00:18:24Z</time>
			</trkpt>
			<trkpt lat="48.108064109985534" lon="-122.76661532371548">
				<ele>0.3610345215746271</ele>
				<time>2026-09-15T00:18:26Z</time>
			</trkpt>
			<trkpt lat="48.10808817591525" lon="-122.76662718730157">
				<ele>0.6330092607402875</ele>
				<time>2026-09-15T00:18:28Z</time>
			</trkpt>
			<trkpt lat="48.1081118592723" lon="-122.76664414640798">
				<ele>0.6808677391036184</ele>
				<time>2026-09-15T00:18:30Z</time>
			</trkpt>
			<trkpt lat="48.10813463067429" lon="-122.76665881618986">
				<ele>0.6765579323139832</ele>
				<time>2026-09-15T00:18:32Z</time>
			</trkpt>
			<trkpt lat="48.10815484391576" lon="-122.7666697550337">
				<ele>0.7419476288462832</ele>
				<time>2026-09-15T00:18:34Z</time>
			</trkpt>
			<trkpt lat="48.10817543976546" lon="-122.76668078766927">
				<ele>0.7966318486826616</ele>
				<time>2026-09-15T00:18:36Z</time>
			</trkpt>
			<trkpt lat="48.10819686523457" lon="-122.76669048639693">
				<ele>0.82580546083393</ele>
				<time>2026-09-15T00:18:38Z</time>
			</trkpt>
			<trkpt lat="48.10821798695101" lon="-122.76669611615966">
				<ele>0.8058402606741382</ele>
				<time>2026-09-15T00:18:40Z</time>
			</trkpt>
			<trkpt lat="48.10824144831214" lon="-122.76670231216617">
				<ele>0.966184467339918</ele>
				<time>2026-09-15T00:18:42Z</time>
			</trkpt>
			<trkpt lat="48.108264374384035" lon="-122.76671006682999">
				<ele>1.0018630868112517</ele>
				<time>2026-09-15T00:18:44Z</time>
			</trkpt>
			<trkpt lat="48.10828374849239" lon="-122.76672640980972">
				<ele>0.9805808332755923</ele>
				<time>2026-09-15T00:18:46Z</time>
			</trkpt>
			<trkpt lat="48.10830482089511" lon="-122.76673974533091">
				<ele>0.9149334303801275</ele>
				<time>2026-09-15T00:18:48Z</time>
			</trkpt>
			<trkpt lat="48.10831672991716" lon="-122.76676455820034">
				<ele>1.0215190224171948</ele>
				<time>2026-09-15T00:18:51Z</time>
			</trkpt>
			<trkpt lat="48.108299396375536" lon="-122.76678909161234">
				<ele>1.075716084810292</ele>
				<time>2026-09-15T00:18:55Z</time>
			</trkpt>
			<trkpt lat="48.108279392397264" lon="-122.76681682916725">
				<ele>1.0774745538625154</ele>
				<time>2026-09-15T00:18:58Z</time>
			</trkpt>
			<trkpt lat="48.10826417868002" lon="-122.76684019493916">
				<ele>1.0421095714263267</ele>
				<time>2026-09-15T00:19:00Z</time>
			</trkpt>
			<trkpt lat="48.108248310826674" lon="-122.7668638732117">
				<ele>1.0769577566715682</ele>
				<time>2026-09-15T00:19:02Z</time>
			</trkpt>
			<trkpt lat="48.10822919325931" lon="-122.76688883395433">
				<ele>1.150329125218878</ele>
				<time>2026-09-15T00:19:04Z</time>
			</trkpt>
			<trkpt lat="48.10820705377132" lon="-122.76692057370288">
				<ele>1.3007092767291333</ele>
				<time>2026-09-15T00:19:06Z</time>
			</trkpt>
			<trkpt lat="48.10818159119402" lon="-122.7669580498761">
				<ele>1.255499871946295</ele>
				<time>2026-09-15T00:19:08Z</time>
			</trkpt>
			<trkpt lat="48.10816540378258" lon="-122.76697387473374">
				<ele>1.2247115941193947</ele>
				<time>2026-09-15T00:19:09Z</time>
			</trkpt>
			<trkpt lat="48.108146534128664" lon="-122.7669787350453">
				<ele>0.9912039691982812</ele>
				<time>2026-09-15T00:19:10Z</time>
			</trkpt>
			<trkpt lat="48.10811264843985" lon="-122.76697271189248">
				<ele>1.0680686503270174</ele>
				<time>2026-09-15T00:19:12Z</time>
			</trkpt>
			<trkpt lat="48.10809587638449" lon="-122.76695884854696">
				<ele>1.0875368083525494</ele>
				<time>2026-09-15T00:19:13Z</time>
			</trkpt>
			<trkpt lat="48.10808235760935" lon="-122.76693571726615">
				<ele>1.2206539603680042</ele>
				<time>2026-09-15T00:19:14Z</time>
			</trkpt>
			<trkpt lat="48.108068956766985" lon="-122.76691295225095">
				<ele>1.1882427542623546</ele>
				<time>2026-09-15T00:19:15Z</time>
			</trkpt>
			<trkpt lat="48.108054324662845" lon="-122.76689571164867">
				<ele>1.2350249997309461</ele>
				<time>2026-09-15T00:19:16Z</time>
			</trkpt>
			<trkpt lat="48.10803882426757" lon="-122.76687719679808">
				<ele>1.147922488477679</ele>
				<time>2026-09-15T00:19:17Z</time>
			</trkpt>
			<trkpt lat="48.108023875239795" lon="-122.76685880726345">
				<ele>1.0824086224810223</ele>
				<time>2026-09-15T00:19:18Z</time>
			</trkpt>
			<trkpt lat="48.10800533840456" lon="-122.76681741185617">
				<ele>1.228967239214608</ele>
				<time>2026-09-15T00:19:20Z</time>
			</trkpt>
			<trkpt lat="48.10799106065197" lon="-122.76677203986553">
				<ele>1.1127446136208405</ele>
				<time>2026-09-15T00:19:22Z</time>
			</trkpt>
			<trkpt lat="48.107979213399254" lon="-122.76672819963177">
				<ele>1.0876477384404453</ele>
				<time>2026-09-15T00:19:24Z</time>
			</trkpt>
			<trkpt lat="48.10796420113975" lon="-122.76668309214885">
				<ele>1.0914921900599026</ele>
				<time>2026-09-15T00:19:26Z</time>
			</trkpt>
			<trkpt lat="48.10795195190194" lon="-122.7666341597714">
				<ele>1.1239585030805372</ele>
				<time>2026-09-15T00:19:28Z</time>
			</trkpt>
			<trkpt lat="48.107946610768565" lon="-122.76660834907696">
				<ele>1.1070581865523366</ele>
				<time>2026-09-15T00:19:29Z</time>
			</trkpt>
			<trkpt lat="48.10794164035998" lon="-122.76658190594542">
				<ele>1.1079122027706667</ele>
				<time>2026-09-15T00:19:30Z</time>
			</trkpt>
			<trkpt lat="48.10793085649874" lon="-122.76653126580457">
				<ele>1.107313683054997</ele>
				<time>2026-09-15T00:19:32Z</time>
			</trkpt>
			<trkpt lat="48.10792600833069" lon="-122.76650534282557">
				<ele>1.1224644536351462</ele>
				<time>2026-09-15T00:19:33Z</time>
			</trkpt>
			<trkpt lat="48.10792170182678" lon="-122.76647882330143">
				<ele>1.1182003262648088</ele>
				<time>2026-09-15T00:19:34Z</time>
			</trkpt>
			<trkpt lat="48.107916676217435" lon="-122.76645218613683">
				<ele>1.0941114242164396</ele>
				<time>2026-09-15T00:19:35Z</time>
			</trkpt>
			<trkpt lat="48.10790972879388" lon="-122.76640112045715">
				<ele>1.0302211381943316</ele>
				<time>2026-09-15T00:19:37Z</time>
			</trkpt>
			<trkpt lat="48.10790293920452" lon="-122.76635172373456">
				<ele>1.0611381369878075</ele>
				<time>2026-09-15T00:19:39Z</time>
			</trkpt>
			<trkpt lat="48.10789562465721" lon="-122.76630159660405">
				<ele>1.0820945665428603</ele>
				<time>2026-09-15T00:19:41Z</time>
			</trkpt>
			<trkpt lat="48.107888945394244" lon="-122.7662523154823">
				<ele>1.1177616744022139</ele>
				<time>2026-09-15T00:19:43Z</time>
			</trkpt>
			<trkpt lat="48.107883987938195" lon="-122.7662097010676">
				<ele>1.09761611983539</ele>
				<time>2026-09-15T00:19:45Z</time>
			</trkpt>
			<trkpt lat="48.10787986846263" lon="-122.76618115774987">
				<ele>1.1076925821344865</ele>
				<time>2026-09-15T00:19:46Z</time>
			</trkpt>
			<trkpt lat="48.107875092446555" lon="-122.76613913732365">
				<ele>4.217789613294311</ele>
				<time>2026-09-15T00:19:47Z</time>
			</trkpt>
			<trkpt lat="48.10784788438459" lon="-122.76583704846553">
				<ele>1.1165634866939627</ele>
				<time>2026-09-15T00:19:58Z</time>
			</trkpt>
			<trkpt lat="48.10784560462663" lon="-122.7658090870896">
				<ele>1.1171162345907177</ele>
				<time>2026-09-15T00:19:59Z</time>
			</trkpt>
			<trkpt lat="48.107844482484346" lon="-122.76578173260741">
				<ele>1.1212693596590313</ele>
				<time>2026-09-15T00:20:00Z</time>
			</trkpt>
			<trkpt lat="48.10784106057707" lon="-122.76572808471546">
				<ele>1.1822994050128912</ele>
				<time>2026-09-15T00:20:02Z</time>
			</trkpt>
			<trkpt lat="48.107834718233825" lon="-122.7656738341416">
				<ele>1.1504991214848879</ele>
				<time>2026-09-15T00:20:04Z</time>
			</trkpt>
			<trkpt lat="48.10783032950153" lon="-122.76564521876469">
				<ele>1.14592679315016</ele>
				<time>2026-09-15T00:20:05Z</time>
			</trkpt>
			<trkpt lat="48.107826802287335" lon="-122.76561727055035">
				<ele>1.1282138451377293</ele>
				<time>2026-09-15T00:20:06Z</time>
			</trkpt>
			<trkpt lat="48.10782346946043" lon="-122.76558881000093">
				<ele>1.1476419347950078</ele>
				<time>2026-09-15T00:20:07Z</time>
			</trkpt>
			<trkpt lat="48.107819678844436" lon="-122.76556013667512">
				<ele>1.1201669658314586</ele>
				<time>2026-09-15T00:20:08Z</time>
			</trkpt>
			<trkpt lat="48.1078162084323" lon="-122.76553149314562">
				<ele>1.1181266721363983</ele>
				<time>2026-09-15T00:20:09Z</time>
			</trkpt>
			<trkpt lat="48.10781038361508" lon="-122.76547801957777">
				<ele>1.1197247432011395</ele>
				<time>2026-09-15T00:20:11Z</time>
			</trkpt>
			<trkpt lat="48.10780728802863" lon="-122.76544926243322">
				<ele>1.156428519405111</ele>
				<time>2026-09-15T00:20:12Z</time>
			</trkpt>
			<trkpt lat="48.107804758878274" lon="-122.7654214038034">
				<ele>1.16289537149461</ele>
				<time>2026-09-15T00:20:13Z</time>
			</trkpt>
			<trkpt lat="48.10780133430662" lon="-122.76539263440162">
				<ele>1.1741453064132443</ele>
				<time>2026-09-15T00:20:14Z</time>
			</trkpt>
			<trkpt lat="48.1077937959828" lon="-122.76533802528552">
				<ele>1.2362754832703011</ele>
				<time>2026-09-15T00:20:16Z</time>
			</trkpt>
			<trkpt lat="48.10779159760006" lon="-122.76530985767728">
				<ele>1.2430791608936431</ele>
				<time>2026-09-15T00:20:17Z</time>
			</trkpt>
			<trkpt lat="48.10778944065642" lon="-122.76528194071257">
				<ele>1.2601336209387348</ele>
				<time>2026-09-15T00:20:18Z</time>
			</trkpt>
			<trkpt lat="48.107786829464786" lon="-122.76524724900315">
				<ele>1.655343963573845</ele>
				<time>2026-09-15T00:20:19Z</time>
			</trkpt>
			<trkpt lat="48.10778522057548" lon="-122.76521719125957">
				<ele>1.6342702673267517</ele>
				<time>2026-09-15T00:20:20Z</time>
			</trkpt>
			<trkpt lat="48.107789879920695" lon="-122.76518524392347">
				<ele>1.4526531806933392</ele>
				<time>2026-09-15T00:20:21Z</time>
			</trkpt>
			<trkpt lat="48.107794191608136" lon="-122.76515429258852">
				<ele>1.2680000636257454</ele>
				<time>2026-09-15T00:20:22Z</time>
			</trkpt>
			<trkpt lat="48.10779913834856" lon="-122.76512612204122">
				<ele>1.2697873726779072</ele>
				<time>2026-09-15T00:20:23Z</time>
			</trkpt>
			<trkpt lat="48.10780238910118" lon="-122.7650959488889">
				<ele>1.2668948006184095</ele>
				<time>2026-09-15T00:20:24Z</time>
			</trkpt>
			<trkpt lat="48.10781000645808" lon="-122.76506942036961">
				<ele>1.238505565465502</ele>
				<time>2026-09-15T00:20:25Z</time>
			</trkpt>
			<trkpt lat="48.10783094673356" lon="-122.76504542143901">
				<ele>1.2055231970366869</ele>
				<time>2026-09-15T00:20:27Z</time>
			</trkpt>
			<trkpt lat="48.107849603311074" lon="-122.7650428026044">
				<ele>1.1386774914565407</ele>
				<time>2026-09-15T00:20:29Z</time>
			</trkpt>
			<trkpt lat="48.107875208197164" lon="-122.76504388750064">
				<ele>1.3241265034100884</ele>
				<time>2026-09-15T00:20:31Z</time>
			</trkpt>
			<trkpt lat="48.10789823923612" lon="-122.76504107572025">
				<ele>1.2279756015499856</ele>
				<time>2026-09-15T00:20:33Z</time>
			</trkpt>
			<trkpt lat="48.10792205627793" lon="-122.76504224596253">
				<ele>1.2990917800018806</ele>
				<time>2026-09-15T00:20:35Z</time>
			</trkpt>
			<trkpt lat="48.10794453233321" lon="-122.76504050115996">
				<ele>1.2659878132653866</ele>
				<time>2026-09-15T00:20:38Z</time>
			</trkpt>
			<trkpt lat="48.10796258193692" lon="-122.76504558276108">
				<ele>1.1236798633127059</ele>
				<time>2026-09-15T00:20:40Z</time>
			</trkpt>
			<trkpt lat="48.107983656423215" lon="-122.76505081335584">
				<ele>1.1686719592716734</ele>
				<time>2026-09-15T00:20:42Z</time>
			</trkpt>
			<trkpt lat="48.108009981260345" lon="-122.76505857369841">
				<ele>1.0285899936955225</ele>
				<time>2026-09-15T00:20:44Z</time>
			</trkpt>
			<trkpt lat="48.10804261183522" lon="-122.76506156591373">
				<ele>1.1060605232286136</ele>
				<time>2026-09-15T00:20:46Z</time>
			</trkpt>
			<trkpt lat="48.108072349505136" lon="-122.76506833192963">
				<ele>1.1832887491460404</ele>
				<time>2026-09-15T00:20:48Z</time>
			</trkpt>
			<trkpt lat="48.10810101455454" lon="-122.76507766527124">
				<ele>0.9828967075673205</ele>
				<time>2026-09-15T00:20:50Z</time>
			</trkpt>
			<trkpt lat="48.108132433529335" lon="-122.76508722773387">
				<ele>1.1759169749771914</ele>
				<time>2026-09-15T00:20:52Z</time>
			</trkpt>
			<trkpt lat="48.10816313743652" lon="-122.76509328899282">
				<ele>1.2379332646322965</ele>
				<time>2026-09-15T00:20:54Z</time>
			</trkpt>
			<trkpt lat="48.10819621599384" lon="-122.76509778682892">
				<ele>1.273535908316834</ele>
				<time>2026-09-15T00:20:56Z</time>
			</trkpt>
			<trkpt lat="48.10821441440634" lon="-122.76510245898058">
				<ele>1.2247667080302662</ele>
				<time>2026-09-15T00:20:57Z</time>
			</trkpt>
			<trkpt lat="48.10823241754716" lon="-122.76510555640444">
				<ele>1.0859170099804203</ele>
				<time>2026-09-15T00:20:58Z</time>
			</trkpt>
			<trkpt lat="48.10825380785019" lon="-122.7651071034033">
				<ele>1.1430256110604518</ele>
				<time>2026-09-15T00:20:59Z</time>
			</trkpt>
			<trkpt lat="48.10827304619436" lon="-122.76511214599832">
				<ele>1.1985199843233936</ele>
				<time>2026-09-15T00:21:00Z</time>
			</trkpt>
			<trkpt lat="48.108293766463795" lon="-122.76511627117436">
				<ele>1.2067765739951781</ele>
				<time>2026-09-15T00:21:01Z</time>
			</trkpt>
			<trkpt lat="48.108314282340174" lon="-122.76512062112036">
				<ele>1.2102296788635094</ele>
				<time>2026-09-15T00:21:02Z</time>
			</trkpt>
			<trkpt lat="48.108335940641105" lon="-122.76512636306653">
				<ele>1.1654689865454664</ele>
				<time>2026-09-15T00:21:03Z</time>
			</trkpt>
			<trkpt lat="48.10835853454126" lon="-122.76512946336895">
				<ele>1.199190347737062</ele>
				<time>2026-09-15T00:21:04Z</time>
			</trkpt>
			<trkpt lat="48.10838039212309" lon="-122.76513478931325">
				<ele>1.2083656685947552</ele>
				<time>2026-09-15T00:21:05Z</time>
			</trkpt>
			<trkpt lat="48.10840187302895" lon="-122.76513972966862">
				<ele>1.1820335797863386</ele>
				<time>2026-09-15T00:21:06Z</time>
			</trkpt>
			<trkpt lat="48.10842330671857" lon="-122.76514612329488">
				<ele>1.1603016536356243</ele>
				<time>2026-09-15T00:21:07Z</time>
			</trkpt>
			<trkpt lat="48.108443427809014" lon="-122.76514756238376">
				<ele>1.139483767696074</ele>
				<time>2026-09-15T00:21:08Z</time>
			</trkpt>
			<trkpt lat="48.108465442749946" lon="-122.76514893052783">
				<ele>1.1219302174174217</ele>
				<time>2026-09-15T00:21:09Z</time>
			</trkpt>
			<trkpt lat="48.108489362527614" lon="-122.76514981618412">
				<ele>1.2245872234697757</ele>
				<time>2026-09-15T00:21:10Z</time>
			</trkpt>
			<trkpt lat="48.108511217708596" lon="-122.76514824160607">
				<ele>1.4233498329616587</ele>
				<time>2026-09-15T00:21:11Z</time>
			</trkpt>
			<trkpt lat="48.10853433942148" lon="-122.76514762237052">
				<ele>1.3927484785060429</ele>
				<time>2026-09-15T00:21:12Z</time>
			</trkpt>
			<trkpt lat="48.108555736048345" lon="-122.76516713729563">
				<ele>1.3617142761831005</ele>
				<time>2026-09-15T00:21:14Z</time>
			</trkpt>
			<trkpt lat="48.10854663657118" lon="-122.76519054326327">
				<ele>1.3558474347927785</ele>
				<time>2026-09-15T00:21:16Z</time>
			</trkpt>
			<trkpt lat="48.10853538335395" lon="-122.76522610342316">
				<ele>1.4371259156182852</ele>
				<time>2026-09-15T00:21:18Z</time>
			</trkpt>
			<trkpt lat="48.108524120314975" lon="-122.7652627683734">
				<ele>1.3925927734085448</ele>
				<time>2026-09-15T00:21:20Z</time>
			</trkpt>
			<trkpt lat="48.10851825959437" lon="-122.7653061610768">
				<ele>1.4008749311558333</ele>
				<time>2026-09-15T00:21:22Z</time>
			</trkpt>
			<trkpt lat="48.10850897870826" lon="-122.76534765354171">
				<ele>1.296972024688369</ele>
				<time>2026-09-15T00:21:24Z</time>
			</trkpt>
			<trkpt lat="48.108499664444786" lon="-122.76538795515253">
				<ele>1.4273411070135857</ele>
				<time>2026-09-15T00:21:26Z</time>
			</trkpt>
			<trkpt lat="48.10848727348156" lon="-122.76543338500979">
				<ele>1.4599257461789286</ele>
				<time>2026-09-15T00:21:28Z</time>
			</trkpt>
			<trkpt lat="48.10847531889951" lon="-122.76548202307345">
				<ele>1.399733890335515</ele>
				<time>2026-09-15T00:21:30Z</time>
			</trkpt>
			<trkpt lat="48.108463235251016" lon="-122.76552736319327">
				<ele>1.3582280206367692</ele>
				<time>2026-09-15T00:21:32Z</time>
			</trkpt>
			<trkpt lat="48.10845023119441" lon="-122.76557107411368">
				<ele>1.3044799032219174</ele>
				<time>2026-09-15T00:21:34Z</time>
			</trkpt>
			<trkpt lat="48.10843895206486" lon="-122.76561351672476">
				<ele>1.3094946048561873</ele>
				<time>2026-09-15T00:21:36Z</time>
			</trkpt>
			<trkpt lat="48.10842947577079" lon="-122.76565346481895">
				<ele>1.3353166269500711</ele>
				<time>2026-09-15T00:21:38Z</time>
			</trkpt>
			<trkpt lat="48.108420722105926" lon="-122.76569244577037">
				<ele>1.308572146293617</ele>
				<time>2026-09-15T00:21:40Z</time>
			</trkpt>
			<trkpt lat="48.10841184845063" lon="-122.76573556696773">
				<ele>1.2771337646419312</ele>
				<time>2026-09-15T00:21:42Z</time>
			</trkpt>
			<trkpt lat="48.108401681969205" lon="-122.76577689304807">
				<ele>1.338313042465522</ele>
				<time>2026-09-15T00:21:44Z</time>
			</trkpt>
			<trkpt lat="48.10839432704389" lon="-122.76581963296245">
				<ele>1.308300141096801</ele>
				<time>2026-09-15T00:21:46Z</time>
			</trkpt>
			<trkpt lat="48.1083859656685" lon="-122.7658656918048">
				<ele>1.3073491213459754</ele>
				<time>2026-09-15T00:21:48Z</time>
			</trkpt>
			<trkpt lat="48.10837531650228" lon="-122.76591045959873">
				<ele>1.3136996228174382</ele>
				<time>2026-09-15T00:21:50Z</time>
			</trkpt>
			<trkpt lat="48.10836742382789" lon="-122.76595722218016">
				<ele>1.3507089246851365</ele>
				<time>2026-09-15T00:21:52Z</time>
			</trkpt>
			<trkpt lat="48.10835700518912" lon="-122.76600677694643">
				<ele>1.319112963090923</ele>
				<time>2026-09-15T00:21:54Z</time>
			</trkpt>
			<trkpt lat="48.10835105254019" lon="-122.76603216284863">
				<ele>1.3461065826062608</ele>
				<time>2026-09-15T00:21:55Z</time>
			</trkpt>
			<trkpt lat="48.108340094684856" lon="-122.76608310220192">
				<ele>1.3160886265173666</ele>
				<time>2026-09-15T00:21:57Z</time>
			</trkpt>
			<trkpt lat="48.10833462864031" lon="-122.76610903908664">
				<ele>1.3147926706335191</ele>
				<time>2026-09-15T00:21:58Z</time>
			</trkpt>
			<trkpt lat="48.1083290720725" lon="-122.76613571372569">
				<ele>1.3131727287465722</ele>
				<time>2026-09-15T00:21:59Z</time>
			</trkpt>
			<trkpt lat="48.10832371709942" lon="-122.76616280723663">
				<ele>1.3256522087639944</ele>
				<time>2026-09-15T00:22:00Z</time>
			</trkpt>
			<trkpt lat="48.10831895240731" lon="-122.76618984574684">
				<ele>1.3299312638709146</ele>
				<time>2026-09-15T00:22:01Z</time>
			</trkpt>
			<trkpt lat="48.10830785981417" lon="-122.76623885457819">
				<ele>1.3634773493801084</ele>
				<time>2026-09-15T00:22:03Z</time>
			</trkpt>
			<trkpt lat="48.10829805373586" lon="-122.76628696198617">
				<ele>1.3410856211760027</ele>
				<time>2026-09-15T00:22:05Z</time>
			</trkpt>
			<trkpt lat="48.10828730420826" lon="-122.76633370773193">
				<ele>1.292831086550855</ele>
				<time>2026-09-15T00:22:07Z</time>
			</trkpt>
			<trkpt lat="48.10827739897592" lon="-122.76637985607924">
				<ele>1.2749296112556863</ele>
				<time>2026-09-15T00:22:09Z</time>
			</trkpt>
			<trkpt lat="48.10826817289331" lon="-122.7664247102309">
				<ele>1.2898872160958454</ele>
				<time>2026-09-15T00:22:11Z</time>
			</trkpt>
			<trkpt lat="48.1082587499554" lon="-122.76646942661014">
				<ele>1.2712603731750818</ele>
				<time>2026-09-15T00:22:13Z</time>
			</trkpt>
			<trkpt lat="48.10824854383586" lon="-122.76651566689003">
				<ele>1.2968129831508541</ele>
				<time>2026-09-15T00:22:15Z</time>
			</trkpt>
			<trkpt lat="48.108244285856365" lon="-122.76655992198603">
				<ele>1.0769939926430325</ele>
				<time>2026-09-15T00:22:17Z</time>
			</trkpt>
			<trkpt lat="48.108234521347676" lon="-122.76660030934953">
				<ele>1.1695251269237232</ele>
				<time>2026-09-15T00:22:19Z</time>
			</trkpt>
			<trkpt lat="48.10821991390094" lon="-122.76663016589346">
				<ele>1.3290937762757125</ele>
				<time>2026-09-15T00:22:21Z</time>
			</trkpt>
			<trkpt lat="48.1082088399117" lon="-122.76666178001594">
				<ele>1.183673906190844</ele>
				<time>2026-09-15T00:22:23Z</time>
			</trkpt>
			<trkpt lat="48.10820268349642" lon="-122.76669014467038">
				<ele>1.3927074791924525</ele>
				<time>2026-09-15T00:22:25Z</time>
			</trkpt>
			<trkpt lat="48.10819806657264" lon="-122.76671839650194">
				<ele>1.313725408620023</ele>
				<time>2026-09-15T00:22:27Z</time>
			</trkpt>
			<trkpt lat="48.108191354901166" lon="-122.7667449175577">
				<ele>1.2710188691511846</ele>
				<time>2026-09-15T00:22:29Z</time>
			</trkpt>
			<trkpt lat="48.10818319737419" lon="-122.766771354457">
				<ele>1.3951858641033539</ele>
				<time>2026-09-15T00:22:31Z</time>
			</trkpt>
			<trkpt lat="48.10817094846881" lon="-122.76680413322886">
				<ele>1.2867265790174507</ele>
				<time>2026-09-15T00:22:34Z</time>
			</trkpt>
			<trkpt lat="48.108157172095424" lon="-122.76683173927796">
				<ele>1.3003753947381433</ele>
				<time>2026-09-15T00:22:37Z</time>
			</trkpt>
			<trkpt lat="48.10813443976092" lon="-122.76682661784022">
				<ele>1.871839700811222</ele>
				<time>2026-09-15T00:22:40Z</time>
			</trkpt>
			<trkpt lat="48.1081216660653" lon="-122.76680759194569">
				<ele>1.7304618059142882</ele>
				<time>2026-09-15T00:22:42Z</time>
			</trkpt>
			<trkpt lat="48.108108645968066" lon="-122.76678414690873">
				<ele>1.5370096438108227</ele>
				<time>2026-09-15T00:22:44Z</time>
			</trkpt>
			<trkpt lat="48.10809809400568" lon="-122.76675490106383">
				<ele>1.3646697801730348</ele>
				<time>2026-09-15T00:22:47Z</time>
			</trkpt>
			<trkpt lat="48.10809565285839" lon="-122.76672760042091">
				<ele>1.4097709492243347</ele>
				<time>2026-09-15T00:22:49Z</time>
			</trkpt>
			<trkpt lat="48.10808595840225" lon="-122.7666963695618">
				<ele>1.4396012549150896</ele>
				<time>2026-09-15T00:22:52Z</time>
			</trkpt>
			<trkpt lat="48.1080757878843" lon="-122.76667158456881">
				<ele>1.3906197692616757</ele>
				<time>2026-09-15T00:22:54Z</time>
			</trkpt>
			<trkpt lat="48.10806005618332" lon="-122.76664172178683">
				<ele>1.4229858051637834</ele>
				<time>2026-09-15T00:22:57Z</time>
			</trkpt>
			<trkpt lat="48.108041885326976" lon="-122.76662113333938">
				<ele>1.2973701449530282</ele>
				<time>2026-09-15T00:23:00Z</time>
			</trkpt>
			<trkpt lat="48.10802665053973" lon="-122.76660197441126">
				<ele>1.316750582784536</ele>
				<time>2026-09-15T00:23:02Z</time>
			</trkpt>
			<trkpt lat="48.10801397172706" lon="-122.76658245523676">
				<ele>1.2433436500648725</ele>
				<time>2026-09-15T00:23:04Z</time>
			</trkpt>
			<trkpt lat="48.10799529036002" lon="-122.76655930407122">
				<ele>1.3655623832965915</ele>
				<time>2026-09-15T00:23:07Z</time>
			</trkpt>
			<trkpt lat="48.10797940277235" lon="-122.76652962263007">
				<ele>1.2460629735815374</ele>
				<time>2026-09-15T00:23:10Z</time>
			</trkpt>
			<trkpt lat="48.107969897814016" lon="-122.76650680965847">
				<ele>1.2438859928986759</ele>
				<time>2026-09-15T00:23:12Z</time>
			</trkpt>
			<trkpt lat="48.10795451335743" lon="-122.76647433030782">
				<ele>1.3372443554439677</ele>
				<time>2026-09-15T00:23:15Z</time>
			</trkpt>
			<trkpt lat="48.10794015472641" lon="-122.76644022651648">
				<ele>1.3247988407739903</ele>
				<time>2026-09-15T00:23:18Z</time>
			</trkpt>
			<trkpt lat="48.10792829865827" lon="-122.76641114154994">
				<ele>1.380971470017574</ele>
				<time>2026-09-15T00:23:21Z</time>
			</trkpt>
			<trkpt lat="48.10791818059786" lon="-122.7663811997093">
				<ele>1.2719758298972508</ele>
				<time>2026-09-15T00:23:24Z</time>
			</trkpt>
			<trkpt lat="48.10790970458339" lon="-122.76635335700564">
				<ele>1.3021409596601963</ele>
				<time>2026-09-15T00:23:27Z</time>
			</trkpt>
			<trkpt lat="48.107897369596856" lon="-122.7663242683167">
				<ele>1.3805390062613192</ele>
				<time>2026-09-15T00:23:31Z</time>
			</trkpt>
			<trkpt lat="48.10788610725648" lon="-122.76629771220045">
				<ele>1.3758533792706515</ele>
				<time>2026-09-15T00:23:34Z</time>
			</trkpt>
			<trkpt lat="48.107882331823525" lon="-122.76627124003414">
				<ele>1.2391004887558452</ele>
				<time>2026-09-15T00:23:37Z</time>
			</trkpt>
			<trkpt lat="48.10787520840531" lon="-122.76623499359707">
				<ele>1.1977420585834473</ele>
				<time>2026-09-15T00:23:40Z</time>
			</trkpt>
			<trkpt lat="48.107870609126394" lon="-122.76620739879672">
				<ele>1.171913998649174</ele>
				<time>2026-09-15T00:23:42Z</time>
			</trkpt>
			<trkpt lat="48.10786648528105" lon="-122.76617869604162">
				<ele>1.247976537803119</ele>
				<time>2026-09-15T00:23:44Z</time>
			</trkpt>
			<trkpt lat="48.1078639365036" lon="-122.7661473155839">
				<ele>1.2970131546649277</ele>
				<time>2026-09-15T00:23:46Z</time>
			</trkpt>
			<trkpt lat="48.10786013957135" lon="-122.76612039295266">
				<ele>1.2344658846550054</ele>
				<time>2026-09-15T00:23:48Z</time>
			</trkpt>
			<trkpt lat="48.107854341910915" lon="-122.76609161086503">
				<ele>1.1789957978050367</ele>
				<time>2026-09-15T00:23:50Z</time>
			</trkpt>
			<trkpt lat="48.1078503524124" lon="-122.76606352509845">
				<ele>1.1000927133419403</ele>
				<time>2026-09-15T00:23:52Z</time>
			</trkpt>
			<trkpt lat="48.107845314667344" lon="-122.7660316639671">
				<ele>1.130839039591116</ele>
				<time>2026-09-15T00:23:54Z</time>
			</trkpt>
			<trkpt lat="48.10784243090011" lon="-122.76600239810216">
				<ele>1.22034845931584</ele>
				<time>2026-09-15T00:23:56Z</time>
			</trkpt>
			<trkpt lat="48.10784107746266" lon="-122.76597264044779">
				<ele>1.2096465708985988</ele>
				<time>2026-09-15T00:23:58Z</time>
			</trkpt>
			<trkpt lat="48.10784134268018" lon="-122.76594181502365">
				<ele>1.2256127057663342</ele>
				<time>2026-09-15T00:24:00Z</time>
			</trkpt>
			<trkpt lat="48.10784141442578" lon="-122.76591116881477">
				<ele>1.2027361432084547</ele>
				<time>2026-09-15T00:24:02Z</time>
			</trkpt>
			<trkpt lat="48.107841817501686" lon="-122.7658803473146">
				<ele>1.228242879464279</ele>
				<time>2026-09-15T00:24:04Z</time>
			</trkpt>
			<trkpt lat="48.10784435434627" lon="-122.76584917546626">
				<ele>1.2179472929475317</ele>
				<time>2026-09-15T00:24:06Z</time>
			</trkpt>
			<trkpt lat="48.10784661644115" lon="-122.76581849666803">
				<ele>1.2867307121302645</ele>
				<time>2026-09-15T00:24:08Z</time>
			</trkpt>
			<trkpt lat="48.107847999431726" lon="-122.76578458310611">
				<ele>1.1632779346677147</ele>
				<time>2026-09-15T00:24:11Z</time>
			</trkpt>
			<trkpt lat="48.10784778894193" lon="-122.76574961763687">
				<ele>1.113833172760387</ele>
				<time>2026-09-15T00:24:14Z</time>
			</trkpt>
			<trkpt lat="48.1078447073204" lon="-122.76571999308932">
				<ele>1.0992955399080842</ele>
				<time>2026-09-15T00:24:16Z</time>
			</trkpt>
			<trkpt lat="48.10784557908859" lon="-122.76568146203378">
				<ele>1.0983027400104106</ele>
				<time>2026-09-15T00:24:18Z</time>
			</trkpt>
			<trkpt lat="48.10785214035878" lon="-122.765647727858">
				<ele>1.1164776251568433</ele>
				<time>2026-09-15T00:24:20Z</time>
			</trkpt>
			<trkpt lat="48.10785517829629" lon="-122.76562083387739">
				<ele>1.1259353136112367</ele>
				<time>2026-09-15T00:24:22Z</time>
			</trkpt>
			<trkpt lat="48.10786016303611" lon="-122.76558800755039">
				<ele>1.1261267288186438</ele>
				<time>2026-09-15T00:24:24Z</time>
			</trkpt>
			<trkpt lat="48.10786504944549" lon="-122.76555103819288">
				<ele>1.1323236827690764</ele>
				<time>2026-09-15T00:24:26Z</time>
			</trkpt>
			<trkpt lat="48.107866074762406" lon="-122.7655092220788">
				<ele>0.9635306222441855</ele>
				<time>2026-09-15T00:24:28Z</time>
			</trkpt>
			<trkpt lat="48.10786778123833" lon="-122.7654783862825">
				<ele>0.9651579145990254</ele>
				<time>2026-09-15T00:24:30Z</time>
			</trkpt>
			<trkpt lat="48.10787546984083" lon="-122.7654426603452">
				<ele>0.931987822937888</ele>
				<time>2026-09-15T00:24:32Z</time>
			</trkpt>
			<trkpt lat="48.10788193508082" lon="-122.7654090247671">
				<ele>1.0530268079755203</ele>
				<time>2026-09-15T00:24:34Z</time>
			</trkpt>
			<trkpt lat="48.1078827279319" lon="-122.76537431775064">
				<ele>1.2782619233526198</ele>
				<time>2026-09-15T00:24:36Z</time>
			</trkpt>
			<trkpt lat="48.107884667018894" lon="-122.7653326415658">
				<ele>1.2062208725964894</ele>
				<time>2026-09-15T00:24:38Z</time>
			</trkpt>
			<trkpt lat="48.10788887721788" lon="-122.76529502578134">
				<ele>1.183199542154643</ele>
				<time>2026-09-15T00:24:40Z</time>
			</trkpt>
			<trkpt lat="48.10789191302181" lon="-122.76526083174613">
				<ele>1.1427838412219735</ele>
				<time>2026-09-15T00:24:42Z</time>
			</trkpt>
			<trkpt lat="48.10789641263895" lon="-122.76522205872716">
				<ele>1.1753420139298782</ele>
				<time>2026-09-15T00:24:44Z</time>
			</trkpt>
			<trkpt lat="48.10790672646876" lon="-122.76518808866247">
				<ele>1.1679794814631457</ele>
				<time>2026-09-15T00:24:46Z</time>
			</trkpt>
			<trkpt lat="48.107926884714594" lon="-122.76517341063044">
				<ele>1.1151137541605074</ele>
				<time>2026-09-15T00:24:48Z</time>
			</trkpt>
			<trkpt lat="48.10795350108843" lon="-122.76517015464799">
				<ele>1.0917330153830633</ele>
				<time>2026-09-15T00:24:50Z</time>
			</trkpt>
			<trkpt lat="48.10798525819073" lon="-122.76517065936585">
				<ele>1.2801711471059285</ele>
				<time>2026-09-15T00:24:52Z</time>
			</trkpt>
			<trkpt lat="48.108015230872915" lon="-122.7651647629877">
				<ele>1.3514850256066282</ele>
				<time>2026-09-15T00:24:54Z</time>
			</trkpt>
			<trkpt lat="48.10804430361329" lon="-122.76517075424124">
				<ele>1.260766554000952</ele>
				<time>2026-09-15T00:24:56Z</time>
			</trkpt>
			<trkpt lat="48.1080755552124" lon="-122.76517373603963">
				<ele>1.2423346067268675</ele>
				<time>2026-09-15T00:24:58Z</time>
			</trkpt>
			<trkpt lat="48.108105035934976" lon="-122.76517637601806">
				<ele>1.229930329451232</ele>
				<time>2026-09-15T00:25:00Z</time>
			</trkpt>
			<trkpt lat="48.10813205859747" lon="-122.76517329780245">
				<ele>1.2733042344885561</ele>
				<time>2026-09-15T00:25:03Z</time>
			</trkpt>
			<trkpt lat="48.108172701778024" lon="-122.76518066096581">
				<ele>1.209725712242566</ele>
				<time>2026-09-15T00:25:05Z</time>
			</trkpt>
			<trkpt lat="48.10818187673165" lon="-122.76520905910292">
				<ele>1.0476681756353834</ele>
				<time>2026-09-15T00:25:08Z</time>
			</trkpt>
			<trkpt lat="48.10817843532514" lon="-122.76524443876724">
				<ele>1.0689121951600562</ele>
				<time>2026-09-15T00:25:11Z</time>
			</trkpt>
			<trkpt lat="48.1081679246185" lon="-122.76528155119895">
				<ele>1.0739960322806645</ele>
				<time>2026-09-15T00:25:14Z</time>
			</trkpt>
			<trkpt lat="48.10815932407335" lon="-122.76531156497975">
				<ele>1.1508288053486986</ele>
				<time>2026-09-15T00:25:16Z</time>
			</trkpt>
			<trkpt lat="48.10815248669482" lon="-122.76534785223085">
				<ele>1.2833131522599643</ele>
				<time>2026-09-15T00:25:18Z</time>
			</trkpt>
			<trkpt lat="48.108149076177675" lon="-122.7653827379789">
				<ele>1.2915853764558953</ele>
				<time>2026-09-15T00:25:20Z</time>
			</trkpt>
			<trkpt lat="48.10814568086296" lon="-122.76541683028303">
				<ele>1.3963358432351107</ele>
				<time>2026-09-15T00:25:22Z</time>
			</trkpt>
			<trkpt lat="48.10814135050985" lon="-122.76545101602025">
				<ele>1.2761039761617887</ele>
				<time>2026-09-15T00:25:24Z</time>
			</trkpt>
			<trkpt lat="48.10813776765794" lon="-122.76548614804251">
				<ele>1.1971605413820257</ele>
				<time>2026-09-15T00:25:26Z</time>
			</trkpt>
			<trkpt lat="48.108132635686516" lon="-122.7655226885073">
				<ele>1.222026884019499</ele>
				<time>2026-09-15T00:25:28Z</time>
			</trkpt>
			<trkpt lat="48.108134581165885" lon="-122.76556084169876">
				<ele>1.1369262021637496</ele>
				<time>2026-09-15T00:25:30Z</time>
			</trkpt>
			<trkpt lat="48.108136575505775" lon="-122.7655955899702">
				<ele>1.1364450047482322</ele>
				<time>2026-09-15T00:25:32Z</time>
			</trkpt>
			<trkpt lat="48.10813870379544" lon="-122.76562776178693">
				<ele>1.1358737116088236</ele>
				<time>2026-09-15T00:25:34Z</time>
			</trkpt>
			<trkpt lat="48.108136818513366" lon="-122.76565729977223">
				<ele>1.3736640279977301</ele>
				<time>2026-09-15T00:25:36Z</time>
			</trkpt>
			<trkpt lat="48.10813134033065" lon="-122.76568857190212">
				<ele>1.2842681294282983</ele>
				<time>2026-09-15T00:25:38Z</time>
			</trkpt>
			<trkpt lat="48.1081463640391" lon="-122.76570472787449">
				<ele>1.2396775546079795</ele>
				<time>2026-09-15T00:25:40Z</time>
			</trkpt>
			<trkpt lat="48.10817129431995" lon="-122.76570617383271">
				<ele>1.3068102167584321</ele>
				<time>2026-09-15T00:25:43Z</time>
			</trkpt>
			<trkpt lat="48.10819729764895" lon="-122.76569128505923">
				<ele>1.3225853207669402</ele>
				<time>2026-09-15T00:25:46Z</time>
			</trkpt>
			<trkpt lat="48.10821733801648" lon="-122.76567560486018">
				<ele>1.326796998192311</ele>
				<time>2026-09-15T00:25:50Z</time>
			</trkpt>
			<trkpt lat="48.10822804192881" lon="-122.76570056631827">
				<ele>1.2861387897265644</ele>
				<time>2026-09-15T00:25:53Z</time>
			</trkpt>
			<trkpt lat="48.10822486739344" lon="-122.7657346645074">
				<ele>1.3592387600102391</ele>
				<time>2026-09-15T00:25:57Z</time>
			</trkpt>
			<trkpt lat="48.10822426398096" lon="-122.7657655033225">
				<ele>1.3241431059139828</ele>
				<time>2026-09-15T00:26:00Z</time>
			</trkpt>
			<trkpt lat="48.10822360500948" lon="-122.7657926245983">
				<ele>1.397122225691863</ele>
				<time>2026-09-15T00:26:02Z</time>
			</trkpt>
			<trkpt lat="48.10822291185966" lon="-122.76582079494683">
				<ele>1.410320404389065</ele>
				<time>2026-09-15T00:26:04Z</time>
			</trkpt>
			<trkpt lat="48.10822055578957" lon="-122.76585153069325">
				<ele>1.4152859200078325</ele>
				<time>2026-09-15T00:26:06Z</time>
			</trkpt>
			<trkpt lat="48.10821913380072" lon="-122.76588214409855">
				<ele>1.413743252534779</ele>
				<time>2026-09-15T00:26:08Z</time>
			</trkpt>
			<trkpt lat="48.108217874443895" lon="-122.76591177433137">
				<ele>1.4204691040921347</ele>
				<time>2026-09-15T00:26:10Z</time>
			</trkpt>
			<trkpt lat="48.10822080504033" lon="-122.7659389111434">
				<ele>1.3926959487438317</ele>
				<time>2026-09-15T00:26:12Z</time>
			</trkpt>
			<trkpt lat="48.10822565993492" lon="-122.7659760545205">
				<ele>1.3435394779673473</ele>
				<time>2026-09-15T00:26:15Z</time>
			</trkpt>
			<trkpt lat="48.108230247540796" lon="-122.76600603535398">
				<ele>1.3029871598094225</ele>
				<time>2026-09-15T00:26:17Z</time>
			</trkpt>
			<trkpt lat="48.10823333004244" lon="-122.76603271859267">
				<ele>1.3423219226757617</ele>
				<time>2026-09-15T00:26:18Z</time>
			</trkpt>
			<trkpt lat="48.108237251158" lon="-122.76606225346337">
				<ele>1.30509745272499</ele>
				<time>2026-09-15T00:26:20Z</time>
			</trkpt>
			<trkpt lat="48.108242347048936" lon="-122.76609058788529">
				<ele>1.3928879599564183</ele>
				<time>2026-09-15T00:26:22Z</time>
			</trkpt>
			<trkpt lat="48.10824785374408" lon="-122.76611914577221">
				<ele>1.3200849535284291</ele>
				<time>2026-09-15T00:26:24Z</time>
			</trkpt>
			<trkpt lat="48.108252557484754" lon="-122.76614557238331">
				<ele>1.2828679347774745</ele>
				<time>2026-09-15T00:26:26Z</time>
			</trkpt>
			<trkpt lat="48.10825759973416" lon="-122.76618303993284">
				<ele>1.250893288516302</ele>
				<time>2026-09-15T00:26:29Z</time>
			</trkpt>
			<trkpt lat="48.108258979299244" lon="-122.76621014918908">
				<ele>1.2463847998192001</ele>
				<time>2026-09-15T00:26:31Z</time>
			</trkpt>
			<trkpt lat="48.108260248653345" lon="-122.76623750374056">
				<ele>1.3150058803315474</ele>
				<time>2026-09-15T00:26:33Z</time>
			</trkpt>
			<trkpt lat="48.10826169034748" lon="-122.76627595400637">
				<ele>1.3239442729655373</ele>
				<time>2026-09-15T00:26:36Z</time>
			</trkpt>
			<trkpt lat="48.10825770447456" lon="-122.76631274869568">
				<ele>1.2810193246527817</ele>
				<time>2026-09-15T00:26:39Z</time>
			</trkpt>
			<trkpt lat="48.10825609778404" lon="-122.7663464929263">
				<ele>1.2396761655220807</ele>
				<time>2026-09-15T00:26:42Z</time>
			</trkpt>
			<trkpt lat="48.10825141759964" lon="-122.76637561872904">
				<ele>1.216990003464744</ele>
				<time>2026-09-15T00:26:45Z</time>
			</trkpt>
			<trkpt lat="48.10823963526822" lon="-122.76640597179745">
				<ele>1.2261105656456337</ele>
				<time>2026-09-15T00:26:49Z</time>
			</trkpt>
			<trkpt lat="48.10823289454114" lon="-122.76643570179718">
				<ele>1.187732331367286</ele>
				<time>2026-09-15T00:26:53Z</time>
			</trkpt>
			<trkpt lat="48.10822850700942" lon="-122.76646567551217">
				<ele>0.9397649617051727</ele>
				<time>2026-09-15T00:26:58Z</time>
			</trkpt>
			<trkpt lat="48.10822208870132" lon="-122.76649600326554">
				<ele>1.0063114261808295</ele>
				<time>2026-09-15T00:27:03Z</time>
			</trkpt>
			<trkpt lat="48.108215185603065" lon="-122.76652125220059">
				<ele>1.1709288360754968</ele>
				<time>2026-09-15T00:27:06Z</time>
			</trkpt>
			<trkpt lat="48.108205886629264" lon="-122.76654953174402">
				<ele>1.1521000152437786</ele>
				<time>2026-09-15T00:27:10Z</time>
			</trkpt>
			<trkpt lat="48.108195075136265" lon="-122.76657884988686">
				<ele>1.1045625040273634</ele>
				<time>2026-09-15T00:27:14Z</time>
			</trkpt>
			<trkpt lat="48.10818913550426" lon="-122.76660546058382">
				<ele>1.0466211143445534</ele>
				<time>2026-09-15T00:27:17Z</time>
			</trkpt>
			<trkpt lat="48.10818230916836" lon="-122.76663171473007">
				<ele>1.0491234488169106</ele>
				<time>2026-09-15T00:27:20Z</time>
			</trkpt>
			<trkpt lat="48.1081714931455" lon="-122.76665602480327">
				<ele>1.086574607457866</ele>
				<time>2026-09-15T00:27:23Z</time>
			</trkpt>
			<trkpt lat="48.108159500124195" lon="-122.76668047118073">
				<ele>1.2374653300279093</ele>
				<time>2026-09-15T00:27:26Z</time>
			</trkpt>
			<trkpt lat="48.108148384746784" lon="-122.76670435851007">
				<ele>1.1275517520311062</ele>
				<time>2026-09-15T00:27:29Z</time>
			</trkpt>
			<trkpt lat="48.108159297076796" lon="-122.76672593850677">
				<ele>0.9366443473783441</ele>
				<time>2026-09-15T00:27:32Z</time>
			</trkpt>
			<trkpt lat="48.10818098001722" lon="-122.76673335544628">
				<ele>0.9712471733411796</ele>
				<time>2026-09-15T00:27:35Z</time>
			</trkpt>
			<trkpt lat="48.10820509143858" lon="-122.7667325055117">
				<ele>0.9803559956928218</ele>
				<time>2026-09-15T00:27:38Z</time>
			</trkpt>
			<trkpt lat="48.108230248925715" lon="-122.76673291224557">
				<ele>1.0660105286615078</ele>
				<time>2026-09-15T00:27:41Z</time>
			</trkpt>
			<trkpt lat="48.1082528689382" lon="-122.76673575096504">
				<ele>1.063845602961294</ele>
				<time>2026-09-15T00:27:44Z</time>
			</trkpt>
			<trkpt lat="48.108250776546214" lon="-122.76676876690176">
				<ele>0.7258617816032427</ele>
				<time>2026-09-15T00:27:52Z</time>
			</trkpt>
			<trkpt lat="48.10823505534581" lon="-122.7667834919551">
				<ele>1.1170259882925926</ele>
				<time>2026-09-15T00:27:55Z</time>
			</trkpt>
			<trkpt lat="48.10821595812087" lon="-122.76680555314152">
				<ele>1.1639255814714922</ele>
				<time>2026-09-15T00:27:58Z</time>
			</trkpt>
			<trkpt lat="48.10819550893275" lon="-122.766826259259">
				<ele>1.3025391173916105</ele>
				<time>2026-09-15T00:28:01Z</time>
			</trkpt>
			<trkpt lat="48.10817191385251" lon="-122.7668354535936">
				<ele>1.3102422309425563</ele>
				<time>2026-09-15T00:28:04Z</time>
			</trkpt>
			<trkpt lat="48.108153161140784" lon="-122.76682957206941">
				<ele>1.2760638232396886</ele>
				<time>2026-09-15T00:28:06Z</time>
			</trkpt>
			<trkpt lat="48.10812676932588" lon="-122.76681390247263">
				<ele>1.2019821957977115</ele>
				<time>2026-09-15T00:28:08Z</time>
			</trkpt>
			<trkpt lat="48.10810687331935" lon="-122.76678799321783">
				<ele>1.260979013605219</ele>
				<time>2026-09-15T00:28:10Z</time>
			</trkpt>
			<trkpt lat="48.10809270169589" lon="-122.76676658414688">
				<ele>0.3144710018662984</ele>
				<time>2026-09-15T00:28:12Z</time>
			</trkpt>
			<trkpt lat="48.10808286631867" lon="-122.76673958264858">
				<ele>0.6113530126440274</ele>
				<time>2026-09-15T00:28:14Z</time>
			</trkpt>
			<trkpt lat="48.108070877259756" lon="-122.76671007845732">
				<ele>0.7287784869479026</ele>
				<time>2026-09-15T00:28:16Z</time>
			</trkpt>
			<trkpt lat="48.1080626031995" lon="-122.76668157001058">
				<ele>0.7546799029656341</ele>
				<time>2026-09-15T00:28:18Z</time>
			</trkpt>
			<trkpt lat="48.10805606283492" lon="-122.76664812994582">
				<ele>0.7902878300203255</ele>
				<time>2026-09-15T00:28:21Z</time>
			</trkpt>
			<trkpt lat="48.10804710032175" lon="-122.76661480889638">
				<ele>1.029963805084595</ele>
				<time>2026-09-15T00:28:24Z</time>
			</trkpt>
			<trkpt lat="48.10803461853752" lon="-122.76657946185374">
				<ele>1.0771036056085137</ele>
				<time>2026-09-15T00:28:27Z</time>
			</trkpt>
			<trkpt lat="48.10802610842744" lon="-122.76654584750473">
				<ele>1.0864095344468296</ele>
				<time>2026-09-15T00:28:30Z</time>
			</trkpt>
			<trkpt lat="48.10801636073123" lon="-122.76651024737536">
				<ele>1.0509978689178539</ele>
				<time>2026-09-15T00:28:33Z</time>
			</trkpt>
			<trkpt lat="48.10800923995534" lon="-122.76648098125956">
				<ele>1.0865493494729819</ele>
				<time>2026-09-15T00:28:36Z</time>
			</trkpt>
			<trkpt lat="48.10800049654061" lon="-122.76644819568034">
				<ele>1.1072178472113308</ele>
				<time>2026-09-15T00:28:39Z</time>
			</trkpt>
			<trkpt lat="48.10799287701295" lon="-122.76640950199483">
				<ele>1.0936144097248253</ele>
				<time>2026-09-15T00:28:42Z</time>
			</trkpt>
			<trkpt lat="48.10798695258199" lon="-122.76638122098352">
				<ele>1.1234349237282544</ele>
				<time>2026-09-15T00:28:44Z</time>
			</trkpt>
			<trkpt lat="48.107981402616616" lon="-122.76634555081606">
				<ele>1.0988432625511493</ele>
				<time>2026-09-15T00:28:47Z</time>
			</trkpt>
			<trkpt lat="48.10797512829368" lon="-122.766309660574">
				<ele>0.9915128854364816</ele>
				<time>2026-09-15T00:28:50Z</time>
			</trkpt>
			<trkpt lat="48.107972599061405" lon="-122.76627709386528">
				<ele>1.074045408052445</ele>
				<time>2026-09-15T00:28:53Z</time>
			</trkpt>
			<trkpt lat="48.10796415265599" lon="-122.76624569269124">
				<ele>0.26757078145077884</ele>
				<time>2026-09-15T00:28:56Z</time>
			</trkpt>
			<trkpt lat="48.1079605748583" lon="-122.7662175916046">
				<ele>0.6155034817009337</ele>
				<time>2026-09-15T00:28:58Z</time>
			</trkpt>
			<trkpt lat="48.10795910515328" lon="-122.76618355107664">
				<ele>0.7324736360868016</ele>
				<time>2026-09-15T00:29:01Z</time>
			</trkpt>
			<trkpt lat="48.1079572021521" lon="-122.76614814366292">
				<ele>0.6687396031844166</ele>
				<time>2026-09-15T00:29:04Z</time>
			</trkpt>
			<trkpt lat="48.10795462839851" lon="-122.76610903940222">
				<ele>0.7502104468285218</ele>
				<time>2026-09-15T00:29:07Z</time>
			</trkpt>
			<trkpt lat="48.1079545922881" lon="-122.76607335691747">
				<ele>0.7108988993615242</ele>
				<time>2026-09-15T00:29:10Z</time>
			</trkpt>
			<trkpt lat="48.107954563647546" lon="-122.76603820228212">
				<ele>0.8234989406012936</ele>
				<time>2026-09-15T00:29:13Z</time>
			</trkpt>
			<trkpt lat="48.10795260012172" lon="-122.76600592643581">
				<ele>0.9547314321902789</ele>
				<time>2026-09-15T00:29:16Z</time>
			</trkpt>
			<trkpt lat="48.10795202536892" lon="-122.76597093607191">
				<ele>0.9502191440225616</ele>
				<time>2026-09-15T00:29:19Z</time>
			</trkpt>
			<trkpt lat="48.1079534239198" lon="-122.76593715824117">
				<ele>0.927931740239405</ele>
				<time>2026-09-15T00:29:22Z</time>
			</trkpt>
			<trkpt lat="48.107950360192234" lon="-122.76590226022887">
				<ele>1.0224875097524269</ele>
				<time>2026-09-15T00:29:25Z</time>
			</trkpt>
			<trkpt lat="48.10794846562059" lon="-122.76587041573094">
				<ele>1.0368212670885129</ele>
				<time>2026-09-15T00:29:28Z</time>
			</trkpt>
			<trkpt lat="48.10794544440483" lon="-122.76583272851168">
				<ele>1.0910938609292096</ele>
				<time>2026-09-15T00:29:32Z</time>
			</trkpt>
			<trkpt lat="48.107941518250364" lon="-122.76579811741574">
				<ele>1.0942024860256971</ele>
				<time>2026-09-15T00:29:35Z</time>
			</trkpt>
			<trkpt lat="48.10793997921338" lon="-122.76576575559434">
				<ele>1.4197227988876975</ele>
				<time>2026-09-15T00:29:37Z</time>
			</trkpt>
			<trkpt lat="48.10793338171769" lon="-122.76573013189619">
				<ele>1.2727309153106745</ele>
				<time>2026-09-15T00:29:40Z</time>
			</trkpt>
			<trkpt lat="48.10792861344172" lon="-122.76569883670147">
				<ele>1.296519503684305</ele>
				<time>2026-09-15T00:29:43Z</time>
			</trkpt>
			<trkpt lat="48.1079172121632" lon="-122.76567090157825">
				<ele>0.970931749520247</ele>
				<time>2026-09-15T00:29:46Z</time>
			</trkpt>
			<trkpt lat="48.10791216946052" lon="-122.76564281834695">
				<ele>0.9932971556225709</ele>
				<time>2026-09-15T00:29:49Z</time>
			</trkpt>
			<trkpt lat="48.10790632908426" lon="-122.76561706758382">
				<ele>0.8536478711749744</ele>
				<time>2026-09-15T00:29:52Z</time>
			</trkpt>
			<trkpt lat="48.107901258494664" lon="-122.76559107855262">
				<ele>0.7250253364466523</ele>
				<time>2026-09-15T00:29:55Z</time>
			</trkpt>
			<trkpt lat="48.10789491847339" lon="-122.76556263209318">
				<ele>0.7936560021285359</ele>
				<time>2026-09-15T00:29:58Z</time>
			</trkpt>
			<trkpt lat="48.107889872458145" lon="-122.76552858532202">
				<ele>0.8660501568785968</ele>
				<time>2026-09-15T00:30:01Z</time>
			</trkpt>
			<trkpt lat="48.10788850789413" lon="-122.76549412257926">
				<ele>0.9316451044440726</ele>
				<time>2026-09-15T00:30:04Z</time>
			</trkpt>
			<trkpt lat="48.10788748657607" lon="-122.7654595658872">
				<ele>0.9243738493277895</ele>
				<time>2026-09-15T00:30:07Z</time>
			</trkpt>
			<trkpt lat="48.10788832171468" lon="-122.76542604206423">
				<ele>0.9531429080973552</ele>
				<time>2026-09-15T00:30:10Z</time>
			</trkpt>
			<trkpt lat="48.10788924750498" lon="-122.76539369117285">
				<ele>1.4365546791911683</ele>
				<time>2026-09-15T00:30:13Z</time>
			</trkpt>
			<trkpt lat="48.10788497772042" lon="-122.7653650521997">
				<ele>1.1693687684196838</ele>
				<time>2026-09-15T00:30:16Z</time>
			</trkpt>
			<trkpt lat="48.10787053750853" lon="-122.7653391790722">
				<ele>1.194909243528464</ele>
				<time>2026-09-15T00:30:20Z</time>
			</trkpt>
			<trkpt lat="48.10787084894289" lon="-122.7653046455807">
				<ele>1.207197445443402</ele>
				<time>2026-09-15T00:30:24Z</time>
			</trkpt>
			<trkpt lat="48.10786728143821" lon="-122.76527360596049">
				<ele>1.1392409589557353</ele>
				<time>2026-09-15T00:30:28Z</time>
			</trkpt>
			<trkpt lat="48.10786949340079" lon="-122.76524209564313">
				<ele>1.186726324504896</ele>
				<time>2026-09-15T00:30:32Z</time>
			</trkpt>
			<trkpt lat="48.1078775930177" lon="-122.76521588413097">
				<ele>1.1122755424792388</ele>
				<time>2026-09-15T00:30:40Z</time>
			</trkpt>
			<trkpt lat="48.10788864812541" lon="-122.76519445481871">
				<ele>1.1753390985092196</ele>
				<time>2026-09-15T00:30:53Z</time>
			</trkpt>
			<trkpt lat="48.107901851478125" lon="-122.76517295479924">
				<ele>1.6027749146227528</ele>
				<time>2026-09-15T00:30:56Z</time>
			</trkpt>
			<trkpt lat="48.10791927790494" lon="-122.76515321694342">
				<ele>1.3786261677979361</ele>
				<time>2026-09-15T00:30:59Z</time>
			</trkpt>
			<trkpt lat="48.107935330819664" lon="-122.765135211334">
				<ele>1.5069582532423276</ele>
				<time>2026-09-15T00:31:02Z</time>
			</trkpt>
			<trkpt lat="48.10795644662453" lon="-122.76511743770648">
				<ele>1.4108431132794834</ele>
				<time>2026-09-15T00:31:05Z</time>
			</trkpt>
			<trkpt lat="48.10797839446563" lon="-122.76510044989952">
				<ele>1.4200250248187167</ele>
				<time>2026-09-15T00:31:08Z</time>
			</trkpt>
			<trkpt lat="48.10799525514716" lon="-122.76508668182474">
				<ele>1.3664035679788107</ele>
				<time>2026-09-15T00:31:10Z</time>
			</trkpt>
			<trkpt lat="48.10801364050567" lon="-122.765076801361">
				<ele>1.3304210139991177</ele>
				<time>2026-09-15T00:31:12Z</time>
			</trkpt>
			<trkpt lat="48.10803475196586" lon="-122.7650663872265">
				<ele>1.25280857373048</ele>
				<time>2026-09-15T00:31:14Z</time>
			</trkpt>
			<trkpt lat="48.10805914542139" lon="-122.76505741262694">
				<ele>0.9488344159159077</ele>
				<time>2026-09-15T00:31:16Z</time>
			</trkpt>
			<trkpt lat="48.10808280727144" lon="-122.76505061291704">
				<ele>1.037523883533325</ele>
				<time>2026-09-15T00:31:18Z</time>
			</trkpt>
			<trkpt lat="48.10811243592183" lon="-122.76504811975124">
				<ele>1.0993187427418185</ele>
				<time>2026-09-15T00:31:20Z</time>
			</trkpt>
			<trkpt lat="48.108138514128086" lon="-122.76504488074875">
				<ele>1.2187043796904753</ele>
				<time>2026-09-15T00:31:22Z</time>
			</trkpt>
			<trkpt lat="48.10816192033146" lon="-122.76503568638896">
				<ele>1.204258004975376</ele>
				<time>2026-09-15T00:31:24Z</time>
			</trkpt>
			<trkpt lat="48.108186598141856" lon="-122.76502608960263">
				<ele>1.1529347038389446</ele>
				<time>2026-09-15T00:31:26Z</time>
			</trkpt>
			<trkpt lat="48.10821015983085" lon="-122.76501903252978">
				<ele>1.2005875522949871</ele>
				<time>2026-09-15T00:31:28Z</time>
			</trkpt>
			<trkpt lat="48.108230620954586" lon="-122.76501405656997">
				<ele>1.1824582746116334</ele>
				<time>2026-09-15T00:31:30Z</time>
			</trkpt>
			<trkpt lat="48.10825206550694" lon="-122.76500966968074">
				<ele>1.217187776679598</ele>
				<time>2026-09-15T00:31:32Z</time>
			</trkpt>
			<trkpt lat="48.108273713190215" lon="-122.76500487803584">
				<ele>1.1529269988137685</ele>
				<time>2026-09-15T00:31:34Z</time>
			</trkpt>
			<trkpt lat="48.1082966287537" lon="-122.76499944717148">
				<ele>1.1431742469868844</ele>
				<time>2026-09-15T00:31:36Z</time>
			</trkpt>
			<trkpt lat="48.10832005064484" lon="-122.76499534297784">
				<ele>1.377069334076488</ele>
				<time>2026-09-15T00:31:38Z</time>
			</trkpt>
			<trkpt lat="48.108343337866984" lon="-122.76499208750315">
				<ele>1.266868886014695</ele>
				<time>2026-09-15T00:31:40Z</time>
			</trkpt>
			<trkpt lat="48.108362557931564" lon="-122.7649945595101">
				<ele>1.2910144188202075</ele>
				<time>2026-09-15T00:31:42Z</time>
			</trkpt>
			<trkpt lat="48.10836388191369" lon="-122.76503323145745">
				<ele>1.2816254724962448</ele>
				<time>2026-09-15T00:31:47Z</time>
			</trkpt>
			<trkpt lat="48.108361252587436" lon="-122.76507015486055">
				<ele>1.2611676088696804</ele>
				<time>2026-09-15T00:31:50Z</time>
			</trkpt>
			<trkpt lat="48.1083608682106" lon="-122.76510326303917">
				<ele>1.2684283276901596</ele>
				<time>2026-09-15T00:31:52Z</time>
			</trkpt>
			<trkpt lat="48.1083579305232" lon="-122.76514053118073">
				<ele>1.3458506237308008</ele>
				<time>2026-09-15T00:31:54Z</time>
			</trkpt>
			<trkpt lat="48.108353443560226" lon="-122.76518640059639">
				<ele>1.4271658438401928</ele>
				<time>2026-09-15T00:31:56Z</time>
			</trkpt>
			<trkpt lat="48.10835289374876" lon="-122.76522457734902">
				<ele>1.3454274765778784</ele>
				<time>2026-09-15T00:31:58Z</time>
			</trkpt>
			<trkpt lat="48.10834511245854" lon="-122.76525442470295">
				<ele>1.443015208301187</ele>
				<time>2026-09-15T00:32:00Z</time>
			</trkpt>
			<trkpt lat="48.10834040922193" lon="-122.7652857583565">
				<ele>1.2865139850157448</ele>
				<time>2026-09-15T00:32:02Z</time>
			</trkpt>
			<trkpt lat="48.108332516652716" lon="-122.76531811705395">
				<ele>1.3379801052419928</ele>
				<time>2026-09-15T00:32:04Z</time>
			</trkpt>
			<trkpt lat="48.10832486149104" lon="-122.76535354984328">
				<ele>1.324747054744904</ele>
				<time>2026-09-15T00:32:06Z</time>
			</trkpt>
			<trkpt lat="48.10831900947028" lon="-122.76538913222623">
				<ele>1.3060454799397831</ele>
				<time>2026-09-15T00:32:08Z</time>
			</trkpt>
			<trkpt lat="48.10831322119967" lon="-122.76542270732327">
				<ele>1.2749122110792506</ele>
				<time>2026-09-15T00:32:10Z</time>
			</trkpt>
			<trkpt lat="48.108306188508166" lon="-122.76545776806333">
				<ele>1.2846060767244012</ele>
				<time>2026-09-15T00:32:12Z</time>
			</trkpt>
			<trkpt lat="48.10829907095761" lon="-122.76549478839621">
				<ele>1.2818708750731815</ele>
				<time>2026-09-15T00:32:14Z</time>
			</trkpt>
			<trkpt lat="48.108293816829416" lon="-122.765528638631">
				<ele>1.2786056991281072</ele>
				<time>2026-09-15T00:32:16Z</time>
			</trkpt>
			<trkpt lat="48.10828920529003" lon="-122.76555956690582">
				<ele>1.271428396117905</ele>
				<time>2026-09-15T00:32:18Z</time>
			</trkpt>
			<trkpt lat="48.108283556770445" lon="-122.76559579665891">
				<ele>1.2908693266995073</ele>
				<time>2026-09-15T00:32:20Z</time>
			</trkpt>
			<trkpt lat="48.10827584633096" lon="-122.76563315453217">
				<ele>1.2584227908993313</ele>
				<time>2026-09-15T00:32:22Z</time>
			</trkpt>
			<trkpt lat="48.108269830725206" lon="-122.76566879477865">
				<ele>1.2744511630536302</ele>
				<time>2026-09-15T00:32:24Z</time>
			</trkpt>
			<trkpt lat="48.10826428764551" lon="-122.7657075656244">
				<ele>1.2584636795917383</ele>
				<time>2026-09-15T00:32:26Z</time>
			</trkpt>
			<trkpt lat="48.10825906255436" lon="-122.7657441076265">
				<ele>1.2450060699982934</ele>
				<time>2026-09-15T00:32:28Z</time>
			</trkpt>
			<trkpt lat="48.10825368901663" lon="-122.76578078765797">
				<ele>1.244420146428542</ele>
				<time>2026-09-15T00:32:30Z</time>
			</trkpt>
			<trkpt lat="48.108248049229324" lon="-122.76581735889438">
				<ele>1.3066270661532613</ele>
				<time>2026-09-15T00:32:32Z</time>
			</trkpt>
			<trkpt lat="48.10824448470806" lon="-122.76585677240614">
				<ele>1.3220180034853506</ele>
				<time>2026-09-15T00:32:34Z</time>
			</trkpt>
			<trkpt lat="48.10824150135952" lon="-122.76589572519146">
				<ele>1.2763386173944689</ele>
				<time>2026-09-15T00:32:36Z</time>
			</trkpt>
			<trkpt lat="48.10823814833278" lon="-122.76593654954736">
				<ele>1.3038471546871477</ele>
				<time>2026-09-15T00:32:38Z</time>
			</trkpt>
			<trkpt lat="48.108235799629675" lon="-122.76597630590176">
				<ele>1.2933154893460674</ele>
				<time>2026-09-15T00:32:40Z</time>
			</trkpt>
			<trkpt lat="48.10823229370737" lon="-122.76601443566587">
				<ele>1.3348429234088748</ele>
				<time>2026-09-15T00:32:42Z</time>
			</trkpt>
			<trkpt lat="48.10822866716506" lon="-122.76605071537135">
				<ele>1.3051597612248678</ele>
				<time>2026-09-15T00:32:44Z</time>
			</trkpt>
			<trkpt lat="48.108224986595864" lon="-122.76608770986716">
				<ele>1.2836583189471114</ele>
				<time>2026-09-15T00:32:46Z</time>
			</trkpt>
			<trkpt lat="48.10822324225663" lon="-122.76612694009918">
				<ele>1.2622352748143477</ele>
				<time>2026-09-15T00:32:48Z</time>
			</trkpt>
			<trkpt lat="48.10822131372632" lon="-122.76616495835243">
				<ele>1.2608393378093865</ele>
				<time>2026-09-15T00:32:50Z</time>
			</trkpt>
			<trkpt lat="48.1082194301968" lon="-122.76620337836573">
				<ele>1.2124338605218306</ele>
				<time>2026-09-15T00:32:52Z</time>
			</trkpt>
			<trkpt lat="48.1082170789928" lon="-122.7662419061655">
				<ele>1.2063791147132221</ele>
				<time>2026-09-15T00:32:54Z</time>
			</trkpt>
			<trkpt lat="48.10821404268333" lon="-122.76628097245894">
				<ele>1.1668469392722791</ele>
				<time>2026-09-15T00:32:56Z</time>
			</trkpt>
			<trkpt lat="48.10821067644469" lon="-122.76631879007498">
				<ele>1.1433727939219906</ele>
				<time>2026-09-15T00:32:58Z</time>
			</trkpt>
			<trkpt lat="48.10820720818135" lon="-122.76635831320439">
				<ele>1.1782964147809558</ele>
				<time>2026-09-15T00:33:00Z</time>
			</trkpt>
			<trkpt lat="48.108203154560385" lon="-122.76639692131381">
				<ele>1.1533086493443037</ele>
				<time>2026-09-15T00:33:02Z</time>
			</trkpt>
			<trkpt lat="48.1082000016747" lon="-122.76643307054248">
				<ele>1.2269523986295745</ele>
				<time>2026-09-15T00:33:04Z</time>
			</trkpt>
			<trkpt lat="48.10819744781611" lon="-122.76646579450524">
				<ele>1.1623131969442042</ele>
				<time>2026-09-15T00:33:06Z</time>
			</trkpt>
			<trkpt lat="48.108195971712426" lon="-122.76649827393548">
				<ele>1.1966441347052523</ele>
				<time>2026-09-15T00:33:08Z</time>
			</trkpt>
			<trkpt lat="48.10819421908432" lon="-122.76652937923922">
				<ele>1.1788323906068499</ele>
				<time>2026-09-15T00:33:10Z</time>
			</trkpt>
			<trkpt lat="48.108191852120626" lon="-122.76656046511013">
				<ele>1.213480694360051</ele>
				<time>2026-09-15T00:33:12Z</time>
			</trkpt>
			<trkpt lat="48.10819017296467" lon="-122.7665924822939">
				<ele>1.2113768153694977</ele>
				<time>2026-09-15T00:33:14Z</time>
			</trkpt>
			<trkpt lat="48.108186912773824" lon="-122.76662572488085">
				<ele>1.2533998558077428</ele>
				<time>2026-09-15T00:33:16Z</time>
			</trkpt>
			<trkpt lat="48.10818499660581" lon="-122.76665435533013">
				<ele>1.2145319027884902</ele>
				<time>2026-09-15T00:33:18Z</time>
			</trkpt>
			<trkpt lat="48.10818140828082" lon="-122.76669094487862">
				<ele>1.4066296374439844</ele>
				<time>2026-09-15T00:33:21Z</time>
			</trkpt>
			<trkpt lat="48.10817822858182" lon="-122.76672985146335">
				<ele>1.360186912209432</ele>
				<time>2026-09-15T00:33:24Z</time>
			</trkpt>
			<trkpt lat="48.10817596641352" lon="-122.76675677027367">
				<ele>1.3506567951241237</ele>
				<time>2026-09-15T00:33:26Z</time>
			</trkpt>
			<trkpt lat="48.108172033137656" lon="-122.76679356982005">
				<ele>1.3673496315611864</ele>
				<time>2026-09-15T00:33:29Z</time>
			</trkpt>
			<trkpt lat="48.10816626935058" lon="-122.76682295867855">
				<ele>1.479198798136764</ele>
				<time>2026-09-15T00:33:32Z</time>
			</trkpt>
			<trkpt lat="48.10815639475268" lon="-122.7668499851281">
				<ele>1.4111100897763258</ele>
				<time>2026-09-15T00:33:35Z</time>
			</trkpt>
			<trkpt lat="48.108133708559215" lon="-122.76686096138208">
				<ele>1.304678915874792</ele>
				<time>2026-09-15T00:33:38Z</time>
			</trkpt>
			<trkpt lat="48.10811704323803" lon="-122.76684360657299">
				<ele>1.2386604922524143</ele>
				<time>2026-09-15T00:33:40Z</time>
			</trkpt>
			<trkpt lat="48.108106657952405" lon="-122.76681498523999">
				<ele>1.2620314968158581</ele>
				<time>2026-09-15T00:33:42Z</time>
			</trkpt>
			<trkpt lat="48.108100917839465" lon="-122.7667756803447">
				<ele>1.2287322735415138</ele>
				<time>2026-09-15T00:33:45Z</time>
			</trkpt>
			<trkpt lat="48.1080977386315" lon="-122.7667477213901">
				<ele>1.3145551636106347</ele>
				<time>2026-09-15T00:33:47Z</time>
			</trkpt>
			<trkpt lat="48.10809415695829" lon="-122.76671609124712">
				<ele>1.310760850457438</ele>
				<time>2026-09-15T00:33:49Z</time>
			</trkpt>
			<trkpt lat="48.10808961366564" lon="-122.7666860060787">
				<ele>1.5590445113915052</ele>
				<time>2026-09-15T00:33:51Z</time>
			</trkpt>
			<trkpt lat="48.10808750257763" lon="-122.76665365761913">
				<ele>1.535286282910164</ele>
				<time>2026-09-15T00:33:53Z</time>
			</trkpt>
			<trkpt lat="48.10808563205759" lon="-122.76661926047109">
				<ele>1.4768354792290666</ele>
				<time>2026-09-15T00:33:55Z</time>
			</trkpt>
			<trkpt lat="48.108085107168776" lon="-122.76658591566478">
				<ele>1.4811969706470443</ele>
				<time>2026-09-15T00:33:57Z</time>
			</trkpt>
			<trkpt lat="48.10808437981404" lon="-122.76655376102389">
				<ele>1.4865240835890319</ele>
				<time>2026-09-15T00:33:59Z</time>
			</trkpt>
			<trkpt lat="48.10808511925445" lon="-122.76652593285917">
				<ele>1.6544114749932461</ele>
				<time>2026-09-15T00:34:01Z</time>
			</trkpt>
			<trkpt lat="48.10808422978843" lon="-122.76649066515685">
				<ele>1.6299965455310677</ele>
				<time>2026-09-15T00:34:03Z</time>
			</trkpt>
			<trkpt lat="48.108085152608545" lon="-122.7664636615945">
				<ele>1.5063304077217587</ele>
				<time>2026-09-15T00:34:05Z</time>
			</trkpt>
			<trkpt lat="48.108084210031585" lon="-122.76643145975494">
				<ele>1.433363160013382</ele>
				<time>2026-09-15T00:34:07Z</time>
			</trkpt>
			<trkpt lat="48.1080860960368" lon="-122.76640028094158">
				<ele>1.3480469346905117</ele>
				<time>2026-09-15T00:34:09Z</time>
			</trkpt>
			<trkpt lat="48.1080842272188" lon="-122.76637132641723">
				<ele>1.263190639283593</ele>
				<time>2026-09-15T00:34:11Z</time>
			</trkpt>
			<trkpt lat="48.10808335313761" lon="-122.76634169126709">
				<ele>1.3478926127280815</ele>
				<time>2026-09-15T00:34:13Z</time>
			</trkpt>
			<trkpt lat="48.108080949522595" lon="-122.76631223883052">
				<ele>1.3061363588908073</ele>
				<time>2026-09-15T00:34:15Z</time>
			</trkpt>
			<trkpt lat="48.10807748273396" lon="-122.7662824194938">
				<ele>1.3237297115997997</ele>
				<time>2026-09-15T00:34:17Z</time>
			</trkpt>
			<trkpt lat="48.108071651475754" lon="-122.76624988110292">
				<ele>1.3615052402379852</ele>
				<time>2026-09-15T00:34:19Z</time>
			</trkpt>
			<trkpt lat="48.108065980685" lon="-122.76621694573414">
				<ele>1.321281391397239</ele>
				<time>2026-09-15T00:34:21Z</time>
			</trkpt>
			<trkpt lat="48.108060549370435" lon="-122.76618454177824">
				<ele>1.3325463555048778</ele>
				<time>2026-09-15T00:34:23Z</time>
			</trkpt>
			<trkpt lat="48.10805516831484" lon="-122.76615045616626">
				<ele>1.3232967227984744</ele>
				<time>2026-09-15T00:34:25Z</time>
			</trkpt>
			<trkpt lat="48.1080488376" lon="-122.76611124261525">
				<ele>1.3000178169729963</ele>
				<time>2026-09-15T00:34:27Z</time>
			</trkpt>
			<trkpt lat="48.10804187451281" lon="-122.7660723188819">
				<ele>1.3256280788953205</ele>
				<time>2026-09-15T00:34:29Z</time>
			</trkpt>
			<trkpt lat="48.10803555300236" lon="-122.76603975692348">
				<ele>1.2815001989539674</ele>
				<time>2026-09-15T00:34:31Z</time>
			</trkpt>
			<trkpt lat="48.10802871408428" lon="-122.76600186461592">
				<ele>1.321675076056703</ele>
				<time>2026-09-15T00:34:33Z</time>
			</trkpt>
			<trkpt lat="48.10802145075396" lon="-122.76596070643716">
				<ele>1.2692816748320794</ele>
				<time>2026-09-15T00:34:35Z</time>
			</trkpt>
			<trkpt lat="48.10801433209723" lon="-122.76591923887005">
				<ele>1.2768954414010523</ele>
				<time>2026-09-15T00:34:37Z</time>
			</trkpt>
			<trkpt lat="48.10800663529644" lon="-122.76587910524856">
				<ele>1.2017773388203388</ele>
				<time>2026-09-15T00:34:39Z</time>
			</trkpt>
			<trkpt lat="48.108001284035865" lon="-122.76585323068697">
				<ele>1.2315256843270177</ele>
				<time>2026-09-15T00:34:40Z</time>
			</trkpt>
			<trkpt lat="48.10799234577469" lon="-122.76581097578686">
				<ele>1.2456654524420756</ele>
				<time>2026-09-15T00:34:42Z</time>
			</trkpt>
			<trkpt lat="48.107982060710235" lon="-122.76576818021239">
				<ele>1.1950603981291508</ele>
				<time>2026-09-15T00:34:44Z</time>
			</trkpt>
			<trkpt lat="48.10797281389761" lon="-122.76572650511044">
				<ele>1.240925001637148</ele>
				<time>2026-09-15T00:34:46Z</time>
			</trkpt>
			<trkpt lat="48.10796402457887" lon="-122.7656833847938">
				<ele>1.2176411835222396</ele>
				<time>2026-09-15T00:34:48Z</time>
			</trkpt>
			<trkpt lat="48.10795478195996" lon="-122.76564276436791">
				<ele>1.1738479357140257</ele>
				<time>2026-09-15T00:34:50Z</time>
			</trkpt>
			<trkpt lat="48.107946919920444" lon="-122.7656035766195">
				<ele>1.2091922874885555</ele>
				<time>2026-09-15T00:34:52Z</time>
			</trkpt>
			<trkpt lat="48.10793877657362" lon="-122.76556504802267">
				<ele>1.1918751103940508</ele>
				<time>2026-09-15T00:34:54Z</time>
			</trkpt>
			<trkpt lat="48.10793383598718" lon="-122.76553888130617">
				<ele>1.175168108004769</ele>
				<time>2026-09-15T00:34:56Z</time>
			</trkpt>
			<trkpt lat="48.1079271255395" lon="-122.76550091783375">
				<ele>1.1654419486519885</ele>
				<time>2026-09-15T00:34:58Z</time>
			</trkpt>
			<trkpt lat="48.10792151913093" lon="-122.7654609335892">
				<ele>1.1399403787539377</ele>
				<time>2026-09-15T00:35:00Z</time>
			</trkpt>
			<trkpt lat="48.10791371028759" lon="-122.76540772902767">
				<ele>0.803385347485289</ele>
				<time>2026-09-15T00:35:02Z</time>
			</trkpt>
			<trkpt lat="48.10790871005542" lon="-122.76536762221438">
				<ele>0.6687194238258236</ele>
				<time>2026-09-15T00:35:04Z</time>
			</trkpt>
			<trkpt lat="48.10790431014066" lon="-122.76532714575885">
				<ele>0.7026556352993651</ele>
				<time>2026-09-15T00:35:06Z</time>
			</trkpt>
			<trkpt lat="48.10789958539073" lon="-122.7652848858249">
				<ele>0.8227107404169445</ele>
				<time>2026-09-15T00:35:08Z</time>
			</trkpt>
			<trkpt lat="48.10788722682167" lon="-122.76525986775262">
				<ele>0.8292165121997321</ele>
				<time>2026-09-15T00:35:10Z</time>
			</trkpt>
			<trkpt lat="48.10787585880893" lon="-122.7652214318423">
				<ele>0.8681587848563055</ele>
				<time>2026-09-15T00:35:12Z</time>
			</trkpt>
			<trkpt lat="48.1078802109709" lon="-122.76516937379675">
				<ele>0.9575920477507331</ele>
				<time>2026-09-15T00:35:14Z</time>
			</trkpt>
			<trkpt lat="48.10789056568889" lon="-122.76513728523271">
				<ele>1.0311921362529084</ele>
				<time>2026-09-15T00:35:16Z</time>
			</trkpt>
			<trkpt lat="48.107909566518494" lon="-122.76512725472169">
				<ele>1.0645927649453029</ele>
				<time>2026-09-15T00:35:18Z</time>
			</trkpt>
			<trkpt lat="48.10793265251937" lon="-122.76513423925778">
				<ele>1.23662737118282</ele>
				<time>2026-09-15T00:35:20Z</time>
			</trkpt>
			<trkpt lat="48.107955903682644" lon="-122.76514250646643">
				<ele>1.1507607021988626</ele>
				<time>2026-09-15T00:35:22Z</time>
			</trkpt>
			<trkpt lat="48.10798163059842" lon="-122.76515216824157">
				<ele>1.1764251279007958</ele>
				<time>2026-09-15T00:35:24Z</time>
			</trkpt>
			<trkpt lat="48.108004118068" lon="-122.76515610365146">
				<ele>0.953098464151509</ele>
				<time>2026-09-15T00:35:26Z</time>
			</trkpt>
			<trkpt lat="48.10802937747593" lon="-122.76515467105818">
				<ele>1.0232554911680793</ele>
				<time>2026-09-15T00:35:28Z</time>
			</trkpt>
			<trkpt lat="48.10805022730735" lon="-122.76515735575315">
				<ele>1.0709651618223255</ele>
				<time>2026-09-15T00:35:30Z</time>
			</trkpt>
			<trkpt lat="48.10807576661624" lon="-122.76515534656559">
				<ele>1.1906145335575502</ele>
				<time>2026-09-15T00:35:32Z</time>
			</trkpt>
			<trkpt lat="48.1081062144756" lon="-122.7651502284013">
				<ele>1.4487159814717536</ele>
				<time>2026-09-15T00:35:34Z</time>
			</trkpt>
			<trkpt lat="48.108125820524805" lon="-122.76515026402957">
				<ele>1.4182386626446082</ele>
				<time>2026-09-15T00:35:35Z</time>
			</trkpt>
			<trkpt lat="48.10814408728733" lon="-122.76514733932326">
				<ele>1.4195487304095735</ele>
				<time>2026-09-15T00:35:36Z</time>
			</trkpt>
			<trkpt lat="48.10816592055796" lon="-122.76514453392716">
				<ele>1.4253075385372505</ele>
				<time>2026-09-15T00:35:37Z</time>
			</trkpt>
			<trkpt lat="48.10818835786248" lon="-122.76514220306052">
				<ele>1.4356389972357952</ele>
				<time>2026-09-15T00:35:38Z</time>
			</trkpt>
			<trkpt lat="48.10821073531957" lon="-122.76514056526425">
				<ele>1.4845516759173165</ele>
				<time>2026-09-15T00:35:39Z</time>
			</trkpt>
			<trkpt lat="48.10823404496598" lon="-122.7651385957352">
				<ele>1.42204518470313</ele>
				<time>2026-09-15T00:35:40Z</time>
			</trkpt>
			<trkpt lat="48.108256362217986" lon="-122.76513880024142">
				<ele>1.4078250755815347</ele>
				<time>2026-09-15T00:35:41Z</time>
			</trkpt>
			<trkpt lat="48.108279578176294" lon="-122.7651369834216">
				<ele>1.5423097190664912</ele>
				<time>2026-09-15T00:35:42Z</time>
			</trkpt>
			<trkpt lat="48.108300844721086" lon="-122.76513928146625">
				<ele>1.951176876715902</ele>
				<time>2026-09-15T00:35:43Z</time>
			</trkpt>
			<trkpt lat="48.10832290272726" lon="-122.76514175139451">
				<ele>1.8415266390867941</ele>
				<time>2026-09-15T00:35:44Z</time>
			</trkpt>
			<trkpt lat="48.10833940160369" lon="-122.76516331977346">
				<ele>1.8186025354189397</ele>
				<time>2026-09-15T00:35:46Z</time>
			</trkpt>
			<trkpt lat="48.10832783525237" lon="-122.76519681785439">
				<ele>1.690523327226824</ele>
				<time>2026-09-15T00:35:49Z</time>
			</trkpt>
			<trkpt lat="48.108321479393005" lon="-122.765237894296">
				<ele>1.4798907169620605</ele>
				<time>2026-09-15T00:35:51Z</time>
			</trkpt>
			<trkpt lat="48.10831552504697" lon="-122.76527220751811">
				<ele>1.3050101505880498</ele>
				<time>2026-09-15T00:35:53Z</time>
			</trkpt>
			<trkpt lat="48.108312645844435" lon="-122.7653113124215">
				<ele>1.8853350529422137</ele>
				<time>2026-09-15T00:35:56Z</time>
			</trkpt>
			<trkpt lat="48.10830955090069" lon="-122.76533910725065">
				<ele>1.6359163372332937</ele>
				<time>2026-09-15T00:35:58Z</time>
			</trkpt>
			<trkpt lat="48.108305374025896" lon="-122.7653690590992">
				<ele>1.5134839131454</ele>
				<time>2026-09-15T00:36:00Z</time>
			</trkpt>
			<trkpt lat="48.1082986749547" lon="-122.76539519488061">
				<ele>1.4716345119079541</ele>
				<time>2026-09-15T00:36:02Z</time>
			</trkpt>
			<trkpt lat="48.108292091900424" lon="-122.76542492860877">
				<ele>1.4374768029069287</ele>
				<time>2026-09-15T00:36:04Z</time>
			</trkpt>
			<trkpt lat="48.108282783574154" lon="-122.76546263560635">
				<ele>1.4174553466627025</ele>
				<time>2026-09-15T00:36:07Z</time>
			</trkpt>
			<trkpt lat="48.108273583537226" lon="-122.76549834386257">
				<ele>1.37420550706085</ele>
				<time>2026-09-15T00:36:10Z</time>
			</trkpt>
			<trkpt lat="48.108263873656455" lon="-122.76552960867588">
				<ele>1.598871532467065</ele>
				<time>2026-09-15T00:36:13Z</time>
			</trkpt>
			<trkpt lat="48.108254401377835" lon="-122.7655586011405">
				<ele>1.5437389040818381</ele>
				<time>2026-09-15T00:36:16Z</time>
			</trkpt>
			<trkpt lat="48.108247268509864" lon="-122.7655921425429">
				<ele>1.4416540541604412</ele>
				<time>2026-09-15T00:36:19Z</time>
			</trkpt>
			<trkpt lat="48.108241796576785" lon="-122.76561870368808">
				<ele>1.3164748240411122</ele>
				<time>2026-09-15T00:36:22Z</time>
			</trkpt>
			<trkpt lat="48.10823226485233" lon="-122.76564619492348">
				<ele>1.3124575704460213</ele>
				<time>2026-09-15T00:36:25Z</time>
			</trkpt>
			<trkpt lat="48.10822265168251" lon="-122.76567324642848">
				<ele>1.327296999570617</ele>
				<time>2026-09-15T00:36:28Z</time>
			</trkpt>
			<trkpt lat="48.10821177617555" lon="-122.76570338312276">
				<ele>1.3248274111105616</ele>
				<time>2026-09-15T00:36:31Z</time>
			</trkpt>
			<trkpt lat="48.10820174421114" lon="-122.76572838316784">
				<ele>1.3300213788908053</ele>
				<time>2026-09-15T00:36:33Z</time>
			</trkpt>
			<trkpt lat="48.10819265597563" lon="-122.76575666716322">
				<ele>1.3089144419168441</ele>
				<time>2026-09-15T00:36:35Z</time>
			</trkpt>
			<trkpt lat="48.108181225528455" lon="-122.76578577137923">
				<ele>1.3004639996690877</ele>
				<time>2026-09-15T00:36:37Z</time>
			</trkpt>
			<trkpt lat="48.10817383694976" lon="-122.76581772401425">
				<ele>1.2497843298020435</ele>
				<time>2026-09-15T00:36:39Z</time>
			</trkpt>
			<trkpt lat="48.108170091938916" lon="-122.76585071324607">
				<ele>1.3126289307396952</ele>
				<time>2026-09-15T00:36:41Z</time>
			</trkpt>
			<trkpt lat="48.108167739196055" lon="-122.76588157131279">
				<ele>1.263847144652157</ele>
				<time>2026-09-15T00:36:43Z</time>
			</trkpt>
			<trkpt lat="48.108164936248464" lon="-122.7659112580291">
				<ele>1.2678244253542346</ele>
				<time>2026-09-15T00:36:45Z</time>
			</trkpt>
			<trkpt lat="48.108161427193615" lon="-122.76594045687052">
				<ele>1.314774897759584</ele>
				<time>2026-09-15T00:36:47Z</time>
			</trkpt>
			<trkpt lat="48.10815640344306" lon="-122.7659664589141">
				<ele>1.329275320189165</ele>
				<time>2026-09-15T00:36:49Z</time>
			</trkpt>
			<trkpt lat="48.10815130680131" lon="-122.7659937075868">
				<ele>1.3013325604320158</ele>
				<time>2026-09-15T00:36:51Z</time>
			</trkpt>
			<trkpt lat="48.10814195382426" lon="-122.76602930441753">
				<ele>1.2744875579313408</ele>
				<time>2026-09-15T00:36:54Z</time>
			</trkpt>
			<trkpt lat="48.10813355084888" lon="-122.76606736874999">
				<ele>1.2854072818863322</ele>
				<time>2026-09-15T00:36:57Z</time>
			</trkpt>
			<trkpt lat="48.10812638236723" lon="-122.76609761152721">
				<ele>1.2666337440595292</ele>
				<time>2026-09-15T00:36:59Z</time>
			</trkpt>
			<trkpt lat="48.10811923704622" lon="-122.76612783647252">
				<ele>1.2429380779435881</ele>
				<time>2026-09-15T00:37:01Z</time>
			</trkpt>
			<trkpt lat="48.10811221215669" lon="-122.76615591539607">
				<ele>1.2463836586566046</ele>
				<time>2026-09-15T00:37:03Z</time>
			</trkpt>
			<trkpt lat="48.108104153628695" lon="-122.76618409870473">
				<ele>1.2835555952351818</ele>
				<time>2026-09-15T00:37:05Z</time>
			</trkpt>
			<trkpt lat="48.10809578761948" lon="-122.76621219630844">
				<ele>1.276836177161595</ele>
				<time>2026-09-15T00:37:07Z</time>
			</trkpt>
			<trkpt lat="48.10808510365262" lon="-122.7662407816093">
				<ele>1.2499735555869087</ele>
				<time>2026-09-15T00:37:09Z</time>
			</trkpt>
			<trkpt lat="48.10807443178815" lon="-122.76627110372132">
				<ele>1.2708474737041904</ele>
				<time>2026-09-15T00:37:11Z</time>
			</trkpt>
			<trkpt lat="48.108061428190936" lon="-122.76630383758439">
				<ele>1.1616601377822136</ele>
				<time>2026-09-15T00:37:13Z</time>
			</trkpt>
			<trkpt lat="48.108068472916514" lon="-122.7663329862733">
				<ele>1.3380819366373942</ele>
				<time>2026-09-15T00:37:16Z</time>
			</trkpt>
			<trkpt lat="48.10809277905652" lon="-122.76634198945881">
				<ele>1.2146293039719467</ele>
				<time>2026-09-15T00:37:18Z</time>
			</trkpt>
			<trkpt lat="48.10812079856147" lon="-122.76634914191102">
				<ele>1.2908375929405551</ele>
				<time>2026-09-15T00:37:20Z</time>
			</trkpt>
			<trkpt lat="48.10814892721015" lon="-122.76635487723732">
				<ele>1.322780883632877</ele>
				<time>2026-09-15T00:37:22Z</time>
			</trkpt>
			<trkpt lat="48.10818176060776" lon="-122.76636180801542">
				<ele>1.2075593670867022</ele>
				<time>2026-09-15T00:37:24Z</time>
			</trkpt>
			<trkpt lat="48.10821718953663" lon="-122.76636679292533">
				<ele>1.2273219695731719</ele>
				<time>2026-09-15T00:37:26Z</time>
			</trkpt>
			<trkpt lat="48.10823597288913" lon="-122.76637062013126">
				<ele>1.1891780105807506</ele>
				<time>2026-09-15T00:37:27Z</time>
			</trkpt>
			<trkpt lat="48.108258579666916" lon="-122.766384234136">
				<ele>1.1316361515522395</ele>
				<time>2026-09-15T00:37:29Z</time>
			</trkpt>
			<trkpt lat="48.10826641077869" lon="-122.76641299182056">
				<ele>1.4784297272709708</ele>
				<time>2026-09-15T00:37:32Z</time>
			</trkpt>
			<trkpt lat="48.10825941382024" lon="-122.76644181564802">
				<ele>1.249104100225395</ele>
				<time>2026-09-15T00:37:35Z</time>
			</trkpt>
			<trkpt lat="48.10825211189792" lon="-122.76647179822717">
				<ele>1.2122031466940157</ele>
				<time>2026-09-15T00:37:38Z</time>
			</trkpt>
			<trkpt lat="48.10824374804657" lon="-122.76650068826514">
				<ele>1.0844951992617986</ele>
				<time>2026-09-15T00:37:41Z</time>
			</trkpt>
			<trkpt lat="48.108235959548175" lon="-122.76652621256359">
				<ele>1.1470965254900172</ele>
				<time>2026-09-15T00:37:44Z</time>
			</trkpt>
			<trkpt lat="48.10822481094568" lon="-122.76655019086336">
				<ele>1.1943728663396875</ele>
				<time>2026-09-15T00:37:49Z</time>
			</trkpt>
			<trkpt lat="48.108213919029936" lon="-122.76657546891767">
				<ele>1.1578535419460394</ele>
				<time>2026-09-15T00:37:52Z</time>
			</trkpt>
			<trkpt lat="48.108205042019655" lon="-122.76660638566621">
				<ele>1.192782874824296</ele>
				<time>2026-09-15T00:37:55Z</time>
			</trkpt>
			<trkpt lat="48.108192684903486" lon="-122.76663611943312">
				<ele>1.1655730202035954</ele>
				<time>2026-09-15T00:37:58Z</time>
			</trkpt>
			<trkpt lat="48.108177130769064" lon="-122.76667561484203">
				<ele>1.067663432124867</ele>
				<time>2026-09-15T00:38:01Z</time>
			</trkpt>
			<trkpt lat="48.108171860124145" lon="-122.76670920041686">
				<ele>1.0847335229569701</ele>
				<time>2026-09-15T00:38:03Z</time>
			</trkpt>
			<trkpt lat="48.10818534243965" lon="-122.76673711230929">
				<ele>1.0469996087941666</ele>
				<time>2026-09-15T00:38:06Z</time>
			</trkpt>
			<trkpt lat="48.108209709694165" lon="-122.76673894371355">
				<ele>1.1974643661705429</ele>
				<time>2026-09-15T00:38:09Z</time>
			</trkpt>
			<trkpt lat="48.10823344328545" lon="-122.7667521572811">
				<ele>1.0978429402231704</ele>
				<time>2026-09-15T00:38:12Z</time>
			</trkpt>
			<trkpt lat="48.10825007352075" lon="-122.76676647178975">
				<ele>0.926644180042512</ele>
				<time>2026-09-15T00:38:15Z</time>
			</trkpt>
			<trkpt lat="48.10823418661854" lon="-122.76678867671586">
				<ele>1.2168873392504231</ele>
				<time>2026-09-15T00:38:22Z</time>
			</trkpt>
			<trkpt lat="48.10821614037824" lon="-122.7668085238091">
				<ele>1.0948709522965991</ele>
				<time>2026-09-15T00:38:25Z</time>
			</trkpt>
			<trkpt lat="48.10819522585075" lon="-122.76682312389619">
				<ele>1.1596790902448681</ele>
				<time>2026-09-15T00:38:28Z</time>
			</trkpt>
			<trkpt lat="48.108170206228046" lon="-122.76683183355837">
				<ele>1.1210419123629123</ele>
				<time>2026-09-15T00:38:31Z</time>
			</trkpt>
			<trkpt lat="48.10815088060802" lon="-122.76683239077133">
				<ele>1.0618738922230122</ele>
				<time>2026-09-15T00:38:33Z</time>
			</trkpt>
			<trkpt lat="48.10812789278511" lon="-122.76681203331849">
				<ele>1.1429735800437655</ele>
				<time>2026-09-15T00:38:36Z</time>
			</trkpt>
			<trkpt lat="48.10812233131913" lon="-122.76678206589888">
				<ele>1.1492824124846912</ele>
				<time>2026-09-15T00:38:38Z</time>
			</trkpt>
			<trkpt lat="48.10811379389618" lon="-122.76675618325501">
				<ele>1.1170031410992713</ele>
				<time>2026-09-15T00:38:40Z</time>
			</trkpt>
			<trkpt lat="48.10810413157342" lon="-122.76672214081941">
				<ele>1.0363437205290467</ele>
				<time>2026-09-15T00:38:43Z</time>
			</trkpt>
			<trkpt lat="48.10809181075464" lon="-122.76669595870868">
				<ele>1.065188697694044</ele>
				<time>2026-09-15T00:38:45Z</time>
			</trkpt>
			<trkpt lat="48.108077512700184" lon="-122.76667390166418">
				<ele>0.8954324241744835</ele>
				<time>2026-09-15T00:38:47Z</time>
			</trkpt>
			<trkpt lat="48.10806309355107" lon="-122.76664496959636">
				<ele>0.9528768247037469</ele>
				<time>2026-09-15T00:38:50Z</time>
			</trkpt>
			<trkpt lat="48.10805016822335" lon="-122.76662005704081">
				<ele>1.2373680744281579</ele>
				<time>2026-09-15T00:38:53Z</time>
			</trkpt>
			<trkpt lat="48.10803817821883" lon="-122.7665982305787">
				<ele>1.2518661829736715</ele>
				<time>2026-09-15T00:38:55Z</time>
			</trkpt>
			<trkpt lat="48.10802418521537" lon="-122.76657571386073">
				<ele>1.2076816466459093</ele>
				<time>2026-09-15T00:38:57Z</time>
			</trkpt>
			<trkpt lat="48.10800748126894" lon="-122.76655199548806">
				<ele>1.1409782467335035</ele>
				<time>2026-09-15T00:39:00Z</time>
			</trkpt>
			<trkpt lat="48.10799034927355" lon="-122.76653408684156">
				<ele>1.1375649922021545</ele>
				<time>2026-09-15T00:39:03Z</time>
			</trkpt>
			<trkpt lat="48.10797068858265" lon="-122.76651142123796">
				<ele>1.1512953831961177</ele>
				<time>2026-09-15T00:39:06Z</time>
			</trkpt>
			<trkpt lat="48.10795526229573" lon="-122.76649285656343">
				<ele>1.0518043745693717</ele>
				<time>2026-09-15T00:39:08Z</time>
			</trkpt>
			<trkpt lat="48.107936267397676" lon="-122.76646507547468">
				<ele>0.9984582080386417</ele>
				<time>2026-09-15T00:39:11Z</time>
			</trkpt>
			<trkpt lat="48.10791779243446" lon="-122.76643571584704">
				<ele>0.9666850448888873</ele>
				<time>2026-09-15T00:39:14Z</time>
			</trkpt>
			<trkpt lat="48.10790513826692" lon="-122.76641529787237">
				<ele>1.0211462520195091</ele>
				<time>2026-09-15T00:39:16Z</time>
			</trkpt>
			<trkpt lat="48.1079050649832" lon="-122.76638151070401">
				<ele>1.2076163961567339</ele>
				<time>2026-09-15T00:39:19Z</time>
			</trkpt>
			<trkpt lat="48.107916137384336" lon="-122.76634911225973">
				<ele>1.1646528608631286</ele>
				<time>2026-09-15T00:39:22Z</time>
			</trkpt>
			<trkpt lat="48.10792596793027" lon="-122.76631975790434">
				<ele>1.379759638525858</ele>
				<time>2026-09-15T00:39:24Z</time>
			</trkpt>
			<trkpt lat="48.10792627140818" lon="-122.76628015366516">
				<ele>1.24950950554069</ele>
				<time>2026-09-15T00:39:27Z</time>
			</trkpt>
			<trkpt lat="48.107928387212375" lon="-122.76623747258839">
				<ele>1.1672657911295836</ele>
				<time>2026-09-15T00:39:30Z</time>
			</trkpt>
			<trkpt lat="48.10793047210258" lon="-122.7662031608194">
				<ele>1.3033776480469115</ele>
				<time>2026-09-15T00:39:32Z</time>
			</trkpt>
			<trkpt lat="48.107924601805195" lon="-122.76616832806563">
				<ele>1.2675003700227983</ele>
				<time>2026-09-15T00:39:34Z</time>
			</trkpt>
			<trkpt lat="48.107918703317374" lon="-122.76613148578937">
				<ele>1.282027864795225</ele>
				<time>2026-09-15T00:39:36Z</time>
			</trkpt>
			<trkpt lat="48.10791256999388" lon="-122.76609448657187">
				<ele>1.1505470258262278</ele>
				<time>2026-09-15T00:39:38Z</time>
			</trkpt>
			<trkpt lat="48.10790664020685" lon="-122.76606866917517">
				<ele>1.0707411577186043</ele>
				<time>2026-09-15T00:39:41Z</time>
			</trkpt>
			<trkpt lat="48.10789916468347" lon="-122.76603835288552">
				<ele>1.147812421617683</ele>
				<time>2026-09-15T00:39:43Z</time>
			</trkpt>
			<trkpt lat="48.10790413739946" lon="-122.76600030812473">
				<ele>1.136494366811057</ele>
				<time>2026-09-15T00:39:47Z</time>
			</trkpt>
			<trkpt lat="48.107906519420936" lon="-122.76595995355049">
				<ele>1.082385886217768</ele>
				<time>2026-09-15T00:39:50Z</time>
			</trkpt>
			<trkpt lat="48.10790887152616" lon="-122.7659272052876">
				<ele>1.1164973295579976</ele>
				<time>2026-09-15T00:39:54Z</time>
			</trkpt>
			<trkpt lat="48.10790705960697" lon="-122.76588693678353">
				<ele>1.1071802617350812</ele>
				<time>2026-09-15T00:39:56Z</time>
			</trkpt>
			<trkpt lat="48.10788671838824" lon="-122.76586567929074">
				<ele>1.6782715724597246</ele>
				<time>2026-09-15T00:39:58Z</time>
			</trkpt>
			<trkpt lat="48.1078805925245" lon="-122.76583963210103">
				<ele>1.2909195947376553</ele>
				<time>2026-09-15T00:40:00Z</time>
			</trkpt>
			<trkpt lat="48.1078799622301" lon="-122.76580155492638">
				<ele>1.3185601646584075</ele>
				<time>2026-09-15T00:40:02Z</time>
			</trkpt>
			<trkpt lat="48.10787942071646" lon="-122.76576554791117">
				<ele>1.3082380644931604</ele>
				<time>2026-09-15T00:40:04Z</time>
			</trkpt>
			<trkpt lat="48.10787776936297" lon="-122.76572632427388">
				<ele>1.2742460202939299</ele>
				<time>2026-09-15T00:40:06Z</time>
			</trkpt>
			<trkpt lat="48.107877545151005" lon="-122.76568413264081">
				<ele>1.282285514831134</ele>
				<time>2026-09-15T00:40:08Z</time>
			</trkpt>
			<trkpt lat="48.10787998870867" lon="-122.76563928912903">
				<ele>1.2553082598469558</ele>
				<time>2026-09-15T00:40:10Z</time>
			</trkpt>
			<trkpt lat="48.10788839220479" lon="-122.76559257267574">
				<ele>1.3021257010639786</ele>
				<time>2026-09-15T00:40:12Z</time>
			</trkpt>
			<trkpt lat="48.10789276776125" lon="-122.76554494150885">
				<ele>1.2801404707114266</ele>
				<time>2026-09-15T00:40:14Z</time>
			</trkpt>
			<trkpt lat="48.107890199924746" lon="-122.76551767498583">
				<ele>1.2831324129784285</ele>
				<time>2026-09-15T00:40:15Z</time>
			</trkpt>
			<trkpt lat="48.107884481755356" lon="-122.76546140497288">
				<ele>1.228820835344255</ele>
				<time>2026-09-15T00:40:17Z</time>
			</trkpt>
			<trkpt lat="48.107877849320225" lon="-122.76543181387952">
				<ele>1.2511318222226038</ele>
				<time>2026-09-15T00:40:18Z</time>
			</trkpt>
			<trkpt lat="48.10786935951036" lon="-122.76539970050395">
				<ele>1.1090402517503328</ele>
				<time>2026-09-15T00:40:19Z</time>
			</trkpt>
			<trkpt lat="48.107862036504635" lon="-122.7653638821464">
				<ele>1.1516873991262955</ele>
				<time>2026-09-15T00:40:20Z</time>
			</trkpt>
			<trkpt lat="48.10785825298002" lon="-122.76533564240243">
				<ele>1.2162032246658434</ele>
				<time>2026-09-15T00:40:21Z</time>
			</trkpt>
			<trkpt lat="48.10785450036023" lon="-122.76528722737208">
				<ele>1.2818087320232223</ele>
				<time>2026-09-15T00:40:23Z</time>
			</trkpt>
			<trkpt lat="48.10786953821585" lon="-122.76524191000945">
				<ele>1.3269077132880263</ele>
				<time>2026-09-15T00:40:25Z</time>
			</trkpt>
			<trkpt lat="48.10788543681383" lon="-122.76521724681342">
				<ele>1.149830124152416</ele>
				<time>2026-09-15T00:40:26Z</time>
			</trkpt>
			<trkpt lat="48.107903848593764" lon="-122.76519934463">
				<ele>1.0925004936252272</ele>
				<time>2026-09-15T00:40:27Z</time>
			</trkpt>
			<trkpt lat="48.10792323583953" lon="-122.76519045250151">
				<ele>1.0424516902548646</ele>
				<time>2026-09-15T00:40:28Z</time>
			</trkpt>
			<trkpt lat="48.10794186808228" lon="-122.76518882182306">
				<ele>1.0974020539831315</ele>
				<time>2026-09-15T00:40:29Z</time>
			</trkpt>
			<trkpt lat="48.1079742652138" lon="-122.76518639775145">
				<ele>1.2240385570017658</ele>
				<time>2026-09-15T00:40:31Z</time>
			</trkpt>
			<trkpt lat="48.108007588311736" lon="-122.76518929236438">
				<ele>1.1250744503898744</ele>
				<time>2026-09-15T00:40:33Z</time>
			</trkpt>
			<trkpt lat="48.10803637508178" lon="-122.76518466081073">
				<ele>1.0844049007720038</ele>
				<time>2026-09-15T00:40:35Z</time>
			</trkpt>
			<trkpt lat="48.108065517479986" lon="-122.76517895580149">
				<ele>1.085222294979097</ele>
				<time>2026-09-15T00:40:37Z</time>
			</trkpt>
			<trkpt lat="48.10809299038499" lon="-122.76517214411501">
				<ele>1.1278872271179807</ele>
				<time>2026-09-15T00:40:39Z</time>
			</trkpt>
			<trkpt lat="48.10812127137905" lon="-122.76516367291282">
				<ele>1.0583357075120965</ele>
				<time>2026-09-15T00:40:41Z</time>
			</trkpt>
			<trkpt lat="48.108146704852516" lon="-122.76516113057515">
				<ele>1.059629359392975</ele>
				<time>2026-09-15T00:40:43Z</time>
			</trkpt>
			<trkpt lat="48.10815429180591" lon="-122.76519659938492">
				<ele>1.284908947556989</ele>
				<time>2026-09-15T00:40:46Z</time>
			</trkpt>
			<trkpt lat="48.1081508681404" lon="-122.76522624579952">
				<ele>1.2200096130513245</ele>
				<time>2026-09-15T00:40:48Z</time>
			</trkpt>
			<trkpt lat="48.10814225985324" lon="-122.76526355467297">
				<ele>1.1220627042344056</ele>
				<time>2026-09-15T00:40:50Z</time>
			</trkpt>
			<trkpt lat="48.10812717944879" lon="-122.76530544529983">
				<ele>1.1210463684868301</ele>
				<time>2026-09-15T00:40:52Z</time>
			</trkpt>
			<trkpt lat="48.10810416965324" lon="-122.76533529685122">
				<ele>1.2993445364721445</ele>
				<time>2026-09-15T00:40:54Z</time>
			</trkpt>
			<trkpt lat="48.108080777675056" lon="-122.76535363300857">
				<ele>1.2395654673147973</ele>
				<time>2026-09-15T00:40:56Z</time>
			</trkpt>
			<trkpt lat="48.10805178321697" lon="-122.76537448636462">
				<ele>1.2372333061422616</ele>
				<time>2026-09-15T00:40:58Z</time>
			</trkpt>
			<trkpt lat="48.108019547867706" lon="-122.76539612623144">
				<ele>1.0383216207645916</ele>
				<time>2026-09-15T00:41:00Z</time>
			</trkpt>
			<trkpt lat="48.10800071892947" lon="-122.76540267474672">
				<ele>1.2153014620008662</ele>
				<time>2026-09-15T00:41:01Z</time>
			</trkpt>
			<trkpt lat="48.10798170475574" lon="-122.7654057374547">
				<ele>1.2829874657382412</ele>
				<time>2026-09-15T00:41:02Z</time>
			</trkpt>
			<trkpt lat="48.107948028091876" lon="-122.76540970419697">
				<ele>1.2140387551374552</ele>
				<time>2026-09-15T00:41:04Z</time>
			</trkpt>
			<trkpt lat="48.1079143055055" lon="-122.76540662259592">
				<ele>1.1951236887400718</ele>
				<time>2026-09-15T00:41:06Z</time>
			</trkpt>
			<trkpt lat="48.107887739661955" lon="-122.76539374877797">
				<ele>1.2112944157077798</ele>
				<time>2026-09-15T00:41:08Z</time>
			</trkpt>
			<trkpt lat="48.107871410312946" lon="-122.76538090803851">
				<ele>1.0639536461269934</ele>
				<time>2026-09-15T00:41:10Z</time>
			</trkpt>
			<trkpt lat="48.10785641619414" lon="-122.76534783097337">
				<ele>1.1339709473471942</ele>
				<time>2026-09-15T00:41:12Z</time>
			</trkpt>
			<trkpt lat="48.107852949080495" lon="-122.76530778033572">
				<ele>0.6459660557436031</ele>
				<time>2026-09-15T00:41:14Z</time>
			</trkpt>
			<trkpt lat="48.10784792463875" lon="-122.76527507646652">
				<ele>0.866162049573763</ele>
				<time>2026-09-15T00:41:15Z</time>
			</trkpt>
			<trkpt lat="48.10786104412957" lon="-122.76522933615466">
				<ele>1.134585337748252</ele>
				<time>2026-09-15T00:41:17Z</time>
			</trkpt>
			<trkpt lat="48.107883369065654" lon="-122.76519618840963">
				<ele>1.3100136638837903</ele>
				<time>2026-09-15T00:41:19Z</time>
			</trkpt>
			<trkpt lat="48.10791271679375" lon="-122.76518354668028">
				<ele>1.3261739369742216</ele>
				<time>2026-09-15T00:41:21Z</time>
			</trkpt>
			<trkpt lat="48.10794592218785" lon="-122.76517667122249">
				<ele>1.3224288850076924</ele>
				<time>2026-09-15T00:41:23Z</time>
			</trkpt>
			<trkpt lat="48.10797237223597" lon="-122.76516594730725">
				<ele>1.3020594488811668</ele>
				<time>2026-09-15T00:41:25Z</time>
			</trkpt>
			<trkpt lat="48.108002311803496" lon="-122.76515840564541">
				<ele>1.2906552695271998</ele>
				<time>2026-09-15T00:41:27Z</time>
			</trkpt>
			<trkpt lat="48.108030667827315" lon="-122.76515907456519">
				<ele>1.306165921442382</ele>
				<time>2026-09-15T00:41:29Z</time>
			</trkpt>
			<trkpt lat="48.10806069106925" lon="-122.76516038821732">
				<ele>1.250444080936287</ele>
				<time>2026-09-15T00:41:31Z</time>
			</trkpt>
			<trkpt lat="48.10808617230872" lon="-122.76516600410275">
				<ele>1.234431297970719</ele>
				<time>2026-09-15T00:41:33Z</time>
			</trkpt>
			<trkpt lat="48.10811296054145" lon="-122.76516689709958">
				<ele>1.2420856729034568</ele>
				<time>2026-09-15T00:41:35Z</time>
			</trkpt>
			<trkpt lat="48.10814128996451" lon="-122.76516848725883">
				<ele>1.262561000142565</ele>
				<time>2026-09-15T00:41:37Z</time>
			</trkpt>
			<trkpt lat="48.108167762015114" lon="-122.76517537661486">
				<ele>1.1381585156182936</ele>
				<time>2026-09-15T00:41:39Z</time>
			</trkpt>
			<trkpt lat="48.108197600076245" lon="-122.7651799236449">
				<ele>1.146729127324246</ele>
				<time>2026-09-15T00:41:41Z</time>
			</trkpt>
			<trkpt lat="48.108225463878924" lon="-122.76518384309784">
				<ele>1.148239716111469</ele>
				<time>2026-09-15T00:41:43Z</time>
			</trkpt>
			<trkpt lat="48.10825175675922" lon="-122.76518876958104">
				<ele>1.1333360340182246</ele>
				<time>2026-09-15T00:41:45Z</time>
			</trkpt>
			<trkpt lat="48.10828171869199" lon="-122.76519066076897">
				<ele>1.18705824668994</ele>
				<time>2026-09-15T00:41:47Z</time>
			</trkpt>
			<trkpt lat="48.10830386963461" lon="-122.76518897644648">
				<ele>1.1748916676986312</ele>
				<time>2026-09-15T00:41:49Z</time>
			</trkpt>
			<trkpt lat="48.10832392970737" lon="-122.7651913295643">
				<ele>1.1217152924110572</ele>
				<time>2026-09-15T00:41:51Z</time>
			</trkpt>
			<trkpt lat="48.10834921473666" lon="-122.76519226578458">
				<ele>1.179341705631927</ele>
				<time>2026-09-15T00:41:53Z</time>
			</trkpt>
			<trkpt lat="48.108373486833436" lon="-122.76519290500286">
				<ele>1.1845010109101892</ele>
				<time>2026-09-15T00:41:55Z</time>
			</trkpt>
			<trkpt lat="48.10839566230427" lon="-122.76519454752633">
				<ele>1.3610742623453973</ele>
				<time>2026-09-15T00:41:57Z</time>
			</trkpt>
			<trkpt lat="48.108419243213675" lon="-122.76519428627032">
				<ele>1.2975914781024898</ele>
				<time>2026-09-15T00:41:59Z</time>
			</trkpt>
			<trkpt lat="48.10843738702046" lon="-122.76520049845539">
				<ele>1.3563691349363012</ele>
				<time>2026-09-15T00:42:01Z</time>
			</trkpt>
			<trkpt lat="48.108442879807995" lon="-122.76522705928173">
				<ele>1.5910422231899517</ele>
				<time>2026-09-15T00:42:05Z</time>
			</trkpt>
			<trkpt lat="48.10844391291213" lon="-122.76525588436515">
				<ele>1.2137262556878596</ele>
				<time>2026-09-15T00:42:09Z</time>
			</trkpt>
			<trkpt lat="48.10844541437651" lon="-122.76529052769045">
				<ele>1.2339253765063773</ele>
				<time>2026-09-15T00:42:12Z</time>
			</trkpt>
			<trkpt lat="48.108445704311826" lon="-122.76532308251915">
				<ele>1.1282602697504203</ele>
				<time>2026-09-15T00:42:15Z</time>
			</trkpt>
			<trkpt lat="48.10844876081697" lon="-122.76535956878159">
				<ele>1.1256148347603627</ele>
				<time>2026-09-15T00:42:18Z</time>
			</trkpt>
			<trkpt lat="48.10844737456006" lon="-122.7653977754759">
				<ele>1.208923507321007</ele>
				<time>2026-09-15T00:42:21Z</time>
			</trkpt>
			<trkpt lat="48.10844061674583" lon="-122.76543365047843">
				<ele>1.3097957528817687</ele>
				<time>2026-09-15T00:42:24Z</time>
			</trkpt>
			<trkpt lat="48.108436335539956" lon="-122.76546719997881">
				<ele>1.2084837764171823</ele>
				<time>2026-09-15T00:42:26Z</time>
			</trkpt>
			<trkpt lat="48.108431535300625" lon="-122.7655040230996">
				<ele>1.2325458314957913</ele>
				<time>2026-09-15T00:42:28Z</time>
			</trkpt>
			<trkpt lat="48.10842490646538" lon="-122.7655421929689">
				<ele>1.2538287628090643</ele>
				<time>2026-09-15T00:42:30Z</time>
			</trkpt>
			<trkpt lat="48.108418408782285" lon="-122.76558357278672">
				<ele>1.2339554279608755</ele>
				<time>2026-09-15T00:42:32Z</time>
			</trkpt>
			<trkpt lat="48.10841061775161" lon="-122.76562258691159">
				<ele>1.2747350502722412</ele>
				<time>2026-09-15T00:42:34Z</time>
			</trkpt>
			<trkpt lat="48.10840288875534" lon="-122.76566581018054">
				<ele>1.2910445263826844</ele>
				<time>2026-09-15T00:42:36Z</time>
			</trkpt>
			<trkpt lat="48.108391143768394" lon="-122.765722422057">
				<ele>1.3627822216585521</ele>
				<time>2026-09-15T00:42:39Z</time>
			</trkpt>
			<trkpt lat="48.10838247484499" lon="-122.76576264906588">
				<ele>1.365274627690944</ele>
				<time>2026-09-15T00:42:41Z</time>
			</trkpt>
			<trkpt lat="48.10837780439582" lon="-122.76580016673822">
				<ele>1.3019532650855048</ele>
				<time>2026-09-15T00:42:43Z</time>
			</trkpt>
			<trkpt lat="48.10836897199175" lon="-122.76584116358883">
				<ele>1.289500257990543</ele>
				<time>2026-09-15T00:42:45Z</time>
			</trkpt>
			<trkpt lat="48.10836107961449" lon="-122.76588147936997">
				<ele>1.2892639059480473</ele>
				<time>2026-09-15T00:42:47Z</time>
			</trkpt>
			<trkpt lat="48.10835343358577" lon="-122.76592765475296">
				<ele>1.3678841242445436</ele>
				<time>2026-09-15T00:42:49Z</time>
			</trkpt>
			<trkpt lat="48.10834611715999" lon="-122.76596796131581">
				<ele>1.416064138639694</ele>
				<time>2026-09-15T00:42:51Z</time>
			</trkpt>
			<trkpt lat="48.10833690508325" lon="-122.76601158770254">
				<ele>1.4012230103008818</ele>
				<time>2026-09-15T00:42:53Z</time>
			</trkpt>
			<trkpt lat="48.10833001841053" lon="-122.7660509847154">
				<ele>1.3390177079903829</ele>
				<time>2026-09-15T00:42:55Z</time>
			</trkpt>
			<trkpt lat="48.108321508733994" lon="-122.76609280468362">
				<ele>1.3347919460948496</ele>
				<time>2026-09-15T00:42:57Z</time>
			</trkpt>
			<trkpt lat="48.108313490023235" lon="-122.76613434963778">
				<ele>1.2721834344898184</ele>
				<time>2026-09-15T00:42:59Z</time>
			</trkpt>
			<trkpt lat="48.108304552255944" lon="-122.76617329405124">
				<ele>1.2675711648133081</ele>
				<time>2026-09-15T00:43:01Z</time>
			</trkpt>
			<trkpt lat="48.10829784286887" lon="-122.76621240855174">
				<ele>1.2342588170875572</ele>
				<time>2026-09-15T00:43:03Z</time>
			</trkpt>
			<trkpt lat="48.10829607964368" lon="-122.76625732158688">
				<ele>1.2446836268078165</ele>
				<time>2026-09-15T00:43:05Z</time>
			</trkpt>
			<trkpt lat="48.108296050515314" lon="-122.76629990972519">
				<ele>1.2777537258262477</ele>
				<time>2026-09-15T00:43:07Z</time>
			</trkpt>
			<trkpt lat="48.10829294423752" lon="-122.76634257243047">
				<ele>1.2666754840442174</ele>
				<time>2026-09-15T00:43:09Z</time>
			</trkpt>
			<trkpt lat="48.10828706932733" lon="-122.76638494361825">
				<ele>1.218801402928861</ele>
				<time>2026-09-15T00:43:11Z</time>
			</trkpt>
			<trkpt lat="48.108279953445205" lon="-122.76642818143533">
				<ele>1.183498822596924</ele>
				<time>2026-09-15T00:43:13Z</time>
			</trkpt>
			<trkpt lat="48.1082728816725" lon="-122.76647025811204">
				<ele>1.17281075091676</ele>
				<time>2026-09-15T00:43:15Z</time>
			</trkpt>
			<trkpt lat="48.108264810163725" lon="-122.76651027936481">
				<ele>1.1676825930014338</ele>
				<time>2026-09-15T00:43:17Z</time>
			</trkpt>
			<trkpt lat="48.108255321423705" lon="-122.76655107501718">
				<ele>1.1993929389671436</ele>
				<time>2026-09-15T00:43:19Z</time>
			</trkpt>
			<trkpt lat="48.10824448761083" lon="-122.7665907643343">
				<ele>1.15862058473013</ele>
				<time>2026-09-15T00:43:21Z</time>
			</trkpt>
			<trkpt lat="48.10823437927926" lon="-122.76663398415793">
				<ele>1.191435102341643</ele>
				<time>2026-09-15T00:43:23Z</time>
			</trkpt>
			<trkpt lat="48.10822855868377" lon="-122.76668371047435">
				<ele>0.7624486561310704</ele>
				<time>2026-09-15T00:43:25Z</time>
			</trkpt>
			<trkpt lat="48.108218102271124" lon="-122.76672360822343">
				<ele>1.055333690636587</ele>
				<time>2026-09-15T00:43:27Z</time>
			</trkpt>
			<trkpt lat="48.108208958638876" lon="-122.76676232518435">
				<ele>1.0197754468740001</ele>
				<time>2026-09-15T00:43:29Z</time>
			</trkpt>
			<trkpt lat="48.1081986946288" lon="-122.7667950642105">
				<ele>0.975499306314358</ele>
				<time>2026-09-15T00:43:31Z</time>
			</trkpt>
			<trkpt lat="48.108185181337895" lon="-122.76682792672894">
				<ele>1.0276742923919393</ele>
				<time>2026-09-15T00:43:33Z</time>
			</trkpt>
			<trkpt lat="48.10817081304051" lon="-122.76685764370069">
				<ele>0.6590045777720199</ele>
				<time>2026-09-15T00:43:35Z</time>
			</trkpt>
			<trkpt lat="48.10815153236514" lon="-122.76687788184388">
				<ele>0.8443521716794606</ele>
				<time>2026-09-15T00:43:37Z</time>
			</trkpt>
			<trkpt lat="48.10812633277196" lon="-122.7668686696183">
				<ele>0.9511913710282975</ele>
				<time>2026-09-15T00:43:39Z</time>
			</trkpt>
			<trkpt lat="48.10812725450075" lon="-122.76682792027346">
				<ele>0.9320599356908055</ele>
				<time>2026-09-15T00:43:41Z</time>
			</trkpt>
			<trkpt lat="48.10812498121961" lon="-122.76677935597691">
				<ele>0.9832419911754045</ele>
				<time>2026-09-15T00:43:43Z</time>
			</trkpt>
			<trkpt lat="48.10811677074267" lon="-122.76673231808414">
				<ele>0.9283173471321078</ele>
				<time>2026-09-15T00:43:45Z</time>
			</trkpt>
			<trkpt lat="48.10810453564527" lon="-122.76669358299218">
				<ele>1.0167023912985265</ele>
				<time>2026-09-15T00:43:47Z</time>
			</trkpt>
			<trkpt lat="48.10809544259118" lon="-122.76665474548211">
				<ele>1.3200121704611902</ele>
				<time>2026-09-15T00:43:49Z</time>
			</trkpt>
			<trkpt lat="48.10809077037609" lon="-122.76661246177434">
				<ele>1.1513518322796727</ele>
				<time>2026-09-15T00:43:51Z</time>
			</trkpt>
			<trkpt lat="48.10808547361984" lon="-122.76657367463794">
				<ele>1.146782693164866</ele>
				<time>2026-09-15T00:43:53Z</time>
			</trkpt>
			<trkpt lat="48.1080775026663" lon="-122.7665326453616">
				<ele>1.0673849755287748</ele>
				<time>2026-09-15T00:43:55Z</time>
			</trkpt>
			<trkpt lat="48.108072218541906" lon="-122.76649085214926">
				<ele>1.1426832674892466</ele>
				<time>2026-09-15T00:43:57Z</time>
			</trkpt>
			<trkpt lat="48.10806783341228" lon="-122.76644848608716">
				<ele>1.171135347305757</ele>
				<time>2026-09-15T00:43:59Z</time>
			</trkpt>
			<trkpt lat="48.10806516896431" lon="-122.76640348968796">
				<ele>1.1189467316308068</ele>
				<time>2026-09-15T00:44:01Z</time>
			</trkpt>
			<trkpt lat="48.108061201004574" lon="-122.76635996316972">
				<ele>1.1681992627902318</ele>
				<time>2026-09-15T00:44:03Z</time>
			</trkpt>
			<trkpt lat="48.10805674212207" lon="-122.76632537461145">
				<ele>1.1866296409062365</ele>
				<time>2026-09-15T00:44:05Z</time>
			</trkpt>
			<trkpt lat="48.10805140428188" lon="-122.76628487161952">
				<ele>1.1395567935588424</ele>
				<time>2026-09-15T00:44:07Z</time>
			</trkpt>
			<trkpt lat="48.10804404321736" lon="-122.76624151626949">
				<ele>1.170310502702371</ele>
				<time>2026-09-15T00:44:09Z</time>
			</trkpt>
			<trkpt lat="48.10804033275958" lon="-122.76620237006908">
				<ele>1.1505524318499702</ele>
				<time>2026-09-15T00:44:11Z</time>
			</trkpt>
			<trkpt lat="48.10803319863464" lon="-122.76616614635148">
				<ele>1.1799913269275493</ele>
				<time>2026-09-15T00:44:13Z</time>
			</trkpt>
			<trkpt lat="48.10802451253028" lon="-122.76612830374087">
				<ele>1.2291678363465017</ele>
				<time>2026-09-15T00:44:15Z</time>
			</trkpt>
			<trkpt lat="48.10801586102358" lon="-122.76609725309622">
				<ele>1.2075840107397937</ele>
				<time>2026-09-15T00:44:17Z</time>
			</trkpt>
			<trkpt lat="48.10800557183021" lon="-122.76605725127935">
				<ele>1.4319225156826967</ele>
				<time>2026-09-15T00:44:19Z</time>
			</trkpt>
			<trkpt lat="48.107994465489845" lon="-122.76601872441115">
				<ele>1.3290601992074542</ele>
				<time>2026-09-15T00:44:21Z</time>
			</trkpt>
			<trkpt lat="48.107987236707594" lon="-122.76598299081802">
				<ele>1.248075760097766</ele>
				<time>2026-09-15T00:44:23Z</time>
			</trkpt>
			<trkpt lat="48.107978028231486" lon="-122.76594199531708">
				<ele>1.2527569223557151</ele>
				<time>2026-09-15T00:44:25Z</time>
			</trkpt>
			<trkpt lat="48.10797077591151" lon="-122.76590035961895">
				<ele>1.00713902654741</ele>
				<time>2026-09-15T00:44:27Z</time>
			</trkpt>
			<trkpt lat="48.10796609688972" lon="-122.7658607897183">
				<ele>1.0655602379129299</ele>
				<time>2026-09-15T00:44:29Z</time>
			</trkpt>
			<trkpt lat="48.10796021058242" lon="-122.7658181050103">
				<ele>1.0837041715473</ele>
				<time>2026-09-15T00:44:31Z</time>
			</trkpt>
			<trkpt lat="48.10795532546954" lon="-122.76577129938632">
				<ele>1.1580139640312161</ele>
				<time>2026-09-15T00:44:33Z</time>
			</trkpt>
			<trkpt lat="48.10794773456195" lon="-122.76572852103773">
				<ele>1.2276611764025063</ele>
				<time>2026-09-15T00:44:35Z</time>
			</trkpt>
			<trkpt lat="48.10793953401794" lon="-122.76568489998054">
				<ele>1.2668910570516836</ele>
				<time>2026-09-15T00:44:37Z</time>
			</trkpt>
			<trkpt lat="48.1079359807803" lon="-122.76564554323535">
				<ele>1.415134801811714</ele>
				<time>2026-09-15T00:44:39Z</time>
			</trkpt>
			<trkpt lat="48.10793008873096" lon="-122.76560146840244">
				<ele>1.3447412725516799</ele>
				<time>2026-09-15T00:44:41Z</time>
			</trkpt>
			<trkpt lat="48.10792259581544" lon="-122.76555192257746">
				<ele>1.3267207510721342</ele>
				<time>2026-09-15T00:44:43Z</time>
			</trkpt>
			<trkpt lat="48.10791743649422" lon="-122.7655059808624">
				<ele>1.3180999064552061</ele>
				<time>2026-09-15T00:44:45Z</time>
			</trkpt>
			<trkpt lat="48.10790683659694" lon="-122.76546351939301">
				<ele>1.3515305052026214</ele>
				<time>2026-09-15T00:44:47Z</time>
			</trkpt>
			<trkpt lat="48.107898497836366" lon="-122.7654183242866">
				<ele>1.4135232739716521</ele>
				<time>2026-09-15T00:44:49Z</time>
			</trkpt>
			<trkpt lat="48.10788893740721" lon="-122.76537700855243">
				<ele>1.432765482757155</ele>
				<time>2026-09-15T00:44:51Z</time>
			</trkpt>
			<trkpt lat="48.10787965546971" lon="-122.76533755797114">
				<ele>1.6662303600348594</ele>
				<time>2026-09-15T00:44:53Z</time>
			</trkpt>
			<trkpt lat="48.1078750156159" lon="-122.76529214789102">
				<ele>1.5709123894028494</ele>
				<time>2026-09-15T00:44:55Z</time>
			</trkpt>
			<trkpt lat="48.10787702619815" lon="-122.76524341065088">
				<ele>1.4728483867176614</ele>
				<time>2026-09-15T00:44:57Z</time>
			</trkpt>
			<trkpt lat="48.10787869350384" lon="-122.76521640405322">
				<ele>1.3829328792615563</ele>
				<time>2026-09-15T00:44:58Z</time>
			</trkpt>
			<trkpt lat="48.10788283807656" lon="-122.76518833240577">
				<ele>1.3157186018791087</ele>
				<time>2026-09-15T00:44:59Z</time>
			</trkpt>
			<trkpt lat="48.10789897854374" lon="-122.76514654602798">
				<ele>1.2562294681535207</ele>
				<time>2026-09-15T00:45:01Z</time>
			</trkpt>
			<trkpt lat="48.10793275641809" lon="-122.76514861837865">
				<ele>1.0339912197756753</ele>
				<time>2026-09-15T00:45:03Z</time>
			</trkpt>
			<trkpt lat="48.107954923416" lon="-122.76515924516876">
				<ele>1.0819915844921724</ele>
				<time>2026-09-15T00:45:04Z</time>
			</trkpt>
			<trkpt lat="48.10798482748611" lon="-122.76516301419795">
				<ele>0.9456142154795444</ele>
				<time>2026-09-15T00:45:06Z</time>
			</trkpt>
			<trkpt lat="48.10801622346509" lon="-122.76516489434869">
				<ele>0.9760916285361709</ele>
				<time>2026-09-15T00:45:08Z</time>
			</trkpt>
			<trkpt lat="48.10804823154975" lon="-122.76516766948083">
				<ele>1.1195594780164555</ele>
				<time>2026-09-15T00:45:10Z</time>
			</trkpt>
			<trkpt lat="48.108074619096165" lon="-122.76516809466875">
				<ele>1.0831570776806423</ele>
				<time>2026-09-15T00:45:12Z</time>
			</trkpt>
			<trkpt lat="48.108102142782236" lon="-122.76517217617597">
				<ele>1.1207310818076657</ele>
				<time>2026-09-15T00:45:14Z</time>
			</trkpt>
			<trkpt lat="48.108127524277535" lon="-122.76517336408192">
				<ele>1.1389096704498307</ele>
				<time>2026-09-15T00:45:16Z</time>
			</trkpt>
			<trkpt lat="48.10815288581883" lon="-122.7651695400988">
				<ele>1.1688803679128554</ele>
				<time>2026-09-15T00:45:18Z</time>
			</trkpt>
			<trkpt lat="48.108173551339696" lon="-122.7651674334462">
				<ele>1.144829974988987</ele>
				<time>2026-09-15T00:45:20Z</time>
			</trkpt>
			<trkpt lat="48.10819855670292" lon="-122.7651617400891">
				<ele>1.1587655556320833</ele>
				<time>2026-09-15T00:45:22Z</time>
			</trkpt>
			<trkpt lat="48.10822511540141" lon="-122.7651535499138">
				<ele>1.1431836727881723</ele>
				<time>2026-09-15T00:45:24Z</time>
			</trkpt>
			<trkpt lat="48.10825101103449" lon="-122.76515009743436">
				<ele>1.1599172518618772</ele>
				<time>2026-09-15T00:45:26Z</time>
			</trkpt>
			<trkpt lat="48.10827721439906" lon="-122.76514457539513">
				<ele>1.1617207137056162</ele>
				<time>2026-09-15T00:45:28Z</time>
			</trkpt>
			<trkpt lat="48.108302140681246" lon="-122.76513394989101">
				<ele>1.1718084287939092</ele>
				<time>2026-09-15T00:45:30Z</time>
			</trkpt>
			<trkpt lat="48.10832730035284" lon="-122.76512496207413">
				<ele>1.2228507026605975</ele>
				<time>2026-09-15T00:45:32Z</time>
			</trkpt>
			<trkpt lat="48.10835247022198" lon="-122.76511847841704">
				<ele>1.2096620642166478</ele>
				<time>2026-09-15T00:45:34Z</time>
			</trkpt>
			<trkpt lat="48.108379170417095" lon="-122.76511512574633">
				<ele>1.1912966800034575</ele>
				<time>2026-09-15T00:45:36Z</time>
			</trkpt>
			<trkpt lat="48.10840604856947" lon="-122.76511166801221">
				<ele>1.1904440612691438</ele>
				<time>2026-09-15T00:45:38Z</time>
			</trkpt>
			<trkpt lat="48.108433096118354" lon="-122.76510738473718">
				<ele>1.203778998594018</ele>
				<time>2026-09-15T00:45:40Z</time>
			</trkpt>
			<trkpt lat="48.10846112416751" lon="-122.76510394284269">
				<ele>1.211894237789494</ele>
				<time>2026-09-15T00:45:42Z</time>
			</trkpt>
			<trkpt lat="48.108489289379676" lon="-122.76510231919562">
				<ele>1.2505364209692402</ele>
				<time>2026-09-15T00:45:44Z</time>
			</trkpt>
			<trkpt lat="48.108518210090324" lon="-122.76510051938797">
				<ele>1.247375239438302</ele>
				<time>2026-09-15T00:45:46Z</time>
			</trkpt>
			<trkpt lat="48.10854643900241" lon="-122.76510003506982">
				<ele>1.2340721296243373</ele>
				<time>2026-09-15T00:45:48Z</time>
			</trkpt>
			<trkpt lat="48.10857614020216" lon="-122.765102400493">
				<ele>1.2348154002482836</ele>
				<time>2026-09-15T00:45:50Z</time>
			</trkpt>
			<trkpt lat="48.108599810072505" lon="-122.76510966860981">
				<ele>1.2607125274239905</ele>
				<time>2026-09-15T00:45:52Z</time>
			</trkpt>
			<trkpt lat="48.10859499510734" lon="-122.765141906349">
				<ele>1.3276466537589329</ele>
				<time>2026-09-15T00:45:55Z</time>
			</trkpt>
			<trkpt lat="48.10858941598536" lon="-122.76516784482193">
				<ele>1.3013190781083033</ele>
				<time>2026-09-15T00:45:57Z</time>
			</trkpt>
			<trkpt lat="48.108590534222344" lon="-122.76520443178576">
				<ele>1.4121970189469337</ele>
				<time>2026-09-15T00:46:00Z</time>
			</trkpt>
			<trkpt lat="48.1085919447342" lon="-122.76523833623455">
				<ele>1.5365561626362698</ele>
				<time>2026-09-15T00:46:02Z</time>
			</trkpt>
			<trkpt lat="48.108589316525766" lon="-122.76527555749013">
				<ele>1.3337728646672602</ele>
				<time>2026-09-15T00:46:04Z</time>
			</trkpt>
			<trkpt lat="48.10858227274555" lon="-122.76531351067905">
				<ele>1.374531147885655</ele>
				<time>2026-09-15T00:46:06Z</time>
			</trkpt>
			<trkpt lat="48.10857364649847" lon="-122.7653493137764">
				<ele>1.3273851501513718</ele>
				<time>2026-09-15T00:46:08Z</time>
			</trkpt>
			<trkpt lat="48.10856552956175" lon="-122.76538503041324">
				<ele>1.2945407590090312</ele>
				<time>2026-09-15T00:46:10Z</time>
			</trkpt>
			<trkpt lat="48.108558349583426" lon="-122.7654220828354">
				<ele>1.30572967951176</ele>
				<time>2026-09-15T00:46:12Z</time>
			</trkpt>
			<trkpt lat="48.10854971875007" lon="-122.76545882129595">
				<ele>1.2869136806065349</ele>
				<time>2026-09-15T00:46:14Z</time>
			</trkpt>
			<trkpt lat="48.10854109421476" lon="-122.76549395404167">
				<ele>1.202045730598222</ele>
				<time>2026-09-15T00:46:16Z</time>
			</trkpt>
			<trkpt lat="48.108532847968284" lon="-122.76552638048625">
				<ele>1.0838546556595574</ele>
				<time>2026-09-15T00:46:18Z</time>
			</trkpt>
			<trkpt lat="48.108523380600246" lon="-122.76555754428836">
				<ele>1.2569634756451329</ele>
				<time>2026-09-15T00:46:20Z</time>
			</trkpt>
			<trkpt lat="48.1085122689147" lon="-122.76558787579759">
				<ele>1.2544006622775221</ele>
				<time>2026-09-15T00:46:22Z</time>
			</trkpt>
			<trkpt lat="48.10850194333228" lon="-122.7656160228902">
				<ele>1.248990307636543</ele>
				<time>2026-09-15T00:46:24Z</time>
			</trkpt>
			<trkpt lat="48.10849255186129" lon="-122.76564313923924">
				<ele>1.3822223054322045</ele>
				<time>2026-09-15T00:46:26Z</time>
			</trkpt>
			<trkpt lat="48.108485820596854" lon="-122.76567122858727">
				<ele>1.262494440151066</ele>
				<time>2026-09-15T00:46:28Z</time>
			</trkpt>
			<trkpt lat="48.1084780545748" lon="-122.76569868405518">
				<ele>1.2644990249153807</ele>
				<time>2026-09-15T00:46:30Z</time>
			</trkpt>
			<trkpt lat="48.10846152399745" lon="-122.76573397592075">
				<ele>1.3376229198538887</ele>
				<time>2026-09-15T00:46:33Z</time>
			</trkpt>
			<trkpt lat="48.10844639871341" lon="-122.76575793591816">
				<ele>1.3126047891085335</ele>
				<time>2026-09-15T00:46:35Z</time>
			</trkpt>
			<trkpt lat="48.10842910736323" lon="-122.76577773293455">
				<ele>1.3429126338006832</ele>
				<time>2026-09-15T00:46:37Z</time>
			</trkpt>
			<trkpt lat="48.10841119246511" lon="-122.7657924468131">
				<ele>1.3642445379955142</ele>
				<time>2026-09-15T00:46:39Z</time>
			</trkpt>
			<trkpt lat="48.10839046519643" lon="-122.76580997650548">
				<ele>1.2372812567050637</ele>
				<time>2026-09-15T00:46:41Z</time>
			</trkpt>
			<trkpt lat="48.1083781930097" lon="-122.76583917091577">
				<ele>1.3138326206652025</ele>
				<time>2026-09-15T00:46:43Z</time>
			</trkpt>
			<trkpt lat="48.108369820090104" lon="-122.76587020532412">
				<ele>1.3147502011521546</ele>
				<time>2026-09-15T00:46:45Z</time>
			</trkpt>
			<trkpt lat="48.10836429800934" lon="-122.76590071208297">
				<ele>1.3160915049180737</ele>
				<time>2026-09-15T00:46:47Z</time>
			</trkpt>
			<trkpt lat="48.10835676368479" lon="-122.76592542236399">
				<ele>1.3294251004047162</ele>
				<time>2026-09-15T00:46:49Z</time>
			</trkpt>
			<trkpt lat="48.10834930684108" lon="-122.76595165609956">
				<ele>1.3457584691146707</ele>
				<time>2026-09-15T00:46:51Z</time>
			</trkpt>
			<trkpt lat="48.10834350532741" lon="-122.76597729529315">
				<ele>1.3319757026462398</ele>
				<time>2026-09-15T00:46:53Z</time>
			</trkpt>
			<trkpt lat="48.10833579450002" lon="-122.76601499739347">
				<ele>1.3315007228300715</ele>
				<time>2026-09-15T00:46:56Z</time>
			</trkpt>
			<trkpt lat="48.10832861228588" lon="-122.7660482497305">
				<ele>1.329363485061375</ele>
				<time>2026-09-15T00:46:59Z</time>
			</trkpt>
			<trkpt lat="48.1083194917877" lon="-122.7660835001102">
				<ele>1.3255058562021098</ele>
				<time>2026-09-15T00:47:02Z</time>
			</trkpt>
			<trkpt lat="48.10831329734919" lon="-122.76610992955398">
				<ele>1.3258171461349555</ele>
				<time>2026-09-15T00:47:04Z</time>
			</trkpt>
			<trkpt lat="48.10830364730055" lon="-122.76614575805785">
				<ele>1.301980832443654</ele>
				<time>2026-09-15T00:47:07Z</time>
			</trkpt>
			<trkpt lat="48.108294957020334" lon="-122.76618147499245">
				<ele>1.2826453985494979</ele>
				<time>2026-09-15T00:47:10Z</time>
			</trkpt>
			<trkpt lat="48.108284831452586" lon="-122.7662329858008">
				<ele>1.2677696294225598</ele>
				<time>2026-09-15T00:47:12Z</time>
			</trkpt>
			<trkpt lat="48.10827872896292" lon="-122.7662655580187">
				<ele>1.1745935462598105</ele>
				<time>2026-09-15T00:47:14Z</time>
			</trkpt>
			<trkpt lat="48.10827615411498" lon="-122.76629730926193">
				<ele>1.1635139369778322</ele>
				<time>2026-09-15T00:47:16Z</time>
			</trkpt>
			<trkpt lat="48.10827244559042" lon="-122.76632490126103">
				<ele>1.1033462673029817</ele>
				<time>2026-09-15T00:47:18Z</time>
			</trkpt>
			<trkpt lat="48.10826829484448" lon="-122.76635594790311">
				<ele>1.2418210442503117</ele>
				<time>2026-09-15T00:47:20Z</time>
			</trkpt>
			<trkpt lat="48.108265285264764" lon="-122.76638604790999">
				<ele>1.2497685969207808</ele>
				<time>2026-09-15T00:47:22Z</time>
			</trkpt>
			<trkpt lat="48.108259836032225" lon="-122.76641732539993">
				<ele>1.2116974129742992</ele>
				<time>2026-09-15T00:47:24Z</time>
			</trkpt>
			<trkpt lat="48.10825241375672" lon="-122.76644949804479">
				<ele>1.338899376600999</ele>
				<time>2026-09-15T00:47:26Z</time>
			</trkpt>
			<trkpt lat="48.10824588533272" lon="-122.76648194947808">
				<ele>1.3364216421785216</ele>
				<time>2026-09-15T00:47:28Z</time>
			</trkpt>
			<trkpt lat="48.10824091965424" lon="-122.76651164229946">
				<ele>1.352124887057876</ele>
				<time>2026-09-15T00:47:30Z</time>
			</trkpt>
			<trkpt lat="48.10823354620552" lon="-122.76654453450708">
				<ele>1.3314080176329632</ele>
				<time>2026-09-15T00:47:32Z</time>
			</trkpt>
			<trkpt lat="48.108226441410174" lon="-122.7665779589867">
				<ele>1.326414690443574</ele>
				<time>2026-09-15T00:47:34Z</time>
			</trkpt>
			<trkpt lat="48.10821962455386" lon="-122.76661275240224">
				<ele>1.291049010371232</ele>
				<time>2026-09-15T00:47:36Z</time>
			</trkpt>
			<trkpt lat="48.108211786404915" lon="-122.76664913434865">
				<ele>1.2461353422762578</ele>
				<time>2026-09-15T00:47:38Z</time>
			</trkpt>
			<trkpt lat="48.10820352362636" lon="-122.76668740178485">
				<ele>1.2547550625527109</ele>
				<time>2026-09-15T00:47:40Z</time>
			</trkpt>
			<trkpt lat="48.108194129915354" lon="-122.76672477610234">
				<ele>1.249608119732276</ele>
				<time>2026-09-15T00:47:42Z</time>
			</trkpt>
			<trkpt lat="48.10818448474138" lon="-122.7667608447886">
				<ele>1.3280443342242094</ele>
				<time>2026-09-15T00:47:44Z</time>
			</trkpt>
			<trkpt lat="48.10817704483242" lon="-122.76679914725504">
				<ele>1.2629139292480467</ele>
				<time>2026-09-15T00:47:46Z</time>
			</trkpt>
			<trkpt lat="48.10817149471933" lon="-122.76683493157238">
				<ele>1.3456856578514973</ele>
				<time>2026-09-15T00:47:48Z</time>
			</trkpt>
			<trkpt lat="48.10814883346049" lon="-122.76685322521959">
				<ele>1.3688907117057951</ele>
				<time>2026-09-15T00:47:50Z</time>
			</trkpt>
			<trkpt lat="48.10812069575203" lon="-122.76684637212124">
				<ele>1.5023271664594446</ele>
				<time>2026-09-15T00:47:52Z</time>
			</trkpt>
			<trkpt lat="48.10809526077753" lon="-122.76683551340125">
				<ele>1.5070519192195988</ele>
				<time>2026-09-15T00:47:54Z</time>
			</trkpt>
			<trkpt lat="48.10807125876537" lon="-122.76681435028426">
				<ele>1.3218106199279092</ele>
				<time>2026-09-15T00:47:56Z</time>
			</trkpt>
			<trkpt lat="48.108048155841125" lon="-122.76679702720428">
				<ele>1.287548628442213</ele>
				<time>2026-09-15T00:47:58Z</time>
			</trkpt>
			<trkpt lat="48.1080260654405" lon="-122.76678323795035">
				<ele>1.2545462883178722</ele>
				<time>2026-09-15T00:48:00Z</time>
			</trkpt>
			<trkpt lat="48.108007496195526" lon="-122.76676520560635">
				<ele>1.253480351449923</ele>
				<time>2026-09-15T00:48:02Z</time>
			</trkpt>
			<trkpt lat="48.107984748081726" lon="-122.76674419798968">
				<ele>0.8387857756304165</ele>
				<time>2026-09-15T00:48:04Z</time>
			</trkpt>
			<trkpt lat="48.10796703949012" lon="-122.76672004313056">
				<ele>0.813198562655657</ele>
				<time>2026-09-15T00:48:06Z</time>
			</trkpt>
			<trkpt lat="48.107950612389935" lon="-122.7666995991663">
				<ele>0.8442354691938014</ele>
				<time>2026-09-15T00:48:08Z</time>
			</trkpt>
			<trkpt lat="48.10793491283881" lon="-122.76667413791331">
				<ele>0.8408177053112098</ele>
				<time>2026-09-15T00:48:10Z</time>
			</trkpt>
			<trkpt lat="48.107920139127096" lon="-122.76664560403813">
				<ele>0.7936083859067224</ele>
				<time>2026-09-15T00:48:12Z</time>
			</trkpt>
			<trkpt lat="48.1079090471777" lon="-122.76662236854293">
				<ele>1.1052730648276992</ele>
				<time>2026-09-15T00:48:14Z</time>
			</trkpt>
			<trkpt lat="48.107896870446325" lon="-122.76659281494244">
				<ele>1.0375404671355142</ele>
				<time>2026-09-15T00:48:16Z</time>
			</trkpt>
			<trkpt lat="48.107888950687" lon="-122.76656097394563">
				<ele>1.1308905211488955</ele>
				<time>2026-09-15T00:48:18Z</time>
			</trkpt>
			<trkpt lat="48.10788013016994" lon="-122.76653023287228">
				<ele>1.1414259430764986</ele>
				<time>2026-09-15T00:48:20Z</time>
			</trkpt>
			<trkpt lat="48.10787100784469" lon="-122.76649702237938">
				<ele>1.1419266243758521</ele>
				<time>2026-09-15T00:48:22Z</time>
			</trkpt>
			<trkpt lat="48.107865352912896" lon="-122.76646287371292">
				<ele>1.153119150473799</ele>
				<time>2026-09-15T00:48:24Z</time>
			</trkpt>
			<trkpt lat="48.10786496300437" lon="-122.76643018518187">
				<ele>1.3445693154517109</ele>
				<time>2026-09-15T00:48:26Z</time>
			</trkpt>
			<trkpt lat="48.10786468594169" lon="-122.76639720118577">
				<ele>1.3559487303399855</ele>
				<time>2026-09-15T00:48:28Z</time>
			</trkpt>
			<trkpt lat="48.107863478911355" lon="-122.76636596767594">
				<ele>1.4744589609269312</ele>
				<time>2026-09-15T00:48:30Z</time>
			</trkpt>
			<trkpt lat="48.107860268115175" lon="-122.76633285352563">
				<ele>1.4671909650630255</ele>
				<time>2026-09-15T00:48:32Z</time>
			</trkpt>
			<trkpt lat="48.10786197545418" lon="-122.76630109108388">
				<ele>1.4976408727852153</ele>
				<time>2026-09-15T00:48:34Z</time>
			</trkpt>
			<trkpt lat="48.10786296629924" lon="-122.76627089373669">
				<ele>1.486210486932194</ele>
				<time>2026-09-15T00:48:36Z</time>
			</trkpt>
			<trkpt lat="48.10786056065588" lon="-122.76623915297077">
				<ele>1.4191081348305907</ele>
				<time>2026-09-15T00:48:38Z</time>
			</trkpt>
			<trkpt lat="48.10785804811255" lon="-122.76620148638119">
				<ele>1.3845012981624798</ele>
				<time>2026-09-15T00:48:40Z</time>
			</trkpt>
			<trkpt lat="48.10786435872615" lon="-122.76617615626546">
				<ele>1.2394629204593777</ele>
				<time>2026-09-15T00:48:42Z</time>
			</trkpt>
			<trkpt lat="48.10787508984789" lon="-122.76615092481681">
				<ele>1.2282693383375225</ele>
				<time>2026-09-15T00:48:44Z</time>
			</trkpt>
			<trkpt lat="48.10787966503862" lon="-122.7661041806728">
				<ele>1.1586284796806758</ele>
				<time>2026-09-15T00:48:47Z</time>
			</trkpt>
			<trkpt lat="48.10788914667115" lon="-122.76606631965046">
				<ele>1.0455055009083871</ele>
				<time>2026-09-15T00:48:49Z</time>
			</trkpt>
			<trkpt lat="48.107891710127426" lon="-122.76602448629492">
				<ele>1.114440598772216</ele>
				<time>2026-09-15T00:48:51Z</time>
			</trkpt>
			<trkpt lat="48.10788594185409" lon="-122.7659752876086">
				<ele>0.9559714878198342</ele>
				<time>2026-09-15T00:48:53Z</time>
			</trkpt>
			<trkpt lat="48.10787291455857" lon="-122.76593037408396">
				<ele>0.9728357952617124</ele>
				<time>2026-09-15T00:48:55Z</time>
			</trkpt>
			<trkpt lat="48.10785619688605" lon="-122.76588929756328">
				<ele>1.017120657090537</ele>
				<time>2026-09-15T00:48:57Z</time>
			</trkpt>
			<trkpt lat="48.107844900296804" lon="-122.76584639554504">
				<ele>1.1212411886732028</ele>
				<time>2026-09-15T00:48:59Z</time>
			</trkpt>
			<trkpt lat="48.107849730140146" lon="-122.76581582347276">
				<ele>1.1912059312119396</ele>
				<time>2026-09-15T00:49:01Z</time>
			</trkpt>
			<trkpt lat="48.107875232771434" lon="-122.76580615674887">
				<ele>1.2103295440399648</ele>
				<time>2026-09-15T00:49:04Z</time>
			</trkpt>
			<trkpt lat="48.10788955412349" lon="-122.76582444038952">
				<ele>1.166473689239698</ele>
				<time>2026-09-15T00:49:08Z</time>
			</trkpt>
			<trkpt lat="48.10787447106762" lon="-122.76584511798448">
				<ele>1.0439251124583642</ele>
				<time>2026-09-15T00:49:12Z</time>
			</trkpt>
			<trkpt lat="48.10785648569674" lon="-122.76582706724191">
				<ele>1.1976837561449578</ele>
				<time>2026-09-15T00:49:14Z</time>
			</trkpt>
			<trkpt lat="48.10784580790033" lon="-122.76579882250043">
				<ele>1.2347306274781111</ele>
				<time>2026-09-15T00:49:16Z</time>
			</trkpt>
			<trkpt lat="48.10785469142789" lon="-122.76577385551587">
				<ele>1.1249932074216602</ele>
				<time>2026-09-15T00:49:18Z</time>
			</trkpt>
			<trkpt lat="48.10786482091553" lon="-122.76574623798756">
				<ele>1.1355805671605808</ele>
				<time>2026-09-15T00:49:20Z</time>
			</trkpt>
			<trkpt lat="48.10787126736103" lon="-122.76570296937862">
				<ele>1.1162293856106942</ele>
				<time>2026-09-15T00:49:22Z</time>
			</trkpt>
			<trkpt lat="48.10787259309107" lon="-122.76567470112431">
				<ele>1.136958107352477</ele>
				<time>2026-09-15T00:49:23Z</time>
			</trkpt>
			<trkpt lat="48.10787167324053" lon="-122.7656471161334">
				<ele>1.1300436071315652</ele>
				<time>2026-09-15T00:49:24Z</time>
			</trkpt>
			<trkpt lat="48.107869286969844" lon="-122.765615019056">
				<ele>1.056407528815086</ele>
				<time>2026-09-15T00:49:25Z</time>
			</trkpt>
			<trkpt lat="48.10786750225162" lon="-122.7655860237215">
				<ele>1.1046641658505791</ele>
				<time>2026-09-15T00:49:26Z</time>
			</trkpt>
			<trkpt lat="48.107860892602474" lon="-122.7655366344611">
				<ele>1.0489350146410352</ele>
				<time>2026-09-15T00:49:28Z</time>
			</trkpt>
			<trkpt lat="48.10785495156169" lon="-122.76548569497481">
				<ele>1.1650302786684676</ele>
				<time>2026-09-15T00:49:30Z</time>
			</trkpt>
			<trkpt lat="48.107851624054625" lon="-122.76545290885144">
				<ele>1.260915517371597</ele>
				<time>2026-09-15T00:49:31Z</time>
			</trkpt>
			<trkpt lat="48.10785027108599" lon="-122.7654222156615">
				<ele>1.2747875924718421</ele>
				<time>2026-09-15T00:49:32Z</time>
			</trkpt>
			<trkpt lat="48.107850889853296" lon="-122.76539201548174">
				<ele>1.27793125561735</ele>
				<time>2026-09-15T00:49:33Z</time>
			</trkpt>
			<trkpt lat="48.107851782866526" lon="-122.76536167957609">
				<ele>1.2588866489523198</ele>
				<time>2026-09-15T00:49:34Z</time>
			</trkpt>
			<trkpt lat="48.10785264818371" lon="-122.76533106724371">
				<ele>1.2636470033928369</ele>
				<time>2026-09-15T00:49:35Z</time>
			</trkpt>
			<trkpt lat="48.107853074254" lon="-122.7653014797283">
				<ele>1.2662774230372307</ele>
				<time>2026-09-15T00:49:36Z</time>
			</trkpt>
			<trkpt lat="48.107859877802994" lon="-122.76525396312209">
				<ele>1.275490277933244</ele>
				<time>2026-09-15T00:49:38Z</time>
			</trkpt>
			<trkpt lat="48.107870694317" lon="-122.76522756060649">
				<ele>1.255474491296848</ele>
				<time>2026-09-15T00:49:39Z</time>
			</trkpt>
			<trkpt lat="48.107884748825846" lon="-122.76520658481417">
				<ele>1.2617143250398613</ele>
				<time>2026-09-15T00:49:40Z</time>
			</trkpt>
			<trkpt lat="48.1079032442228" lon="-122.7651915806784">
				<ele>1.28133447556705</ele>
				<time>2026-09-15T00:49:41Z</time>
			</trkpt>
			<trkpt lat="48.10792516214681" lon="-122.76518779357481">
				<ele>1.3046499760922359</ele>
				<time>2026-09-15T00:49:42Z</time>
			</trkpt>
			<trkpt lat="48.10794529939062" lon="-122.76518622115725">
				<ele>1.2928062734036203</ele>
				<time>2026-09-15T00:49:43Z</time>
			</trkpt>
			<trkpt lat="48.10796781889869" lon="-122.7651868761842">
				<ele>1.2516056462833411</ele>
				<time>2026-09-15T00:49:44Z</time>
			</trkpt>
			<trkpt lat="48.10798455003796" lon="-122.76519904771179">
				<ele>1.241209584459476</ele>
				<time>2026-09-15T00:49:45Z</time>
			</trkpt>
			<trkpt lat="48.10801411209611" lon="-122.76521297069213">
				<ele>1.2122169568306411</ele>
				<time>2026-09-15T00:49:47Z</time>
			</trkpt>
			<trkpt lat="48.10804698820089" lon="-122.76521913615203">
				<ele>1.2806058068524138</ele>
				<time>2026-09-15T00:49:49Z</time>
			</trkpt>
			<trkpt lat="48.10808047735366" lon="-122.76522055641514">
				<ele>1.2249331751882053</ele>
				<time>2026-09-15T00:49:51Z</time>
			</trkpt>
			<trkpt lat="48.10811175716738" lon="-122.76522027309504">
				<ele>1.2267033367003144</ele>
				<time>2026-09-15T00:49:53Z</time>
			</trkpt>
			<trkpt lat="48.10814266122121" lon="-122.76521749479778">
				<ele>1.2767766956943625</ele>
				<time>2026-09-15T00:49:55Z</time>
			</trkpt>
			<trkpt lat="48.10816953045245" lon="-122.76521694436354">
				<ele>1.2876540533282892</ele>
				<time>2026-09-15T00:49:57Z</time>
			</trkpt>
			<trkpt lat="48.10819370738004" lon="-122.76522207611482">
				<ele>1.2601696960666366</ele>
				<time>2026-09-15T00:49:59Z</time>
			</trkpt>
			<trkpt lat="48.10821525062497" lon="-122.76522101689665">
				<ele>1.2004026413224587</ele>
				<time>2026-09-15T00:50:01Z</time>
			</trkpt>
			<trkpt lat="48.108227912343395" lon="-122.76518742397835">
				<ele>1.1295061445096657</ele>
				<time>2026-09-15T00:50:03Z</time>
			</trkpt>
			<trkpt lat="48.108230763287985" lon="-122.7651417372487">
				<ele>1.1948126133139283</ele>
				<time>2026-09-15T00:50:05Z</time>
			</trkpt>
			<trkpt lat="48.108222472884535" lon="-122.76509701307185">
				<ele>1.3485445674643088</ele>
				<time>2026-09-15T00:50:07Z</time>
			</trkpt>
			<trkpt lat="48.108207802727016" lon="-122.76505717644525">
				<ele>1.3325975209567922</ele>
				<time>2026-09-15T00:50:09Z</time>
			</trkpt>
			<trkpt lat="48.108186441184586" lon="-122.76501886892049">
				<ele>1.2505059790400281</ele>
				<time>2026-09-15T00:50:11Z</time>
			</trkpt>
			<trkpt lat="48.108167682049356" lon="-122.76498370968528">
				<ele>1.32267385465817</ele>
				<time>2026-09-15T00:50:13Z</time>
			</trkpt>
			<trkpt lat="48.108147409151336" lon="-122.76494903727632">
				<ele>1.300057059788628</ele>
				<time>2026-09-15T00:50:15Z</time>
			</trkpt>
			<trkpt lat="48.108122910941866" lon="-122.76491722831568">
				<ele>1.443283061901571</ele>
				<time>2026-09-15T00:50:17Z</time>
			</trkpt>
			<trkpt lat="48.108100246397605" lon="-122.76489225891673">
				<ele>1.3833850298994825</ele>
				<time>2026-09-15T00:50:19Z</time>
			</trkpt>
			<trkpt lat="48.10807643507563" lon="-122.76486674274265">
				<ele>1.3212795255573369</ele>
				<time>2026-09-15T00:50:21Z</time>
			</trkpt>
			<trkpt lat="48.10805283018772" lon="-122.76484467209757">
				<ele>1.312381784686874</ele>
				<time>2026-09-15T00:50:23Z</time>
			</trkpt>
			<trkpt lat="48.1080273812341" lon="-122.7648190609182">
				<ele>1.0455019730952984</ele>
				<time>2026-09-15T00:50:25Z</time>
			</trkpt>
			<trkpt lat="48.108000355558886" lon="-122.7647959705034">
				<ele>1.1812888126816148</ele>
				<time>2026-09-15T00:50:27Z</time>
			</trkpt>
			<trkpt lat="48.1079720855581" lon="-122.76477828423114">
				<ele>0.9240772804995494</ele>
				<time>2026-09-15T00:50:29Z</time>
			</trkpt>
			<trkpt lat="48.10794198965772" lon="-122.7647623702628">
				<ele>1.1425800908385142</ele>
				<time>2026-09-15T00:50:31Z</time>
			</trkpt>
			<trkpt lat="48.10791320595018" lon="-122.76474992293026">
				<ele>1.2173744014470458</ele>
				<time>2026-09-15T00:50:33Z</time>
			</trkpt>
			<trkpt lat="48.10788560456885" lon="-122.76473206995512">
				<ele>1.1901472952159189</ele>
				<time>2026-09-15T00:50:35Z</time>
			</trkpt>
			<trkpt lat="48.107856755710074" lon="-122.76471811367847">
				<ele>1.3590520010975666</ele>
				<time>2026-09-15T00:50:37Z</time>
			</trkpt>
			<trkpt lat="48.10783189985134" lon="-122.7647257100188">
				<ele>1.4587479337600016</ele>
				<time>2026-09-15T00:50:39Z</time>
			</trkpt>
			<trkpt lat="48.10780813678475" lon="-122.76474736316153">
				<ele>1.4302890924048839</ele>
				<time>2026-09-15T00:50:42Z</time>
			</trkpt>
			<trkpt lat="48.107805476656594" lon="-122.76477479772707">
				<ele>1.2700461930331883</ele>
				<time>2026-09-15T00:50:44Z</time>
			</trkpt>
			<trkpt lat="48.107800841191285" lon="-122.76481642614513">
				<ele>1.3364080668490637</ele>
				<time>2026-09-15T00:50:46Z</time>
			</trkpt>
			<trkpt lat="48.10780103040526" lon="-122.76484789106306">
				<ele>1.3365880053621098</ele>
				<time>2026-09-15T00:50:48Z</time>
			</trkpt>
			<trkpt lat="48.107790943798896" lon="-122.76487815097548">
				<ele>1.2857720743899606</ele>
				<time>2026-09-15T00:50:50Z</time>
			</trkpt>
			<trkpt lat="48.107767265900286" lon="-122.7649079239572">
				<ele>1.3732019902093668</ele>
				<time>2026-09-15T00:50:52Z</time>
			</trkpt>
			<trkpt lat="48.107753295484294" lon="-122.764928761646">
				<ele>1.4352277070698776</ele>
				<time>2026-09-15T00:50:53Z</time>
			</trkpt>
			<trkpt lat="48.107738247949854" lon="-122.76495284673008">
				<ele>1.3087824946967004</ele>
				<time>2026-09-15T00:50:54Z</time>
			</trkpt>
			<trkpt lat="48.10772266879659" lon="-122.76497590384191">
				<ele>1.2966969272862094</ele>
				<time>2026-09-15T00:50:55Z</time>
			</trkpt>
			<trkpt lat="48.107695238632004" lon="-122.76500647335678">
				<ele>1.5360584674268303</ele>
				<time>2026-09-15T00:50:57Z</time>
			</trkpt>
			<trkpt lat="48.10766973576609" lon="-122.76504803863662">
				<ele>1.3185750232212534</ele>
				<time>2026-09-15T00:50:59Z</time>
			</trkpt>
			<trkpt lat="48.107656277996874" lon="-122.76507203966882">
				<ele>1.783629345200623</ele>
				<time>2026-09-15T00:51:00Z</time>
			</trkpt>
			<trkpt lat="48.10764465517532" lon="-122.76509515824768">
				<ele>1.7653774239334616</ele>
				<time>2026-09-15T00:51:01Z</time>
			</trkpt>
			<trkpt lat="48.10763405010484" lon="-122.76512111592788">
				<ele>1.7215509057491758</ele>
				<time>2026-09-15T00:51:02Z</time>
			</trkpt>
			<trkpt lat="48.10762162685422" lon="-122.76514248400609">
				<ele>1.7356553760830415</ele>
				<time>2026-09-15T00:51:03Z</time>
			</trkpt>
			<trkpt lat="48.10760828172831" lon="-122.76516642245547">
				<ele>1.6507175888881385</ele>
				<time>2026-09-15T00:51:04Z</time>
			</trkpt>
			<trkpt lat="48.10760804918116" lon="-122.765197935623">
				<ele>1.307075084699008</ele>
				<time>2026-09-15T00:51:05Z</time>
			</trkpt>
			<trkpt lat="48.1076258760244" lon="-122.76521727301842">
				<ele>1.5378004003198704</ele>
				<time>2026-09-15T00:51:07Z</time>
			</trkpt>
			<trkpt lat="48.107648152084785" lon="-122.76521534524186">
				<ele>1.4020513393054586</ele>
				<time>2026-09-15T00:51:09Z</time>
			</trkpt>
			<trkpt lat="48.10767575162559" lon="-122.76520377174836">
				<ele>1.3578477821941561</ele>
				<time>2026-09-15T00:51:11Z</time>
			</trkpt>
			<trkpt lat="48.10770769474519" lon="-122.7651930567632">
				<ele>1.245871649242094</ele>
				<time>2026-09-15T00:51:13Z</time>
			</trkpt>
			<trkpt lat="48.10774166041526" lon="-122.76518152913717">
				<ele>1.174958031418015</ele>
				<time>2026-09-15T00:51:15Z</time>
			</trkpt>
			<trkpt lat="48.107776428751" lon="-122.76517660880509">
				<ele>1.1848707787983415</ele>
				<time>2026-09-15T00:51:17Z</time>
			</trkpt>
			<trkpt lat="48.10779470328718" lon="-122.76517531833193">
				<ele>1.2104053849684533</ele>
				<time>2026-09-15T00:51:18Z</time>
			</trkpt>
			<trkpt lat="48.10783007242639" lon="-122.76517181849077">
				<ele>1.2436217095670123</ele>
				<time>2026-09-15T00:51:20Z</time>
			</trkpt>
			<trkpt lat="48.107847719365694" lon="-122.76516506185685">
				<ele>1.163586333311649</ele>
				<time>2026-09-15T00:51:21Z</time>
			</trkpt>
			<trkpt lat="48.1078783832177" lon="-122.76514472346408">
				<ele>1.1592074797914904</ele>
				<time>2026-09-15T00:51:23Z</time>
			</trkpt>
			<trkpt lat="48.10790320965557" lon="-122.76511063180838">
				<ele>1.4232524604707244</ele>
				<time>2026-09-15T00:51:25Z</time>
			</trkpt>
			<trkpt lat="48.10793039698253" lon="-122.76509318669778">
				<ele>1.2231837465420945</ele>
				<time>2026-09-15T00:51:27Z</time>
			</trkpt>
			<trkpt lat="48.107959235921264" lon="-122.76508671109865">
				<ele>1.2543259570447702</ele>
				<time>2026-09-15T00:51:29Z</time>
			</trkpt>
			<trkpt lat="48.10798828898611" lon="-122.76509319797782">
				<ele>1.3234743496817778</ele>
				<time>2026-09-15T00:51:31Z</time>
			</trkpt>
			<trkpt lat="48.10801187667705" lon="-122.76509817654373">
				<ele>1.204807147596295</ele>
				<time>2026-09-15T00:51:33Z</time>
			</trkpt>
			<trkpt lat="48.10803501951117" lon="-122.76510549438129">
				<ele>1.2741223317895134</ele>
				<time>2026-09-15T00:51:35Z</time>
			</trkpt>
			<trkpt lat="48.10806217081116" lon="-122.76510771960335">
				<ele>1.2813823913184912</ele>
				<time>2026-09-15T00:51:37Z</time>
			</trkpt>
			<trkpt lat="48.1080858876146" lon="-122.76511105007972">
				<ele>1.546112895023228</ele>
				<time>2026-09-15T00:51:39Z</time>
			</trkpt>
			<trkpt lat="48.108112766813775" lon="-122.76511410632551">
				<ele>1.4049787021145157</ele>
				<time>2026-09-15T00:51:41Z</time>
			</trkpt>
			<trkpt lat="48.10813309690064" lon="-122.76511614796505">
				<ele>1.3635318808775239</ele>
				<time>2026-09-15T00:51:43Z</time>
			</trkpt>
			<trkpt lat="48.108161895951746" lon="-122.76512069849836">
				<ele>1.3330785938221048</ele>
				<time>2026-09-15T00:51:45Z</time>
			</trkpt>
			<trkpt lat="48.108191559050155" lon="-122.76512614796822">
				<ele>1.311640027154585</ele>
				<time>2026-09-15T00:51:47Z</time>
			</trkpt>
			<trkpt lat="48.10822079056695" lon="-122.76513217803364">
				<ele>1.323052294928413</ele>
				<time>2026-09-15T00:51:49Z</time>
			</trkpt>
			<trkpt lat="48.10824973751012" lon="-122.76513866343939">
				<ele>1.306008122727345</ele>
				<time>2026-09-15T00:51:51Z</time>
			</trkpt>
			<trkpt lat="48.10828196818043" lon="-122.7651446854078">
				<ele>1.2534968036841185</ele>
				<time>2026-09-15T00:51:53Z</time>
			</trkpt>
			<trkpt lat="48.10831726444024" lon="-122.76515307736315">
				<ele>1.2449671514942224</ele>
				<time>2026-09-15T00:51:55Z</time>
			</trkpt>
			<trkpt lat="48.1083429703072" lon="-122.76516315094933">
				<ele>1.2424495881557327</ele>
				<time>2026-09-15T00:51:57Z</time>
			</trkpt>
			<trkpt lat="48.108371153185615" lon="-122.765171289226">
				<ele>1.2121247697547233</ele>
				<time>2026-09-15T00:51:59Z</time>
			</trkpt>
			<trkpt lat="48.10841754158849" lon="-122.7651778413053">
				<ele>1.330886097569259</ele>
				<time>2026-09-15T00:52:02Z</time>
			</trkpt>
			<trkpt lat="48.108442368173435" lon="-122.76518962533552">
				<ele>1.2995473574253502</ele>
				<time>2026-09-15T00:52:04Z</time>
			</trkpt>
			<trkpt lat="48.108450233860864" lon="-122.76521477162493">
				<ele>1.4034084957628394</ele>
				<time>2026-09-15T00:52:07Z</time>
			</trkpt>
			<trkpt lat="48.108447116732314" lon="-122.76524497779457">
				<ele>1.327359075821306</ele>
				<time>2026-09-15T00:52:10Z</time>
			</trkpt>
			<trkpt lat="48.10844287750035" lon="-122.76527298943701">
				<ele>1.3456541304844372</ele>
				<time>2026-09-15T00:52:12Z</time>
			</trkpt>
			<trkpt lat="48.10843272305889" lon="-122.76531100834607">
				<ele>0.899041933436191</ele>
				<time>2026-09-15T00:52:15Z</time>
			</trkpt>
			<trkpt lat="48.10842170422963" lon="-122.76533847586272">
				<ele>1.044353698415872</ele>
				<time>2026-09-15T00:52:17Z</time>
			</trkpt>
			<trkpt lat="48.10841255844187" lon="-122.76536522516864">
				<ele>1.5805399138445537</ele>
				<time>2026-09-15T00:52:19Z</time>
			</trkpt>
			<trkpt lat="48.10840694824555" lon="-122.76539290858625">
				<ele>1.42023214542575</ele>
				<time>2026-09-15T00:52:21Z</time>
			</trkpt>
			<trkpt lat="48.10840075315647" lon="-122.76543244479252">
				<ele>1.409240188559533</ele>
				<time>2026-09-15T00:52:24Z</time>
			</trkpt>
			<trkpt lat="48.10839437112707" lon="-122.76545984423353">
				<ele>1.3760109984604618</ele>
				<time>2026-09-15T00:52:26Z</time>
			</trkpt>
			<trkpt lat="48.1083899653312" lon="-122.76548671987277">
				<ele>1.3932692028237135</ele>
				<time>2026-09-15T00:52:28Z</time>
			</trkpt>
			<trkpt lat="48.10838327183628" lon="-122.7655147468552">
				<ele>1.4039230430581036</ele>
				<time>2026-09-15T00:52:30Z</time>
			</trkpt>
			<trkpt lat="48.108378080675074" lon="-122.76554065545648">
				<ele>1.4095990122788535</ele>
				<time>2026-09-15T00:52:32Z</time>
			</trkpt>
			<trkpt lat="48.10837248036926" lon="-122.7655696406012">
				<ele>1.4714341642594846</ele>
				<time>2026-09-15T00:52:34Z</time>
			</trkpt>
			<trkpt lat="48.10836630491403" lon="-122.76560320720462">
				<ele>1.464743226765382</ele>
				<time>2026-09-15T00:52:36Z</time>
			</trkpt>
			<trkpt lat="48.10836052501021" lon="-122.76563602722533">
				<ele>1.452824777006537</ele>
				<time>2026-09-15T00:52:38Z</time>
			</trkpt>
			<trkpt lat="48.10835468138809" lon="-122.76567264841964">
				<ele>1.398519226218788</ele>
				<time>2026-09-15T00:52:40Z</time>
			</trkpt>
			<trkpt lat="48.108348481508585" lon="-122.7657116191819">
				<ele>1.4223983894470535</ele>
				<time>2026-09-15T00:52:42Z</time>
			</trkpt>
			<trkpt lat="48.10834137172953" lon="-122.76575306468534">
				<ele>1.3913048088254243</ele>
				<time>2026-09-15T00:52:44Z</time>
			</trkpt>
			<trkpt lat="48.10833435067173" lon="-122.76579280923625">
				<ele>1.364533449693596</ele>
				<time>2026-09-15T00:52:46Z</time>
			</trkpt>
			<trkpt lat="48.108327740905715" lon="-122.76582749620104">
				<ele>1.3649441732896612</ele>
				<time>2026-09-15T00:52:48Z</time>
			</trkpt>
			<trkpt lat="48.108318688144905" lon="-122.76587478781839">
				<ele>1.367554537113385</ele>
				<time>2026-09-15T00:52:50Z</time>
			</trkpt>
			<trkpt lat="48.108314226997095" lon="-122.76591412064636">
				<ele>1.3581110708135746</ele>
				<time>2026-09-15T00:52:52Z</time>
			</trkpt>
			<trkpt lat="48.10830976482955" lon="-122.76595333486691">
				<ele>1.3320495918813897</ele>
				<time>2026-09-15T00:52:54Z</time>
			</trkpt>
			<trkpt lat="48.10830422459597" lon="-122.7659939267492">
				<ele>1.3257322574209773</ele>
				<time>2026-09-15T00:52:56Z</time>
			</trkpt>
			<trkpt lat="48.10829866281317" lon="-122.76603059027924">
				<ele>1.3446013254334233</ele>
				<time>2026-09-15T00:52:58Z</time>
			</trkpt>
			<trkpt lat="48.10829127599734" lon="-122.7660695646527">
				<ele>1.364529204257824</ele>
				<time>2026-09-15T00:53:00Z</time>
			</trkpt>
			<trkpt lat="48.108284294332144" lon="-122.76610838592907">
				<ele>1.360380849397739</ele>
				<time>2026-09-15T00:53:02Z</time>
			</trkpt>
			<trkpt lat="48.10827737815396" lon="-122.76614644417296">
				<ele>1.3671622632713998</ele>
				<time>2026-09-15T00:53:04Z</time>
			</trkpt>
			<trkpt lat="48.108270062156535" lon="-122.76618425099116">
				<ele>1.354731227011552</ele>
				<time>2026-09-15T00:53:06Z</time>
			</trkpt>
			<trkpt lat="48.1082633743377" lon="-122.76622060088478">
				<ele>1.3671915675501793</ele>
				<time>2026-09-15T00:53:08Z</time>
			</trkpt>
			<trkpt lat="48.10825682204018" lon="-122.76625627164302">
				<ele>1.339793985084615</ele>
				<time>2026-09-15T00:53:10Z</time>
			</trkpt>
			<trkpt lat="48.10824963938045" lon="-122.76629117266464">
				<ele>1.3450037919119424</ele>
				<time>2026-09-15T00:53:12Z</time>
			</trkpt>
			<trkpt lat="48.10824386546011" lon="-122.7663265841866">
				<ele>1.291148394148248</ele>
				<time>2026-09-15T00:53:14Z</time>
			</trkpt>
			<trkpt lat="48.10823967036949" lon="-122.76636542104904">
				<ele>1.3286410989952948</ele>
				<time>2026-09-15T00:53:16Z</time>
			</trkpt>
			<trkpt lat="48.10823486757745" lon="-122.76640306677729">
				<ele>1.339912747753786</ele>
				<time>2026-09-15T00:53:18Z</time>
			</trkpt>
			<trkpt lat="48.10822879272278" lon="-122.76643990112079">
				<ele>1.3422273649206247</ele>
				<time>2026-09-15T00:53:20Z</time>
			</trkpt>
			<trkpt lat="48.10822337836738" lon="-122.76647517425673">
				<ele>1.3251697687525876</ele>
				<time>2026-09-15T00:53:22Z</time>
			</trkpt>
			<trkpt lat="48.10821724672616" lon="-122.76651294454304">
				<ele>1.3282055122619454</ele>
				<time>2026-09-15T00:53:24Z</time>
			</trkpt>
			<trkpt lat="48.108211052720065" lon="-122.76655004958944">
				<ele>1.3089893648792668</ele>
				<time>2026-09-15T00:53:26Z</time>
			</trkpt>
			<trkpt lat="48.10820394151492" lon="-122.76658712332208">
				<ele>1.325183480085986</ele>
				<time>2026-09-15T00:53:28Z</time>
			</trkpt>
			<trkpt lat="48.108197565710334" lon="-122.7666250381683">
				<ele>1.3259247083660703</ele>
				<time>2026-09-15T00:53:30Z</time>
			</trkpt>
			<trkpt lat="48.10819189728476" lon="-122.76666149318315">
				<ele>1.3410907475518776</ele>
				<time>2026-09-15T00:53:32Z</time>
			</trkpt>
			<trkpt lat="48.10818510447144" lon="-122.76669673136968">
				<ele>1.346664882116908</ele>
				<time>2026-09-15T00:53:34Z</time>
			</trkpt>
			<trkpt lat="48.10817716771121" lon="-122.76673177127579">
				<ele>1.3886532250697385</ele>
				<time>2026-09-15T00:53:36Z</time>
			</trkpt>
			<trkpt lat="48.10816759819604" lon="-122.7667681744426">
				<ele>1.39963812198177</ele>
				<time>2026-09-15T00:53:38Z</time>
			</trkpt>
			<trkpt lat="48.10816440623519" lon="-122.76680177231493">
				<ele>1.257611250416108</ele>
				<time>2026-09-15T00:53:40Z</time>
			</trkpt>
			<trkpt lat="48.10816177259148" lon="-122.76683091459549">
				<ele>1.134963507814959</ele>
				<time>2026-09-15T00:53:42Z</time>
			</trkpt>
			<trkpt lat="48.10813996797994" lon="-122.76685496758539">
				<ele>1.5350788411086462</ele>
				<time>2026-09-15T00:53:45Z</time>
			</trkpt>
			<trkpt lat="48.10811508432138" lon="-122.76684617364332">
				<ele>1.4937826846234294</ele>
				<time>2026-09-15T00:53:47Z</time>
			</trkpt>
			<trkpt lat="48.108095369855796" lon="-122.76682277104334">
				<ele>1.5710848919805045</ele>
				<time>2026-09-15T00:53:49Z</time>
			</trkpt>
			<trkpt lat="48.10807912074656" lon="-122.76679845945739">
				<ele>1.539769082055102</ele>
				<time>2026-09-15T00:53:51Z</time>
			</trkpt>
			<trkpt lat="48.10806410708525" lon="-122.76677060200626">
				<ele>1.4649825651553279</ele>
				<time>2026-09-15T00:53:53Z</time>
			</trkpt>
			<trkpt lat="48.10804903417449" lon="-122.76674245360879">
				<ele>1.433925934692784</ele>
				<time>2026-09-15T00:53:55Z</time>
			</trkpt>
			<trkpt lat="48.108037286488525" lon="-122.76671210287248">
				<ele>1.3153862402076015</ele>
				<time>2026-09-15T00:53:57Z</time>
			</trkpt>
			<trkpt lat="48.108028538735354" lon="-122.7666791036344">
				<ele>1.5810929053450273</ele>
				<time>2026-09-15T00:53:59Z</time>
			</trkpt>
			<trkpt lat="48.10801981921142" lon="-122.76664281132089">
				<ele>1.0328319999251576</ele>
				<time>2026-09-15T00:54:01Z</time>
			</trkpt>
			<trkpt lat="48.108008405221035" lon="-122.76661085447307">
				<ele>1.128351950784623</ele>
				<time>2026-09-15T00:54:03Z</time>
			</trkpt>
			<trkpt lat="48.1080018851339" lon="-122.76657577769458">
				<ele>1.1218990604627663</ele>
				<time>2026-09-15T00:54:05Z</time>
			</trkpt>
			<trkpt lat="48.107996289400766" lon="-122.76653941519245">
				<ele>1.0731416230500344</ele>
				<time>2026-09-15T00:54:07Z</time>
			</trkpt>
			<trkpt lat="48.107985384130885" lon="-122.76650231066701">
				<ele>1.0842804750335908</ele>
				<time>2026-09-15T00:54:09Z</time>
			</trkpt>
			<trkpt lat="48.10797268646711" lon="-122.76646625521194">
				<ele>1.0811378511726062</ele>
				<time>2026-09-15T00:54:11Z</time>
			</trkpt>
			<trkpt lat="48.10796004005867" lon="-122.76643040293668">
				<ele>1.1271837803690303</ele>
				<time>2026-09-15T00:54:13Z</time>
			</trkpt>
			<trkpt lat="48.10794677450145" lon="-122.76639783726533">
				<ele>1.0975352010153543</ele>
				<time>2026-09-15T00:54:15Z</time>
			</trkpt>
			<trkpt lat="48.107931684081976" lon="-122.76637249226704">
				<ele>1.1091799390271078</ele>
				<time>2026-09-15T00:54:17Z</time>
			</trkpt>
			<trkpt lat="48.10792606908368" lon="-122.7663368728035">
				<ele>1.3509918686731766</ele>
				<time>2026-09-15T00:54:19Z</time>
			</trkpt>
			<trkpt lat="48.10791859523409" lon="-122.76629987770526">
				<ele>1.347440251625521</ele>
				<time>2026-09-15T00:54:21Z</time>
			</trkpt>
			<trkpt lat="48.107913172919346" lon="-122.76625690111479">
				<ele>1.3556021937290694</ele>
				<time>2026-09-15T00:54:23Z</time>
			</trkpt>
			<trkpt lat="48.107908308719075" lon="-122.76622629216254">
				<ele>1.2663846833791865</ele>
				<time>2026-09-15T00:54:25Z</time>
			</trkpt>
			<trkpt lat="48.10790624074642" lon="-122.76618801933866">
				<ele>1.198665394635249</ele>
				<time>2026-09-15T00:54:27Z</time>
			</trkpt>
			<trkpt lat="48.10790601116017" lon="-122.76614698223739">
				<ele>1.2229545289375494</ele>
				<time>2026-09-15T00:54:29Z</time>
			</trkpt>
			<trkpt lat="48.10790544356578" lon="-122.7661025029109">
				<ele>1.2025504566640528</ele>
				<time>2026-09-15T00:54:31Z</time>
			</trkpt>
			<trkpt lat="48.10790515012651" lon="-122.76605991217194">
				<ele>1.2064886473200858</ele>
				<time>2026-09-15T00:54:33Z</time>
			</trkpt>
			<trkpt lat="48.1079034045909" lon="-122.76601382056185">
				<ele>1.2074453520161725</ele>
				<time>2026-09-15T00:54:35Z</time>
			</trkpt>
			<trkpt lat="48.10790237750339" lon="-122.76596933143381">
				<ele>1.1719577859194672</ele>
				<time>2026-09-15T00:54:37Z</time>
			</trkpt>
			<trkpt lat="48.10790100501172" lon="-122.76592517736255">
				<ele>1.1942802989079233</ele>
				<time>2026-09-15T00:54:39Z</time>
			</trkpt>
			<trkpt lat="48.10789934944358" lon="-122.76588353127643">
				<ele>1.2062774620993864</ele>
				<time>2026-09-15T00:54:41Z</time>
			</trkpt>
			<trkpt lat="48.10789607763588" lon="-122.76584490180166">
				<ele>1.2378463008091423</ele>
				<time>2026-09-15T00:54:43Z</time>
			</trkpt>
			<trkpt lat="48.10789247759781" lon="-122.76580565500032">
				<ele>1.2115491845963682</ele>
				<time>2026-09-15T00:54:45Z</time>
			</trkpt>
			<trkpt lat="48.10789031229887" lon="-122.7657643920124">
				<ele>1.2150430192699702</ele>
				<time>2026-09-15T00:54:47Z</time>
			</trkpt>
			<trkpt lat="48.1078890705047" lon="-122.76572316197746">
				<ele>1.1397427946093401</ele>
				<time>2026-09-15T00:54:49Z</time>
			</trkpt>
			<trkpt lat="48.10788916641309" lon="-122.76568183181737">
				<ele>1.1477606677505676</ele>
				<time>2026-09-15T00:54:51Z</time>
			</trkpt>
			<trkpt lat="48.107889363399266" lon="-122.76563948238159">
				<ele>1.1380794213236953</ele>
				<time>2026-09-15T00:54:53Z</time>
			</trkpt>
			<trkpt lat="48.107888197111876" lon="-122.76559867725072">
				<ele>1.1479744661478968</ele>
				<time>2026-09-15T00:54:55Z</time>
			</trkpt>
			<trkpt lat="48.10788624011292" lon="-122.76555728063407">
				<ele>1.1179208972981094</ele>
				<time>2026-09-15T00:54:57Z</time>
			</trkpt>
			<trkpt lat="48.10788490866498" lon="-122.76551576922317">
				<ele>1.1995533164405465</ele>
				<time>2026-09-15T00:54:59Z</time>
			</trkpt>
			<trkpt lat="48.10788523946991" lon="-122.76547399119357">
				<ele>1.351639638913042</ele>
				<time>2026-09-15T00:55:01Z</time>
			</trkpt>
			<trkpt lat="48.10788400068477" lon="-122.76543028911381">
				<ele>1.3227772742548218</ele>
				<time>2026-09-15T00:55:03Z</time>
			</trkpt>
			<trkpt lat="48.1078800194404" lon="-122.76540353240141">
				<ele>1.1442478579125037</ele>
				<time>2026-09-15T00:55:04Z</time>
			</trkpt>
			<trkpt lat="48.10787442070577" lon="-122.76535761296105">
				<ele>1.1510073410459256</ele>
				<time>2026-09-15T00:55:06Z</time>
			</trkpt>
			<trkpt lat="48.10787639574685" lon="-122.76531205456862">
				<ele>1.4379624897099177</ele>
				<time>2026-09-15T00:55:08Z</time>
			</trkpt>
			<trkpt lat="48.10787256562016" lon="-122.76526190690178">
				<ele>1.224663281122421</ele>
				<time>2026-09-15T00:55:10Z</time>
			</trkpt>
			<trkpt lat="48.10786522643928" lon="-122.7652253840261">
				<ele>1.2537830735473676</ele>
				<time>2026-09-15T00:55:12Z</time>
			</trkpt>
			<trkpt lat="48.10787999838554" lon="-122.76519108876352">
				<ele>1.5236138652826163</ele>
				<time>2026-09-15T00:55:14Z</time>
			</trkpt>
			<trkpt lat="48.10790019547371" lon="-122.76516566912301">
				<ele>1.5234951977773967</ele>
				<time>2026-09-15T00:55:17Z</time>
			</trkpt>
			<trkpt lat="48.10791841718324" lon="-122.76515853432409">
				<ele>1.4774712674054769</ele>
				<time>2026-09-15T00:55:19Z</time>
			</trkpt>
			<trkpt lat="48.107942729789656" lon="-122.76515822842275">
				<ele>1.3856770117332822</ele>
				<time>2026-09-15T00:55:21Z</time>
			</trkpt>
			<trkpt lat="48.10796312532987" lon="-122.76515837561188">
				<ele>1.3415197403305612</ele>
				<time>2026-09-15T00:55:23Z</time>
			</trkpt>
			<trkpt lat="48.10798724603345" lon="-122.76516595142722">
				<ele>1.3146171901024566</ele>
				<time>2026-09-15T00:55:25Z</time>
			</trkpt>
			<trkpt lat="48.108005254273" lon="-122.76517548483638">
				<ele>1.1999767222062587</ele>
				<time>2026-09-15T00:55:27Z</time>
			</trkpt>
			<trkpt lat="48.10802413777759" lon="-122.76518870856322">
				<ele>0.8540506424395318</ele>
				<time>2026-09-15T00:55:30Z</time>
			</trkpt>
			<trkpt lat="48.10803978765482" lon="-122.7652057845134">
				<ele>1.0308078044885036</ele>
				<time>2026-09-15T00:55:36Z</time>
			</trkpt>
			<trkpt lat="48.10805589485764" lon="-122.76518301964623">
				<ele>1.5210261151966549</ele>
				<time>2026-09-15T00:55:50Z</time>
			</trkpt>
			<trkpt lat="48.10806844004311" lon="-122.7651607999908">
				<ele>1.424654221973448</ele>
				<time>2026-09-15T00:55:53Z</time>
			</trkpt>
			<trkpt lat="48.10808173504678" lon="-122.76512714411626">
				<ele>1.2724761735076378</ele>
				<time>2026-09-15T00:55:56Z</time>
			</trkpt>
			<trkpt lat="48.108087405341806" lon="-122.76509915147471">
				<ele>1.2343511073010873</ele>
				<time>2026-09-15T00:55:58Z</time>
			</trkpt>
			<trkpt lat="48.108086509018946" lon="-122.7650625352211">
				<ele>1.6614631610225956</ele>
				<time>2026-09-15T00:56:01Z</time>
			</trkpt>
			<trkpt lat="48.10809062276691" lon="-122.76503631598774">
				<ele>1.539920842063239</ele>
				<time>2026-09-15T00:56:03Z</time>
			</trkpt>
			<trkpt lat="48.10810116262654" lon="-122.76501180513785">
				<ele>1.5417484696874624</ele>
				<time>2026-09-15T00:56:05Z</time>
			</trkpt>
			<trkpt lat="48.108120756491424" lon="-122.76498122197005">
				<ele>1.4390196991771873</ele>
				<time>2026-09-15T00:56:08Z</time>
			</trkpt>
			<trkpt lat="48.10813671098204" lon="-122.7649621450959">
				<ele>1.4219284414280153</ele>
				<time>2026-09-15T00:56:10Z</time>
			</trkpt>
			<trkpt lat="48.10816062737889" lon="-122.76493162640932">
				<ele>1.4656166515303681</ele>
				<time>2026-09-15T00:56:13Z</time>
			</trkpt>
			<trkpt lat="48.10817730944065" lon="-122.76490574236017">
				<ele>1.420138377913009</ele>
				<time>2026-09-15T00:56:15Z</time>
			</trkpt>
			<trkpt lat="48.10819599346989" lon="-122.76488095280186">
				<ele>1.2223360161626111</ele>
				<time>2026-09-15T00:56:17Z</time>
			</trkpt>
			<trkpt lat="48.10821664969987" lon="-122.76485753282745">
				<ele>1.1482025734998267</ele>
				<time>2026-09-15T00:56:19Z</time>
			</trkpt>
			<trkpt lat="48.1082386076719" lon="-122.76484752567464">
				<ele>1.1125774991449155</ele>
				<time>2026-09-15T00:56:21Z</time>
			</trkpt>
			<trkpt lat="48.10825885684114" lon="-122.76486019670887">
				<ele>1.249796565517606</ele>
				<time>2026-09-15T00:56:24Z</time>
			</trkpt>
			<trkpt lat="48.1082530462434" lon="-122.76488831979655">
				<ele>1.2331630792698114</ele>
				<time>2026-09-15T00:56:27Z</time>
			</trkpt>
			<trkpt lat="48.10824289054248" lon="-122.76491244817977">
				<ele>1.4170784304598705</ele>
				<time>2026-09-15T00:56:29Z</time>
			</trkpt>
			<trkpt lat="48.108229242941356" lon="-122.76493965737895">
				<ele>1.2837993508136698</ele>
				<time>2026-09-15T00:56:31Z</time>
			</trkpt>
			<trkpt lat="48.108213864652946" lon="-122.76496383602566">
				<ele>1.3449233029137666</ele>
				<time>2026-09-15T00:56:33Z</time>
			</trkpt>
			<trkpt lat="48.10819600831807" lon="-122.76498853331395">
				<ele>1.2930396163044442</ele>
				<time>2026-09-15T00:56:35Z</time>
			</trkpt>
			<trkpt lat="48.1081699664282" lon="-122.76501093988587">
				<ele>1.2979602744245469</ele>
				<time>2026-09-15T00:56:37Z</time>
			</trkpt>
			<trkpt lat="48.1081474790733" lon="-122.76503478578113">
				<ele>1.278246171055958</ele>
				<time>2026-09-15T00:56:39Z</time>
			</trkpt>
			<trkpt lat="48.10812758089572" lon="-122.76505341296748">
				<ele>1.246138566769158</ele>
				<time>2026-09-15T00:56:41Z</time>
			</trkpt>
			<trkpt lat="48.1081048341802" lon="-122.76507229523621">
				<ele>1.2438052416542362</ele>
				<time>2026-09-15T00:56:43Z</time>
			</trkpt>
			<trkpt lat="48.10808162612501" lon="-122.76508489407155">
				<ele>1.4857040478518222</ele>
				<time>2026-09-15T00:56:45Z</time>
			</trkpt>
			<trkpt lat="48.108060967597424" lon="-122.76509804290575">
				<ele>1.3574903376160883</ele>
				<time>2026-09-15T00:56:47Z</time>
			</trkpt>
			<trkpt lat="48.10803980417675" lon="-122.76511539431243">
				<ele>1.301776231594534</ele>
				<time>2026-09-15T00:56:49Z</time>
			</trkpt>
			<trkpt lat="48.10802387092533" lon="-122.76513076491266">
				<ele>1.320459134049873</ele>
				<time>2026-09-15T00:56:51Z</time>
			</trkpt>
			<trkpt lat="48.10800857491987" lon="-122.7651502997535">
				<ele>1.3282246356891818</ele>
				<time>2026-09-15T00:56:53Z</time>
			</trkpt>
			<trkpt lat="48.10799274730311" lon="-122.76516728198712">
				<ele>1.4200392108266762</ele>
				<time>2026-09-15T00:56:55Z</time>
			</trkpt>
			<trkpt lat="48.107977953406966" lon="-122.76518531893701">
				<ele>1.2761256212371386</ele>
				<time>2026-09-15T00:56:57Z</time>
			</trkpt>
			<trkpt lat="48.10796306687383" lon="-122.76520299746855">
				<ele>1.2821713435125055</ele>
				<time>2026-09-15T00:56:59Z</time>
			</trkpt>
			<trkpt lat="48.10794741159747" lon="-122.76521812948916">
				<ele>1.3008267361387453</ele>
				<time>2026-09-15T00:57:01Z</time>
			</trkpt>
			<trkpt lat="48.10793155767767" lon="-122.76523247055918">
				<ele>1.2923870344605533</ele>
				<time>2026-09-15T00:57:03Z</time>
			</trkpt>
			<trkpt lat="48.107914034501086" lon="-122.76524843858031">
				<ele>1.2910690463391497</ele>
				<time>2026-09-15T00:57:06Z</time>
			</trkpt>
			<trkpt lat="48.107893865303375" lon="-122.7652354791623">
				<ele>1.352104783333985</ele>
				<time>2026-09-15T00:57:09Z</time>
			</trkpt>
			<trkpt lat="48.10788344282707" lon="-122.7652082446221">
				<ele>1.2228201546971214</ele>
				<time>2026-09-15T00:57:12Z</time>
			</trkpt>
			<trkpt lat="48.10787408804095" lon="-122.76517606073966">
				<ele>1.2434180135463286</ele>
				<time>2026-09-15T00:57:15Z</time>
			</trkpt>
			<trkpt lat="48.10787655666175" lon="-122.76514377073484">
				<ele>1.3073522805438316</ele>
				<time>2026-09-15T00:57:18Z</time>
			</trkpt>
			<trkpt lat="48.107893737157546" lon="-122.76511614120061">
				<ele>1.3573295470155884</ele>
				<time>2026-09-15T00:57:21Z</time>
			</trkpt>
			<trkpt lat="48.10790755510724" lon="-122.76508457106864">
				<ele>1.2346670677769396</ele>
				<time>2026-09-15T00:57:24Z</time>
			</trkpt>
			<trkpt lat="48.10792487690752" lon="-122.76505691482349">
				<ele>1.1535135065816888</ele>
				<time>2026-09-15T00:57:27Z</time>
			</trkpt>
			<trkpt lat="48.10794838153345" lon="-122.76504202398796">
				<ele>0.923912485354009</ele>
				<time>2026-09-15T00:57:30Z</time>
			</trkpt>
			<trkpt lat="48.10796515345817" lon="-122.76502890806627">
				<ele>1.12212285224021</ele>
				<time>2026-09-15T00:57:32Z</time>
			</trkpt>
			<trkpt lat="48.10798553106336" lon="-122.76501173178048">
				<ele>1.1994356193895364</ele>
				<time>2026-09-15T00:57:35Z</time>
			</trkpt>
			<trkpt lat="48.10800817868589" lon="-122.76500257281364">
				<ele>1.2369393909410142</ele>
				<time>2026-09-15T00:57:38Z</time>
			</trkpt>
			<trkpt lat="48.10802557482729" lon="-122.76499407345712">
				<ele>1.2243998416806399</ele>
				<time>2026-09-15T00:57:40Z</time>
			</trkpt>
			<trkpt lat="48.10805065859103" lon="-122.76498717038508">
				<ele>1.2073255318967853</ele>
				<time>2026-09-15T00:57:43Z</time>
			</trkpt>
			<trkpt lat="48.10807727964858" lon="-122.76498385654615">
				<ele>1.2202500706181816</ele>
				<time>2026-09-15T00:57:46Z</time>
			</trkpt>
			<trkpt lat="48.10810394307548" lon="-122.76498623330833">
				<ele>1.2195474845335177</ele>
				<time>2026-09-15T00:57:49Z</time>
			</trkpt>
			<trkpt lat="48.108130324295054" lon="-122.76499173251872">
				<ele>1.1956042807920753</ele>
				<time>2026-09-15T00:57:52Z</time>
			</trkpt>
			<trkpt lat="48.10815642718007" lon="-122.76499751460389">
				<ele>1.2067252548666794</ele>
				<time>2026-09-15T00:57:55Z</time>
			</trkpt>
			<trkpt lat="48.10818248928115" lon="-122.76500331892774">
				<ele>1.135437240872001</ele>
				<time>2026-09-15T00:57:58Z</time>
			</trkpt>
			<trkpt lat="48.1082080322341" lon="-122.765007981189">
				<ele>1.1070569254713156</ele>
				<time>2026-09-15T00:58:01Z</time>
			</trkpt>
			<trkpt lat="48.10822611443913" lon="-122.76501124280841">
				<ele>1.0853006418249684</ele>
				<time>2026-09-15T00:58:03Z</time>
			</trkpt>
			<trkpt lat="48.10825181490832" lon="-122.76501790704836">
				<ele>1.0944003719934976</ele>
				<time>2026-09-15T00:58:06Z</time>
			</trkpt>
			<trkpt lat="48.10827660543983" lon="-122.76502179103863">
				<ele>1.1269751069806517</ele>
				<time>2026-09-15T00:58:09Z</time>
			</trkpt>
			<trkpt lat="48.10830210757017" lon="-122.76502338275738">
				<ele>1.0917937885901132</ele>
				<time>2026-09-15T00:58:12Z</time>
			</trkpt>
			<trkpt lat="48.10832873176657" lon="-122.76502632997575">
				<ele>1.102506825646536</ele>
				<time>2026-09-15T00:58:15Z</time>
			</trkpt>
			<trkpt lat="48.10834691258796" lon="-122.76502868875363">
				<ele>1.1239462731633445</ele>
				<time>2026-09-15T00:58:17Z</time>
			</trkpt>
			<trkpt lat="48.10836810050906" lon="-122.76503182881797">
				<ele>1.119328004558838</ele>
				<time>2026-09-15T00:58:20Z</time>
			</trkpt>
			<trkpt lat="48.10838604846303" lon="-122.76503415525174">
				<ele>1.1411115595567196</ele>
				<time>2026-09-15T00:58:21Z</time>
			</trkpt>
			<trkpt lat="48.108405670219845" lon="-122.76503725663441">
				<ele>1.9414762024765082</ele>
				<time>2026-09-15T00:58:23Z</time>
			</trkpt>
			<trkpt lat="48.108424220569994" lon="-122.76505498673038">
				<ele>1.5003308386179945</ele>
				<time>2026-09-15T00:58:26Z</time>
			</trkpt>
			<trkpt lat="48.108433592444186" lon="-122.76508014026301">
				<ele>1.3936287092460518</ele>
				<time>2026-09-15T00:58:31Z</time>
			</trkpt>
			<trkpt lat="48.108422518567956" lon="-122.76511196283344">
				<ele>1.2802398759252505</ele>
				<time>2026-09-15T00:58:35Z</time>
			</trkpt>
			<trkpt lat="48.10841125696077" lon="-122.76514839132902">
				<ele>1.2258638099442827</ele>
				<time>2026-09-15T00:58:38Z</time>
			</trkpt>
			<trkpt lat="48.10840384903035" lon="-122.76517902354324">
				<ele>1.2111032521479075</ele>
				<time>2026-09-15T00:58:40Z</time>
			</trkpt>
			<trkpt lat="48.10839708768296" lon="-122.76521025706572">
				<ele>1.1869719612177363</ele>
				<time>2026-09-15T00:58:42Z</time>
			</trkpt>
			<trkpt lat="48.108390860841524" lon="-122.76524150837021">
				<ele>1.2180290233066486</ele>
				<time>2026-09-15T00:58:44Z</time>
			</trkpt>
			<trkpt lat="48.10838473850619" lon="-122.76527172885812">
				<ele>1.2198378555872722</ele>
				<time>2026-09-15T00:58:46Z</time>
			</trkpt>
			<trkpt lat="48.10837780875414" lon="-122.76531240975308">
				<ele>1.1477099441541725</ele>
				<time>2026-09-15T00:58:49Z</time>
			</trkpt>
			<trkpt lat="48.10837261322121" lon="-122.76534535785633">
				<ele>1.1974806961800795</ele>
				<time>2026-09-15T00:58:51Z</time>
			</trkpt>
			<trkpt lat="48.10836436853573" lon="-122.76538507350575">
				<ele>1.1799634471799294</ele>
				<time>2026-09-15T00:58:53Z</time>
			</trkpt>
			<trkpt lat="48.10835818457768" lon="-122.76541920619101">
				<ele>1.1235465132315916</ele>
				<time>2026-09-15T00:58:55Z</time>
			</trkpt>
			<trkpt lat="48.108355631257886" lon="-122.7654535879424">
				<ele>1.1394195937928977</ele>
				<time>2026-09-15T00:58:57Z</time>
			</trkpt>
			<trkpt lat="48.10835231570878" lon="-122.76548266929588">
				<ele>1.1823107211464787</ele>
				<time>2026-09-15T00:58:59Z</time>
			</trkpt>
			<trkpt lat="48.10834849361425" lon="-122.7655158286721">
				<ele>1.1715678532153575</ele>
				<time>2026-09-15T00:59:01Z</time>
			</trkpt>
			<trkpt lat="48.108340299958435" lon="-122.76555123874411">
				<ele>1.1177172299787088</ele>
				<time>2026-09-15T00:59:03Z</time>
			</trkpt>
			<trkpt lat="48.10833578038754" lon="-122.76558576716992">
				<ele>1.0610646218682795</ele>
				<time>2026-09-15T00:59:05Z</time>
			</trkpt>
			<trkpt lat="48.10833289925196" lon="-122.76561800566776">
				<ele>1.10188009120602</ele>
				<time>2026-09-15T00:59:07Z</time>
			</trkpt>
			<trkpt lat="48.108329895609565" lon="-122.7656514491449">
				<ele>1.0870362827701072</ele>
				<time>2026-09-15T00:59:09Z</time>
			</trkpt>
			<trkpt lat="48.10832572684986" lon="-122.76568867795616">
				<ele>1.064613510901495</ele>
				<time>2026-09-15T00:59:11Z</time>
			</trkpt>
			<trkpt lat="48.108320169859006" lon="-122.76573336384388">
				<ele>1.0038089884659236</ele>
				<time>2026-09-15T00:59:13Z</time>
			</trkpt>
			<trkpt lat="48.10831386866852" lon="-122.76577488250376">
				<ele>1.1913938052038375</ele>
				<time>2026-09-15T00:59:15Z</time>
			</trkpt>
			<trkpt lat="48.10831560165228" lon="-122.76581747847959">
				<ele>1.1822516784998705</ele>
				<time>2026-09-15T00:59:17Z</time>
			</trkpt>
			<trkpt lat="48.10832399937703" lon="-122.76585845757326">
				<ele>1.0849192350625216</ele>
				<time>2026-09-15T00:59:19Z</time>
			</trkpt>
			<trkpt lat="48.10833031792137" lon="-122.76589339249709">
				<ele>1.1524924843634956</ele>
				<time>2026-09-15T00:59:21Z</time>
			</trkpt>
			<trkpt lat="48.10832622060631" lon="-122.7659268190543">
				<ele>1.1078259361542813</ele>
				<time>2026-09-15T00:59:23Z</time>
			</trkpt>
			<trkpt lat="48.10831893333046" lon="-122.76596391621966">
				<ele>1.1224064119408261</ele>
				<time>2026-09-15T00:59:25Z</time>
			</trkpt>
			<trkpt lat="48.10831208243881" lon="-122.76600185133913">
				<ele>1.1190963439841468</ele>
				<time>2026-09-15T00:59:27Z</time>
			</trkpt>
			<trkpt lat="48.10830447294876" lon="-122.76604727394249">
				<ele>1.1420686934354443</ele>
				<time>2026-09-15T00:59:29Z</time>
			</trkpt>
			<trkpt lat="48.108296202353245" lon="-122.76608995320036">
				<ele>1.1512599111339696</ele>
				<time>2026-09-15T00:59:31Z</time>
			</trkpt>
			<trkpt lat="48.10828830419599" lon="-122.76612999175411">
				<ele>1.1881735685654178</ele>
				<time>2026-09-15T00:59:33Z</time>
			</trkpt>
			<trkpt lat="48.108279895135645" lon="-122.76617067551042">
				<ele>1.2033317212375572</ele>
				<time>2026-09-15T00:59:35Z</time>
			</trkpt>
			<trkpt lat="48.108274784327" lon="-122.76619873525928">
				<ele>1.156574789358853</ele>
				<time>2026-09-15T00:59:37Z</time>
			</trkpt>
			<trkpt lat="48.1082669893811" lon="-122.76622844233866">
				<ele>1.1979556117802375</ele>
				<time>2026-09-15T00:59:38Z</time>
			</trkpt>
			<trkpt lat="48.108260568399864" lon="-122.76626381635619">
				<ele>1.1770506587904634</ele>
				<time>2026-09-15T00:59:40Z</time>
			</trkpt>
			<trkpt lat="48.10825688352167" lon="-122.76630183492954">
				<ele>1.1819827495729314</ele>
				<time>2026-09-15T00:59:42Z</time>
			</trkpt>
			<trkpt lat="48.1082526664837" lon="-122.7663359827912">
				<ele>1.1794737987433486</ele>
				<time>2026-09-15T00:59:44Z</time>
			</trkpt>
			<trkpt lat="48.108246876928" lon="-122.7663700444246">
				<ele>1.191310701381699</ele>
				<time>2026-09-15T00:59:46Z</time>
			</trkpt>
			<trkpt lat="48.108240494613945" lon="-122.76640198551402">
				<ele>1.17330190482485</ele>
				<time>2026-09-15T00:59:48Z</time>
			</trkpt>
			<trkpt lat="48.108234649259046" lon="-122.76643291993311">
				<ele>1.2008751520759233</ele>
				<time>2026-09-15T00:59:50Z</time>
			</trkpt>
			<trkpt lat="48.10822836234911" lon="-122.7664654101475">
				<ele>1.2803103098024344</ele>
				<time>2026-09-15T00:59:52Z</time>
			</trkpt>
			<trkpt lat="48.10822083168197" lon="-122.76649642299002">
				<ele>1.281335216519114</ele>
				<time>2026-09-15T00:59:54Z</time>
			</trkpt>
			<trkpt lat="48.10821357233957" lon="-122.7665250159847">
				<ele>1.1631380636971898</ele>
				<time>2026-09-15T00:59:56Z</time>
			</trkpt>
			<trkpt lat="48.10820599433386" lon="-122.76655447478689">
				<ele>1.281000643787646</ele>
				<time>2026-09-15T00:59:58Z</time>
			</trkpt>
			<trkpt lat="48.108199573235865" lon="-122.76658279230813">
				<ele>1.223490911808895</ele>
				<time>2026-09-15T01:00:00Z</time>
			</trkpt>
			<trkpt lat="48.10819300106506" lon="-122.7666121286673">
				<ele>1.1816272804907904</ele>
				<time>2026-09-15T01:00:02Z</time>
			</trkpt>
			<trkpt lat="48.10818698635769" lon="-122.76664032171135">
				<ele>1.1860570794032697</ele>
				<time>2026-09-15T01:00:04Z</time>
			</trkpt>
			<trkpt lat="48.10818151677007" lon="-122.76667182457396">
				<ele>1.1936710397539052</ele>
				<time>2026-09-15T01:00:06Z</time>
			</trkpt>
			<trkpt lat="48.10817529775338" lon="-122.76670904294488">
				<ele>1.3095080766312783</ele>
				<time>2026-09-15T01:00:09Z</time>
			</trkpt>
			<trkpt lat="48.10817235975638" lon="-122.7667472803896">
				<ele>1.1536201223968945</ele>
				<time>2026-09-15T01:00:12Z</time>
			</trkpt>
			<trkpt lat="48.10817708063481" lon="-122.76678232607678">
				<ele>1.1138893490017416</ele>
				<time>2026-09-15T01:00:15Z</time>
			</trkpt>
			<trkpt lat="48.108184331549076" lon="-122.76681616346387">
				<ele>0.8319359043464125</ele>
				<time>2026-09-15T01:00:18Z</time>
			</trkpt>
			<trkpt lat="48.108174132091825" lon="-122.76684310336421">
				<ele>0.9779474600446001</ele>
				<time>2026-09-15T01:00:21Z</time>
			</trkpt>
			<trkpt lat="48.108154317374755" lon="-122.7668545249518">
				<ele>1.035778718759797</ele>
				<time>2026-09-15T01:00:24Z</time>
			</trkpt>
			<trkpt lat="48.10813010476957" lon="-122.76685393564432">
				<ele>1.4450293679047093</ele>
				<time>2026-09-15T01:00:29Z</time>
			</trkpt>
			<trkpt lat="48.1081115341925" lon="-122.76683409397079">
				<ele>1.2504580935687457</ele>
				<time>2026-09-15T01:00:32Z</time>
			</trkpt>
			<trkpt lat="48.108088916310415" lon="-122.7668208011395">
				<ele>1.146229662458346</ele>
				<time>2026-09-15T01:00:36Z</time>
			</trkpt>
			<trkpt lat="48.108067510171985" lon="-122.76683472055339">
				<ele>1.11455905753688</ele>
				<time>2026-09-15T01:00:40Z</time>
			</trkpt>
			<trkpt lat="48.10804837987803" lon="-122.76684548767935">
				<ele>1.0867517835152114</ele>
				<time>2026-09-15T01:00:44Z</time>
			</trkpt>
			<trkpt lat="48.108029618827146" lon="-122.76685176331243">
				<ele>1.0802608913879084</ele>
				<time>2026-09-15T01:00:48Z</time>
			</trkpt>
			<trkpt lat="48.108015087210205" lon="-122.7668297466003">
				<ele>1.066307365136172</ele>
				<time>2026-09-15T01:00:52Z</time>
			</trkpt>
			<trkpt lat="48.10801385659914" lon="-122.76680201063364">
				<ele>0.9308086562466329</ele>
				<time>2026-09-15T01:00:55Z</time>
			</trkpt>
			<trkpt lat="48.10802099448578" lon="-122.76677576818935">
				<ele>1.0745489939303638</ele>
				<time>2026-09-15T01:00:58Z</time>
			</trkpt>
			<trkpt lat="48.10803798336793" lon="-122.76675652663907">
				<ele>1.0656402556378168</ele>
				<time>2026-09-15T01:01:01Z</time>
			</trkpt>
			<trkpt lat="48.10805561111738" lon="-122.76674679712451">
				<ele>1.0717668810163694</ele>
				<time>2026-09-15T01:01:03Z</time>
			</trkpt>
			<trkpt lat="48.10807812450688" lon="-122.76673453446575">
				<ele>1.0490372235796386</ele>
				<time>2026-09-15T01:01:06Z</time>
			</trkpt>
			<trkpt lat="48.10810385868014" lon="-122.76672396987877">
				<ele>1.1222230898119676</ele>
				<time>2026-09-15T01:01:09Z</time>
			</trkpt>
			<trkpt lat="48.10812477011134" lon="-122.76671916376772">
				<ele>1.1019372454962912</ele>
				<time>2026-09-15T01:01:11Z</time>
			</trkpt>
			<trkpt lat="48.108142852388845" lon="-122.76671642176977">
				<ele>1.1236391898241642</ele>
				<time>2026-09-15T01:01:13Z</time>
			</trkpt>
			<trkpt lat="48.10816522021577" lon="-122.7667047498116">
				<ele>1.148098338433698</ele>
				<time>2026-09-15T01:01:16Z</time>
			</trkpt>
			<trkpt lat="48.10818632629385" lon="-122.76668161518609">
				<ele>1.211099773786902</ele>
				<time>2026-09-15T01:01:19Z</time>
			</trkpt>
			<trkpt lat="48.108203434094236" lon="-122.7666603484906">
				<ele>1.2187926844634696</ele>
				<time>2026-09-15T01:01:21Z</time>
			</trkpt>
			<trkpt lat="48.10822342584602" lon="-122.76663962515617">
				<ele>1.2046304598288096</ele>
				<time>2026-09-15T01:01:23Z</time>
			</trkpt>
			<trkpt lat="48.108249722239414" lon="-122.7666222256637">
				<ele>1.2400740655472156</ele>
				<time>2026-09-15T01:01:25Z</time>
			</trkpt>
			<trkpt lat="48.10827506219011" lon="-122.76661954547905">
				<ele>1.2000810617135542</ele>
				<time>2026-09-15T01:01:27Z</time>
			</trkpt>
			<trkpt lat="48.10829217940356" lon="-122.76663232084081">
				<ele>1.212853842392807</ele>
				<time>2026-09-15T01:01:29Z</time>
			</trkpt>
			<trkpt lat="48.10829600962764" lon="-122.76666529669592">
				<ele>1.3068337496900142</ele>
				<time>2026-09-15T01:01:33Z</time>
			</trkpt>
			<trkpt lat="48.108285557761825" lon="-122.7666938560541">
				<ele>1.223395011852606</ele>
				<time>2026-09-15T01:01:35Z</time>
			</trkpt>
			<trkpt lat="48.10827208503453" lon="-122.7667260913563">
				<ele>1.2338131840295503</ele>
				<time>2026-09-15T01:01:37Z</time>
			</trkpt>
			<trkpt lat="48.108259946072856" lon="-122.76675932720784">
				<ele>0.8252756123366112</ele>
				<time>2026-09-15T01:01:39Z</time>
			</trkpt>
			<trkpt lat="48.10824643623823" lon="-122.76679418600828">
				<ele>0.9521260191477587</ele>
				<time>2026-09-15T01:01:41Z</time>
			</trkpt>
			<trkpt lat="48.10822848736436" lon="-122.76681744185379">
				<ele>0.9841603394169347</ele>
				<time>2026-09-15T01:01:43Z</time>
			</trkpt>
			<trkpt lat="48.108206267041105" lon="-122.76684018308421">
				<ele>1.3578673924368303</ele>
				<time>2026-09-15T01:01:45Z</time>
			</trkpt>
			<trkpt lat="48.10818041255132" lon="-122.76685849206326">
				<ele>1.3016854374129352</ele>
				<time>2026-09-15T01:01:47Z</time>
			</trkpt>
			<trkpt lat="48.10815725807193" lon="-122.76686792843542">
				<ele>1.3013857813421374</ele>
				<time>2026-09-15T01:01:49Z</time>
			</trkpt>
			<trkpt lat="48.10813219382839" lon="-122.76687345705317">
				<ele>1.3307147411738534</ele>
				<time>2026-09-15T01:01:51Z</time>
			</trkpt>
			<trkpt lat="48.108103049180606" lon="-122.76686299601293">
				<ele>1.295928941915566</ele>
				<time>2026-09-15T01:01:53Z</time>
			</trkpt>
			<trkpt lat="48.10807882278037" lon="-122.76684883986225">
				<ele>1.213649825576983</ele>
				<time>2026-09-15T01:01:55Z</time>
			</trkpt>
			<trkpt lat="48.10805550143968" lon="-122.76683000773427">
				<ele>1.261740754023922</ele>
				<time>2026-09-15T01:01:57Z</time>
			</trkpt>
			<trkpt lat="48.10804089853732" lon="-122.76680607289505">
				<ele>1.1138810638306076</ele>
				<time>2026-09-15T01:01:59Z</time>
			</trkpt>
			<trkpt lat="48.108027565661665" lon="-122.76678018192018">
				<ele>1.1588988931959747</ele>
				<time>2026-09-15T01:02:01Z</time>
			</trkpt>
			<trkpt lat="48.10801670375498" lon="-122.76674633287672">
				<ele>1.5150661662909073</ele>
				<time>2026-09-15T01:02:03Z</time>
			</trkpt>
			<trkpt lat="48.108006946529684" lon="-122.76671625531198">
				<ele>1.5353115207098362</ele>
				<time>2026-09-15T01:02:05Z</time>
			</trkpt>
			<trkpt lat="48.10799536040563" lon="-122.76667937593045">
				<ele>1.403987582138253</ele>
				<time>2026-09-15T01:02:08Z</time>
			</trkpt>
			<trkpt lat="48.10798443744421" lon="-122.76664362234837">
				<ele>1.3579971605232295</ele>
				<time>2026-09-15T01:02:10Z</time>
			</trkpt>
			<trkpt lat="48.107975561933145" lon="-122.76661283938844">
				<ele>1.179515834049532</ele>
				<time>2026-09-15T01:02:12Z</time>
			</trkpt>
			<trkpt lat="48.10796578245997" lon="-122.76658272536162">
				<ele>1.332600542755177</ele>
				<time>2026-09-15T01:02:14Z</time>
			</trkpt>
			<trkpt lat="48.10795696813183" lon="-122.76655381340422">
				<ele>1.2955938300286292</ele>
				<time>2026-09-15T01:02:16Z</time>
			</trkpt>
			<trkpt lat="48.10794786843425" lon="-122.7665229591648">
				<ele>1.2617871159111864</ele>
				<time>2026-09-15T01:02:18Z</time>
			</trkpt>
			<trkpt lat="48.10793777715259" lon="-122.76649470661123">
				<ele>1.2521933356751802</ele>
				<time>2026-09-15T01:02:20Z</time>
			</trkpt>
			<trkpt lat="48.10792907468235" lon="-122.76646490017585">
				<ele>1.1353120464250779</ele>
				<time>2026-09-15T01:02:22Z</time>
			</trkpt>
			<trkpt lat="48.10792073275024" lon="-122.76643698433435">
				<ele>1.04688957377342</ele>
				<time>2026-09-15T01:02:24Z</time>
			</trkpt>
			<trkpt lat="48.10791336039279" lon="-122.7664113566319">
				<ele>1.1090602442283135</ele>
				<time>2026-09-15T01:02:26Z</time>
			</trkpt>
			<trkpt lat="48.10790394210075" lon="-122.76638274036242">
				<ele>1.228746335873094</ele>
				<time>2026-09-15T01:02:29Z</time>
			</trkpt>
			<trkpt lat="48.107892212799364" lon="-122.76635523634795">
				<ele>1.1483392922231275</ele>
				<time>2026-09-15T01:02:31Z</time>
			</trkpt>
			<trkpt lat="48.10788297537117" lon="-122.76632768935397">
				<ele>1.1729611428315962</ele>
				<time>2026-09-15T01:02:33Z</time>
			</trkpt>
			<trkpt lat="48.107875878761824" lon="-122.7662985519789">
				<ele>1.190318732600172</ele>
				<time>2026-09-15T01:02:35Z</time>
			</trkpt>
			<trkpt lat="48.107869065298324" lon="-122.76626978979327">
				<ele>1.179515288325959</ele>
				<time>2026-09-15T01:02:37Z</time>
			</trkpt>
			<trkpt lat="48.10786272943594" lon="-122.76624058610746">
				<ele>1.2238773789366242</ele>
				<time>2026-09-15T01:02:39Z</time>
			</trkpt>
			<trkpt lat="48.10785756518396" lon="-122.76620705050917">
				<ele>1.209936597593444</ele>
				<time>2026-09-15T01:02:41Z</time>
			</trkpt>
			<trkpt lat="48.10785442477689" lon="-122.76617220610859">
				<ele>1.203186758096784</ele>
				<time>2026-09-15T01:02:43Z</time>
			</trkpt>
			<trkpt lat="48.10785158272598" lon="-122.76613870782805">
				<ele>1.2461832736199625</ele>
				<time>2026-09-15T01:02:45Z</time>
			</trkpt>
			<trkpt lat="48.10784561104564" lon="-122.76609725588733">
				<ele>1.2269869978984715</ele>
				<time>2026-09-15T01:02:47Z</time>
			</trkpt>
			<trkpt lat="48.10784498902493" lon="-122.76606249680623">
				<ele>1.3063811134087615</ele>
				<time>2026-09-15T01:02:49Z</time>
			</trkpt>
			<trkpt lat="48.10784245349353" lon="-122.76602886875612">
				<ele>1.2600453697927563</ele>
				<time>2026-09-15T01:02:51Z</time>
			</trkpt>
			<trkpt lat="48.10783957282771" lon="-122.7659956477306">
				<ele>1.2632429565038557</ele>
				<time>2026-09-15T01:02:53Z</time>
			</trkpt>
			<trkpt lat="48.10783747193886" lon="-122.76596158599766">
				<ele>1.2155255793736792</ele>
				<time>2026-09-15T01:02:55Z</time>
			</trkpt>
			<trkpt lat="48.10783642741901" lon="-122.76592487181422">
				<ele>1.2507871353718016</ele>
				<time>2026-09-15T01:02:57Z</time>
			</trkpt>
			<trkpt lat="48.107834603816144" lon="-122.76589665166952">
				<ele>1.2385011388553657</ele>
				<time>2026-09-15T01:02:59Z</time>
			</trkpt>
			<trkpt lat="48.107832241475506" lon="-122.76586105776981">
				<ele>1.2229840090356703</ele>
				<time>2026-09-15T01:03:01Z</time>
			</trkpt>
			<trkpt lat="48.10783031701995" lon="-122.76582426339661">
				<ele>1.228259902111887</ele>
				<time>2026-09-15T01:03:03Z</time>
			</trkpt>
			<trkpt lat="48.10782858829326" lon="-122.76578773965342">
				<ele>1.2255895013695657</ele>
				<time>2026-09-15T01:03:05Z</time>
			</trkpt>
			<trkpt lat="48.10782715837975" lon="-122.76575296527083">
				<ele>1.229365186395583</ele>
				<time>2026-09-15T01:03:07Z</time>
			</trkpt>
			<trkpt lat="48.107827100050834" lon="-122.76571815201595">
				<ele>1.2267640571113176</ele>
				<time>2026-09-15T01:03:09Z</time>
			</trkpt>
			<trkpt lat="48.10782549335997" lon="-122.76567940710613">
				<ele>1.229094769610061</ele>
				<time>2026-09-15T01:03:11Z</time>
			</trkpt>
			<trkpt lat="48.10782334103018" lon="-122.7656436952328">
				<ele>1.1929464831147278</ele>
				<time>2026-09-15T01:03:13Z</time>
			</trkpt>
			<trkpt lat="48.10782052478074" lon="-122.76560808321845">
				<ele>1.2088318851667417</ele>
				<time>2026-09-15T01:03:15Z</time>
			</trkpt>
			<trkpt lat="48.10781934140684" lon="-122.76557901576537">
				<ele>1.1926539630355926</ele>
				<time>2026-09-15T01:03:17Z</time>
			</trkpt>
			<trkpt lat="48.107818923925365" lon="-122.76554012891569">
				<ele>1.1739006253307132</ele>
				<time>2026-09-15T01:03:19Z</time>
			</trkpt>
			<trkpt lat="48.10782060240191" lon="-122.76551197294611">
				<ele>1.1318153474279633</ele>
				<time>2026-09-15T01:03:20Z</time>
			</trkpt>
			<trkpt lat="48.107828910152556" lon="-122.76546987493853">
				<ele>1.0281902425850085</ele>
				<time>2026-09-15T01:03:22Z</time>
			</trkpt>
			<trkpt lat="48.107831246325944" lon="-122.76542508850999">
				<ele>0.9976363391333223</ele>
				<time>2026-09-15T01:03:24Z</time>
			</trkpt>
			<trkpt lat="48.10783112899446" lon="-122.7653799472588">
				<ele>0.9684566001430746</ele>
				<time>2026-09-15T01:03:26Z</time>
			</trkpt>
			<trkpt lat="48.107827598892214" lon="-122.76534035558089">
				<ele>0.9815312093605577</ele>
				<time>2026-09-15T01:03:28Z</time>
			</trkpt>
			<trkpt lat="48.10783824469798" lon="-122.76529643727068">
				<ele>1.0248781777723046</ele>
				<time>2026-09-15T01:03:30Z</time>
			</trkpt>
			<trkpt lat="48.10785867947878" lon="-122.76526491137972">
				<ele>0.8357148972396651</ele>
				<time>2026-09-15T01:03:32Z</time>
			</trkpt>
			<trkpt lat="48.10787659774707" lon="-122.76524255908085">
				<ele>0.8655705070272361</ele>
				<time>2026-09-15T01:03:34Z</time>
			</trkpt>
			<trkpt lat="48.10789347388258" lon="-122.76522106218302">
				<ele>0.9829119281213963</ele>
				<time>2026-09-15T01:03:36Z</time>
			</trkpt>
			<trkpt lat="48.107914974188894" lon="-122.76519674943003">
				<ele>1.0950340381189072</ele>
				<time>2026-09-15T01:03:38Z</time>
			</trkpt>
			<trkpt lat="48.10793729041245" lon="-122.76518889541336">
				<ele>1.1356797652873283</ele>
				<time>2026-09-15T01:03:40Z</time>
			</trkpt>
			<trkpt lat="48.107962612601334" lon="-122.76519362511563">
				<ele>1.1543243451772618</ele>
				<time>2026-09-15T01:03:42Z</time>
			</trkpt>
			<trkpt lat="48.107985525660794" lon="-122.76520354070536">
				<ele>1.093993926269622</ele>
				<time>2026-09-15T01:03:44Z</time>
			</trkpt>
			<trkpt lat="48.10801223842023" lon="-122.76520601932715">
				<ele>1.0361532437140575</ele>
				<time>2026-09-15T01:03:47Z</time>
			</trkpt>
			<trkpt lat="48.10803837571229" lon="-122.76519944168194">
				<ele>1.090640848967361</ele>
				<time>2026-09-15T01:03:50Z</time>
			</trkpt>
			<trkpt lat="48.108061484219306" lon="-122.76518145023795">
				<ele>1.0966544888046492</ele>
				<time>2026-09-15T01:03:52Z</time>
			</trkpt>
			<trkpt lat="48.108088143474305" lon="-122.76515933667062">
				<ele>1.0633409547664314</ele>
				<time>2026-09-15T01:03:54Z</time>
			</trkpt>
			<trkpt lat="48.10811883189883" lon="-122.76514105430715">
				<ele>1.132272841082436</ele>
				<time>2026-09-15T01:03:56Z</time>
			</trkpt>
			<trkpt lat="48.10815375460893" lon="-122.7651296129055">
				<ele>1.16747157907718</ele>
				<time>2026-09-15T01:03:58Z</time>
			</trkpt>
			<trkpt lat="48.108186768189405" lon="-122.7651143383118">
				<ele>1.158455696405241</ele>
				<time>2026-09-15T01:04:00Z</time>
			</trkpt>
			<trkpt lat="48.10820422595817" lon="-122.76510712771115">
				<ele>1.1175520354438255</ele>
				<time>2026-09-15T01:04:01Z</time>
			</trkpt>
			<trkpt lat="48.108237495133196" lon="-122.76509560608196">
				<ele>1.135613929404112</ele>
				<time>2026-09-15T01:04:03Z</time>
			</trkpt>
			<trkpt lat="48.10826873796613" lon="-122.76507718070636">
				<ele>1.0960532502700566</ele>
				<time>2026-09-15T01:04:05Z</time>
			</trkpt>
			<trkpt lat="48.10829724836205" lon="-122.76505360223561">
				<ele>1.1178537463514076</ele>
				<time>2026-09-15T01:04:07Z</time>
			</trkpt>
			<trkpt lat="48.108308763779654" lon="-122.76501008799345">
				<ele>0.9717567829875691</ele>
				<time>2026-09-15T01:04:09Z</time>
			</trkpt>
			<trkpt lat="48.108295206988856" lon="-122.76498451971138">
				<ele>1.062209577968904</ele>
				<time>2026-09-15T01:04:11Z</time>
			</trkpt>
			<trkpt lat="48.108278282732186" lon="-122.76496433622142">
				<ele>1.071370750684622</ele>
				<time>2026-09-15T01:04:13Z</time>
			</trkpt>
			<trkpt lat="48.10825814861081" lon="-122.7649465414786">
				<ele>1.1477278186870485</ele>
				<time>2026-09-15T01:04:15Z</time>
			</trkpt>
			<trkpt lat="48.108235702494795" lon="-122.7649414255697">
				<ele>1.134096395067811</ele>
				<time>2026-09-15T01:04:17Z</time>
			</trkpt>
			<trkpt lat="48.10821175259843" lon="-122.76493795211935">
				<ele>1.0982031807857453</ele>
				<time>2026-09-15T01:04:19Z</time>
			</trkpt>
			<trkpt lat="48.10818837222879" lon="-122.7649344253453">
				<ele>1.1025716349828834</ele>
				<time>2026-09-15T01:04:21Z</time>
			</trkpt>
			<trkpt lat="48.10816774864927" lon="-122.76492806464132">
				<ele>1.6678993366080377</ele>
				<time>2026-09-15T01:04:23Z</time>
			</trkpt>
			<trkpt lat="48.10814371020726" lon="-122.76492563097165">
				<ele>1.4022923432595746</ele>
				<time>2026-09-15T01:04:25Z</time>
			</trkpt>
			<trkpt lat="48.108121946713986" lon="-122.76494071421259">
				<ele>1.9348736811286749</ele>
				<time>2026-09-15T01:04:27Z</time>
			</trkpt>
			<trkpt lat="48.108098717584156" lon="-122.76495271884703">
				<ele>1.6860869072095923</ele>
				<time>2026-09-15T01:04:29Z</time>
			</trkpt>
			<trkpt lat="48.108076675816825" lon="-122.76496612789794">
				<ele>1.5753928098698324</ele>
				<time>2026-09-15T01:04:31Z</time>
			</trkpt>
			<trkpt lat="48.10805541609225" lon="-122.76497992808247">
				<ele>1.5156100416733054</ele>
				<time>2026-09-15T01:04:33Z</time>
			</trkpt>
			<trkpt lat="48.10803287755679" lon="-122.76499423594856">
				<ele>1.4198882663796795</ele>
				<time>2026-09-15T01:04:35Z</time>
			</trkpt>
			<trkpt lat="48.10800814646486" lon="-122.76500329071746">
				<ele>1.3671042327808252</ele>
				<time>2026-09-15T01:04:37Z</time>
			</trkpt>
			<trkpt lat="48.107986343671094" lon="-122.7650098605922">
				<ele>1.3733481651814898</ele>
				<time>2026-09-15T01:04:39Z</time>
			</trkpt>
			<trkpt lat="48.10796549620109" lon="-122.76501717928275">
				<ele>1.3697735792339998</ele>
				<time>2026-09-15T01:04:41Z</time>
			</trkpt>
			<trkpt lat="48.10794234484166" lon="-122.76502420935174">
				<ele>1.3899179103726134</ele>
				<time>2026-09-15T01:04:43Z</time>
			</trkpt>
			<trkpt lat="48.10792149849565" lon="-122.76502860611961">
				<ele>1.286739218051057</ele>
				<time>2026-09-15T01:04:45Z</time>
			</trkpt>
			<trkpt lat="48.107900666829615" lon="-122.7650341863688">
				<ele>1.2706410669502652</ele>
				<time>2026-09-15T01:04:47Z</time>
			</trkpt>
			<trkpt lat="48.10787805807425" lon="-122.76504310505005">
				<ele>1.3399577945771028</ele>
				<time>2026-09-15T01:04:49Z</time>
			</trkpt>
			<trkpt lat="48.10785411321149" lon="-122.76505404813292">
				<ele>1.2931852098530356</ele>
				<time>2026-09-15T01:04:51Z</time>
			</trkpt>
			<trkpt lat="48.107831297009554" lon="-122.76505735199115">
				<ele>1.2738586797811244</ele>
				<time>2026-09-15T01:04:53Z</time>
			</trkpt>
			<trkpt lat="48.107811955339876" lon="-122.76507160564493">
				<ele>1.2200142093609472</ele>
				<time>2026-09-15T01:04:55Z</time>
			</trkpt>
			<trkpt lat="48.10779081411346" lon="-122.76508920176768">
				<ele>1.3065103634492843</ele>
				<time>2026-09-15T01:04:57Z</time>
			</trkpt>
			<trkpt lat="48.10777113543228" lon="-122.76511716353806">
				<ele>1.5563134541904766</ele>
				<time>2026-09-15T01:04:59Z</time>
			</trkpt>
			<trkpt lat="48.10775305459824" lon="-122.76514595528236">
				<ele>1.709399499088633</ele>
				<time>2026-09-15T01:05:01Z</time>
			</trkpt>
			<trkpt lat="48.107732944551785" lon="-122.76518552508898">
				<ele>1.9236057500976926</ele>
				<time>2026-09-15T01:05:03Z</time>
			</trkpt>
			<trkpt lat="48.107723615844726" lon="-122.76523306759138">
				<ele>1.5013482985063575</ele>
				<time>2026-09-15T01:05:05Z</time>
			</trkpt>
			<trkpt lat="48.10769876297167" lon="-122.76526621390946">
				<ele>1.4565803802554917</ele>
				<time>2026-09-15T01:05:07Z</time>
			</trkpt>
			<trkpt lat="48.107673281815536" lon="-122.76529412956444">
				<ele>1.525373581081677</ele>
				<time>2026-09-15T01:05:09Z</time>
			</trkpt>
			<trkpt lat="48.10764887056928" lon="-122.76532809319868">
				<ele>1.4706796222037717</ele>
				<time>2026-09-15T01:05:11Z</time>
			</trkpt>
			<trkpt lat="48.10762093805817" lon="-122.76535818341817">
				<ele>1.38595787686004</ele>
				<time>2026-09-15T01:05:13Z</time>
			</trkpt>
			<trkpt lat="48.10760225604979" lon="-122.76539506011535">
				<ele>1.4118679568492674</ele>
				<time>2026-09-15T01:05:15Z</time>
			</trkpt>
			<trkpt lat="48.107620137769175" lon="-122.76540966208667">
				<ele>1.63958383611131</ele>
				<time>2026-09-15T01:05:17Z</time>
			</trkpt>
			<trkpt lat="48.107639712256045" lon="-122.76540585608092">
				<ele>1.71317718732206</ele>
				<time>2026-09-15T01:05:19Z</time>
			</trkpt>
			<trkpt lat="48.1076644416194" lon="-122.76539445680164">
				<ele>1.760491162942202</ele>
				<time>2026-09-15T01:05:21Z</time>
			</trkpt>
			<trkpt lat="48.10768932490731" lon="-122.76538130800289">
				<ele>1.550976788955893</ele>
				<time>2026-09-15T01:05:23Z</time>
			</trkpt>
			<trkpt lat="48.10771716392082" lon="-122.76536188393455">
				<ele>1.6314292828983952</ele>
				<time>2026-09-15T01:05:25Z</time>
			</trkpt>
			<trkpt lat="48.10774208625628" lon="-122.76533785935084">
				<ele>1.560328310030748</ele>
				<time>2026-09-15T01:05:27Z</time>
			</trkpt>
			<trkpt lat="48.10776394024846" lon="-122.76531200543258">
				<ele>1.5162973832643658</ele>
				<time>2026-09-15T01:05:29Z</time>
			</trkpt>
			<trkpt lat="48.10778559979408" lon="-122.76528301250055">
				<ele>1.4757499827334826</ele>
				<time>2026-09-15T01:05:31Z</time>
			</trkpt>
			<trkpt lat="48.10780091640179" lon="-122.76526099991477">
				<ele>1.4356548492988104</ele>
				<time>2026-09-15T01:05:33Z</time>
			</trkpt>
			<trkpt lat="48.10781905525669" lon="-122.76522890922939">
				<ele>1.3694614406406167</ele>
				<time>2026-09-15T01:05:35Z</time>
			</trkpt>
			<trkpt lat="48.10783395748515" lon="-122.76520694132539">
				<ele>1.4086189785321217</ele>
				<time>2026-09-15T01:05:36Z</time>
			</trkpt>
			<trkpt lat="48.107851766193825" lon="-122.76517851853738">
				<ele>1.379685940801938</ele>
				<time>2026-09-15T01:05:38Z</time>
			</trkpt>
			<trkpt lat="48.10787135572025" lon="-122.76514900779341">
				<ele>1.2059737757202988</ele>
				<time>2026-09-15T01:05:40Z</time>
			</trkpt>
			<trkpt lat="48.10788803018018" lon="-122.76512113173386">
				<ele>1.1687286087672177</ele>
				<time>2026-09-15T01:05:42Z</time>
			</trkpt>
			<trkpt lat="48.10790669539403" lon="-122.76509854802133">
				<ele>0.8851519241700707</ele>
				<time>2026-09-15T01:05:44Z</time>
			</trkpt>
			<trkpt lat="48.10792456054114" lon="-122.76508365075617">
				<ele>0.8830805029904099</ele>
				<time>2026-09-15T01:05:46Z</time>
			</trkpt>
			<trkpt lat="48.10794442790836" lon="-122.76509232616797">
				<ele>1.2650446459758165</ele>
				<time>2026-09-15T01:05:50Z</time>
			</trkpt>
			<trkpt lat="48.10793655710832" lon="-122.76512044147724">
				<ele>1.4653163403035947</ele>
				<time>2026-09-15T01:05:55Z</time>
			</trkpt>
			<trkpt lat="48.107921786066115" lon="-122.76515056107122">
				<ele>1.226358088129377</ele>
				<time>2026-09-15T01:05:58Z</time>
			</trkpt>
			<trkpt lat="48.10792109871192" lon="-122.76518673140339">
				<ele>1.2765224503429522</ele>
				<time>2026-09-15T01:06:01Z</time>
			</trkpt>
			<trkpt lat="48.10792037664929" lon="-122.7652225957803">
				<ele>1.3427405137320143</ele>
				<time>2026-09-15T01:06:04Z</time>
			</trkpt>
			<trkpt lat="48.107919032234115" lon="-122.76525432632336">
				<ele>1.206278513103161</ele>
				<time>2026-09-15T01:06:07Z</time>
			</trkpt>
			<trkpt lat="48.10792261680241" lon="-122.7652916117155">
				<ele>1.134693275507086</ele>
				<time>2026-09-15T01:06:10Z</time>
			</trkpt>
			<trkpt lat="48.107929160312295" lon="-122.76532837528484">
				<ele>1.1149738602114638</ele>
				<time>2026-09-15T01:06:13Z</time>
			</trkpt>
			<trkpt lat="48.1079383076796" lon="-122.76535491127153">
				<ele>1.0932054027392724</ele>
				<time>2026-09-15T01:06:16Z</time>
			</trkpt>
			<trkpt lat="48.10793524438632" lon="-122.76538926764091">
				<ele>1.321612354104456</ele>
				<time>2026-09-15T01:06:20Z</time>
			</trkpt>
			<trkpt lat="48.10792707779922" lon="-122.76542064088223">
				<ele>1.3881059671598628</ele>
				<time>2026-09-15T01:06:23Z</time>
			</trkpt>
			<trkpt lat="48.10791525206078" lon="-122.76544655947555">
				<ele>1.2236820201975789</ele>
				<time>2026-09-15T01:06:25Z</time>
			</trkpt>
			<trkpt lat="48.10793032761247" lon="-122.76547399840705">
				<ele>1.0626374415368893</ele>
				<time>2026-09-15T01:06:28Z</time>
			</trkpt>
			<trkpt lat="48.10795428671791" lon="-122.76547169447717">
				<ele>1.1010926375334762</ele>
				<time>2026-09-15T01:06:31Z</time>
			</trkpt>
			<trkpt lat="48.107980306317096" lon="-122.76546560973317">
				<ele>1.1582520541341097</ele>
				<time>2026-09-15T01:06:34Z</time>
			</trkpt>
			<trkpt lat="48.10800012154429" lon="-122.76545777062434">
				<ele>1.0704827707903775</ele>
				<time>2026-09-15T01:06:36Z</time>
			</trkpt>
			<trkpt lat="48.108027031420214" lon="-122.76544708242581">
				<ele>1.0959537908844759</ele>
				<time>2026-09-15T01:06:39Z</time>
			</trkpt>
			<trkpt lat="48.10805347133296" lon="-122.76543720655148">
				<ele>1.0591639212503665</ele>
				<time>2026-09-15T01:06:42Z</time>
			</trkpt>
			<trkpt lat="48.1080852001215" lon="-122.76542239360998">
				<ele>1.0117608293149551</ele>
				<time>2026-09-15T01:06:44Z</time>
			</trkpt>
			<trkpt lat="48.10810558522653" lon="-122.76541429095776">
				<ele>1.0977004653336948</ele>
				<time>2026-09-15T01:06:46Z</time>
			</trkpt>
			<trkpt lat="48.10812818478909" lon="-122.76541409736927">
				<ele>1.2991605005441684</ele>
				<time>2026-09-15T01:06:48Z</time>
			</trkpt>
			<trkpt lat="48.10815128172922" lon="-122.76541343654358">
				<ele>1.288010233843405</ele>
				<time>2026-09-15T01:06:50Z</time>
			</trkpt>
			<trkpt lat="48.10812707275557" lon="-122.76541614121766">
				<ele>1.2694680863554844</ele>
				<time>2026-09-15T01:06:51Z</time>
			</trkpt>
			<trkpt lat="48.10814944033606" lon="-122.76541312147127">
				<ele>1.2568546917735226</ele>
				<time>2026-09-15T01:06:53Z</time>
			</trkpt>
			<trkpt lat="48.108171015497554" lon="-122.76540922401797">
				<ele>1.2639074656780416</ele>
				<time>2026-09-15T01:06:55Z</time>
			</trkpt>
			<trkpt lat="48.10819229856318" lon="-122.7654035150355">
				<ele>1.2750060016560454</ele>
				<time>2026-09-15T01:06:57Z</time>
			</trkpt>
			<trkpt lat="48.10821475862786" lon="-122.76539666231582">
				<ele>1.3252464793593326</ele>
				<time>2026-09-15T01:06:59Z</time>
			</trkpt>
			<trkpt lat="48.10823678667092" lon="-122.76539007797197">
				<ele>1.2959196409155993</ele>
				<time>2026-09-15T01:07:01Z</time>
			</trkpt>
			<trkpt lat="48.1082601340911" lon="-122.7653825546205">
				<ele>1.2808357929311356</ele>
				<time>2026-09-15T01:07:03Z</time>
			</trkpt>
			<trkpt lat="48.10832417786398" lon="-122.76536827948031">
				<ele>1.2927621531848175</ele>
				<time>2026-09-15T01:07:05Z</time>
			</trkpt>
			<trkpt lat="48.10835035996721" lon="-122.76536159206621">
				<ele>1.2540761140541647</ele>
				<time>2026-09-15T01:07:07Z</time>
			</trkpt>
			<trkpt lat="48.1083781038276" lon="-122.76535531202538">
				<ele>1.2358367997385251</ele>
				<time>2026-09-15T01:07:09Z</time>
			</trkpt>
			<trkpt lat="48.108399624145385" lon="-122.7653613416942">
				<ele>1.2576639351623342</ele>
				<time>2026-09-15T01:07:11Z</time>
			</trkpt>
			<trkpt lat="48.10841124370589" lon="-122.76538756763954">
				<ele>1.1745855709696897</ele>
				<time>2026-09-15T01:07:14Z</time>
			</trkpt>
			<trkpt lat="48.108414551717054" lon="-122.76541525739019">
				<ele>1.248795599096887</ele>
				<time>2026-09-15T01:07:18Z</time>
			</trkpt>
			<trkpt lat="48.10840685219462" lon="-122.76545009698235">
				<ele>1.0864839997278786</ele>
				<time>2026-09-15T01:07:21Z</time>
			</trkpt>
			<trkpt lat="48.10840418928698" lon="-122.76547883665161">
				<ele>1.1693410845641345</ele>
				<time>2026-09-15T01:07:23Z</time>
			</trkpt>
			<trkpt lat="48.10840043643058" lon="-122.76551697391727">
				<ele>1.2322798292300838</ele>
				<time>2026-09-15T01:07:26Z</time>
			</trkpt>
			<trkpt lat="48.108393096998924" lon="-122.76555067870073">
				<ele>1.310716483089056</ele>
				<time>2026-09-15T01:07:29Z</time>
			</trkpt>
			<trkpt lat="48.108386507022274" lon="-122.76558394558647">
				<ele>1.2816822346309777</ele>
				<time>2026-09-15T01:07:32Z</time>
			</trkpt>
			<trkpt lat="48.108380295609614" lon="-122.76561938285447">
				<ele>1.2590025198383898</ele>
				<time>2026-09-15T01:07:35Z</time>
			</trkpt>
			<trkpt lat="48.108374861306594" lon="-122.76565088474568">
				<ele>1.1825325810722518</ele>
				<time>2026-09-15T01:07:38Z</time>
			</trkpt>
			<trkpt lat="48.108367611165846" lon="-122.76568044046917">
				<ele>1.156199799524618</ele>
				<time>2026-09-15T01:07:41Z</time>
			</trkpt>
			<trkpt lat="48.10836133086996" lon="-122.76571094342212">
				<ele>1.1350320465128512</ele>
				<time>2026-09-15T01:07:44Z</time>
			</trkpt>
			<trkpt lat="48.10835401779128" lon="-122.76573645851192">
				<ele>1.0904691973379457</ele>
				<time>2026-09-15T01:07:47Z</time>
			</trkpt>
			<trkpt lat="48.108349962500455" lon="-122.76577013489425">
				<ele>1.1279889477969363</ele>
				<time>2026-09-15T01:07:51Z</time>
			</trkpt>
			<trkpt lat="48.10834349129324" lon="-122.76579703425384">
				<ele>1.1461976828578813</ele>
				<time>2026-09-15T01:07:54Z</time>
			</trkpt>
			<trkpt lat="48.108337996614594" lon="-122.76582353918289">
				<ele>1.169563787505858</ele>
				<time>2026-09-15T01:07:57Z</time>
			</trkpt>
			<trkpt lat="48.10833181515641" lon="-122.76585674533754">
				<ele>1.1631556823476998</ele>
				<time>2026-09-15T01:08:01Z</time>
			</trkpt>
			<trkpt lat="48.10832630804863" lon="-122.76588846047012">
				<ele>1.1687119037391298</ele>
				<time>2026-09-15T01:08:05Z</time>
			</trkpt>
			<trkpt lat="48.108321455254746" lon="-122.76592048591817">
				<ele>1.1313424729312622</ele>
				<time>2026-09-15T01:08:09Z</time>
			</trkpt>
			<trkpt lat="48.108314467371606" lon="-122.76595216509091">
				<ele>1.094034704451861</ele>
				<time>2026-09-15T01:08:13Z</time>
			</trkpt>
			<trkpt lat="48.108305080747854" lon="-122.76598248770658">
				<ele>1.0972651428442148</ele>
				<time>2026-09-15T01:08:17Z</time>
			</trkpt>
			<trkpt lat="48.108300094250495" lon="-122.7660120016305">
				<ele>1.1269427662663354</ele>
				<time>2026-09-15T01:08:20Z</time>
			</trkpt>
			<trkpt lat="48.108296943188776" lon="-122.76604055155238">
				<ele>1.0957254736557296</ele>
				<time>2026-09-15T01:08:23Z</time>
			</trkpt>
			<trkpt lat="48.10829360598303" lon="-122.76607574170808">
				<ele>1.118874141018047</ele>
				<time>2026-09-15T01:08:27Z</time>
			</trkpt>
			<trkpt lat="48.108293822297234" lon="-122.76610785333209">
				<ele>1.137313433611748</ele>
				<time>2026-09-15T01:08:31Z</time>
			</trkpt>
			<trkpt lat="48.108285400438994" lon="-122.76613820978801">
				<ele>1.124330549912056</ele>
				<time>2026-09-15T01:08:36Z</time>
			</trkpt>
			<trkpt lat="48.10827579608701" lon="-122.76616814384712">
				<ele>1.159271323861482</ele>
				<time>2026-09-15T01:08:39Z</time>
			</trkpt>
			<trkpt lat="48.108270060663976" lon="-122.76619876635007">
				<ele>1.1323911973118612</ele>
				<time>2026-09-15T01:08:42Z</time>
			</trkpt>
			<trkpt lat="48.10826411244066" lon="-122.76622910450808">
				<ele>1.120585239099313</ele>
				<time>2026-09-15T01:08:45Z</time>
			</trkpt>
			<trkpt lat="48.10825899515452" lon="-122.76626699010276">
				<ele>1.1452698816760076</ele>
				<time>2026-09-15T01:08:48Z</time>
			</trkpt>
			<trkpt lat="48.108255427401296" lon="-122.76629411075811">
				<ele>1.1254439187042031</ele>
				<time>2026-09-15T01:08:50Z</time>
			</trkpt>
			<trkpt lat="48.10825206041602" lon="-122.76632220462363">
				<ele>1.0993334538862491</ele>
				<time>2026-09-15T01:08:52Z</time>
			</trkpt>
			<trkpt lat="48.10824844242994" lon="-122.76635601768912">
				<ele>1.1193612022341881</ele>
				<time>2026-09-15T01:08:55Z</time>
			</trkpt>
			<trkpt lat="48.10824538158932" lon="-122.76638641966578">
				<ele>1.1042846511132183</ele>
				<time>2026-09-15T01:08:57Z</time>
			</trkpt>
			<trkpt lat="48.108240456901065" lon="-122.7664254602846">
				<ele>1.1111864790230612</ele>
				<time>2026-09-15T01:09:00Z</time>
			</trkpt>
			<trkpt lat="48.1082367426172" lon="-122.76645433682074">
				<ele>1.1204664412260783</ele>
				<time>2026-09-15T01:09:02Z</time>
			</trkpt>
			<trkpt lat="48.108232406703515" lon="-122.76648184869333">
				<ele>1.127107653675644</ele>
				<time>2026-09-15T01:09:04Z</time>
			</trkpt>
			<trkpt lat="48.10822701846541" lon="-122.76650975289398">
				<ele>1.1077688580588436</ele>
				<time>2026-09-15T01:09:06Z</time>
			</trkpt>
			<trkpt lat="48.10822009181681" lon="-122.76654707326406">
				<ele>1.1129874394841934</ele>
				<time>2026-09-15T01:09:09Z</time>
			</trkpt>
			<trkpt lat="48.108214084455426" lon="-122.76658200686232">
				<ele>1.08097578574397</ele>
				<time>2026-09-15T01:09:12Z</time>
			</trkpt>
			<trkpt lat="48.10820923224363" lon="-122.76661459415031">
				<ele>1.001809845063793</ele>
				<time>2026-09-15T01:09:15Z</time>
			</trkpt>
			<trkpt lat="48.108203102377374" lon="-122.76664262700476">
				<ele>0.9830294454900255</ele>
				<time>2026-09-15T01:09:18Z</time>
			</trkpt>
			<trkpt lat="48.108198632080985" lon="-122.76667543526916">
				<ele>0.9884083278817037</ele>
				<time>2026-09-15T01:09:22Z</time>
			</trkpt>
			<trkpt lat="48.10819168088133" lon="-122.76670987233112">
				<ele>1.0688044239520096</ele>
				<time>2026-09-15T01:09:27Z</time>
			</trkpt>
			<trkpt lat="48.108185998169795" lon="-122.76673905851776">
				<ele>1.1063228110308287</ele>
				<time>2026-09-15T01:09:31Z</time>
			</trkpt>
			<trkpt lat="48.108180003610606" lon="-122.76676463630473">
				<ele>1.0701419702476898</ele>
				<time>2026-09-15T01:09:34Z</time>
			</trkpt>
			<trkpt lat="48.10817476739432" lon="-122.76679215561646">
				<ele>1.0764242198606055</ele>
				<time>2026-09-15T01:09:37Z</time>
			</trkpt>
			<trkpt lat="48.1081712172222" lon="-122.76682243921827">
				<ele>0.9840120224332303</ele>
				<time>2026-09-15T01:09:40Z</time>
			</trkpt>
			<trkpt lat="48.108161494185936" lon="-122.76685351965824">
				<ele>0.9375975579968809</ele>
				<time>2026-09-15T01:09:44Z</time>
			</trkpt>
			<trkpt lat="48.10814036372841" lon="-122.76686354718484">
				<ele>0.9127069550723128</ele>
				<time>2026-09-15T01:09:47Z</time>
			</trkpt>
			<trkpt lat="48.10811876358151" lon="-122.76685628589081">
				<ele>0.7749452799262393</ele>
				<time>2026-09-15T01:09:50Z</time>
			</trkpt>
			<trkpt lat="48.108099243141645" lon="-122.76683624884394">
				<ele>0.9052677810364465</ele>
				<time>2026-09-15T01:09:53Z</time>
			</trkpt>
			<trkpt lat="48.10808678102127" lon="-122.76681537676855">
				<ele>0.9592333832502788</ele>
				<time>2026-09-15T01:09:55Z</time>
			</trkpt>
			<trkpt lat="48.10808248938913" lon="-122.76678149462201">
				<ele>1.0291305743057961</ele>
				<time>2026-09-15T01:09:58Z</time>
			</trkpt>
			<trkpt lat="48.108075642205186" lon="-122.7667519968097">
				<ele>0.9722420702989716</ele>
				<time>2026-09-15T01:10:01Z</time>
			</trkpt>
			<trkpt lat="48.10806943485778" lon="-122.76672298534736">
				<ele>1.0174474712766184</ele>
				<time>2026-09-15T01:10:04Z</time>
			</trkpt>
			<trkpt lat="48.108064115506366" lon="-122.76668990314899">
				<ele>1.125877583079081</ele>
				<time>2026-09-15T01:10:07Z</time>
			</trkpt>
			<trkpt lat="48.108058830044044" lon="-122.7666582532397">
				<ele>1.0970913243866036</ele>
				<time>2026-09-15T01:10:10Z</time>
			</trkpt>
			<trkpt lat="48.10805375055537" lon="-122.76662476967017">
				<ele>1.136515246738444</ele>
				<time>2026-09-15T01:10:13Z</time>
			</trkpt>
			<trkpt lat="48.108047957257696" lon="-122.76659315479192">
				<ele>1.1209079893813474</ele>
				<time>2026-09-15T01:10:16Z</time>
			</trkpt>
			<trkpt lat="48.10804250636795" lon="-122.76656652394627">
				<ele>1.1094509082949493</ele>
				<time>2026-09-15T01:10:19Z</time>
			</trkpt>
			<trkpt lat="48.10803568521517" lon="-122.7665373044693">
				<ele>1.0964815665763084</ele>
				<time>2026-09-15T01:10:22Z</time>
			</trkpt>
			<trkpt lat="48.10802850554881" lon="-122.76650648456707">
				<ele>1.084201533661922</ele>
				<time>2026-09-15T01:10:25Z</time>
			</trkpt>
			<trkpt lat="48.108021186511266" lon="-122.76647641288916">
				<ele>1.1078838132678257</ele>
				<time>2026-09-15T01:10:28Z</time>
			</trkpt>
			<trkpt lat="48.10801369797438" lon="-122.76644978090832">
				<ele>1.0858648123953856</ele>
				<time>2026-09-15T01:10:31Z</time>
			</trkpt>
			<trkpt lat="48.10800652713142" lon="-122.76642196279239">
				<ele>1.0837231252973432</ele>
				<time>2026-09-15T01:10:34Z</time>
			</trkpt>
			<trkpt lat="48.10799999870168" lon="-122.76639518386577">
				<ele>1.0688603527323508</ele>
				<time>2026-09-15T01:10:37Z</time>
			</trkpt>
			<trkpt lat="48.10799341536944" lon="-122.76636940322705">
				<ele>1.0456719200285853</ele>
				<time>2026-09-15T01:10:40Z</time>
			</trkpt>
			<trkpt lat="48.107984780258235" lon="-122.76634307300216">
				<ele>1.0232083672698984</ele>
				<time>2026-09-15T01:10:43Z</time>
			</trkpt>
			<trkpt lat="48.10797266357398" lon="-122.76630934532794">
				<ele>1.103388820041797</ele>
				<time>2026-09-15T01:10:47Z</time>
			</trkpt>
			<trkpt lat="48.10796348017011" lon="-122.76627971387877">
				<ele>1.2070622821948334</ele>
				<time>2026-09-15T01:10:50Z</time>
			</trkpt>
			<trkpt lat="48.107952696737726" lon="-122.76624801949403">
				<ele>1.305073482910796</ele>
				<time>2026-09-15T01:10:53Z</time>
			</trkpt>
			<trkpt lat="48.10794337548977" lon="-122.76621849760566">
				<ele>1.1534990291770413</ele>
				<time>2026-09-15T01:10:56Z</time>
			</trkpt>
			<trkpt lat="48.10793184217809" lon="-122.76619229979558">
				<ele>1.2841911523538414</ele>
				<time>2026-09-15T01:10:59Z</time>
			</trkpt>
			<trkpt lat="48.1079414388939" lon="-122.7661584499271">
				<ele>1.1322978316956558</ele>
				<time>2026-09-15T01:11:02Z</time>
			</trkpt>
			<trkpt lat="48.107948122967414" lon="-122.7661325506283">
				<ele>1.2364056626393953</ele>
				<time>2026-09-15T01:11:04Z</time>
			</trkpt>
			<trkpt lat="48.10794776686339" lon="-122.76610060982881">
				<ele>1.3121133512780787</ele>
				<time>2026-09-15T01:11:07Z</time>
			</trkpt>
			<trkpt lat="48.10794398836269" lon="-122.7660691922805">
				<ele>1.1322480795384422</ele>
				<time>2026-09-15T01:11:10Z</time>
			</trkpt>
			<trkpt lat="48.10793484852195" lon="-122.76603414725413">
				<ele>1.0962640844534128</ele>
				<time>2026-09-15T01:11:14Z</time>
			</trkpt>
			<trkpt lat="48.10792826883778" lon="-122.76599352016936">
				<ele>1.0984742312101652</ele>
				<time>2026-09-15T01:11:17Z</time>
			</trkpt>
			<trkpt lat="48.10791970638561" lon="-122.76596412783071">
				<ele>1.2001822307439909</ele>
				<time>2026-09-15T01:11:19Z</time>
			</trkpt>
			<trkpt lat="48.10791870284001" lon="-122.76592914648988">
				<ele>1.1593197726024371</ele>
				<time>2026-09-15T01:11:21Z</time>
			</trkpt>
			<trkpt lat="48.10791604166186" lon="-122.76589114882529">
				<ele>1.072911510096489</ele>
				<time>2026-09-15T01:11:23Z</time>
			</trkpt>
			<trkpt lat="48.10791768654868" lon="-122.76585132609836">
				<ele>1.1952430187718441</ele>
				<time>2026-09-15T01:11:26Z</time>
			</trkpt>
			<trkpt lat="48.107914566334394" lon="-122.76582418229424">
				<ele>1.160245238602723</ele>
				<time>2026-09-15T01:11:28Z</time>
			</trkpt>
			<trkpt lat="48.10790881370104" lon="-122.76579490325803">
				<ele>1.173685262684561</ele>
				<time>2026-09-15T01:11:30Z</time>
			</trkpt>
			<trkpt lat="48.107906598621106" lon="-122.76576243660854">
				<ele>1.2216280936555002</ele>
				<time>2026-09-15T01:11:32Z</time>
			</trkpt>
			<trkpt lat="48.10790379115495" lon="-122.76572931290235">
				<ele>1.198130491841244</ele>
				<time>2026-09-15T01:11:34Z</time>
			</trkpt>
			<trkpt lat="48.10789965209487" lon="-122.76570177338427">
				<ele>1.1972044506825839</ele>
				<time>2026-09-15T01:11:36Z</time>
			</trkpt>
			<trkpt lat="48.10789762895658" lon="-122.76567030168478">
				<ele>1.087384612433791</ele>
				<time>2026-09-15T01:11:38Z</time>
			</trkpt>
			<trkpt lat="48.10789667355324" lon="-122.76564215475962">
				<ele>1.0792002503265294</ele>
				<time>2026-09-15T01:11:40Z</time>
			</trkpt>
			<trkpt lat="48.10789558931727" lon="-122.76560892440736">
				<ele>1.1291244604570387</ele>
				<time>2026-09-15T01:11:42Z</time>
			</trkpt>
			<trkpt lat="48.10789484631279" lon="-122.76557996941246">
				<ele>1.1469488531798788</ele>
				<time>2026-09-15T01:11:44Z</time>
			</trkpt>
			<trkpt lat="48.10789154678424" lon="-122.76554822825042">
				<ele>1.1627655052244137</ele>
				<time>2026-09-15T01:11:46Z</time>
			</trkpt>
			<trkpt lat="48.10788842968911" lon="-122.76551766449447">
				<ele>1.127164178496443</ele>
				<time>2026-09-15T01:11:48Z</time>
			</trkpt>
			<trkpt lat="48.107886221893715" lon="-122.76548770165597">
				<ele>1.2537484581905858</ele>
				<time>2026-09-15T01:11:50Z</time>
			</trkpt>
			<trkpt lat="48.107883919335286" lon="-122.76545672762815">
				<ele>1.1838847887428372</ele>
				<time>2026-09-15T01:11:52Z</time>
			</trkpt>
			<trkpt lat="48.107883126416944" lon="-122.7654287814282">
				<ele>1.2860354265448315</ele>
				<time>2026-09-15T01:11:54Z</time>
			</trkpt>
			<trkpt lat="48.1078811077631" lon="-122.7654005036066">
				<ele>1.3336198622308366</ele>
				<time>2026-09-15T01:11:56Z</time>
			</trkpt>
			<trkpt lat="48.10787763382836" lon="-122.7653695157785">
				<ele>1.489064896839153</ele>
				<time>2026-09-15T01:11:58Z</time>
			</trkpt>
			<trkpt lat="48.10787091276857" lon="-122.76534027317479">
				<ele>1.4387413574010885</ele>
				<time>2026-09-15T01:12:00Z</time>
			</trkpt>
			<trkpt lat="48.1078672844914" lon="-122.76531123450354">
				<ele>1.4644727178672312</ele>
				<time>2026-09-15T01:12:02Z</time>
			</trkpt>
			<trkpt lat="48.10786630191031" lon="-122.76528158252817">
				<ele>1.5232230140356329</ele>
				<time>2026-09-15T01:12:04Z</time>
			</trkpt>
			<trkpt lat="48.1078656359264" lon="-122.76525342540009">
				<ele>1.471909269678278</ele>
				<time>2026-09-15T01:12:06Z</time>
			</trkpt>
			<trkpt lat="48.107874356361165" lon="-122.76521770991039">
				<ele>1.2761379438009648</ele>
				<time>2026-09-15T01:12:09Z</time>
			</trkpt>
			<trkpt lat="48.10788723587801" lon="-122.7651945525336">
				<ele>1.2111749796980114</ele>
				<time>2026-09-15T01:12:11Z</time>
			</trkpt>
			<trkpt lat="48.10791013117753" lon="-122.7651834669582">
				<ele>1.2313169454274835</ele>
				<time>2026-09-15T01:12:14Z</time>
			</trkpt>
			<trkpt lat="48.10792855288529" lon="-122.76518317414673">
				<ele>1.2026878908065477</ele>
				<time>2026-09-15T01:12:16Z</time>
			</trkpt>
			<trkpt lat="48.107953190911346" lon="-122.76517826015373">
				<ele>1.2430571713197658</ele>
				<time>2026-09-15T01:12:19Z</time>
			</trkpt>
			<trkpt lat="48.10797330887147" lon="-122.76516831202159">
				<ele>1.0595156610925862</ele>
				<time>2026-09-15T01:12:22Z</time>
			</trkpt>
			<trkpt lat="48.10799481911915" lon="-122.76516478936827">
				<ele>0.9930202991086468</ele>
				<time>2026-09-15T01:12:25Z</time>
			</trkpt>
			<trkpt lat="48.10801660529597" lon="-122.76515816638302">
				<ele>1.0405905913036442</ele>
				<time>2026-09-15T01:12:28Z</time>
			</trkpt>
			<trkpt lat="48.10804000806143" lon="-122.7651542205398">
				<ele>1.2179585729872286</ele>
				<time>2026-09-15T01:12:31Z</time>
			</trkpt>
			<trkpt lat="48.108059359927694" lon="-122.76514355736441">
				<ele>1.238498153396641</ele>
				<time>2026-09-15T01:12:34Z</time>
			</trkpt>
			<trkpt lat="48.1080774379634" lon="-122.76513058366861">
				<ele>1.1967961023919393</ele>
				<time>2026-09-15T01:12:37Z</time>
			</trkpt>
			<trkpt lat="48.10809435616616" lon="-122.7651189903913">
				<ele>1.1963063999877015</ele>
				<time>2026-09-15T01:12:40Z</time>
			</trkpt>
			<trkpt lat="48.10811166567295" lon="-122.76511023039156">
				<ele>1.0801229932968077</ele>
				<time>2026-09-15T01:12:43Z</time>
			</trkpt>
			<trkpt lat="48.10812885889686" lon="-122.76508349446306">
				<ele>1.114607645281275</ele>
				<time>2026-09-15T01:12:47Z</time>
			</trkpt>
			<trkpt lat="48.108132615799526" lon="-122.76504497960336">
				<ele>0.9944212399013672</ele>
				<time>2026-09-15T01:12:50Z</time>
			</trkpt>
			<trkpt lat="48.10811996778712" lon="-122.76501844522464">
				<ele>0.9909672897004889</ele>
				<time>2026-09-15T01:12:53Z</time>
			</trkpt>
			<trkpt lat="48.10810336262254" lon="-122.76500354862262">
				<ele>1.112704162572129</ele>
				<time>2026-09-15T01:12:56Z</time>
			</trkpt>
			<trkpt lat="48.108085728078535" lon="-122.76499716396955">
				<ele>1.3343631818806365</ele>
				<time>2026-09-15T01:12:59Z</time>
			</trkpt>
			<trkpt lat="48.10806133687208" lon="-122.76499044805098">
				<ele>1.2780005674791433</ele>
				<time>2026-09-15T01:13:03Z</time>
			</trkpt>
			<trkpt lat="48.10804026975534" lon="-122.76498036819514">
				<ele>1.224321945536925</ele>
				<time>2026-09-15T01:13:06Z</time>
			</trkpt>
			<trkpt lat="48.10802239292702" lon="-122.76497228717604">
				<ele>1.3054829099597995</ele>
				<time>2026-09-15T01:13:09Z</time>
			</trkpt>
			<trkpt lat="48.10800076783453" lon="-122.76496443327086">
				<ele>1.1856109602065281</ele>
				<time>2026-09-15T01:13:12Z</time>
			</trkpt>
			<trkpt lat="48.107980990913255" lon="-122.76496431581086">
				<ele>1.209843121541713</ele>
				<time>2026-09-15T01:13:15Z</time>
			</trkpt>
			<trkpt lat="48.107963340110786" lon="-122.7649712843832">
				<ele>1.1014850376164418</ele>
				<time>2026-09-15T01:13:17Z</time>
			</trkpt>
			<trkpt lat="48.10794301831974" lon="-122.76498356163016">
				<ele>1.0749840029990736</ele>
				<time>2026-09-15T01:13:20Z</time>
			</trkpt>
			<trkpt lat="48.10792399178461" lon="-122.7650023212787">
				<ele>1.2766624833264686</ele>
				<time>2026-09-15T01:13:23Z</time>
			</trkpt>
			<trkpt lat="48.10791015734644" lon="-122.76502141201479">
				<ele>1.2362027023793516</ele>
				<time>2026-09-15T01:13:25Z</time>
			</trkpt>
			<trkpt lat="48.107900358963576" lon="-122.76505421050778">
				<ele>1.330366511554363</ele>
				<time>2026-09-15T01:13:28Z</time>
			</trkpt>
			<trkpt lat="48.107888835621964" lon="-122.76508841553395">
				<ele>1.3492156749035367</ele>
				<time>2026-09-15T01:13:31Z</time>
			</trkpt>
			<trkpt lat="48.107878647811354" lon="-122.76512377756134">
				<ele>1.3730437318488207</ele>
				<time>2026-09-15T01:13:34Z</time>
			</trkpt>
			<trkpt lat="48.107871821677236" lon="-122.76515670887022">
				<ele>1.369053224319245</ele>
				<time>2026-09-15T01:13:37Z</time>
			</trkpt>
			<trkpt lat="48.107860958298396" lon="-122.76518606542722">
				<ele>1.3584172910099852</ele>
				<time>2026-09-15T01:13:40Z</time>
			</trkpt>
			<trkpt lat="48.107846782294736" lon="-122.765210773754">
				<ele>1.2883107499204343</ele>
				<time>2026-09-15T01:13:43Z</time>
			</trkpt>
			<trkpt lat="48.10782771949753" lon="-122.76523173845119">
				<ele>1.3585056205485309</ele>
				<time>2026-09-15T01:13:46Z</time>
			</trkpt>
			<trkpt lat="48.10781035604749" lon="-122.76524534930824">
				<ele>1.2210870968409004</ele>
				<time>2026-09-15T01:13:48Z</time>
			</trkpt>
			<trkpt lat="48.10779280532897" lon="-122.76526727498793">
				<ele>1.2813864925837528</ele>
				<time>2026-09-15T01:13:51Z</time>
			</trkpt>
			<trkpt lat="48.1077876468774" lon="-122.76530109075568">
				<ele>1.189872280272592</ele>
				<time>2026-09-15T01:13:54Z</time>
			</trkpt>
			<trkpt lat="48.107796049238935" lon="-122.76533235179514">
				<ele>1.0534350803748502</ele>
				<time>2026-09-15T01:13:57Z</time>
			</trkpt>
			<trkpt lat="48.107816754962535" lon="-122.76533814928803">
				<ele>1.1402455199306267</ele>
				<time>2026-09-15T01:14:00Z</time>
			</trkpt>
			<trkpt lat="48.107834248848775" lon="-122.7653277539639">
				<ele>1.1875386433429398</ele>
				<time>2026-09-15T01:14:02Z</time>
			</trkpt>
			<trkpt lat="48.107860559282514" lon="-122.76530234476057">
				<ele>0.9175652897658537</ele>
				<time>2026-09-15T01:14:04Z</time>
			</trkpt>
			<trkpt lat="48.10788109662845" lon="-122.76527606689032">
				<ele>1.2016170611190162</ele>
				<time>2026-09-15T01:14:06Z</time>
			</trkpt>
			<trkpt lat="48.107899257128516" lon="-122.76524426648749">
				<ele>1.1750012818779005</ele>
				<time>2026-09-15T01:14:08Z</time>
			</trkpt>
			<trkpt lat="48.10790688260156" lon="-122.76519846641625">
				<ele>1.3699460208239138</ele>
				<time>2026-09-15T01:14:10Z</time>
			</trkpt>
			<trkpt lat="48.10792145893794" lon="-122.76516420183009">
				<ele>1.3454557040439852</ele>
				<time>2026-09-15T01:14:12Z</time>
			</trkpt>
			<trkpt lat="48.107942424095484" lon="-122.76513536315977">
				<ele>1.3686809262749122</ele>
				<time>2026-09-15T01:14:14Z</time>
			</trkpt>
			<trkpt lat="48.107970633406715" lon="-122.76512062002755">
				<ele>1.3494736037986463</ele>
				<time>2026-09-15T01:14:16Z</time>
			</trkpt>
			<trkpt lat="48.10800412111657" lon="-122.76510965767254">
				<ele>1.0613236444903293</ele>
				<time>2026-09-15T01:14:18Z</time>
			</trkpt>
			<trkpt lat="48.10803651596049" lon="-122.76509680584374">
				<ele>1.1900710788251203</ele>
				<time>2026-09-15T01:14:20Z</time>
			</trkpt>
			<trkpt lat="48.10806713931094" lon="-122.76508561704597">
				<ele>1.0861472724806802</ele>
				<time>2026-09-15T01:14:22Z</time>
			</trkpt>
			<trkpt lat="48.10809472482143" lon="-122.76508160633816">
				<ele>1.0725636951109685</ele>
				<time>2026-09-15T01:14:24Z</time>
			</trkpt>
			<trkpt lat="48.10812355300402" lon="-122.76508465008006">
				<ele>1.1307596592332736</ele>
				<time>2026-09-15T01:14:26Z</time>
			</trkpt>
			<trkpt lat="48.108153545423825" lon="-122.76509136367004">
				<ele>1.4757244419490192</ele>
				<time>2026-09-15T01:14:28Z</time>
			</trkpt>
			<trkpt lat="48.10818200526408" lon="-122.76509985444092">
				<ele>1.4727060776720045</ele>
				<time>2026-09-15T01:14:30Z</time>
			</trkpt>
			<trkpt lat="48.108208945907634" lon="-122.76510582713642">
				<ele>1.4835381232968778</ele>
				<time>2026-09-15T01:14:32Z</time>
			</trkpt>
			<trkpt lat="48.10823313676829" lon="-122.7651064882074">
				<ele>1.471154496462308</ele>
				<time>2026-09-15T01:14:34Z</time>
			</trkpt>
			<trkpt lat="48.10825682698033" lon="-122.76510593070812">
				<ele>1.474893606378167</ele>
				<time>2026-09-15T01:14:36Z</time>
			</trkpt>
			<trkpt lat="48.108283380164906" lon="-122.7651046207944">
				<ele>1.3452754734120447</ele>
				<time>2026-09-15T01:14:38Z</time>
			</trkpt>
			<trkpt lat="48.108310206853105" lon="-122.76510395409504">
				<ele>1.3715688208822314</ele>
				<time>2026-09-15T01:14:40Z</time>
			</trkpt>
			<trkpt lat="48.10833685809268" lon="-122.76510506610929">
				<ele>1.3737079443843037</ele>
				<time>2026-09-15T01:14:42Z</time>
			</trkpt>
			<trkpt lat="48.108364784607254" lon="-122.76510127693477">
				<ele>1.3606056198499132</ele>
				<time>2026-09-15T01:14:44Z</time>
			</trkpt>
			<trkpt lat="48.108392321253596" lon="-122.76509811573541">
				<ele>1.2925145769784905</ele>
				<time>2026-09-15T01:14:46Z</time>
			</trkpt>
			<trkpt lat="48.108420985034805" lon="-122.7651050177211">
				<ele>1.090674470195811</ele>
				<time>2026-09-15T01:14:48Z</time>
			</trkpt>
			<trkpt lat="48.1084412624852" lon="-122.7651179390488">
				<ele>1.0866706721070756</ele>
				<time>2026-09-15T01:14:50Z</time>
			</trkpt>
			<trkpt lat="48.1084451887035" lon="-122.76514722841667">
				<ele>1.2748323598326436</ele>
				<time>2026-09-15T01:14:54Z</time>
			</trkpt>
			<trkpt lat="48.10843581678598" lon="-122.76517848337977">
				<ele>1.3220485898806729</ele>
				<time>2026-09-15T01:14:57Z</time>
			</trkpt>
			<trkpt lat="48.108428078109924" lon="-122.76521729146194">
				<ele>1.2857657777740599</ele>
				<time>2026-09-15T01:15:00Z</time>
			</trkpt>
			<trkpt lat="48.10842386551965" lon="-122.76525232299123">
				<ele>1.2891071729186407</ele>
				<time>2026-09-15T01:15:02Z</time>
			</trkpt>
			<trkpt lat="48.108419528837764" lon="-122.76529172438406">
				<ele>1.2626423743310369</ele>
				<time>2026-09-15T01:15:04Z</time>
			</trkpt>
			<trkpt lat="48.10841526320499" lon="-122.76533212160045">
				<ele>1.2757709152031929</ele>
				<time>2026-09-15T01:15:06Z</time>
			</trkpt>
			<trkpt lat="48.108410210275295" lon="-122.76537528645373">
				<ele>1.0875031093768825</ele>
				<time>2026-09-15T01:15:08Z</time>
			</trkpt>
			<trkpt lat="48.10840290279023" lon="-122.76542022826625">
				<ele>1.1441719489981637</ele>
				<time>2026-09-15T01:15:10Z</time>
			</trkpt>
			<trkpt lat="48.1083945369887" lon="-122.76546032662394">
				<ele>1.1010778523130043</ele>
				<time>2026-09-15T01:15:12Z</time>
			</trkpt>
			<trkpt lat="48.10838786583165" lon="-122.76549943850613">
				<ele>1.1439515566149723</ele>
				<time>2026-09-15T01:15:14Z</time>
			</trkpt>
			<trkpt lat="48.10838290538713" lon="-122.76553723330784">
				<ele>1.1230723199943817</ele>
				<time>2026-09-15T01:15:16Z</time>
			</trkpt>
			<trkpt lat="48.10837741103709" lon="-122.76557161367401">
				<ele>1.1417752970216561</ele>
				<time>2026-09-15T01:15:18Z</time>
			</trkpt>
			<trkpt lat="48.1083717878721" lon="-122.7656036370878">
				<ele>1.110784592073724</ele>
				<time>2026-09-15T01:15:20Z</time>
			</trkpt>
			<trkpt lat="48.10836608049539" lon="-122.76563466751888">
				<ele>1.117876918460592</ele>
				<time>2026-09-15T01:15:22Z</time>
			</trkpt>
			<trkpt lat="48.10836025214212" lon="-122.76566315434057">
				<ele>1.1124977035039976</ele>
				<time>2026-09-15T01:15:24Z</time>
			</trkpt>
			<trkpt lat="48.10835470686546" lon="-122.76569233708388">
				<ele>1.0461289899017636</ele>
				<time>2026-09-15T01:15:26Z</time>
			</trkpt>
			<trkpt lat="48.10834973837188" lon="-122.76572188241373">
				<ele>1.0720801506040267</ele>
				<time>2026-09-15T01:15:28Z</time>
			</trkpt>
			<trkpt lat="48.10834367199543" lon="-122.76575169826765">
				<ele>1.073561442768007</ele>
				<time>2026-09-15T01:15:30Z</time>
			</trkpt>
			<trkpt lat="48.10833741005277" lon="-122.76578194732458">
				<ele>1.122605460259642</ele>
				<time>2026-09-15T01:15:32Z</time>
			</trkpt>
			<trkpt lat="48.108332346749975" lon="-122.76581162558553">
				<ele>1.127781667862866</ele>
				<time>2026-09-15T01:15:34Z</time>
			</trkpt>
			<trkpt lat="48.10832874300827" lon="-122.76583850441735">
				<ele>1.1383347399336863</ele>
				<time>2026-09-15T01:15:36Z</time>
			</trkpt>
			<trkpt lat="48.10832333403929" lon="-122.76586800689948">
				<ele>1.1451070767029137</ele>
				<time>2026-09-15T01:15:38Z</time>
			</trkpt>
			<trkpt lat="48.10831698453888" lon="-122.76589853240273">
				<ele>1.1507401096499486</ele>
				<time>2026-09-15T01:15:40Z</time>
			</trkpt>
			<trkpt lat="48.108310049195495" lon="-122.76592827283869">
				<ele>1.2142244329269403</ele>
				<time>2026-09-15T01:15:42Z</time>
			</trkpt>
			<trkpt lat="48.108302771782164" lon="-122.76595759896642">
				<ele>1.268109189072618</ele>
				<time>2026-09-15T01:15:44Z</time>
			</trkpt>
			<trkpt lat="48.108294890811216" lon="-122.76599075758824">
				<ele>1.2993195858801272</ele>
				<time>2026-09-15T01:15:46Z</time>
			</trkpt>
			<trkpt lat="48.10828742972828" lon="-122.76602653649665">
				<ele>1.2489719223541833</ele>
				<time>2026-09-15T01:15:48Z</time>
			</trkpt>
			<trkpt lat="48.10828060028255" lon="-122.76606486867705">
				<ele>1.2690448939434837</ele>
				<time>2026-09-15T01:15:50Z</time>
			</trkpt>
			<trkpt lat="48.1082742427379" lon="-122.76610459347509">
				<ele>1.2543715014238934</ele>
				<time>2026-09-15T01:15:52Z</time>
			</trkpt>
			<trkpt lat="48.108267330670515" lon="-122.76614491378358">
				<ele>1.3285325148121991</ele>
				<time>2026-09-15T01:15:54Z</time>
			</trkpt>
			<trkpt lat="48.10825992549474" lon="-122.76618394456904">
				<ele>1.2918568964016544</ele>
				<time>2026-09-15T01:15:56Z</time>
			</trkpt>
			<trkpt lat="48.10825338974732" lon="-122.76622307786056">
				<ele>1.279523280133123</ele>
				<time>2026-09-15T01:15:58Z</time>
			</trkpt>
			<trkpt lat="48.10824658633253" lon="-122.76625811803859">
				<ele>1.26852117423784</ele>
				<time>2026-09-15T01:16:00Z</time>
			</trkpt>
			<trkpt lat="48.108240793894325" lon="-122.76629425108243">
				<ele>1.2984905567035447</ele>
				<time>2026-09-15T01:16:02Z</time>
			</trkpt>
			<trkpt lat="48.10823580990516" lon="-122.76632874502117">
				<ele>1.2561286209791653</ele>
				<time>2026-09-15T01:16:04Z</time>
			</trkpt>
			<trkpt lat="48.108229116731955" lon="-122.76636369857358">
				<ele>1.273888984849009</ele>
				<time>2026-09-15T01:16:06Z</time>
			</trkpt>
			<trkpt lat="48.1082236879372" lon="-122.76639941817247">
				<ele>1.3022117589462567</ele>
				<time>2026-09-15T01:16:08Z</time>
			</trkpt>
			<trkpt lat="48.108221819798764" lon="-122.76642787983737">
				<ele>1.2485735459703982</ele>
				<time>2026-09-15T01:16:10Z</time>
			</trkpt>
			<trkpt lat="48.108218704082724" lon="-122.76647145116154">
				<ele>1.2744593980634242</ele>
				<time>2026-09-15T01:16:12Z</time>
			</trkpt>
			<trkpt lat="48.108215117508564" lon="-122.76650721506493">
				<ele>1.250578951350363</ele>
				<time>2026-09-15T01:16:14Z</time>
			</trkpt>
			<trkpt lat="48.10821121784438" lon="-122.76654119943356">
				<ele>1.2769570242612573</ele>
				<time>2026-09-15T01:16:16Z</time>
			</trkpt>
			<trkpt lat="48.10820732414296" lon="-122.76657178207721">
				<ele>1.2745886253467624</ele>
				<time>2026-09-15T01:16:18Z</time>
			</trkpt>
			<trkpt lat="48.108202775888316" lon="-122.76660588465411">
				<ele>1.2842715632760253</ele>
				<time>2026-09-15T01:16:20Z</time>
			</trkpt>
			<trkpt lat="48.1081982467464" lon="-122.76663777279879">
				<ele>1.2736938513403544</ele>
				<time>2026-09-15T01:16:22Z</time>
			</trkpt>
			<trkpt lat="48.10819588569039" lon="-122.7666679046242">
				<ele>1.2395524414767678</ele>
				<time>2026-09-15T01:16:24Z</time>
			</trkpt>
			<trkpt lat="48.108189920722026" lon="-122.76669636428268">
				<ele>1.1664785856780853</ele>
				<time>2026-09-15T01:16:27Z</time>
			</trkpt>
			<trkpt lat="48.108183613166574" lon="-122.76673304552806">
				<ele>1.1809818393396476</ele>
				<time>2026-09-15T01:16:30Z</time>
			</trkpt>
			<trkpt lat="48.10817866167524" lon="-122.76675906728374">
				<ele>1.2044268201509283</ele>
				<time>2026-09-15T01:16:32Z</time>
			</trkpt>
			<trkpt lat="48.10817100904244" lon="-122.76679268236941">
				<ele>1.2093469831083432</ele>
				<time>2026-09-15T01:16:35Z</time>
			</trkpt>
			<trkpt lat="48.108164748848274" lon="-122.76681946162401">
				<ele>1.2168673357275495</ele>
				<time>2026-09-15T01:16:37Z</time>
			</trkpt>
			<trkpt lat="48.10815647182027" lon="-122.76685579768498">
				<ele>1.2214656833959587</ele>
				<time>2026-09-15T01:16:40Z</time>
			</trkpt>
			<trkpt lat="48.10814530409078" lon="-122.76688867027201">
				<ele>1.2000264089757806</ele>
				<time>2026-09-15T01:16:43Z</time>
			</trkpt>
			<trkpt lat="48.10813707981024" lon="-122.76692123579105">
				<ele>1.1854675367507035</ele>
				<time>2026-09-15T01:16:46Z</time>
			</trkpt>
			<trkpt lat="48.10812946175252" lon="-122.76695291350053">
				<ele>1.1676906632522872</ele>
				<time>2026-09-15T01:16:49Z</time>
			</trkpt>
			<trkpt lat="48.10811833908413" lon="-122.76698439389115">
				<ele>1.1719154990930285</ele>
				<time>2026-09-15T01:16:52Z</time>
			</trkpt>
			<trkpt lat="48.108104341451785" lon="-122.7670154428749">
				<ele>1.2387027653356562</ele>
				<time>2026-09-15T01:16:55Z</time>
			</trkpt>
			<trkpt lat="48.10809532055292" lon="-122.7670394120987">
				<ele>1.2129043045193342</ele>
				<time>2026-09-15T01:16:57Z</time>
			</trkpt>
			<trkpt lat="48.1080846965661" lon="-122.7670743677739">
				<ele>1.2431932162046593</ele>
				<time>2026-09-15T01:17:00Z</time>
			</trkpt>
			<trkpt lat="48.10807658038105" lon="-122.76710000041557">
				<ele>1.3398831868270342</ele>
				<time>2026-09-15T01:17:02Z</time>
			</trkpt>
			<trkpt lat="48.10806291799793" lon="-122.767134357323">
				<ele>1.328478027883584</ele>
				<time>2026-09-15T01:17:04Z</time>
			</trkpt>
			<trkpt lat="48.10805356284147" lon="-122.76716271494223">
				<ele>1.3397501362886004</ele>
				<time>2026-09-15T01:17:06Z</time>
			</trkpt>
			<trkpt lat="48.10804503901261" lon="-122.76718819881252">
				<ele>1.378662374653615</ele>
				<time>2026-09-15T01:17:08Z</time>
			</trkpt>
			<trkpt lat="48.10803484863932" lon="-122.7672160435521">
				<ele>1.3085014591515147</ele>
				<time>2026-09-15T01:17:10Z</time>
			</trkpt>
			<trkpt lat="48.1080254729901" lon="-122.76724230607829">
				<ele>1.3391182980175422</ele>
				<time>2026-09-15T01:17:12Z</time>
			</trkpt>
			<trkpt lat="48.1080143697973" lon="-122.76726804303411">
				<ele>1.3753143209427492</ele>
				<time>2026-09-15T01:17:14Z</time>
			</trkpt>
			<trkpt lat="48.10800436461502" lon="-122.7672931647816">
				<ele>1.2354689803084362</ele>
				<time>2026-09-15T01:17:16Z</time>
			</trkpt>
			<trkpt lat="48.10799452958178" lon="-122.7673167329168">
				<ele>1.1861478139649577</ele>
				<time>2026-09-15T01:17:18Z</time>
			</trkpt>
			<trkpt lat="48.10798065853792" lon="-122.7673520571295">
				<ele>1.1356917149419168</ele>
				<time>2026-09-15T01:17:21Z</time>
			</trkpt>
			<trkpt lat="48.107969398828786" lon="-122.7673890085169">
				<ele>1.2567153981040633</ele>
				<time>2026-09-15T01:17:24Z</time>
			</trkpt>
			<trkpt lat="48.10796201859454" lon="-122.76741441199192">
				<ele>1.2140440985317333</ele>
				<time>2026-09-15T01:17:26Z</time>
			</trkpt>
			<trkpt lat="48.10795097019495" lon="-122.76744846401971">
				<ele>1.2929529138107334</ele>
				<time>2026-09-15T01:17:29Z</time>
			</trkpt>
			<trkpt lat="48.10794015699971" lon="-122.76747857093034">
				<ele>1.3128707169700213</ele>
				<time>2026-09-15T01:17:32Z</time>
			</trkpt>
			<trkpt lat="48.107930652839286" lon="-122.76750728258494">
				<ele>1.44124132686051</ele>
				<time>2026-09-15T01:17:35Z</time>
			</trkpt>
			<trkpt lat="48.1079249672371" lon="-122.76753549112318">
				<ele>1.1509290598427029</ele>
				<time>2026-09-15T01:17:38Z</time>
			</trkpt>
			<trkpt lat="48.107916059224415" lon="-122.76755913291728">
				<ele>1.3664961025558533</ele>
				<time>2026-09-15T01:17:41Z</time>
			</trkpt>
			<trkpt lat="48.10790598993218" lon="-122.76759074464725">
				<ele>1.3285646423423252</ele>
				<time>2026-09-15T01:17:45Z</time>
			</trkpt>
			<trkpt lat="48.10789765714674" lon="-122.767621004788">
				<ele>1.3067924255383687</ele>
				<time>2026-09-15T01:17:49Z</time>
			</trkpt>
			<trkpt lat="48.10788942656707" lon="-122.76764590622452">
				<ele>1.39086825502228</ele>
				<time>2026-09-15T01:17:52Z</time>
			</trkpt>
			<trkpt lat="48.107881368771835" lon="-122.76767584987132">
				<ele>1.3524884077431985</ele>
				<time>2026-09-15T01:17:56Z</time>
			</trkpt>
			<trkpt lat="48.10787371892931" lon="-122.7677135672392">
				<ele>1.343492910694625</ele>
				<time>2026-09-15T01:18:00Z</time>
			</trkpt>
			<trkpt lat="48.10786743741953" lon="-122.76774419503838">
				<ele>1.339248217409562</ele>
				<time>2026-09-15T01:18:04Z</time>
			</trkpt>
			<trkpt lat="48.10786280873922" lon="-122.76777141043586">
				<ele>1.3576445801675021</ele>
				<time>2026-09-15T01:18:08Z</time>
			</trkpt>
			<trkpt lat="48.107857557523666" lon="-122.76779785200824">
				<ele>1.1171358462779537</ele>
				<time>2026-09-15T01:18:12Z</time>
			</trkpt>
			<trkpt lat="48.10785106790142" lon="-122.76782924282867">
				<ele>1.1843976574557722</ele>
				<time>2026-09-15T01:18:16Z</time>
			</trkpt>
			<trkpt lat="48.1078448561026" lon="-122.76786051842062">
				<ele>1.2064009902174995</ele>
				<time>2026-09-15T01:18:20Z</time>
			</trkpt>
			<trkpt lat="48.10783542484833" lon="-122.76788883871652">
				<ele>1.2305500702003904</ele>
				<time>2026-09-15T01:18:25Z</time>
			</trkpt>
			<trkpt lat="48.10782833341804" lon="-122.7679168227851">
				<ele>1.2693091719631617</ele>
				<time>2026-09-15T01:18:29Z</time>
			</trkpt>
			<trkpt lat="48.107821924631864" lon="-122.76794490277463">
				<ele>1.2386564666241</ele>
				<time>2026-09-15T01:18:33Z</time>
			</trkpt>
			<trkpt lat="48.10781754985304" lon="-122.76797644986227">
				<ele>1.263940881424105</ele>
				<time>2026-09-15T01:18:37Z</time>
			</trkpt>
			<trkpt lat="48.1078137738465" lon="-122.76800394032584">
				<ele>1.2490130813276892</ele>
				<time>2026-09-15T01:18:41Z</time>
			</trkpt>
			<trkpt lat="48.10781234075138" lon="-122.76803173853477">
				<ele>1.2634740195196592</ele>
				<time>2026-09-15T01:18:45Z</time>
			</trkpt>
			<trkpt lat="48.10780883555028" lon="-122.76806046805464">
				<ele>1.2293415713582654</ele>
				<time>2026-09-15T01:18:50Z</time>
			</trkpt>
			<trkpt lat="48.10780019012067" lon="-122.76808851721617">
				<ele>1.2505434451656612</ele>
				<time>2026-09-15T01:18:55Z</time>
			</trkpt>
			<trkpt lat="48.10779523859137" lon="-122.76811520766691">
				<ele>1.201385830734779</ele>
				<time>2026-09-15T01:19:00Z</time>
			</trkpt>
			<trkpt lat="48.107793097701226" lon="-122.76814205899224">
				<ele>1.20897751525494</ele>
				<time>2026-09-15T01:19:05Z</time>
			</trkpt>
			<trkpt lat="48.107786561179545" lon="-122.76817215422881">
				<ele>1.1873490634812072</ele>
				<time>2026-09-15T01:19:11Z</time>
			</trkpt>
			<trkpt lat="48.10778093839451" lon="-122.76820163324285">
				<ele>1.1730937819299783</ele>
				<time>2026-09-15T01:19:16Z</time>
			</trkpt>
			<trkpt lat="48.10777390671292" lon="-122.76823402551055">
				<ele>1.164652455689005</ele>
				<time>2026-09-15T01:19:21Z</time>
			</trkpt>
			<trkpt lat="48.107769274837715" lon="-122.76826015781407">
				<ele>1.2133040269349493</ele>
				<time>2026-09-15T01:19:25Z</time>
			</trkpt>
			<trkpt lat="48.1077645055455" lon="-122.76828782261774">
				<ele>1.2225366172481031</ele>
				<time>2026-09-15T01:19:29Z</time>
			</trkpt>
			<trkpt lat="48.107757141947964" lon="-122.76831839937465">
				<ele>1.2251077307303397</ele>
				<time>2026-09-15T01:19:34Z</time>
			</trkpt>
			<trkpt lat="48.107750742384894" lon="-122.76834941035155">
				<ele>1.1478050297249176</ele>
				<time>2026-09-15T01:19:40Z</time>
			</trkpt>
			<trkpt lat="48.107745766166445" lon="-122.76837671846239">
				<ele>1.4662231503079788</ele>
				<time>2026-09-15T01:19:46Z</time>
			</trkpt>
			<trkpt lat="48.107743377647076" lon="-122.76840587957992">
				<ele>1.122026359580854</ele>
				<time>2026-09-15T01:19:51Z</time>
			</trkpt>
			<trkpt lat="48.10773977546788" lon="-122.76843449640171">
				<ele>0.5048508982525455</ele>
				<time>2026-09-15T01:19:56Z</time>
			</trkpt>
			<trkpt lat="48.1077330278501" lon="-122.76846118502968">
				<ele>0.7813965909406164</ele>
				<time>2026-09-15T01:20:02Z</time>
			</trkpt>
			<trkpt lat="48.10772475103833" lon="-122.76848993423677">
				<ele>0.6830997936235548</ele>
				<time>2026-09-15T01:20:08Z</time>
			</trkpt>
			<trkpt lat="48.1077205998318" lon="-122.76851849467332">
				<ele>0.68416326305627</ele>
				<time>2026-09-15T01:20:14Z</time>
			</trkpt>
			<trkpt lat="48.10771763356493" lon="-122.76854598074287">
				<ele>0.9253641689292245</ele>
				<time>2026-09-15T01:20:22Z</time>
			</trkpt>
			<trkpt lat="48.1077164436377" lon="-122.76857571888655">
				<ele>1.0081647509590788</ele>
				<time>2026-09-15T01:20:29Z</time>
			</trkpt>
			<trkpt lat="48.10771249405308" lon="-122.76860378006457">
				<ele>1.276940918452926</ele>
				<time>2026-09-15T01:20:36Z</time>
			</trkpt>
			<trkpt lat="48.107704097273285" lon="-122.7686313855261">
				<ele>1.4655438818244093</ele>
				<time>2026-09-15T01:20:43Z</time>
			</trkpt>
			<trkpt lat="48.10769103470757" lon="-122.76865383813926">
				<ele>1.238694339296277</ele>
				<time>2026-09-15T01:20:49Z</time>
			</trkpt>
			<trkpt lat="48.107681047690626" lon="-122.76867987742911">
				<ele>1.2491984048245222</ele>
				<time>2026-09-15T01:20:55Z</time>
			</trkpt>
			<trkpt lat="48.10767866822033" lon="-122.76870712066744">
				<ele>0.9779032839842969</ele>
				<time>2026-09-15T01:20:59Z</time>
			</trkpt>
			<trkpt lat="48.10769744067563" lon="-122.76871996120563">
				<ele>1.2573570601505715</ele>
				<time>2026-09-15T01:21:08Z</time>
			</trkpt>
			<trkpt lat="48.10771934576461" lon="-122.76871294239466">
				<ele>1.0348982098143367</ele>
				<time>2026-09-15T01:21:13Z</time>
			</trkpt>
			<trkpt lat="48.10774105635492" lon="-122.76871893167251">
				<ele>1.134355998259089</ele>
				<time>2026-09-15T01:21:18Z</time>
			</trkpt>
			<trkpt lat="48.10776195318189" lon="-122.76872308764911">
				<ele>1.1741754142084204</ele>
				<time>2026-09-15T01:21:23Z</time>
			</trkpt>
			<trkpt lat="48.107782805378335" lon="-122.76872343187722">
				<ele>1.178977464232677</ele>
				<time>2026-09-15T01:21:28Z</time>
			</trkpt>
			<trkpt lat="48.10780297596496" lon="-122.76872699050809">
				<ele>1.1682170215557868</ele>
				<time>2026-09-15T01:21:33Z</time>
			</trkpt>
			<trkpt lat="48.10782256919663" lon="-122.76872930371036">
				<ele>1.204994560906428</ele>
				<time>2026-09-15T01:21:38Z</time>
			</trkpt>
			<trkpt lat="48.10784131760561" lon="-122.76873283566944">
				<ele>1.1906631442713191</ele>
				<time>2026-09-15T01:21:43Z</time>
			</trkpt>
			<trkpt lat="48.10786007589052" lon="-122.7687361070025">
				<ele>1.1778117113101736</ele>
				<time>2026-09-15T01:21:48Z</time>
			</trkpt>
			<trkpt lat="48.10787929594311" lon="-122.76874217185905">
				<ele>1.1602779554398985</ele>
				<time>2026-09-15T01:21:53Z</time>
			</trkpt>
			<trkpt lat="48.10790025739664" lon="-122.76874114189458">
				<ele>1.0980485432127054</ele>
				<time>2026-09-15T01:21:59Z</time>
			</trkpt>
			<trkpt lat="48.10791989700757" lon="-122.76872722838706">
				<ele>1.053070994065994</ele>
				<time>2026-09-15T01:22:04Z</time>
			</trkpt>
			<trkpt lat="48.107937758270005" lon="-122.768703020635">
				<ele>1.1159654031664985</ele>
				<time>2026-09-15T01:22:08Z</time>
			</trkpt>
			<trkpt lat="48.10795049918219" lon="-122.76868306502543">
				<ele>1.1367550643848432</ele>
				<time>2026-09-15T01:22:11Z</time>
			</trkpt>
			<trkpt lat="48.107969698645974" lon="-122.76865753800807">
				<ele>1.16371756285589</ele>
				<time>2026-09-15T01:22:15Z</time>
			</trkpt>
			<trkpt lat="48.107985345997285" lon="-122.76863389616953">
				<ele>1.1678562909216161</ele>
				<time>2026-09-15T01:22:18Z</time>
			</trkpt>
			<trkpt lat="48.108001540173106" lon="-122.76861482620986">
				<ele>1.1710854805118203</ele>
				<time>2026-09-15T01:22:20Z</time>
			</trkpt>
			<trkpt lat="48.10801888668974" lon="-122.7685946433136">
				<ele>1.2036298580718707</ele>
				<time>2026-09-15T01:22:22Z</time>
			</trkpt>
			<trkpt lat="48.10803652460736" lon="-122.76857608110332">
				<ele>1.1978771852003156</ele>
				<time>2026-09-15T01:22:24Z</time>
			</trkpt>
			<trkpt lat="48.10805525180648" lon="-122.76855963193316">
				<ele>1.2571727957226635</ele>
				<time>2026-09-15T01:22:26Z</time>
			</trkpt>
			<trkpt lat="48.10807678777832" lon="-122.76854706268888">
				<ele>1.2900180517335293</ele>
				<time>2026-09-15T01:22:28Z</time>
			</trkpt>
			<trkpt lat="48.10810418039836" lon="-122.76853118997845">
				<ele>1.219916806363667</ele>
				<time>2026-09-15T01:22:30Z</time>
			</trkpt>
			<trkpt lat="48.1081268084767" lon="-122.76851939525187">
				<ele>1.194599694866067</ele>
				<time>2026-09-15T01:22:32Z</time>
			</trkpt>
			<trkpt lat="48.10814995834161" lon="-122.76851491576127">
				<ele>1.1539963257325034</ele>
				<time>2026-09-15T01:22:34Z</time>
			</trkpt>
			<trkpt lat="48.10817246176292" lon="-122.76851835398934">
				<ele>1.2316706856918813</ele>
				<time>2026-09-15T01:22:36Z</time>
			</trkpt>
			<trkpt lat="48.10819579547167" lon="-122.7685195254684">
				<ele>1.2779375988294994</ele>
				<time>2026-09-15T01:22:38Z</time>
			</trkpt>
			<trkpt lat="48.108219805431546" lon="-122.76851803839558">
				<ele>1.2552753854190826</ele>
				<time>2026-09-15T01:22:40Z</time>
			</trkpt>
			<trkpt lat="48.10824456127375" lon="-122.76851632219459">
				<ele>1.2521580739341616</ele>
				<time>2026-09-15T01:22:42Z</time>
			</trkpt>
			<trkpt lat="48.108269615225915" lon="-122.76851815706628">
				<ele>1.271071361319521</ele>
				<time>2026-09-15T01:22:44Z</time>
			</trkpt>
			<trkpt lat="48.10829141656946" lon="-122.76852500245447">
				<ele>1.2829255606713765</ele>
				<time>2026-09-15T01:22:46Z</time>
			</trkpt>
			<trkpt lat="48.108302745889695" lon="-122.76854623791246">
				<ele>1.6039400737577942</ele>
				<time>2026-09-15T01:22:49Z</time>
			</trkpt>
			<trkpt lat="48.108294083581654" lon="-122.76857713594984">
				<ele>1.2422609796473552</ele>
				<time>2026-09-15T01:22:53Z</time>
			</trkpt>
			<trkpt lat="48.10828210397372" lon="-122.76860083949026">
				<ele>1.1715979771906433</ele>
				<time>2026-09-15T01:22:56Z</time>
			</trkpt>
			<trkpt lat="48.10826866914528" lon="-122.76863327064687">
				<ele>1.1978493970678983</ele>
				<time>2026-09-15T01:22:59Z</time>
			</trkpt>
			<trkpt lat="48.10825354194634" lon="-122.76865549076786">
				<ele>1.1168313106623096</ele>
				<time>2026-09-15T01:23:01Z</time>
			</trkpt>
			<trkpt lat="48.108239765311176" lon="-122.76867336096032">
				<ele>1.1588260151656549</ele>
				<time>2026-09-15T01:23:03Z</time>
			</trkpt>
			<trkpt lat="48.10822481462066" lon="-122.76870197045903">
				<ele>1.1829029240493583</ele>
				<time>2026-09-15T01:23:06Z</time>
			</trkpt>
			<trkpt lat="48.108210652716586" lon="-122.76873220629541">
				<ele>1.1621540620973043</ele>
				<time>2026-09-15T01:23:09Z</time>
			</trkpt>
			<trkpt lat="48.108193627894764" lon="-122.76876251832965">
				<ele>1.17128194727864</ele>
				<time>2026-09-15T01:23:12Z</time>
			</trkpt>
			<trkpt lat="48.108183660962695" lon="-122.76878601540308">
				<ele>1.1820795672020132</ele>
				<time>2026-09-15T01:23:14Z</time>
			</trkpt>
			<trkpt lat="48.1081738190428" lon="-122.76881113991962">
				<ele>1.144314179623251</ele>
				<time>2026-09-15T01:23:16Z</time>
			</trkpt>
			<trkpt lat="48.10816126209485" lon="-122.7688442477356">
				<ele>1.1430254928074284</ele>
				<time>2026-09-15T01:23:19Z</time>
			</trkpt>
			<trkpt lat="48.10814645476939" lon="-122.76887782376191">
				<ele>1.154318769813841</ele>
				<time>2026-09-15T01:23:22Z</time>
			</trkpt>
			<trkpt lat="48.10813648710567" lon="-122.768900258416">
				<ele>1.156110734538661</ele>
				<time>2026-09-15T01:23:24Z</time>
			</trkpt>
			<trkpt lat="48.10812624473625" lon="-122.76892343253833">
				<ele>1.1492393469983142</ele>
				<time>2026-09-15T01:23:26Z</time>
			</trkpt>
			<trkpt lat="48.10811268592565" lon="-122.76895739479751">
				<ele>1.1394191688161648</ele>
				<time>2026-09-15T01:23:29Z</time>
			</trkpt>
			<trkpt lat="48.108099564855486" lon="-122.7689894689484">
				<ele>1.1406244872722233</ele>
				<time>2026-09-15T01:23:32Z</time>
			</trkpt>
			<trkpt lat="48.108086232662224" lon="-122.76902099762219">
				<ele>1.119469618836689</ele>
				<time>2026-09-15T01:23:35Z</time>
			</trkpt>
			<trkpt lat="48.108072035850924" lon="-122.76905020691771">
				<ele>1.132517671402617</ele>
				<time>2026-09-15T01:23:38Z</time>
			</trkpt>
			<trkpt lat="48.10805617725858" lon="-122.7690784243009">
				<ele>1.1769584083686269</ele>
				<time>2026-09-15T01:23:41Z</time>
			</trkpt>
			<trkpt lat="48.108042759168335" lon="-122.76911031076456">
				<ele>1.207847143705358</ele>
				<time>2026-09-15T01:23:44Z</time>
			</trkpt>
			<trkpt lat="48.108031208604196" lon="-122.76914163023213">
				<ele>1.2814633862052283</ele>
				<time>2026-09-15T01:23:47Z</time>
			</trkpt>
			<trkpt lat="48.10801656948352" lon="-122.76917178184779">
				<ele>1.295678251204059</ele>
				<time>2026-09-15T01:23:50Z</time>
			</trkpt>
			<trkpt lat="48.10800217395177" lon="-122.76920010263127">
				<ele>1.275394348268609</ele>
				<time>2026-09-15T01:23:53Z</time>
			</trkpt>
			<trkpt lat="48.10798787639917" lon="-122.76923042047314">
				<ele>1.264391137868568</ele>
				<time>2026-09-15T01:23:56Z</time>
			</trkpt>
			<trkpt lat="48.10797495588673" lon="-122.76926024983621">
				<ele>1.2541273820688197</ele>
				<time>2026-09-15T01:23:59Z</time>
			</trkpt>
			<trkpt lat="48.1079631585799" lon="-122.76929052523859">
				<ele>1.2703170170258034</ele>
				<time>2026-09-15T01:24:02Z</time>
			</trkpt>
			<trkpt lat="48.10795202570158" lon="-122.76932024165329">
				<ele>1.230091031283564</ele>
				<time>2026-09-15T01:24:05Z</time>
			</trkpt>
			<trkpt lat="48.10794197324974" lon="-122.76934979140299">
				<ele>1.201489754259498</ele>
				<time>2026-09-15T01:24:08Z</time>
			</trkpt>
			<trkpt lat="48.107932457007685" lon="-122.76937958414709">
				<ele>1.1919615989510675</ele>
				<time>2026-09-15T01:24:11Z</time>
			</trkpt>
			<trkpt lat="48.10792248952912" lon="-122.76940547430779">
				<ele>1.2154686506850894</ele>
				<time>2026-09-15T01:24:14Z</time>
			</trkpt>
			<trkpt lat="48.107913957477834" lon="-122.76943138720917">
				<ele>1.2477311684184471</ele>
				<time>2026-09-15T01:24:17Z</time>
			</trkpt>
			<trkpt lat="48.107904061986524" lon="-122.769457600071">
				<ele>1.2491568405017262</ele>
				<time>2026-09-15T01:24:20Z</time>
			</trkpt>
			<trkpt lat="48.10789404527278" lon="-122.76948329989943">
				<ele>1.2144276190548986</ele>
				<time>2026-09-15T01:24:23Z</time>
			</trkpt>
			<trkpt lat="48.10788404782903" lon="-122.76950889729758">
				<ele>1.2373793798667094</ele>
				<time>2026-09-15T01:24:26Z</time>
			</trkpt>
			<trkpt lat="48.107871478012925" lon="-122.76953435115014">
				<ele>1.0290259526374186</ele>
				<time>2026-09-15T01:24:29Z</time>
			</trkpt>
			<trkpt lat="48.10785945851616" lon="-122.76955799642681">
				<ele>0.8754361234473507</ele>
				<time>2026-09-15T01:24:32Z</time>
			</trkpt>
			<trkpt lat="48.107849019598866" lon="-122.76958428578986">
				<ele>0.9283317005202392</ele>
				<time>2026-09-15T01:24:35Z</time>
			</trkpt>
			<trkpt lat="48.10784271368214" lon="-122.76961451725069">
				<ele>0.957370964134391</ele>
				<time>2026-09-15T01:24:38Z</time>
			</trkpt>
			<trkpt lat="48.10783920273932" lon="-122.7696441199001">
				<ele>0.7694202016632445</ele>
				<time>2026-09-15T01:24:41Z</time>
			</trkpt>
			<trkpt lat="48.107836254526234" lon="-122.76967594985942">
				<ele>1.0599275834167123</ele>
				<time>2026-09-15T01:24:45Z</time>
			</trkpt>
			<trkpt lat="48.1078348395606" lon="-122.76970284446647">
				<ele>1.4781281369591888</ele>
				<time>2026-09-15T01:24:48Z</time>
			</trkpt>
			<trkpt lat="48.107837834973" lon="-122.76973695976191">
				<ele>1.1567588740700714</ele>
				<time>2026-09-15T01:24:51Z</time>
			</trkpt>
			<trkpt lat="48.10783272026009" lon="-122.7697718286738">
				<ele>1.0965053007358456</ele>
				<time>2026-09-15T01:24:55Z</time>
			</trkpt>
			<trkpt lat="48.107829270651614" lon="-122.76980110044235">
				<ele>1.0630452271818776</ele>
				<time>2026-09-15T01:24:58Z</time>
			</trkpt>
			<trkpt lat="48.1078256238496" lon="-122.76983651999963">
				<ele>1.1349363105657915</ele>
				<time>2026-09-15T01:25:02Z</time>
			</trkpt>
			<trkpt lat="48.1078119022429" lon="-122.76985937008794">
				<ele>1.2487683190362695</ele>
				<time>2026-09-15T01:25:05Z</time>
			</trkpt>
			<trkpt lat="48.107796733729515" lon="-122.76987843949078">
				<ele>1.5340185719897228</ele>
				<time>2026-09-15T01:25:08Z</time>
			</trkpt>
			<trkpt lat="48.10779004029852" lon="-122.76990635274736">
				<ele>1.4286600319177332</ele>
				<time>2026-09-15T01:25:11Z</time>
			</trkpt>
			<trkpt lat="48.107780925139885" lon="-122.76993218974266">
				<ele>1.4505989534910633</ele>
				<time>2026-09-15T01:25:14Z</time>
			</trkpt>
			<trkpt lat="48.10777264420407" lon="-122.7699574907385">
				<ele>1.3787478425777202</ele>
				<time>2026-09-15T01:25:17Z</time>
			</trkpt>
			<trkpt lat="48.10776427146787" lon="-122.76998919510187">
				<ele>1.2886640832258003</ele>
				<time>2026-09-15T01:25:21Z</time>
			</trkpt>
			<trkpt lat="48.107755513503164" lon="-122.77001404203371">
				<ele>1.2952922447586843</ele>
				<time>2026-09-15T01:25:25Z</time>
			</trkpt>
			<trkpt lat="48.10774701553043" lon="-122.77003912825555">
				<ele>1.2647398329939143</ele>
				<time>2026-09-15T01:25:29Z</time>
			</trkpt>
			<trkpt lat="48.10773994360818" lon="-122.77006954422167">
				<ele>1.208659773514107</ele>
				<time>2026-09-15T01:25:34Z</time>
			</trkpt>
			<trkpt lat="48.107729751322" lon="-122.77009780998553">
				<ele>1.286908646129021</ele>
				<time>2026-09-15T01:25:39Z</time>
			</trkpt>
			<trkpt lat="48.1077203996068" lon="-122.7701257093213">
				<ele>1.3443071607701995</ele>
				<time>2026-09-15T01:25:46Z</time>
			</trkpt>
			<trkpt lat="48.10770763352929" lon="-122.77015375505074">
				<ele>1.0317643715644316</ele>
				<time>2026-09-15T01:25:51Z</time>
			</trkpt>
			<trkpt lat="48.107699425725684" lon="-122.7701801280179">
				<ele>1.0679404302528752</ele>
				<time>2026-09-15T01:25:55Z</time>
			</trkpt>
			<trkpt lat="48.10769377495137" lon="-122.7702067194151">
				<ele>1.1039619128915596</ele>
				<time>2026-09-15T01:25:59Z</time>
			</trkpt>
			<trkpt lat="48.107687796737274" lon="-122.77023366094527">
				<ele>1.0483640520957351</ele>
				<time>2026-09-15T01:26:03Z</time>
			</trkpt>
			<trkpt lat="48.1076803678184" lon="-122.77026171604986">
				<ele>1.188534297058876</ele>
				<time>2026-09-15T01:26:07Z</time>
			</trkpt>
			<trkpt lat="48.10767016742015" lon="-122.77029002065011">
				<ele>1.255909519153004</ele>
				<time>2026-09-15T01:26:11Z</time>
			</trkpt>
			<trkpt lat="48.107656744546254" lon="-122.77031857565747">
				<ele>1.2112168889396102</ele>
				<time>2026-09-15T01:26:15Z</time>
			</trkpt>
			<trkpt lat="48.10764917508943" lon="-122.77035309950405">
				<ele>1.0693492042794475</ele>
				<time>2026-09-15T01:26:19Z</time>
			</trkpt>
			<trkpt lat="48.1076419594702" lon="-122.77038204101923">
				<ele>1.3471109131534078</ele>
				<time>2026-09-15T01:26:22Z</time>
			</trkpt>
			<trkpt lat="48.10763123723684" lon="-122.770411180966">
				<ele>1.3372391357478612</ele>
				<time>2026-09-15T01:26:26Z</time>
			</trkpt>
			<trkpt lat="48.107623089669424" lon="-122.77043543998106">
				<ele>1.327705943469386</ele>
				<time>2026-09-15T01:26:29Z</time>
			</trkpt>
			<trkpt lat="48.107611278939665" lon="-122.77046043813137">
				<ele>1.3172434863885663</ele>
				<time>2026-09-15T01:26:33Z</time>
			</trkpt>
			<trkpt lat="48.10760427235398" lon="-122.77048706382293">
				<ele>1.4018782244310017</ele>
				<time>2026-09-15T01:26:36Z</time>
			</trkpt>
			<trkpt lat="48.10759579193841" lon="-122.77051116461242">
				<ele>1.438827437878885</ele>
				<time>2026-09-15T01:26:39Z</time>
			</trkpt>
			<trkpt lat="48.107582514297384" lon="-122.77053568273621">
				<ele>1.4773466830631605</ele>
				<time>2026-09-15T01:26:42Z</time>
			</trkpt>
			<trkpt lat="48.10757539493226" lon="-122.77056140390548">
				<ele>1.2623231306873954</ele>
				<time>2026-09-15T01:26:45Z</time>
			</trkpt>
			<trkpt lat="48.107563730750854" lon="-122.77058610148588">
				<ele>1.2737017386715728</ele>
				<time>2026-09-15T01:26:48Z</time>
			</trkpt>
			<trkpt lat="48.107555192016534" lon="-122.77061586726438">
				<ele>1.3882851451557698</ele>
				<time>2026-09-15T01:26:52Z</time>
			</trkpt>
			<trkpt lat="48.10754487609355" lon="-122.77063845861409">
				<ele>1.3395772536033341</ele>
				<time>2026-09-15T01:26:55Z</time>
			</trkpt>
			<trkpt lat="48.10753283368075" lon="-122.77066498313127">
				<ele>1.2300846996607468</ele>
				<time>2026-09-15T01:26:58Z</time>
			</trkpt>
			<trkpt lat="48.10752210256076" lon="-122.7706902070002">
				<ele>1.2668210981597028</ele>
				<time>2026-09-15T01:27:01Z</time>
			</trkpt>
			<trkpt lat="48.10751392821985" lon="-122.77071437264667">
				<ele>1.2283749420901415</ele>
				<time>2026-09-15T01:27:04Z</time>
			</trkpt>
			<trkpt lat="48.10750484489161" lon="-122.77073947031478">
				<ele>1.1874261636678227</ele>
				<time>2026-09-15T01:27:07Z</time>
			</trkpt>
			<trkpt lat="48.10749543233425" lon="-122.77076543606437">
				<ele>1.129417476300759</ele>
				<time>2026-09-15T01:27:11Z</time>
			</trkpt>
			<trkpt lat="48.10748502262026" lon="-122.77079632945777">
				<ele>1.1417057055763813</ele>
				<time>2026-09-15T01:27:15Z</time>
			</trkpt>
			<trkpt lat="48.107474522663736" lon="-122.77082324597832">
				<ele>1.3966434830662884</ele>
				<time>2026-09-15T01:27:19Z</time>
			</trkpt>
			<trkpt lat="48.107470130401694" lon="-122.77085167272315">
				<ele>1.3056075105805078</ele>
				<time>2026-09-15T01:27:23Z</time>
			</trkpt>
			<trkpt lat="48.107463582733054" lon="-122.77087722512125">
				<ele>1.1619325426034095</ele>
				<time>2026-09-15T01:27:27Z</time>
			</trkpt>
			<trkpt lat="48.10746020426447" lon="-122.77090972967784">
				<ele>1.2569772705137545</ele>
				<time>2026-09-15T01:27:31Z</time>
			</trkpt>
			<trkpt lat="48.10745446409522" lon="-122.77093579377824">
				<ele>1.2659270684352606</ele>
				<time>2026-09-15T01:27:34Z</time>
			</trkpt>
			<trkpt lat="48.107453482675155" lon="-122.77096472664702">
				<ele>1.1436132013910054</ele>
				<time>2026-09-15T01:27:39Z</time>
			</trkpt>
			<trkpt lat="48.10744959270322" lon="-122.7709933681017">
				<ele>1.413180162813461</ele>
				<time>2026-09-15T01:27:44Z</time>
			</trkpt>
			<trkpt lat="48.10744045424142" lon="-122.77101707070779">
				<ele>1.3807899058765933</ele>
				<time>2026-09-15T01:27:48Z</time>
			</trkpt>
			<trkpt lat="48.10743120480474" lon="-122.77104340131798">
				<ele>1.2998640222206852</ele>
				<time>2026-09-15T01:27:52Z</time>
			</trkpt>
			<trkpt lat="48.10742208238715" lon="-122.77107278724235">
				<ele>1.1744692049453427</ele>
				<time>2026-09-15T01:27:56Z</time>
			</trkpt>
			<trkpt lat="48.10741353002402" lon="-122.77109865503171">
				<ele>1.1708906317522718</ele>
				<time>2026-09-15T01:27:59Z</time>
			</trkpt>
			<trkpt lat="48.10740341015948" lon="-122.77112338387978">
				<ele>1.2055563470949764</ele>
				<time>2026-09-15T01:28:02Z</time>
			</trkpt>
			<trkpt lat="48.10739143152785" lon="-122.771152433519">
				<ele>1.1507905906005078</ele>
				<time>2026-09-15T01:28:05Z</time>
			</trkpt>
			<trkpt lat="48.10738033985767" lon="-122.77118532472417">
				<ele>1.2550155565668781</ele>
				<time>2026-09-15T01:28:08Z</time>
			</trkpt>
			<trkpt lat="48.10737003907161" lon="-122.77121963936135">
				<ele>1.3355548854237789</ele>
				<time>2026-09-15T01:28:11Z</time>
			</trkpt>
			<trkpt lat="48.107361913408816" lon="-122.77125163497271">
				<ele>1.266141027608537</ele>
				<time>2026-09-15T01:28:14Z</time>
			</trkpt>
			<trkpt lat="48.107353119018754" lon="-122.77128260669011">
				<ele>1.1227696188136989</ele>
				<time>2026-09-15T01:28:17Z</time>
			</trkpt>
			<trkpt lat="48.10733786412612" lon="-122.77131312223416">
				<ele>1.0319635594942405</ele>
				<time>2026-09-15T01:28:20Z</time>
			</trkpt>
			<trkpt lat="48.107329313180685" lon="-122.77135054240101">
				<ele>1.1688076081628012</ele>
				<time>2026-09-15T01:28:23Z</time>
			</trkpt>
			<trkpt lat="48.10732038020727" lon="-122.77137747241096">
				<ele>1.3225844487550127</ele>
				<time>2026-09-15T01:28:25Z</time>
			</trkpt>
			<trkpt lat="48.107309077632685" lon="-122.77140501249673">
				<ele>1.396483600699252</ele>
				<time>2026-09-15T01:28:27Z</time>
			</trkpt>
			<trkpt lat="48.10730163550096" lon="-122.77143571054772">
				<ele>1.376767149592819</ele>
				<time>2026-09-15T01:28:29Z</time>
			</trkpt>
			<trkpt lat="48.107287383770355" lon="-122.77146851703628">
				<ele>1.2299441369601212</ele>
				<time>2026-09-15T01:28:31Z</time>
			</trkpt>
			<trkpt lat="48.107271267082815" lon="-122.77148744273156">
				<ele>1.1701091372951495</ele>
				<time>2026-09-15T01:28:33Z</time>
			</trkpt>
			<trkpt lat="48.10725980830232" lon="-122.77151903226586">
				<ele>1.3787137862848517</ele>
				<time>2026-09-15T01:28:36Z</time>
			</trkpt>
			<trkpt lat="48.107246417440386" lon="-122.77154314116596">
				<ele>1.0629860828775577</ele>
				<time>2026-09-15T01:28:38Z</time>
			</trkpt>
			<trkpt lat="48.10723490240564" lon="-122.77157231641537">
				<ele>1.114402733983617</ele>
				<time>2026-09-15T01:28:40Z</time>
			</trkpt>
			<trkpt lat="48.107223461989136" lon="-122.77159824638727">
				<ele>1.1267650416852923</ele>
				<time>2026-09-15T01:28:42Z</time>
			</trkpt>
			<trkpt lat="48.10720584627474" lon="-122.7716328072482">
				<ele>1.1733834229528917</ele>
				<time>2026-09-15T01:28:45Z</time>
			</trkpt>
			<trkpt lat="48.10719363439245" lon="-122.77166969112724">
				<ele>1.3398751150842863</ele>
				<time>2026-09-15T01:28:48Z</time>
			</trkpt>
			<trkpt lat="48.10718453202239" lon="-122.77170547044712">
				<ele>1.4800262007960256</ele>
				<time>2026-09-15T01:28:51Z</time>
			</trkpt>
			<trkpt lat="48.10717594135527" lon="-122.77174214846225">
				<ele>1.5906833112369547</ele>
				<time>2026-09-15T01:28:54Z</time>
			</trkpt>
			<trkpt lat="48.10716223319921" lon="-122.77177563994586">
				<ele>1.6026944577292959</ele>
				<time>2026-09-15T01:28:57Z</time>
			</trkpt>
			<trkpt lat="48.10714885209738" lon="-122.77180959588561">
				<ele>1.6057888414878327</ele>
				<time>2026-09-15T01:29:00Z</time>
			</trkpt>
			<trkpt lat="48.10713689138314" lon="-122.77184620367991">
				<ele>1.6577699904335255</ele>
				<time>2026-09-15T01:29:03Z</time>
			</trkpt>
			<trkpt lat="48.10712612364987" lon="-122.77186947129049">
				<ele>1.6892638114960157</ele>
				<time>2026-09-15T01:29:05Z</time>
			</trkpt>
			<trkpt lat="48.10711098959379" lon="-122.77190216059871">
				<ele>1.71504697053145</ele>
				<time>2026-09-15T01:29:08Z</time>
			</trkpt>
			<trkpt lat="48.10709464712153" lon="-122.77193098102046">
				<ele>1.6763659390778543</ele>
				<time>2026-09-15T01:29:11Z</time>
			</trkpt>
			<trkpt lat="48.107079401643176" lon="-122.77196032865248">
				<ele>1.7574603886057645</ele>
				<time>2026-09-15T01:29:14Z</time>
			</trkpt>
			<trkpt lat="48.10706699371882" lon="-122.77199070300213">
				<ele>1.9147865241924542</ele>
				<time>2026-09-15T01:29:17Z</time>
			</trkpt>
			<trkpt lat="48.10705393569997" lon="-122.77201581099912">
				<ele>1.8561392460496329</ele>
				<time>2026-09-15T01:29:20Z</time>
			</trkpt>
			<trkpt lat="48.107038188895125" lon="-122.77204552334925">
				<ele>1.8235510834745519</ele>
				<time>2026-09-15T01:29:23Z</time>
			</trkpt>
			<trkpt lat="48.1070326439861" lon="-122.77207123450451">
				<ele>1.941542363130143</ele>
				<time>2026-09-15T01:29:25Z</time>
			</trkpt>
			<trkpt lat="48.10702184423784" lon="-122.77210711351822">
				<ele>1.7974297269740696</ele>
				<time>2026-09-15T01:29:28Z</time>
			</trkpt>
			<trkpt lat="48.107012533364376" lon="-122.7721387802951">
				<ele>1.713257195223818</ele>
				<time>2026-09-15T01:29:31Z</time>
			</trkpt>
			<trkpt lat="48.10700097773553" lon="-122.77217218385499">
				<ele>1.5352872780389646</ele>
				<time>2026-09-15T01:29:34Z</time>
			</trkpt>
			<trkpt lat="48.10699027286264" lon="-122.77220686833131">
				<ele>1.3966361522989672</ele>
				<time>2026-09-15T01:29:37Z</time>
			</trkpt>
			<trkpt lat="48.1069798817478" lon="-122.77223378226337">
				<ele>1.4555669598870722</ele>
				<time>2026-09-15T01:29:39Z</time>
			</trkpt>
			<trkpt lat="48.1069677880121" lon="-122.77226051399968">
				<ele>1.312477717458929</ele>
				<time>2026-09-15T01:29:41Z</time>
			</trkpt>
			<trkpt lat="48.106960319993405" lon="-122.77228929983882">
				<ele>1.2977516059096708</ele>
				<time>2026-09-15T01:29:43Z</time>
			</trkpt>
			<trkpt lat="48.10694979853207" lon="-122.77232412947272">
				<ele>1.3381634425181232</ele>
				<time>2026-09-15T01:29:45Z</time>
			</trkpt>
			<trkpt lat="48.106934994835456" lon="-122.77235088448003">
				<ele>1.299485858880601</ele>
				<time>2026-09-15T01:29:47Z</time>
			</trkpt>
			<trkpt lat="48.1069229165249" lon="-122.77238070494714">
				<ele>1.425007174437411</ele>
				<time>2026-09-15T01:29:49Z</time>
			</trkpt>
			<trkpt lat="48.10691041604924" lon="-122.77240626783227">
				<ele>1.3877570230314298</ele>
				<time>2026-09-15T01:29:51Z</time>
			</trkpt>
			<trkpt lat="48.10690093886194" lon="-122.77243567744873">
				<ele>1.339093316991093</ele>
				<time>2026-09-15T01:29:53Z</time>
			</trkpt>
			<trkpt lat="48.106891341000804" lon="-122.77246784181992">
				<ele>1.3963211676034035</ele>
				<time>2026-09-15T01:29:55Z</time>
			</trkpt>
			<trkpt lat="48.10687878928722" lon="-122.77249452673797">
				<ele>1.3772172354013072</ele>
				<time>2026-09-15T01:29:57Z</time>
			</trkpt>
			<trkpt lat="48.1068695886782" lon="-122.77252668106246">
				<ele>1.4397299256366693</ele>
				<time>2026-09-15T01:29:59Z</time>
			</trkpt>
			<trkpt lat="48.10686003094892" lon="-122.77255797666146">
				<ele>1.5330708327707327</ele>
				<time>2026-09-15T01:30:01Z</time>
			</trkpt>
			<trkpt lat="48.10684560375309" lon="-122.7725819799023">
				<ele>1.4434662288734543</ele>
				<time>2026-09-15T01:30:03Z</time>
			</trkpt>
			<trkpt lat="48.1068305650953" lon="-122.77260462039311">
				<ele>1.3639580217983998</ele>
				<time>2026-09-15T01:30:05Z</time>
			</trkpt>
			<trkpt lat="48.106821902020634" lon="-122.77263121987053">
				<ele>1.4245153029824564</ele>
				<time>2026-09-15T01:30:07Z</time>
			</trkpt>
			<trkpt lat="48.10680767880268" lon="-122.7726607673578">
				<ele>1.4170303064164962</ele>
				<time>2026-09-15T01:30:09Z</time>
			</trkpt>
			<trkpt lat="48.10679813802912" lon="-122.77269192666739">
				<ele>1.4665429783657054</ele>
				<time>2026-09-15T01:30:11Z</time>
			</trkpt>
			<trkpt lat="48.10678644945517" lon="-122.77271992832846">
				<ele>1.4600463782157007</ele>
				<time>2026-09-15T01:30:13Z</time>
			</trkpt>
			<trkpt lat="48.10677520669204" lon="-122.77275225802158">
				<ele>1.3423674023635215</ele>
				<time>2026-09-15T01:30:15Z</time>
			</trkpt>
			<trkpt lat="48.106765500873905" lon="-122.7727820470431">
				<ele>1.4424060764068471</ele>
				<time>2026-09-15T01:30:17Z</time>
			</trkpt>
			<trkpt lat="48.10674962000438" lon="-122.77280565661214">
				<ele>1.3465753187571927</ele>
				<time>2026-09-15T01:30:19Z</time>
			</trkpt>
			<trkpt lat="48.10673764324028" lon="-122.77283488274229">
				<ele>1.3110084792862082</ele>
				<time>2026-09-15T01:30:21Z</time>
			</trkpt>
			<trkpt lat="48.106727363339985" lon="-122.77286013230209">
				<ele>1.330418208897747</ele>
				<time>2026-09-15T01:30:23Z</time>
			</trkpt>
			<trkpt lat="48.10671265979348" lon="-122.77288756565467">
				<ele>1.2961568330048117</ele>
				<time>2026-09-15T01:30:25Z</time>
			</trkpt>
			<trkpt lat="48.10669919040808" lon="-122.77292021341815">
				<ele>1.3028074994352323</ele>
				<time>2026-09-15T01:30:27Z</time>
			</trkpt>
			<trkpt lat="48.10668935743259" lon="-122.77295107527009">
				<ele>1.173358283497727</ele>
				<time>2026-09-15T01:30:29Z</time>
			</trkpt>
			<trkpt lat="48.106685841773874" lon="-122.77298901915124">
				<ele>1.2440585631170933</ele>
				<time>2026-09-15T01:30:31Z</time>
			</trkpt>
			<trkpt lat="48.10667787120933" lon="-122.7730240484022">
				<ele>1.0889009936406993</ele>
				<time>2026-09-15T01:30:33Z</time>
			</trkpt>
			<trkpt lat="48.106673998703734" lon="-122.77305243727001">
				<ele>1.1190670029287055</ele>
				<time>2026-09-15T01:30:35Z</time>
			</trkpt>
			<trkpt lat="48.10666584751566" lon="-122.77307921398388">
				<ele>1.1028087530879596</ele>
				<time>2026-09-15T01:30:37Z</time>
			</trkpt>
			<trkpt lat="48.10665918903131" lon="-122.77310430866348">
				<ele>1.1338722811142468</ele>
				<time>2026-09-15T01:30:39Z</time>
			</trkpt>
			<trkpt lat="48.10665187801374" lon="-122.77312995137005">
				<ele>1.0961152751152632</ele>
				<time>2026-09-15T01:30:41Z</time>
			</trkpt>
			<trkpt lat="48.106645412596414" lon="-122.77316456263878">
				<ele>1.102676711884687</ele>
				<time>2026-09-15T01:30:44Z</time>
			</trkpt>
			<trkpt lat="48.106640215085854" lon="-122.77319579492722">
				<ele>1.091885528724987</ele>
				<time>2026-09-15T01:30:47Z</time>
			</trkpt>
			<trkpt lat="48.10663385018634" lon="-122.77322536303534">
				<ele>1.1520406307657822</ele>
				<time>2026-09-15T01:30:50Z</time>
			</trkpt>
			<trkpt lat="48.10662799427219" lon="-122.77325291936249">
				<ele>1.1641215635778828</ele>
				<time>2026-09-15T01:30:53Z</time>
			</trkpt>
			<trkpt lat="48.10662532662813" lon="-122.77328225531112">
				<ele>1.3006684278188239</ele>
				<time>2026-09-15T01:30:56Z</time>
			</trkpt>
			<trkpt lat="48.106621659404276" lon="-122.77330916451163">
				<ele>1.3490579356234136</ele>
				<time>2026-09-15T01:30:59Z</time>
			</trkpt>
			<trkpt lat="48.106617827056176" lon="-122.77333864846428">
				<ele>1.4351946912505085</ele>
				<time>2026-09-15T01:31:02Z</time>
			</trkpt>
			<trkpt lat="48.10661494750733" lon="-122.7733657938498">
				<ele>1.4726302327382896</ele>
				<time>2026-09-15T01:31:05Z</time>
			</trkpt>
			<trkpt lat="48.10660996880956" lon="-122.7734016804875">
				<ele>1.349019022852822</ele>
				<time>2026-09-15T01:31:09Z</time>
			</trkpt>
			<trkpt lat="48.106610147214276" lon="-122.773428957535">
				<ele>1.4655851813834282</ele>
				<time>2026-09-15T01:31:12Z</time>
			</trkpt>
			<trkpt lat="48.106607946927106" lon="-122.77345785875532">
				<ele>1.2652706406099803</ele>
				<time>2026-09-15T01:31:16Z</time>
			</trkpt>
			<trkpt lat="48.10660593828801" lon="-122.77349247427026">
				<ele>1.2922478433981688</ele>
				<time>2026-09-15T01:31:20Z</time>
			</trkpt>
			<trkpt lat="48.106603167033256" lon="-122.77352706519223">
				<ele>1.2351018523112245</ele>
				<time>2026-09-15T01:31:24Z</time>
			</trkpt>
			<trkpt lat="48.10660161538707" lon="-122.77355715705649">
				<ele>1.2215838707973319</ele>
				<time>2026-09-15T01:31:28Z</time>
			</trkpt>
			<trkpt lat="48.10660490026419" lon="-122.77358504838676">
				<ele>1.202667722353226</ele>
				<time>2026-09-15T01:31:32Z</time>
			</trkpt>
			<trkpt lat="48.10660849532803" lon="-122.77361405229588">
				<ele>1.1911409248285842</ele>
				<time>2026-09-15T01:31:37Z</time>
			</trkpt>
			<trkpt lat="48.10661303266299" lon="-122.77364355809033">
				<ele>1.1834278258584412</ele>
				<time>2026-09-15T01:31:43Z</time>
			</trkpt>
			<trkpt lat="48.10661429479642" lon="-122.77367312238539">
				<ele>1.4074345359840201</ele>
				<time>2026-09-15T01:31:50Z</time>
			</trkpt>
			<trkpt lat="48.106620372553536" lon="-122.77370060007121">
				<ele>1.1298457173815137</ele>
				<time>2026-09-15T01:31:56Z</time>
			</trkpt>
			<trkpt lat="48.10663110919064" lon="-122.77372504543645">
				<ele>1.3914645886528305</ele>
				<time>2026-09-15T01:32:03Z</time>
			</trkpt>
			<trkpt lat="48.106642427568055" lon="-122.77374765530439">
				<ele>1.293050508042711</ele>
				<time>2026-09-15T01:32:09Z</time>
			</trkpt>
			<trkpt lat="48.106655608202914" lon="-122.77376951725171">
				<ele>1.0756159519735355</ele>
				<time>2026-09-15T01:32:15Z</time>
			</trkpt>
			<trkpt lat="48.1066723175842" lon="-122.77378403812298">
				<ele>1.174230974944809</ele>
				<time>2026-09-15T01:32:22Z</time>
			</trkpt>
			<trkpt lat="48.10669340608803" lon="-122.77379176531483">
				<ele>1.287413403774167</ele>
				<time>2026-09-15T01:32:33Z</time>
			</trkpt>
			<trkpt lat="48.10671561452057" lon="-122.77379862471483">
				<ele>1.2278316488895413</ele>
				<time>2026-09-15T01:32:47Z</time>
			</trkpt>
			<trkpt lat="48.10673652412785" lon="-122.77381145916486">
				<ele>1.3037947604193612</ele>
				<time>2026-09-15T01:32:51Z</time>
			</trkpt>
			<trkpt lat="48.10675532499113" lon="-122.77382035657293">
				<ele>1.2458494772892585</ele>
				<time>2026-09-15T01:32:56Z</time>
			</trkpt>
			<trkpt lat="48.106768745735124" lon="-122.77383857645648">
				<ele>1.2344262413893468</ele>
				<time>2026-09-15T01:33:33Z</time>
			</trkpt>
			<trkpt lat="48.10677968962823" lon="-122.77386255617373">
				<ele>1.3131785476762516</ele>
				<time>2026-09-15T01:33:35Z</time>
			</trkpt>
			<trkpt lat="48.10680111286395" lon="-122.77386893407905">
				<ele>1.2952148624321644</ele>
				<time>2026-09-15T01:33:41Z</time>
			</trkpt>
			<trkpt lat="48.10682258266353" lon="-122.77387923236319">
				<ele>1.398324537090648</ele>
				<time>2026-09-15T01:33:46Z</time>
			</trkpt>
			<trkpt lat="48.106841556218946" lon="-122.77389110079268">
				<ele>1.47029613990847</ele>
				<time>2026-09-15T01:33:49Z</time>
			</trkpt>
			<trkpt lat="48.10686316477551" lon="-122.7739099139084">
				<ele>1.4520898113149734</ele>
				<time>2026-09-15T01:33:52Z</time>
			</trkpt>
			<trkpt lat="48.10688560765339" lon="-122.7739265154084">
				<ele>1.3435642116574442</ele>
				<time>2026-09-15T01:33:55Z</time>
			</trkpt>
			<trkpt lat="48.106906521348684" lon="-122.77394535114983">
				<ele>1.2575539097985171</ele>
				<time>2026-09-15T01:33:58Z</time>
			</trkpt>
			<trkpt lat="48.10692346366544" lon="-122.77396171712459">
				<ele>1.316669638810719</ele>
				<time>2026-09-15T01:34:01Z</time>
			</trkpt>
			<trkpt lat="48.106940015045986" lon="-122.7739763878501">
				<ele>1.3232445063172165</ele>
				<time>2026-09-15T01:34:04Z</time>
			</trkpt>
			<trkpt lat="48.10696184079124" lon="-122.7739927951267">
				<ele>1.2551415956223906</ele>
				<time>2026-09-15T01:34:08Z</time>
			</trkpt>
			<trkpt lat="48.106979391623646" lon="-122.77400978194147">
				<ele>1.2273772872701905</ele>
				<time>2026-09-15T01:34:11Z</time>
			</trkpt>
			<trkpt lat="48.106998246572445" lon="-122.77402485204551">
				<ele>1.2033815945114732</ele>
				<time>2026-09-15T01:34:14Z</time>
			</trkpt>
			<trkpt lat="48.10701671023505" lon="-122.7740411703084">
				<ele>1.2489946591454029</ele>
				<time>2026-09-15T01:34:17Z</time>
			</trkpt>
			<trkpt lat="48.1070341698877" lon="-122.77405616147108">
				<ele>1.2951233452752149</ele>
				<time>2026-09-15T01:34:20Z</time>
			</trkpt>
			<trkpt lat="48.10704539035027" lon="-122.7740776953894">
				<ele>1.460959845059655</ele>
				<time>2026-09-15T01:34:28Z</time>
			</trkpt>
			<trkpt lat="48.10705666716077" lon="-122.77410784241894">
				<ele>1.623797274881369</ele>
				<time>2026-09-15T01:34:34Z</time>
			</trkpt>
			<trkpt lat="48.10707550425619" lon="-122.77412034033685">
				<ele>1.5897181732880554</ele>
				<time>2026-09-15T01:34:37Z</time>
			</trkpt>
			<trkpt lat="48.10710048557101" lon="-122.77413276298392">
				<ele>1.6686001448941639</ele>
				<time>2026-09-15T01:34:41Z</time>
			</trkpt>
			<trkpt lat="48.10711860333846" lon="-122.77414500292124">
				<ele>1.694450022300373</ele>
				<time>2026-09-15T01:34:44Z</time>
			</trkpt>
			<trkpt lat="48.107139493949745" lon="-122.7741598559084">
				<ele>1.5687705156959915</ele>
				<time>2026-09-15T01:34:48Z</time>
			</trkpt>
			<trkpt lat="48.10715622634129" lon="-122.7741747643347">
				<ele>1.6937881236083108</ele>
				<time>2026-09-15T01:34:51Z</time>
			</trkpt>
			<trkpt lat="48.10717590454476" lon="-122.77419116131682">
				<ele>1.7523986705538057</ele>
				<time>2026-09-15T01:34:54Z</time>
			</trkpt>
			<trkpt lat="48.107193233406534" lon="-122.77419856450211">
				<ele>1.7983154502449565</ele>
				<time>2026-09-15T01:34:57Z</time>
			</trkpt>
			<trkpt lat="48.107210654879935" lon="-122.77421134619635">
				<ele>1.838386873568922</ele>
				<time>2026-09-15T01:35:05Z</time>
			</trkpt>
			<trkpt lat="48.10722689797407" lon="-122.77422650712032">
				<ele>1.8489476264992426</ele>
				<time>2026-09-15T01:35:07Z</time>
			</trkpt>
			<trkpt lat="48.10724329510087" lon="-122.77424652896927">
				<ele>2.2231167722474936</ele>
				<time>2026-09-15T01:35:11Z</time>
			</trkpt>
			<trkpt lat="48.10726184173011" lon="-122.77425296689681">
				<ele>2.085603846957305</ele>
				<time>2026-09-15T01:35:14Z</time>
			</trkpt>
			<trkpt lat="48.107281665413176" lon="-122.77426953278838">
				<ele>2.0400589930851183</ele>
				<time>2026-09-15T01:35:17Z</time>
			</trkpt>
			<trkpt lat="48.10729805931039" lon="-122.77428325700801">
				<ele>1.9843935689960368</ele>
				<time>2026-09-15T01:35:20Z</time>
			</trkpt>
			<trkpt lat="48.107316971234894" lon="-122.77429821247107">
				<ele>1.9573601483199248</ele>
				<time>2026-09-15T01:35:23Z</time>
			</trkpt>
			<trkpt lat="48.10733642290971" lon="-122.77431182920444">
				<ele>1.9963814002866584</ele>
				<time>2026-09-15T01:35:26Z</time>
			</trkpt>
			<trkpt lat="48.10735514955995" lon="-122.77432877243743">
				<ele>1.9416318498149323</ele>
				<time>2026-09-15T01:35:29Z</time>
			</trkpt>
			<trkpt lat="48.107373663721546" lon="-122.77434643108114">
				<ele>1.9196944350120937</ele>
				<time>2026-09-15T01:35:32Z</time>
			</trkpt>
			<trkpt lat="48.10739201390297" lon="-122.7743591757246">
				<ele>1.7818799876855387</ele>
				<time>2026-09-15T01:35:35Z</time>
			</trkpt>
			<trkpt lat="48.107403052290984" lon="-122.77438308485166">
				<ele>1.814713198022293</ele>
				<time>2026-09-15T01:35:43Z</time>
			</trkpt>
			<trkpt lat="48.10740796709895" lon="-122.77441435702167">
				<ele>1.6855535162863298</ele>
				<time>2026-09-15T01:35:47Z</time>
			</trkpt>
			<trkpt lat="48.107424301161636" lon="-122.77444160455458">
				<ele>1.6451200838698874</ele>
				<time>2026-09-15T01:35:51Z</time>
			</trkpt>
			<trkpt lat="48.1074325924386" lon="-122.77446605038968">
				<ele>1.5536118918539827</ele>
				<time>2026-09-15T01:35:55Z</time>
			</trkpt>
			<trkpt lat="48.10744669460588" lon="-122.77448853589611">
				<ele>1.506194662226978</ele>
				<time>2026-09-15T01:35:59Z</time>
			</trkpt>
			<trkpt lat="48.10746089796224" lon="-122.77451135580685">
				<ele>1.444119896931344</ele>
				<time>2026-09-15T01:36:02Z</time>
			</trkpt>
			<trkpt lat="48.10747870976592" lon="-122.77453071952844">
				<ele>1.346333399551213</ele>
				<time>2026-09-15T01:36:05Z</time>
			</trkpt>
			<trkpt lat="48.10749167185827" lon="-122.77455224294538">
				<ele>1.4060551098120015</ele>
				<time>2026-09-15T01:36:09Z</time>
			</trkpt>
			<trkpt lat="48.1075023098312" lon="-122.77457610405791">
				<ele>1.326478161440658</ele>
				<time>2026-09-15T01:36:12Z</time>
			</trkpt>
			<trkpt lat="48.107515875241454" lon="-122.77460590610156">
				<ele>1.4147741009965138</ele>
				<time>2026-09-15T01:36:16Z</time>
			</trkpt>
			<trkpt lat="48.10753075899107" lon="-122.7746265004871">
				<ele>1.405290542904794</ele>
				<time>2026-09-15T01:36:19Z</time>
			</trkpt>
			<trkpt lat="48.107545537778435" lon="-122.77464814035325">
				<ele>1.5926421740871923</ele>
				<time>2026-09-15T01:36:23Z</time>
			</trkpt>
			<trkpt lat="48.10756692136643" lon="-122.77466509537304">
				<ele>1.8355820752932175</ele>
				<time>2026-09-15T01:36:27Z</time>
			</trkpt>
			<trkpt lat="48.1075831009031" lon="-122.77468053637199">
				<ele>1.8973269369725472</ele>
				<time>2026-09-15T01:36:30Z</time>
			</trkpt>
			<trkpt lat="48.107601305291595" lon="-122.77467314015611">
				<ele>2.3091884101758495</ele>
				<time>2026-09-15T01:36:39Z</time>
			</trkpt>
			<trkpt lat="48.10758352212749" lon="-122.77466903234254">
				<ele>2.0904570866742844</ele>
				<time>2026-09-15T01:37:05Z</time>
			</trkpt>
			<trkpt lat="48.10759286704863" lon="-122.77469771806601">
				<ele>2.0957619925844995</ele>
				<time>2026-09-15T01:38:36Z</time>
			</trkpt>
			<trkpt lat="48.10761928033624" lon="-122.77470655698343">
				<ele>2.0907032337167877</ele>
				<time>2026-09-15T01:38:41Z</time>
			</trkpt>
			<trkpt lat="48.10763648183098" lon="-122.774719821705">
				<ele>2.308412613232072</ele>
				<time>2026-09-15T01:38:43Z</time>
			</trkpt>
			<trkpt lat="48.10765724836491" lon="-122.77473603162785">
				<ele>2.461011924330588</ele>
				<time>2026-09-15T01:38:45Z</time>
			</trkpt>
			<trkpt lat="48.10767776554" lon="-122.77475784009874">
				<ele>2.6121266542144603</ele>
				<time>2026-09-15T01:38:48Z</time>
			</trkpt>
			<trkpt lat="48.1076977627134" lon="-122.77477580143292">
				<ele>3.230026593674747</ele>
				<time>2026-09-15T01:38:53Z</time>
			</trkpt>
			<trkpt lat="48.107705926813296" lon="-122.774805217207">
				<ele>3.746133677259806</ele>
				<time>2026-09-15T01:38:59Z</time>
			</trkpt>
			<trkpt lat="48.107722774457116" lon="-122.77483233940598">
				<ele>3.6984853240327276</ele>
				<time>2026-09-15T01:39:01Z</time>
			</trkpt>
			<trkpt lat="48.10773943304022" lon="-122.77484692684627">
				<ele>3.770405839370742</ele>
				<time>2026-09-15T01:39:03Z</time>
			</trkpt>
			<trkpt lat="48.10775484301577" lon="-122.7748633330769">
				<ele>3.9262723307537577</ele>
				<time>2026-09-15T01:39:05Z</time>
			</trkpt>
			<trkpt lat="48.10777030589377" lon="-122.77487817925729">
				<ele>4.229193355813408</ele>
				<time>2026-09-15T01:39:07Z</time>
			</trkpt>
			<trkpt lat="48.1077874861599" lon="-122.77489678612619">
				<ele>4.1568551979543</ele>
				<time>2026-09-15T01:39:09Z</time>
			</trkpt>
			<trkpt lat="48.10780498131288" lon="-122.77492003086262">
				<ele>3.9929236031379816</ele>
				<time>2026-09-15T01:39:11Z</time>
			</trkpt>
			<trkpt lat="48.10782504448059" lon="-122.77494454432595">
				<ele>3.9631441113312746</ele>
				<time>2026-09-15T01:39:13Z</time>
			</trkpt>
			<trkpt lat="48.10783859548587" lon="-122.77496292958567">
				<ele>3.8260492773178427</ele>
				<time>2026-09-15T01:39:15Z</time>
			</trkpt>
			<trkpt lat="48.1078331371175" lon="-122.77499086423833">
				<ele>4.170516342616754</ele>
				<time>2026-09-15T01:39:20Z</time>
			</trkpt>
			<trkpt lat="48.10782222228482" lon="-122.77502450502631">
				<ele>4.236765585458112</ele>
				<time>2026-09-15T01:39:23Z</time>
			</trkpt>
			<trkpt lat="48.10781705010142" lon="-122.7750531505296">
				<ele>4.234607182550608</ele>
				<time>2026-09-15T01:39:25Z</time>
			</trkpt>
			<trkpt lat="48.10781302568948" lon="-122.77507939472876">
				<ele>4.093787699587029</ele>
				<time>2026-09-15T01:39:27Z</time>
			</trkpt>
			<trkpt lat="48.1078197274967" lon="-122.77510459863466">
				<ele>3.898559917000874</ele>
				<time>2026-09-15T01:39:30Z</time>
			</trkpt>
			<trkpt lat="48.10781012869696" lon="-122.77507467713563">
				<ele>4.052177308794125</ele>
				<time>2026-09-15T01:39:47Z</time>
			</trkpt>
			<trkpt lat="48.10782503213043" lon="-122.77505284889621">
				<ele>4.1698322503712255</ele>
				<time>2026-09-15T01:39:58Z</time>
			</trkpt>
			<trkpt lat="48.107842733486486" lon="-122.77504748677777">
				<ele>4.319882140806428</ele>
				<time>2026-09-15T01:40:00Z</time>
			</trkpt>
			<trkpt lat="48.10786461597952" lon="-122.77504581036342">
				<ele>4.259974763342175</ele>
				<time>2026-09-15T01:40:02Z</time>
			</trkpt>
			<trkpt lat="48.10789143763447" lon="-122.77503230339249">
				<ele>4.216245318434503</ele>
				<time>2026-09-15T01:40:04Z</time>
			</trkpt>
			<trkpt lat="48.10791516998205" lon="-122.77502102345828">
				<ele>4.2232353588048035</ele>
				<time>2026-09-15T01:40:06Z</time>
			</trkpt>
			<trkpt lat="48.10793895775341" lon="-122.77501669378815">
				<ele>4.356969075964599</ele>
				<time>2026-09-15T01:40:08Z</time>
			</trkpt>
			<trkpt lat="48.107958276818785" lon="-122.77499627421118">
				<ele>4.116296781514343</ele>
				<time>2026-09-15T01:40:11Z</time>
			</trkpt>
			<trkpt lat="48.10794588105296" lon="-122.77501796397213">
				<ele>5.105853809304612</ele>
				<time>2026-09-15T01:40:17Z</time>
			</trkpt>
			<trkpt lat="48.107925100981625" lon="-122.77498628897008">
				<ele>4.751528110237199</ele>
				<time>2026-09-15T01:40:21Z</time>
			</trkpt>
			<trkpt lat="48.107911279004455" lon="-122.77496141228693">
				<ele>4.438948754924937</ele>
				<time>2026-09-15T01:40:23Z</time>
			</trkpt>
			<trkpt lat="48.107894294151244" lon="-122.7749337633902">
				<ele>4.382453128289129</ele>
				<time>2026-09-15T01:40:25Z</time>
			</trkpt>
			<trkpt lat="48.10787398149334" lon="-122.77491986183266">
				<ele>4.489280116152074</ele>
				<time>2026-09-15T01:40:27Z</time>
			</trkpt>
			<trkpt lat="48.10784615537672" lon="-122.77489546881027">
				<ele>4.469273833935716</ele>
				<time>2026-09-15T01:40:29Z</time>
			</trkpt>
			<trkpt lat="48.107822371123376" lon="-122.77489422122397">
				<ele>3.8462399601891235</ele>
				<time>2026-09-15T01:40:31Z</time>
			</trkpt>
			<trkpt lat="48.107805159600865" lon="-122.77487735460866">
				<ele>3.9360778504451126</ele>
				<time>2026-09-15T01:40:33Z</time>
			</trkpt>
			<trkpt lat="48.10778985124821" lon="-122.77486014882648">
				<ele>4.086559699068886</ele>
				<time>2026-09-15T01:40:35Z</time>
			</trkpt>
			<trkpt lat="48.107769355307695" lon="-122.77484418578076">
				<ele>3.970724790625848</ele>
				<time>2026-09-15T01:40:41Z</time>
			</trkpt>
			<trkpt lat="48.10775566915632" lon="-122.77482586148493">
				<ele>3.866823697320921</ele>
				<time>2026-09-15T01:40:44Z</time>
			</trkpt>
			<trkpt lat="48.10773669505561" lon="-122.77480388347793">
				<ele>3.9740562983292733</ele>
				<time>2026-09-15T01:40:48Z</time>
			</trkpt>
			<trkpt lat="48.10772918786189" lon="-122.77483881380721">
				<ele>3.5781960646724436</ele>
				<time>2026-09-15T01:41:04Z</time>
			</trkpt>
			<trkpt lat="48.10773770593698" lon="-122.77486408889327">
				<ele>3.554735969175031</ele>
				<time>2026-09-15T01:41:07Z</time>
			</trkpt>
			<trkpt lat="48.10775378752919" lon="-122.77488244183829">
				<ele>3.6583615480818814</ele>
				<time>2026-09-15T01:41:17Z</time>
			</trkpt>
			<trkpt lat="48.10777400874604" lon="-122.77487700983049">
				<ele>4.025156121618146</ele>
				<time>2026-09-15T01:41:42Z</time>
			</trkpt>
			<trkpt lat="48.107790470086364" lon="-122.77489514519954">
				<ele>4.450182167613505</ele>
				<time>2026-09-15T01:41:45Z</time>
			</trkpt>
			<trkpt lat="48.107803440621495" lon="-122.77491477322143">
				<ele>4.52726448294262</ele>
				<time>2026-09-15T01:41:47Z</time>
			</trkpt>
			<trkpt lat="48.10781946304376" lon="-122.77493572695413">
				<ele>4.7125456424291166</ele>
				<time>2026-09-15T01:41:49Z</time>
			</trkpt>
			<trkpt lat="48.1078353338061" lon="-122.77495340776366">
				<ele>4.7961804246095205</ele>
				<time>2026-09-15T01:41:51Z</time>
			</trkpt>
			<trkpt lat="48.10785507392616" lon="-122.77495565950382">
				<ele>4.881333708906297</ele>
				<time>2026-09-15T01:41:53Z</time>
			</trkpt>
			<trkpt lat="48.10787349274702" lon="-122.77495982228128">
				<ele>4.732818266242511</ele>
				<time>2026-09-15T01:41:55Z</time>
			</trkpt>
			<trkpt lat="48.107896466104854" lon="-122.77496761017476">
				<ele>4.61271027221186</ele>
				<time>2026-09-15T01:41:57Z</time>
			</trkpt>
			<trkpt lat="48.10791973027187" lon="-122.7749756967638">
				<ele>4.723116756813855</ele>
				<time>2026-09-15T01:41:59Z</time>
			</trkpt>
			<trkpt lat="48.107934455869916" lon="-122.77499236216846">
				<ele>4.611490818094488</ele>
				<time>2026-09-15T01:42:01Z</time>
			</trkpt>
			<trkpt lat="48.107917802741746" lon="-122.77500916267358">
				<ele>4.502459448671786</ele>
				<time>2026-09-15T01:42:07Z</time>
			</trkpt>
			<trkpt lat="48.107892693505164" lon="-122.77498989460958">
				<ele>4.15155725638699</ele>
				<time>2026-09-15T01:42:09Z</time>
			</trkpt>
			<trkpt lat="48.10787143469164" lon="-122.77496942953832">
				<ele>4.37507864779483</ele>
				<time>2026-09-15T01:42:11Z</time>
			</trkpt>
			<trkpt lat="48.107844555580265" lon="-122.77493447455146">
				<ele>4.458776377682906</ele>
				<time>2026-09-15T01:42:13Z</time>
			</trkpt>
			<trkpt lat="48.10783299759867" lon="-122.77491299048712">
				<ele>4.646358187903402</ele>
				<time>2026-09-15T01:42:14Z</time>
			</trkpt>
			<trkpt lat="48.10781441388017" lon="-122.77487743593356">
				<ele>4.6015559048306685</ele>
				<time>2026-09-15T01:42:16Z</time>
			</trkpt>
			<trkpt lat="48.10779776291703" lon="-122.77486291860968">
				<ele>4.4541367380587396</ele>
				<time>2026-09-15T01:42:18Z</time>
			</trkpt>
			<trkpt lat="48.10777954033026" lon="-122.77484812321102">
				<ele>4.2364778551793165</ele>
				<time>2026-09-15T01:42:20Z</time>
			</trkpt>
			<trkpt lat="48.1077960602454" lon="-122.77485992517646">
				<ele>4.34118006618462</ele>
				<time>2026-09-15T01:42:25Z</time>
			</trkpt>
			<trkpt lat="48.10780885304287" lon="-122.77483975998794">
				<ele>4.620348772890793</ele>
				<time>2026-09-15T01:42:28Z</time>
			</trkpt>
			<trkpt lat="48.107784413333135" lon="-122.77480591588935">
				<ele>4.389628771950509</ele>
				<time>2026-09-15T01:42:30Z</time>
			</trkpt>
			<trkpt lat="48.107755195399186" lon="-122.77478275419185">
				<ele>4.1157270520150036</ele>
				<time>2026-09-15T01:42:32Z</time>
			</trkpt>
			<trkpt lat="48.107725409568076" lon="-122.77475576641059">
				<ele>4.009191094476389</ele>
				<time>2026-09-15T01:42:34Z</time>
			</trkpt>
			<trkpt lat="48.10769861682596" lon="-122.77473542514842">
				<ele>3.773114474002771</ele>
				<time>2026-09-15T01:42:36Z</time>
			</trkpt>
			<trkpt lat="48.10767953768747" lon="-122.7747254982265">
				<ele>3.751181242574159</ele>
				<time>2026-09-15T01:42:37Z</time>
			</trkpt>
			<trkpt lat="48.10765032338485" lon="-122.77470205155018">
				<ele>3.498314192463237</ele>
				<time>2026-09-15T01:42:39Z</time>
			</trkpt>
			<trkpt lat="48.10762835010579" lon="-122.77467975673086">
				<ele>3.136441131476367</ele>
				<time>2026-09-15T01:42:41Z</time>
			</trkpt>
			<trkpt lat="48.10760514091402" lon="-122.77465479576529">
				<ele>2.798010202958089</ele>
				<time>2026-09-15T01:42:43Z</time>
			</trkpt>
			<trkpt lat="48.10758081819385" lon="-122.77463164071295">
				<ele>2.572548501092953</ele>
				<time>2026-09-15T01:42:45Z</time>
			</trkpt>
			<trkpt lat="48.1075576862444" lon="-122.77460309630742">
				<ele>2.281941094923468</ele>
				<time>2026-09-15T01:42:47Z</time>
			</trkpt>
			<trkpt lat="48.107532802436" lon="-122.77458164516881">
				<ele>1.9797667909032413</ele>
				<time>2026-09-15T01:42:49Z</time>
			</trkpt>
			<trkpt lat="48.107511665186955" lon="-122.77455697658387">
				<ele>1.752985570978474</ele>
				<time>2026-09-15T01:42:51Z</time>
			</trkpt>
			<trkpt lat="48.107492948208815" lon="-122.7745269160771">
				<ele>1.8111438657932801</ele>
				<time>2026-09-15T01:42:53Z</time>
			</trkpt>
			<trkpt lat="48.107472165576375" lon="-122.77449664753179">
				<ele>1.7238323831971307</ele>
				<time>2026-09-15T01:42:55Z</time>
			</trkpt>
			<trkpt lat="48.10745562005948" lon="-122.77446437423585">
				<ele>1.1648724582223409</ele>
				<time>2026-09-15T01:42:57Z</time>
			</trkpt>
			<trkpt lat="48.10743810311827" lon="-122.77443164169317">
				<ele>0.9539800477829736</ele>
				<time>2026-09-15T01:42:59Z</time>
			</trkpt>
			<trkpt lat="48.1074269680777" lon="-122.77439627382054">
				<ele>1.5117951979689686</ele>
				<time>2026-09-15T01:43:01Z</time>
			</trkpt>
			<trkpt lat="48.107416532780675" lon="-122.77436304797317">
				<ele>1.448731480639367</ele>
				<time>2026-09-15T01:43:03Z</time>
			</trkpt>
			<trkpt lat="48.107401314329216" lon="-122.77433464658296">
				<ele>1.4599856023787758</ele>
				<time>2026-09-15T01:43:05Z</time>
			</trkpt>
			<trkpt lat="48.10737970522267" lon="-122.77431509527118">
				<ele>1.1867297163149964</ele>
				<time>2026-09-15T01:43:07Z</time>
			</trkpt>
			<trkpt lat="48.107356914734176" lon="-122.77429604099231">
				<ele>1.3271063009320159</ele>
				<time>2026-09-15T01:43:09Z</time>
			</trkpt>
			<trkpt lat="48.10733271375433" lon="-122.77427488890979">
				<ele>1.4185852638428393</ele>
				<time>2026-09-15T01:43:11Z</time>
			</trkpt>
			<trkpt lat="48.10731100586872" lon="-122.77425450684389">
				<ele>1.5384810029360914</ele>
				<time>2026-09-15T01:43:13Z</time>
			</trkpt>
			<trkpt lat="48.10728776007844" lon="-122.774232103126">
				<ele>1.50483517433101</ele>
				<time>2026-09-15T01:43:15Z</time>
			</trkpt>
			<trkpt lat="48.10726492098324" lon="-122.77420832308401">
				<ele>1.5515782071456528</ele>
				<time>2026-09-15T01:43:17Z</time>
			</trkpt>
			<trkpt lat="48.107241495593584" lon="-122.77418875189015">
				<ele>1.69832079362547</ele>
				<time>2026-09-15T01:43:19Z</time>
			</trkpt>
			<trkpt lat="48.10722121028779" lon="-122.77417018996593">
				<ele>1.795201210988452</ele>
				<time>2026-09-15T01:43:21Z</time>
			</trkpt>
			<trkpt lat="48.107197293999405" lon="-122.77414954180176">
				<ele>1.8161131301609927</ele>
				<time>2026-09-15T01:43:23Z</time>
			</trkpt>
			<trkpt lat="48.10717254982232" lon="-122.77413160483735">
				<ele>1.8592685406931118</ele>
				<time>2026-09-15T01:43:25Z</time>
			</trkpt>
			<trkpt lat="48.10714861562228" lon="-122.77411860057893">
				<ele>1.821606326805977</ele>
				<time>2026-09-15T01:43:27Z</time>
			</trkpt>
			<trkpt lat="48.107127153922185" lon="-122.77410238283713">
				<ele>1.8167164227127692</ele>
				<time>2026-09-15T01:43:29Z</time>
			</trkpt>
			<trkpt lat="48.10710935130424" lon="-122.77407983039471">
				<ele>1.9494042200005133</ele>
				<time>2026-09-15T01:43:31Z</time>
			</trkpt>
			<trkpt lat="48.10709070991529" lon="-122.774058311049">
				<ele>1.9512287256643326</ele>
				<time>2026-09-15T01:43:33Z</time>
			</trkpt>
			<trkpt lat="48.10706863048161" lon="-122.77404354206494">
				<ele>1.853448197447964</ele>
				<time>2026-09-15T01:43:35Z</time>
			</trkpt>
			<trkpt lat="48.10704864918288" lon="-122.77403396170428">
				<ele>1.611131899769365</ele>
				<time>2026-09-15T01:43:37Z</time>
			</trkpt>
			<trkpt lat="48.10702912545822" lon="-122.77402084977517">
				<ele>1.6402766567817224</ele>
				<time>2026-09-15T01:43:39Z</time>
			</trkpt>
			<trkpt lat="48.107008462068485" lon="-122.7740064099967">
				<ele>1.6269790111004916</ele>
				<time>2026-09-15T01:43:41Z</time>
			</trkpt>
			<trkpt lat="48.10698644752079" lon="-122.77398618558908">
				<ele>1.7034676615092046</ele>
				<time>2026-09-15T01:43:43Z</time>
			</trkpt>
			<trkpt lat="48.106963032626226" lon="-122.77397059247394">
				<ele>1.547105307501031</ele>
				<time>2026-09-15T01:43:45Z</time>
			</trkpt>
			<trkpt lat="48.10695050342738" lon="-122.77394796200485">
				<ele>1.4412815729445683</ele>
				<time>2026-09-15T01:43:47Z</time>
			</trkpt>
			<trkpt lat="48.106932204169745" lon="-122.77393611868744">
				<ele>1.3837678994378209</ele>
				<time>2026-09-15T01:43:49Z</time>
			</trkpt>
			<trkpt lat="48.10694334954792" lon="-122.77396631248774">
				<ele>1.9123052089705368</ele>
				<time>2026-09-15T01:43:53Z</time>
			</trkpt>
			<trkpt lat="48.106962863117936" lon="-122.77397477359386">
				<ele>1.3708889790415917</ele>
				<time>2026-09-15T01:44:01Z</time>
			</trkpt>
			<trkpt lat="48.106979136034894" lon="-122.7739886122938">
				<ele>1.4534986816359385</ele>
				<time>2026-09-15T01:44:06Z</time>
			</trkpt>
			<trkpt lat="48.10699326208372" lon="-122.77400681446846">
				<ele>1.4031338114242224</ele>
				<time>2026-09-15T01:44:09Z</time>
			</trkpt>
			<trkpt lat="48.107011892734114" lon="-122.77402169788466">
				<ele>1.444736692862108</ele>
				<time>2026-09-15T01:44:13Z</time>
			</trkpt>
			<trkpt lat="48.107033734383315" lon="-122.77404017383309">
				<ele>1.399825464061685</ele>
				<time>2026-09-15T01:44:17Z</time>
			</trkpt>
			<trkpt lat="48.10705156466639" lon="-122.77405582664612">
				<ele>1.4367864566137847</ele>
				<time>2026-09-15T01:44:20Z</time>
			</trkpt>
			<trkpt lat="48.107067678326736" lon="-122.77407316292172">
				<ele>1.4571734821210711</ele>
				<time>2026-09-15T01:44:23Z</time>
			</trkpt>
			<trkpt lat="48.107083664398935" lon="-122.77408953308412">
				<ele>1.5239447808916324</ele>
				<time>2026-09-15T01:44:26Z</time>
			</trkpt>
			<trkpt lat="48.107105966684856" lon="-122.77410790608872">
				<ele>1.5485468966869682</ele>
				<time>2026-09-15T01:44:30Z</time>
			</trkpt>
			<trkpt lat="48.107125743823644" lon="-122.77412500036074">
				<ele>1.6149637865043793</ele>
				<time>2026-09-15T01:44:34Z</time>
			</trkpt>
			<trkpt lat="48.10714430451769" lon="-122.77414169655704">
				<ele>1.6357260283563342</ele>
				<time>2026-09-15T01:44:38Z</time>
			</trkpt>
			<trkpt lat="48.107161233492114" lon="-122.77415570027054">
				<ele>1.6831130220055002</ele>
				<time>2026-09-15T01:44:41Z</time>
			</trkpt>
			<trkpt lat="48.107180350002444" lon="-122.77416738503565">
				<ele>1.8602337461679923</ele>
				<time>2026-09-15T01:44:44Z</time>
			</trkpt>
			<trkpt lat="48.10719791941569" lon="-122.77418207766638">
				<ele>1.838471879553829</ele>
				<time>2026-09-15T01:44:47Z</time>
			</trkpt>
			<trkpt lat="48.107216614710076" lon="-122.77420120117368">
				<ele>1.8169358488949037</ele>
				<time>2026-09-15T01:44:50Z</time>
			</trkpt>
			<trkpt lat="48.107234411883404" lon="-122.77421608454983">
				<ele>2.0642572107878756</ele>
				<time>2026-09-15T01:44:53Z</time>
			</trkpt>
			<trkpt lat="48.10725327168138" lon="-122.77423149166061">
				<ele>1.9359563370257113</ele>
				<time>2026-09-15T01:44:56Z</time>
			</trkpt>
			<trkpt lat="48.107274232299815" lon="-122.77424611136969">
				<ele>1.8480519083426827</ele>
				<time>2026-09-15T01:44:59Z</time>
			</trkpt>
			<trkpt lat="48.10729410308073" lon="-122.77426176366919">
				<ele>1.8888024666328285</ele>
				<time>2026-09-15T01:45:02Z</time>
			</trkpt>
			<trkpt lat="48.10731322041543" lon="-122.77427996657816">
				<ele>1.8657635279127334</ele>
				<time>2026-09-15T01:45:05Z</time>
			</trkpt>
			<trkpt lat="48.10733132126909" lon="-122.77429630135231">
				<ele>1.7993335969307296</ele>
				<time>2026-09-15T01:45:08Z</time>
			</trkpt>
			<trkpt lat="48.10735053773564" lon="-122.77431346005348">
				<ele>1.865785243295214</ele>
				<time>2026-09-15T01:45:11Z</time>
			</trkpt>
			<trkpt lat="48.10736902580573" lon="-122.77432226566681">
				<ele>2.1397731337044625</ele>
				<time>2026-09-15T01:45:14Z</time>
			</trkpt>
			<trkpt lat="48.107386052219994" lon="-122.77434195281903">
				<ele>1.9371309835595305</ele>
				<time>2026-09-15T01:45:17Z</time>
			</trkpt>
			<trkpt lat="48.10739768693707" lon="-122.77437296607532">
				<ele>2.1781647366030477</ele>
				<time>2026-09-15T01:45:20Z</time>
			</trkpt>
			<trkpt lat="48.10740602902208" lon="-122.7743993413719">
				<ele>1.8051883962449544</ele>
				<time>2026-09-15T01:45:24Z</time>
			</trkpt>
			<trkpt lat="48.10741896299812" lon="-122.77442571826444">
				<ele>1.5822805234109367</ele>
				<time>2026-09-15T01:45:29Z</time>
			</trkpt>
			<trkpt lat="48.10743243214976" lon="-122.7744525078067">
				<ele>1.2993459312855968</ele>
				<time>2026-09-15T01:45:34Z</time>
			</trkpt>
			<trkpt lat="48.107444952790146" lon="-122.77447410045404">
				<ele>1.4915919961614996</ele>
				<time>2026-09-15T01:45:37Z</time>
			</trkpt>
			<trkpt lat="48.10745872808778" lon="-122.77449484496417">
				<ele>1.4235482307364329</ele>
				<time>2026-09-15T01:45:40Z</time>
			</trkpt>
			<trkpt lat="48.107471026501514" lon="-122.7745268180809">
				<ele>1.3324425170222014</ele>
				<time>2026-09-15T01:45:43Z</time>
			</trkpt>
			<trkpt lat="48.10748598811829" lon="-122.77454347610923">
				<ele>1.3362624606080722</ele>
				<time>2026-09-15T01:45:46Z</time>
			</trkpt>
			<trkpt lat="48.10750209833762" lon="-122.77456509352207">
				<ele>1.324383952800666</ele>
				<time>2026-09-15T01:45:49Z</time>
			</trkpt>
			<trkpt lat="48.10751983612903" lon="-122.77458707747788">
				<ele>1.2820402923007812</ele>
				<time>2026-09-15T01:45:52Z</time>
			</trkpt>
			<trkpt lat="48.10753194744814" lon="-122.77460746134199">
				<ele>1.199856574077021</ele>
				<time>2026-09-15T01:45:55Z</time>
			</trkpt>
			<trkpt lat="48.107547998592324" lon="-122.77462857883265">
				<ele>1.139834901730275</ele>
				<time>2026-09-15T01:45:58Z</time>
			</trkpt>
			<trkpt lat="48.107567215333056" lon="-122.77464976475048">
				<ele>1.4597428548982663</ele>
				<time>2026-09-15T01:46:01Z</time>
			</trkpt>
			<trkpt lat="48.10758548076876" lon="-122.77466669624772">
				<ele>1.6019134736327985</ele>
				<time>2026-09-15T01:46:04Z</time>
			</trkpt>
			<trkpt lat="48.10760312841651" lon="-122.77467939077529">
				<ele>1.709211219064926</ele>
				<time>2026-09-15T01:46:07Z</time>
			</trkpt>
			<trkpt lat="48.10761831266696" lon="-122.77470132398531">
				<ele>1.7717197032805387</ele>
				<time>2026-09-15T01:46:10Z</time>
			</trkpt>
			<trkpt lat="48.10763463769584" lon="-122.7747152194382">
				<ele>1.9367242877914599</ele>
				<time>2026-09-15T01:46:13Z</time>
			</trkpt>
			<trkpt lat="48.107653564211056" lon="-122.77473281783256">
				<ele>2.086674909022772</ele>
				<time>2026-09-15T01:46:16Z</time>
			</trkpt>
			<trkpt lat="48.107671626451385" lon="-122.77474481369627">
				<ele>2.3333271631589625</ele>
				<time>2026-09-15T01:46:19Z</time>
			</trkpt>
			<trkpt lat="48.107689261652844" lon="-122.77476088195179">
				<ele>2.384670099210453</ele>
				<time>2026-09-15T01:46:22Z</time>
			</trkpt>
			<trkpt lat="48.107706150602496" lon="-122.77477936742646">
				<ele>2.141873272721675</ele>
				<time>2026-09-15T01:46:25Z</time>
			</trkpt>
			<trkpt lat="48.10772498381154" lon="-122.77479451246559">
				<ele>2.5731579303642924</ele>
				<time>2026-09-15T01:46:28Z</time>
			</trkpt>
			<trkpt lat="48.10774205704673" lon="-122.77481490364835">
				<ele>3.2215784206851623</ele>
				<time>2026-09-15T01:47:07Z</time>
			</trkpt>
			<trkpt lat="48.107761306331845" lon="-122.77482774521181">
				<ele>3.492868113664418</ele>
				<time>2026-09-15T01:47:09Z</time>
			</trkpt>
			<trkpt lat="48.10777816655393" lon="-122.77484442289854">
				<ele>3.9386715402877464</ele>
				<time>2026-09-15T01:47:11Z</time>
			</trkpt>
			<trkpt lat="48.107791738949295" lon="-122.77486602307255">
				<ele>3.96810041350151</ele>
				<time>2026-09-15T01:47:13Z</time>
			</trkpt>
			<trkpt lat="48.10780616730039" lon="-122.77488393585656">
				<ele>4.120410227976286</ele>
				<time>2026-09-15T01:47:15Z</time>
			</trkpt>
			<trkpt lat="48.10781869592193" lon="-122.77490326966738">
				<ele>4.11955508719112</ele>
				<time>2026-09-15T01:47:17Z</time>
			</trkpt>
			<trkpt lat="48.10779753020226" lon="-122.7748830410604">
				<ele>3.8306262657483607</ele>
				<time>2026-09-15T01:47:24Z</time>
			</trkpt>
			<trkpt lat="48.10777977905571" lon="-122.7748628319182">
				<ele>3.752922037056223</ele>
				<time>2026-09-15T01:47:26Z</time>
			</trkpt>
			<trkpt lat="48.10776493180197" lon="-122.77484468244774">
				<ele>3.815311716863615</ele>
				<time>2026-09-15T01:47:32Z</time>
			</trkpt>
			<trkpt lat="48.107748014317785" lon="-122.77482701263106">
				<ele>3.824432163141882</ele>
				<time>2026-09-15T01:47:36Z</time>
			</trkpt>
			<trkpt lat="48.1077603931474" lon="-122.77485154366417">
				<ele>3.440301905931932</ele>
				<time>2026-09-15T01:47:49Z</time>
			</trkpt>
			<trkpt lat="48.107772367598244" lon="-122.77488385379924">
				<ele>4.264629703823569</ele>
				<time>2026-09-15T01:48:03Z</time>
			</trkpt>
			<trkpt lat="48.10778795925913" lon="-122.77490393794196">
				<ele>4.392934916847601</ele>
				<time>2026-09-15T01:48:09Z</time>
			</trkpt>
			<trkpt lat="48.107805403046896" lon="-122.77492049934993">
				<ele>4.41080227097871</ele>
				<time>2026-09-15T01:48:11Z</time>
			</trkpt>
			<trkpt lat="48.107820568882346" lon="-122.77493944122523">
				<ele>4.424419178096265</ele>
				<time>2026-09-15T01:48:13Z</time>
			</trkpt>
			<trkpt lat="48.107830462543184" lon="-122.77496403797946">
				<ele>4.33736839392018</ele>
				<time>2026-09-15T01:48:15Z</time>
			</trkpt>
			<trkpt lat="48.10784618865576" lon="-122.77498973170125">
				<ele>4.320241501420579</ele>
				<time>2026-09-15T01:48:18Z</time>
			</trkpt>
			<trkpt lat="48.107862664441285" lon="-122.77501610823607">
				<ele>4.240484987108321</ele>
				<time>2026-09-15T01:48:21Z</time>
			</trkpt>
			<trkpt lat="48.107884677024074" lon="-122.77504072168271">
				<ele>4.140316807110107</ele>
				<time>2026-09-15T01:48:24Z</time>
			</trkpt>
			<trkpt lat="48.1079043359058" lon="-122.77506748671085">
				<ele>4.06735562967512</ele>
				<time>2026-09-15T01:48:27Z</time>
			</trkpt>
			<trkpt lat="48.107920042842146" lon="-122.77508395696887">
				<ele>4.093402666637115</ele>
				<time>2026-09-15T01:48:29Z</time>
			</trkpt>
			<trkpt lat="48.10793847183317" lon="-122.77510888541813">
				<ele>4.141719452398863</ele>
				<time>2026-09-15T01:48:32Z</time>
			</trkpt>
			<trkpt lat="48.10795568867272" lon="-122.7751247310107">
				<ele>4.018761623511409</ele>
				<time>2026-09-15T01:48:34Z</time>
			</trkpt>
			<trkpt lat="48.10797238771618" lon="-122.77514145173296">
				<ele>4.042918811855195</ele>
				<time>2026-09-15T01:48:36Z</time>
			</trkpt>
			<trkpt lat="48.107989205513974" lon="-122.77515644319597">
				<ele>4.047611748470061</ele>
				<time>2026-09-15T01:48:38Z</time>
			</trkpt>
			<trkpt lat="48.10800972531207" lon="-122.77517574203887">
				<ele>4.0220254488106875</ele>
				<time>2026-09-15T01:48:40Z</time>
			</trkpt>
			<trkpt lat="48.10802480307971" lon="-122.77519565689845">
				<ele>4.034368683504422</ele>
				<time>2026-09-15T01:48:42Z</time>
			</trkpt>
			<trkpt lat="48.108040332376" lon="-122.77521398454844">
				<ele>4.060016133627002</ele>
				<time>2026-09-15T01:48:44Z</time>
			</trkpt>
			<trkpt lat="48.108055455282845" lon="-122.77522956319774">
				<ele>4.088244483129351</ele>
				<time>2026-09-15T01:48:46Z</time>
			</trkpt>
			<trkpt lat="48.10807612143973" lon="-122.77524293011231">
				<ele>4.1744399674845525</ele>
				<time>2026-09-15T01:48:49Z</time>
			</trkpt>
			<trkpt lat="48.10808930382754" lon="-122.77526153564456">
				<ele>4.283341895239367</ele>
				<time>2026-09-15T01:48:52Z</time>
			</trkpt>
			<trkpt lat="48.10808484560778" lon="-122.7752936705683">
				<ele>4.292860324960607</ele>
				<time>2026-09-15T01:48:55Z</time>
			</trkpt>
			<trkpt lat="48.10807759349579" lon="-122.77532553807124">
				<ele>4.296487011169393</ele>
				<time>2026-09-15T01:48:58Z</time>
			</trkpt>
			<trkpt lat="48.10809412791145" lon="-122.77533741771241">
				<ele>4.006435999836608</ele>
				<time>2026-09-15T01:49:04Z</time>
			</trkpt>
			<trkpt lat="48.10808366965117" lon="-122.7753080782314">
				<ele>4.336427879684731</ele>
				<time>2026-09-15T01:49:22Z</time>
			</trkpt>
			<trkpt lat="48.108103285182445" lon="-122.77530102864601">
				<ele>4.277209664758882</ele>
				<time>2026-09-15T01:49:37Z</time>
			</trkpt>
			<trkpt lat="48.10807106936262" lon="-122.77522792772355">
				<ele>4.2450510216964545</ele>
				<time>2026-09-15T01:49:39Z</time>
			</trkpt>
			<trkpt lat="48.108044143431684" lon="-122.77520175033399">
				<ele>4.320580209523971</ele>
				<time>2026-09-15T01:49:41Z</time>
			</trkpt>
			<trkpt lat="48.1080294915113" lon="-122.77522099071548">
				<ele>4.36295082216601</ele>
				<time>2026-09-15T01:49:44Z</time>
			</trkpt>
			<trkpt lat="48.108178027185154" lon="-122.77535578824465">
				<ele>4.965422735849799</ele>
				<time>2026-09-15T01:50:04Z</time>
			</trkpt>
			<trkpt lat="48.1081552649133" lon="-122.77531733351414">
				<ele>5.429197663671248</ele>
				<time>2026-09-15T01:50:14Z</time>
			</trkpt>
			<trkpt lat="48.10817239318508" lon="-122.77533487995834">
				<ele>5.857204045920547</ele>
				<time>2026-09-15T01:50:32Z</time>
			</trkpt>
			<trkpt lat="48.10816602158232" lon="-122.77530522011818">
				<ele>5.8633578216389</ele>
				<time>2026-09-15T01:50:39Z</time>
			</trkpt>
			<trkpt lat="48.10818908987199" lon="-122.77534048843421">
				<ele>5.8633196746662435</ele>
				<time>2026-09-15T01:50:45Z</time>
			</trkpt>
			<trkpt lat="48.10819472444867" lon="-122.77531065143447">
				<ele>5.857758937990544</ele>
				<time>2026-09-15T01:50:57Z</time>
			</trkpt>
			<trkpt lat="48.10816982440718" lon="-122.77528839468326">
				<ele>5.898706916473191</ele>
				<time>2026-09-15T01:51:16Z</time>
			</trkpt>
			<trkpt lat="48.10825993972811" lon="-122.77533633023498">
				<ele>5.7787332706077965</ele>
				<time>2026-09-15T01:51:47Z</time>
			</trkpt>
			<trkpt lat="48.107898576604335" lon="-122.77536799910523">
				<ele>5.737497337704028</ele>
				<time>2026-09-15T01:51:53Z</time>
			</trkpt>
			<trkpt lat="48.10816439842593" lon="-122.77528611461942">
				<ele>5.731038004158183</ele>
				<time>2026-09-15T01:51:59Z</time>
			</trkpt>
			<trkpt lat="48.108131417029504" lon="-122.77528229151152">
				<ele>5.718315912457809</ele>
				<time>2026-09-15T01:52:12Z</time>
			</trkpt>
			<trkpt lat="48.10816875054202" lon="-122.77529432583741">
				<ele>5.759808660482257</ele>
				<time>2026-09-15T01:52:18Z</time>
			</trkpt>
			<trkpt lat="48.10816982113772" lon="-122.77530030484539">
				<ele>5.763181561844998</ele>
				<time>2026-09-15T01:52:24Z</time>
			</trkpt>
			<trkpt lat="48.10815962124071" lon="-122.77528584272825">
				<ele>5.7529269852920955</ele>
				<time>2026-09-15T01:52:36Z</time>
			</trkpt>
			<trkpt lat="48.10814468888364" lon="-122.77524699539866">
				<ele>5.72998322600812</ele>
				<time>2026-09-15T01:53:01Z</time>
			</trkpt>
			<trkpt lat="48.10816741664289" lon="-122.77532158398637">
				<ele>5.709321036248239</ele>
				<time>2026-09-15T01:53:07Z</time>
			</trkpt>
			<trkpt lat="48.1081642325718" lon="-122.77526872417664">
				<ele>5.695724734448781</ele>
				<time>2026-09-15T01:53:14Z</time>
			</trkpt>
			<trkpt lat="48.1081537968096" lon="-122.77525805946414">
				<ele>5.699621553995238</ele>
				<time>2026-09-15T01:53:20Z</time>
			</trkpt>
			<trkpt lat="48.108178482715154" lon="-122.77523842286064">
				<ele>5.734356171270379</ele>
				<time>2026-09-15T01:53:32Z</time>
			</trkpt>
			<trkpt lat="48.108166679468546" lon="-122.77523772137259">
				<ele>5.677491391672618</ele>
				<time>2026-09-15T01:53:51Z</time>
			</trkpt>
			<trkpt lat="48.10815191209292" lon="-122.77526537457614">
				<ele>5.641267621686776</ele>
				<time>2026-09-15T01:54:03Z</time>
			</trkpt>
			<trkpt lat="48.10816024729145" lon="-122.77529351702263">
				<ele>5.617371034138554</ele>
				<time>2026-09-15T01:54:09Z</time>
			</trkpt>
			<trkpt lat="48.108132732665815" lon="-122.77528247477966">
				<ele>5.6481228224884745</ele>
				<time>2026-09-15T01:54:22Z</time>
			</trkpt>
			<trkpt lat="48.10814369834745" lon="-122.77528502034548">
				<ele>5.6818802052860935</ele>
				<time>2026-09-15T01:54:28Z</time>
			</trkpt>
			<trkpt lat="48.1081240060587" lon="-122.77528367266365">
				<ele>5.730208312011985</ele>
				<time>2026-09-15T01:54:41Z</time>
			</trkpt>
			<trkpt lat="48.1081468171401" lon="-122.77531110720847">
				<ele>5.730233107544212</ele>
				<time>2026-09-15T01:54:48Z</time>
			</trkpt>
			<trkpt lat="48.108136321207375" lon="-122.77528661997965">
				<ele>5.7431328854329955</ele>
				<time>2026-09-15T01:55:00Z</time>
			</trkpt>
			<trkpt lat="48.10815823437374" lon="-122.77529965205797">
				<ele>5.775396692069021</ele>
				<time>2026-09-15T01:55:13Z</time>
			</trkpt>
			<trkpt lat="48.10813906215024" lon="-122.77528859322173">
				<ele>5.783390481089842</ele>
				<time>2026-09-15T01:55:26Z</time>
			</trkpt>
			<trkpt lat="48.108158921184994" lon="-122.77528200882173">
				<ele>5.77039699931346</ele>
				<time>2026-09-15T01:55:51Z</time>
			</trkpt>
			<trkpt lat="48.10813839534476" lon="-122.77527406829276">
				<ele>5.7702825583954915</ele>
				<time>2026-09-15T01:56:06Z</time>
			</trkpt>
			<trkpt lat="48.108144822129724" lon="-122.77527532644825">
				<ele>5.729809095642169</ele>
				<time>2026-09-15T01:56:24Z</time>
			</trkpt>
			<trkpt lat="48.10813039643319" lon="-122.77529558215379">
				<ele>5.78012210948555</ele>
				<time>2026-09-15T01:56:55Z</time>
			</trkpt>
			<trkpt lat="48.10815145545091" lon="-122.77528604015265">
				<ele>5.769717440796606</ele>
				<time>2026-09-15T01:57:16Z</time>
			</trkpt>
			<trkpt lat="48.107898576604335" lon="-122.77536799910523">
				<ele>5.516699119670188</ele>
				<time>2026-09-15T01:57:45Z</time>
			</trkpt>
			<trkpt lat="48.108186758251385" lon="-122.77527797140654">
				<ele>5.666790020095899</ele>
				<time>2026-09-15T01:57:53Z</time>
			</trkpt>
			<trkpt lat="48.10817847069269" lon="-122.77532629917351">
				<ele>5.6667537804718755</ele>
				<time>2026-09-15T01:57:59Z</time>
			</trkpt>
			<trkpt lat="48.10814691185267" lon="-122.77528265122017">
				<ele>5.611191618452462</ele>
				<time>2026-09-15T01:58:12Z</time>
			</trkpt>
			<trkpt lat="48.107898576604335" lon="-122.77536799910523">
				<ele>5.660189262116363</ele>
				<time>2026-09-15T01:58:21Z</time>
			</trkpt>
			<trkpt lat="48.108154176225526" lon="-122.77528350286259">
				<ele>5.606011161571859</ele>
				<time>2026-09-15T01:58:24Z</time>
			</trkpt>
			<trkpt lat="48.1081607444041" lon="-122.77526647721982">
				<ele>5.57955105353639</ele>
				<time>2026-09-15T01:58:30Z</time>
			</trkpt>
			<trkpt lat="48.108140214582114" lon="-122.77527214886187">
				<ele>5.558435495905558</ele>
				<time>2026-09-15T01:58:37Z</time>
			</trkpt>
			<trkpt lat="48.1081656914153" lon="-122.77527924234148">
				<ele>5.582681217655084</ele>
				<time>2026-09-15T01:58:43Z</time>
			</trkpt>
			<trkpt lat="48.107898576604335" lon="-122.77536799910523">
				<ele>5.601384195990908</ele>
				<time>2026-09-15T01:58:49Z</time>
			</trkpt>
			<trkpt lat="48.10815231997106" lon="-122.77531097222916">
				<ele>5.606317983826436</ele>
				<time>2026-09-15T01:58:55Z</time>
			</trkpt>
			<trkpt lat="48.10817233154934" lon="-122.77529599132522">
				<ele>5.570118550108072</ele>
				<time>2026-09-15T01:59:01Z</time>
			</trkpt>
			<trkpt lat="48.10816173274251" lon="-122.77527049123947">
				<ele>5.57275492969265</ele>
				<time>2026-09-15T01:59:14Z</time>
			</trkpt>
			<trkpt lat="48.10814535396131" lon="-122.77525869137503">
				<ele>5.5990151270382675</ele>
				<time>2026-09-15T01:59:20Z</time>
			</trkpt>
			<trkpt lat="48.108196308251976" lon="-122.77528405049054">
				<ele>5.599102865075377</ele>
				<time>2026-09-15T01:59:26Z</time>
			</trkpt>
			<trkpt lat="48.108147910754234" lon="-122.7752521014862">
				<ele>5.5990151270382675</ele>
				<time>2026-09-15T01:59:32Z</time>
			</trkpt>
			<trkpt lat="48.10812668764891" lon="-122.77523932017479">
				<ele>5.604121082315942</ele>
				<time>2026-09-15T01:59:38Z</time>
			</trkpt>
			<trkpt lat="48.108155523126214" lon="-122.77525838770178">
				<ele>5.609349062227135</ele>
				<time>2026-09-15T01:59:39Z</time>
			</trkpt>
			<trkpt lat="48.10817302553668" lon="-122.77527719006918">
				<ele>5.6180742795508305</ele>
				<time>2026-09-15T01:59:45Z</time>
			</trkpt>
			<trkpt lat="48.108163492973716" lon="-122.77526075656381">
				<ele>5.628275391929918</ele>
				<time>2026-09-15T01:59:58Z</time>
			</trkpt>
			<trkpt lat="48.108142452299944" lon="-122.77527038241193">
				<ele>5.647080875026575</ele>
				<time>2026-09-15T02:00:23Z</time>
			</trkpt>
			<trkpt lat="48.10815584093531" lon="-122.77526401948342">
				<ele>5.6121640766907515</ele>
				<time>2026-09-15T02:00:29Z</time>
			</trkpt>
			<trkpt lat="48.10814330313125" lon="-122.77525719346555">
				<ele>5.5894346188819775</ele>
				<time>2026-09-15T02:00:41Z</time>
			</trkpt>
			<trkpt lat="48.108140386795974" lon="-122.77527314248921">
				<ele>5.603240015046374</ele>
				<time>2026-09-15T02:01:00Z</time>
			</trkpt>
			<trkpt lat="48.107898576604335" lon="-122.77536799910523">
				<ele>5.72431099619406</ele>
				<time>2026-09-15T02:01:56Z</time>
			</trkpt>
			<trkpt lat="48.10816428367918" lon="-122.77531569275618">
				<ele>5.741877149726726</ele>
				<time>2026-09-15T02:02:02Z</time>
			</trkpt>
			<trkpt lat="48.107898576604335" lon="-122.77536799910523">
				<ele>5.718163392947821</ele>
				<time>2026-09-15T02:02:08Z</time>
			</trkpt>
			<trkpt lat="48.108137388500005" lon="-122.77525916129314">
				<ele>5.720706694406665</ele>
				<time>2026-09-15T02:02:14Z</time>
			</trkpt>
			<trkpt lat="48.10811972286964" lon="-122.77528288426208">
				<ele>5.758997487684351</ele>
				<time>2026-09-15T02:02:27Z</time>
			</trkpt>
			<trkpt lat="48.108131512090694" lon="-122.77528393738241">
				<ele>5.738631009548431</ele>
				<time>2026-09-15T02:02:39Z</time>
			</trkpt>
			<trkpt lat="48.10813581163631" lon="-122.77527528128216">
				<ele>5.663161738196553</ele>
				<time>2026-09-15T02:02:58Z</time>
			</trkpt>
			<trkpt lat="48.108143019565276" lon="-122.7752829979447">
				<ele>5.654791162130454</ele>
				<time>2026-09-15T02:03:29Z</time>
			</trkpt>
			<trkpt lat="48.10810653469756" lon="-122.77530469769259">
				<ele>5.6650973196380665</ele>
				<time>2026-09-15T02:03:41Z</time>
			</trkpt>
			<trkpt lat="48.108134903428386" lon="-122.77527361016368">
				<ele>5.683887447466697</ele>
				<time>2026-09-15T02:03:48Z</time>
			</trkpt>
			<trkpt lat="48.107898576604335" lon="-122.77536799910523">
				<ele>5.734319652666892</ele>
				<time>2026-09-15T02:03:51Z</time>
			</trkpt>
			<trkpt lat="48.10814280307165" lon="-122.77526191271755">
				<ele>5.699421600941481</ele>
				<time>2026-09-15T02:04:00Z</time>
			</trkpt>
			<trkpt lat="48.10812081709512" lon="-122.77527015443947">
				<ele>5.699151885444632</ele>
				<time>2026-09-15T02:04:06Z</time>
			</trkpt>
			<trkpt lat="48.10816012672295" lon="-122.77525520498062">
				<ele>5.725175442264888</ele>
				<time>2026-09-15T02:04:12Z</time>
			</trkpt>
			<trkpt lat="48.10813057242796" lon="-122.77524394851083">
				<ele>5.74225019418421</ele>
				<time>2026-09-15T02:04:19Z</time>
			</trkpt>
			<trkpt lat="48.108166032874216" lon="-122.77528083903664">
				<ele>5.722882797356069</ele>
				<time>2026-09-15T02:04:25Z</time>
			</trkpt>
			<trkpt lat="48.10811817779348" lon="-122.77522934945863">
				<ele>5.722850372429312</ele>
				<time>2026-09-15T02:04:31Z</time>
			</trkpt>
			<trkpt lat="48.107898576604335" lon="-122.77536799910523">
				<ele>5.708698744751205</ele>
				<time>2026-09-15T02:04:33Z</time>
			</trkpt>
			<trkpt lat="48.10815293837277" lon="-122.77524738686812">
				<ele>5.7098104958030955</ele>
				<time>2026-09-15T02:04:39Z</time>
			</trkpt>
			<trkpt lat="48.108172474156476" lon="-122.77527835488749">
				<ele>5.677657864453074</ele>
				<time>2026-09-15T02:04:45Z</time>
			</trkpt>
			<trkpt lat="48.1081510172185" lon="-122.77528151299951">
				<ele>5.650555727525999</ele>
				<time>2026-09-15T02:04:52Z</time>
			</trkpt>
			<trkpt lat="48.10816026238858" lon="-122.77529803323469">
				<ele>5.636000134089784</ele>
				<time>2026-09-15T02:04:58Z</time>
			</trkpt>
			<trkpt lat="48.10815631105307" lon="-122.77527173840144">
				<ele>5.6896538225447095</ele>
				<time>2026-09-15T02:05:10Z</time>
			</trkpt>
			<trkpt lat="48.10817647376159" lon="-122.77527912569433">
				<ele>5.689767966812605</ele>
				<time>2026-09-15T02:05:17Z</time>
			</trkpt>
			<trkpt lat="48.10815863585092" lon="-122.77527394007669">
				<ele>5.695473770963117</ele>
				<time>2026-09-15T02:05:29Z</time>
			</trkpt>
			<trkpt lat="48.10816697814577" lon="-122.77530011067373">
				<ele>5.705558607629898</ele>
				<time>2026-09-15T02:05:48Z</time>
			</trkpt>
			<trkpt lat="48.107898576604335" lon="-122.77536799910523">
				<ele>5.69954588943717</ele>
				<time>2026-09-15T02:05:54Z</time>
			</trkpt>
			<trkpt lat="48.10813557577373" lon="-122.77526462781394">
				<ele>5.701671211572368</ele>
				<time>2026-09-15T02:06:00Z</time>
			</trkpt>
			<trkpt lat="48.107898576604335" lon="-122.77536799910523">
				<ele>5.6884568108336975</ele>
				<time>2026-09-15T02:06:06Z</time>
			</trkpt>
			<trkpt lat="48.10814761735577" lon="-122.77527159422773">
				<ele>5.6785062154004695</ele>
				<time>2026-09-15T02:06:12Z</time>
			</trkpt>
			<trkpt lat="48.10817397565084" lon="-122.77528443990438">
				<ele>5.671953650240214</ele>
				<time>2026-09-15T02:06:19Z</time>
			</trkpt>
			<trkpt lat="48.10817082894359" lon="-122.77530327045257">
				<ele>5.5995753352813935</ele>
				<time>2026-09-15T02:06:39Z</time>
			</trkpt>
			<trkpt lat="48.10816534079158" lon="-122.7752704436269">
				<ele>5.659120650883972</ele>
				<time>2026-09-15T02:06:58Z</time>
			</trkpt>
			<trkpt lat="48.10817306698575" lon="-122.77529983438619">
				<ele>5.692387912249478</ele>
				<time>2026-09-15T02:07:10Z</time>
			</trkpt>
			<trkpt lat="48.107898576604335" lon="-122.77536799910523">
				<ele>5.690183547120991</ele>
				<time>2026-09-15T02:07:16Z</time>
			</trkpt>
			<trkpt lat="48.10814814015212" lon="-122.77528601663322">
				<ele>5.690365362425666</ele>
				<time>2026-09-15T02:07:22Z</time>
			</trkpt>
			<trkpt lat="48.10815354921286" lon="-122.77527870646824">
				<ele>5.720297042483855</ele>
				<time>2026-09-15T02:07:35Z</time>
			</trkpt>
			<trkpt lat="48.10816477998252" lon="-122.77529802551142">
				<ele>5.7445382587539395</ele>
				<time>2026-09-15T02:07:47Z</time>
			</trkpt>
			<trkpt lat="48.107898576604335" lon="-122.77536799910523">
				<ele>5.627945767245318</ele>
				<time>2026-09-15T02:08:09Z</time>
			</trkpt>
			<trkpt lat="48.10816889914053" lon="-122.7752798537546">
				<ele>5.761455300069748</ele>
				<time>2026-09-15T02:08:12Z</time>
			</trkpt>
			<trkpt lat="48.10816334596654" lon="-122.77530742710901">
				<ele>5.754631229054494</ele>
				<time>2026-09-15T02:08:18Z</time>
			</trkpt>
			<trkpt lat="48.1081645105339" lon="-122.77528272707276">
				<ele>5.78884475486173</ele>
				<time>2026-09-15T02:08:31Z</time>
			</trkpt>
			<trkpt lat="48.107898576604335" lon="-122.77536799910523">
				<ele>7.068751096772402</ele>
				<time>2026-09-15T02:08:48Z</time>
			</trkpt>
			<trkpt lat="48.108112484949075" lon="-122.77524831180838">
				<ele>5.747244585377654</ele>
				<time>2026-09-15T02:08:49Z</time>
			</trkpt>
			<trkpt lat="48.10812045029383" lon="-122.77526104840625">
				<ele>5.733985640479782</ele>
				<time>2026-09-15T02:08:50Z</time>
			</trkpt>
			<trkpt lat="48.10815664781471" lon="-122.77528698558325">
				<ele>5.721857196361867</ele>
				<time>2026-09-15T02:08:56Z</time>
			</trkpt>
			<trkpt lat="48.107898576604335" lon="-122.77536799910523">
				<ele>5.703012524521304</ele>
				<time>2026-09-15T02:09:08Z</time>
			</trkpt>
			<trkpt lat="48.10813366158463" lon="-122.77522037392504">
				<ele>5.742144221259441</ele>
				<time>2026-09-15T02:09:21Z</time>
			</trkpt>
			<trkpt lat="48.10814857986021" lon="-122.77526546402532">
				<ele>5.742132777167644</ele>
				<time>2026-09-15T02:09:27Z</time>
			</trkpt>
			<trkpt lat="48.107898576604335" lon="-122.77536799910523">
				<ele>5.751014322232347</ele>
				<time>2026-09-15T02:09:29Z</time>
			</trkpt>
			<trkpt lat="48.108166454428876" lon="-122.77530446429168">
				<ele>5.688914043403406</ele>
				<time>2026-09-15T02:09:33Z</time>
			</trkpt>
			<trkpt lat="48.107898576604335" lon="-122.77536799910523">
				<ele>5.712062702236672</ele>
				<time>2026-09-15T02:09:39Z</time>
			</trkpt>
			<trkpt lat="48.108163604583346" lon="-122.77526602774472">
				<ele>5.7857953827457305</ele>
				<time>2026-09-15T02:09:52Z</time>
			</trkpt>
			<trkpt lat="48.10813822920502" lon="-122.77533106538448">
				<ele>4.8336629053682145</ele>
				<time>2026-09-15T02:09:58Z</time>
			</trkpt>
			<trkpt lat="48.108126230266414" lon="-122.77530218635314">
				<ele>4.682442699987501</ele>
				<time>2026-09-15T02:10:00Z</time>
			</trkpt>
			<trkpt lat="48.10813729721094" lon="-122.77527750251198">
				<ele>4.49266206121121</ele>
				<time>2026-09-15T02:10:03Z</time>
			</trkpt>
			<trkpt lat="48.108156803771294" lon="-122.77525376875607">
				<ele>4.001102569190454</ele>
				<time>2026-09-15T02:10:06Z</time>
			</trkpt>
			<trkpt lat="48.10816264902199" lon="-122.77522622841155">
				<ele>3.8560880585059465</ele>
				<time>2026-09-15T02:10:08Z</time>
			</trkpt>
			<trkpt lat="48.1081463237615" lon="-122.77520350068268">
				<ele>4.54127489685526</ele>
				<time>2026-09-15T02:10:11Z</time>
			</trkpt>
			<trkpt lat="48.10812559496213" lon="-122.77520409651446">
				<ele>4.648594518408675</ele>
				<time>2026-09-15T02:10:13Z</time>
			</trkpt>
			<trkpt lat="48.108101534175766" lon="-122.77520257214923">
				<ele>4.620584722385658</ele>
				<time>2026-09-15T02:10:15Z</time>
			</trkpt>
			<trkpt lat="48.108081232801204" lon="-122.77522693487435">
				<ele>4.4761205384334595</ele>
				<time>2026-09-15T02:10:18Z</time>
			</trkpt>
			<trkpt lat="48.10806884928247" lon="-122.77525476237803">
				<ele>4.491961407757049</ele>
				<time>2026-09-15T02:10:20Z</time>
			</trkpt>
			<trkpt lat="48.10805406742307" lon="-122.77528213160025">
				<ele>4.462259984404135</ele>
				<time>2026-09-15T02:10:22Z</time>
			</trkpt>
			<trkpt lat="48.10804081839965" lon="-122.7753138616169">
				<ele>4.36299296049884</ele>
				<time>2026-09-15T02:10:25Z</time>
			</trkpt>
			<trkpt lat="48.10803211981031" lon="-122.7753374039757">
				<ele>4.507058851958213</ele>
				<time>2026-09-15T02:10:27Z</time>
			</trkpt>
			<trkpt lat="48.108023998724434" lon="-122.77536391094857">
				<ele>4.455975922679553</ele>
				<time>2026-09-15T02:10:29Z</time>
			</trkpt>
			<trkpt lat="48.10800666522299" lon="-122.77539445953701">
				<ele>4.461326487448417</ele>
				<time>2026-09-15T02:10:32Z</time>
			</trkpt>
			<trkpt lat="48.10799874909897" lon="-122.77541979038831">
				<ele>4.525692210102555</ele>
				<time>2026-09-15T02:10:34Z</time>
			</trkpt>
			<trkpt lat="48.107988220570086" lon="-122.7754505853405">
				<ele>4.3700130784108175</ele>
				<time>2026-09-15T02:10:36Z</time>
			</trkpt>
			<trkpt lat="48.10797719766072" lon="-122.77547916488959">
				<ele>4.440279491289541</ele>
				<time>2026-09-15T02:10:38Z</time>
			</trkpt>
			<trkpt lat="48.10796594341229" lon="-122.77551288792247">
				<ele>4.42904028063197</ele>
				<time>2026-09-15T02:10:40Z</time>
			</trkpt>
			<trkpt lat="48.10795678403091" lon="-122.77554685654471">
				<ele>4.433053722652435</ele>
				<time>2026-09-15T02:10:42Z</time>
			</trkpt>
			<trkpt lat="48.107947572891824" lon="-122.77558027925647">
				<ele>4.485468708027142</ele>
				<time>2026-09-15T02:10:44Z</time>
			</trkpt>
			<trkpt lat="48.10793821574305" lon="-122.7756141697361">
				<ele>4.347068607533455</ele>
				<time>2026-09-15T02:10:46Z</time>
			</trkpt>
			<trkpt lat="48.107930893587266" lon="-122.77565368427663">
				<ele>4.297865017488419</ele>
				<time>2026-09-15T02:10:48Z</time>
			</trkpt>
			<trkpt lat="48.10792376606677" lon="-122.77569103464145">
				<ele>4.407596154711815</ele>
				<time>2026-09-15T02:10:50Z</time>
			</trkpt>
			<trkpt lat="48.10791969519695" lon="-122.77572836734801">
				<ele>4.412702629659066</ele>
				<time>2026-09-15T02:10:52Z</time>
			</trkpt>
			<trkpt lat="48.10791447214912" lon="-122.77576178061595">
				<ele>4.445629130764772</ele>
				<time>2026-09-15T02:10:54Z</time>
			</trkpt>
			<trkpt lat="48.10790528460531" lon="-122.77579087468474">
				<ele>4.41120925824773</ele>
				<time>2026-09-15T02:10:57Z</time>
			</trkpt>
			<trkpt lat="48.107910265616255" lon="-122.77579897725123">
				<ele>4.373069085329696</ele>
				<time>2026-09-15T02:11:13Z</time>
			</trkpt>
		</trkseg>
	</trk>
	<trk>
	</trk>
</gpx>
