<?xml version="1.0" encoding="UTF-8"?>
<gpx creator="Garmin Connect" version="1.1"
  xsi:schemaLocation="http://www.topografix.com/GPX/1/1 http://www.topografix.com/GPX/11.xsd"
  xmlns:ns3="http://www.garmin.com/xmlschemas/TrackPointExtension/v1"
  xmlns="http://www.topografix.com/GPX/1/1"
  xmlns:xsi="http://www.w3.org/2001/XMLSchema-instance" xmlns:ns2="http://www.garmin.com/xmlschemas/GpxExtensions/v3">
  <metadata>
    <link href="connect.garmin.com">
      <text>Garmin Connect</text>
    </link>
    <time>2026-09-21T23:41:08.000Z</time>
  </metadata>
  <trk>
    <name>Jefferson County Boating</name>
    <type>boating_v2</type>
    <trkseg>
      <trkpt lat="48.10649625957012176513671875" lon="-122.773594446480274200439453125">
        <ele>10.3999996185302734375</ele>
        <time>2026-09-21T23:41:08.000Z</time>
        <extensions>
          <ns3:TrackPointExtension>
            <ns3:hr>123</ns3:hr>
          </ns3:TrackPointExtension>
        </extensions>
      </trkpt>
      <trkpt lat="48.1064991094172000885009765625" lon="-122.7735952846705913543701171875">
        <ele>14.19999980926513671875</ele>
        <time>2026-09-21T23:41:09.000Z</time>
        <extensions>
          <ns3:TrackPointExtension>
            <ns3:hr>123</ns3:hr>
          </ns3:TrackPointExtension>
        </extensions>
      </trkpt>
      <trkpt lat="48.10650807805359363555908203125" lon="-122.77360090054571628570556640625">
        <ele>13.6000003814697265625</ele>
        <time>2026-09-21T23:41:12.000Z</time>
        <extensions>
          <ns3:TrackPointExtension>
            <ns3:hr>120</ns3:hr>
          </ns3:TrackPointExtension>
        </extensions>
      </trkpt>
      <trkpt lat="48.10651495121419429779052734375" lon="-122.773600481450557708740234375">
        <ele>13</ele>
        <time>2026-09-21T23:41:14.000Z</time>
        <extensions>
          <ns3:TrackPointExtension>
            <ns3:hr>119</ns3:hr>
          </ns3:TrackPointExtension>
        </extensions>
      </trkpt>
      <trkpt lat="48.106527440249919891357421875" lon="-122.77359872125089168548583984375">
        <ele>11.80000019073486328125</ele>
        <time>2026-09-21T23:41:17.000Z</time>
        <extensions>
          <ns3:TrackPointExtension>
            <ns3:hr>120</ns3:hr>
          </ns3:TrackPointExtension>
        </extensions>
      </trkpt>
      <trkpt lat="48.10653171502053737640380859375" lon="-122.77360006235539913177490234375">
        <ele>14.6000003814697265625</ele>
        <time>2026-09-21T23:41:18.000Z</time>
        <extensions>
          <ns3:TrackPointExtension>
            <ns3:hr>120</ns3:hr>
          </ns3:TrackPointExtension>
        </extensions>
      </trkpt>
      <trkpt lat="48.1065358221530914306640625" lon="-122.7736006490886211395263671875">
        <ele>22</ele>
        <time>2026-09-21T23:41:19.000Z</time>
        <extensions>
          <ns3:TrackPointExtension>
            <ns3:hr>122</ns3:hr>
          </ns3:TrackPointExtension>
        </extensions>
      </trkpt>
      <trkpt lat="48.10654479078948497772216796875" lon="-122.77360224165022373199462890625">
        <ele>21.6000003814697265625</ele>
        <time>2026-09-21T23:41:21.000Z</time>
        <extensions>
          <ns3:TrackPointExtension>
            <ns3:hr>125</ns3:hr>
          </ns3:TrackPointExtension>
        </extensions>
      </trkpt>
      <trkpt lat="48.10654914937913417816162109375" lon="-122.7736036665737628936767578125">
        <ele>20.200000762939453125</ele>
        <time>2026-09-21T23:41:22.000Z</time>
        <extensions>
          <ns3:TrackPointExtension>
            <ns3:hr>126</ns3:hr>
          </ns3:TrackPointExtension>
        </extensions>
      </trkpt>
      <trkpt lat="48.1065537594258785247802734375" lon="-122.77360525913536548614501953125">
        <ele>16.200000762939453125</ele>
        <time>2026-09-21T23:41:23.000Z</time>
        <extensions>
          <ns3:TrackPointExtension>
            <ns3:hr>127</ns3:hr>
          </ns3:TrackPointExtension>
        </extensions>
      </trkpt>
      <trkpt lat="48.10656004585325717926025390625" lon="-122.77360609732568264007568359375">
        <ele>14</ele>
        <time>2026-09-21T23:41:24.000Z</time>
        <extensions>
          <ns3:TrackPointExtension>
            <ns3:hr>125</ns3:hr>
          </ns3:TrackPointExtension>
        </extensions>
      </trkpt>
      <trkpt lat="48.1065654940903186798095703125" lon="-122.77360676787793636322021484375">
        <ele>12.80000019073486328125</ele>
        <time>2026-09-21T23:41:25.000Z</time>
        <extensions>
          <ns3:TrackPointExtension>
            <ns3:hr>126</ns3:hr>
          </ns3:TrackPointExtension>
        </extensions>
      </trkpt>
      <trkpt lat="48.10657043941318988800048828125" lon="-122.7736080251634120941162109375">
        <ele>12</ele>
        <time>2026-09-21T23:41:26.000Z</time>
        <extensions>
          <ns3:TrackPointExtension>
            <ns3:hr>129</ns3:hr>
          </ns3:TrackPointExtension>
        </extensions>
      </trkpt>
      <trkpt lat="48.106577396392822265625" lon="-122.77360877953469753265380859375">
        <ele>11.6000003814697265625</ele>
        <time>2026-09-21T23:41:27.000Z</time>
        <extensions>
          <ns3:TrackPointExtension>
            <ns3:hr>133</ns3:hr>
          </ns3:TrackPointExtension>
        </extensions>
      </trkpt>
      <trkpt lat="48.10658343136310577392578125" lon="-122.7736100368201732635498046875">
        <ele>11.3999996185302734375</ele>
        <time>2026-09-21T23:41:28.000Z</time>
        <extensions>
          <ns3:TrackPointExtension>
            <ns3:hr>133</ns3:hr>
          </ns3:TrackPointExtension>
        </extensions>
      </trkpt>
      <trkpt lat="48.10660715214908123016357421875" lon="-122.77361582033336162567138671875">
        <ele>17.3999996185302734375</ele>
        <time>2026-09-21T23:41:32.000Z</time>
        <extensions>
          <ns3:TrackPointExtension>
            <ns3:hr>133</ns3:hr>
          </ns3:TrackPointExtension>
        </extensions>
      </trkpt>
      <trkpt lat="48.1066422723233699798583984375" lon="-122.7736204303801059722900390625">
        <ele>17.3999996185302734375</ele>
        <time>2026-09-21T23:41:37.000Z</time>
        <extensions>
          <ns3:TrackPointExtension>
            <ns3:hr>130</ns3:hr>
          </ns3:TrackPointExtension>
        </extensions>
      </trkpt>
      <trkpt lat="48.10664989985525608062744140625" lon="-122.773619256913661956787109375">
        <ele>14.3999996185302734375</ele>
        <time>2026-09-21T23:41:38.000Z</time>
        <extensions>
          <ns3:TrackPointExtension>
            <ns3:hr>129</ns3:hr>
          </ns3:TrackPointExtension>
        </extensions>
      </trkpt>
      <trkpt lat="48.1066576950252056121826171875" lon="-122.77362051419913768768310546875">
        <ele>12.19999980926513671875</ele>
        <time>2026-09-21T23:41:39.000Z</time>
        <extensions>
          <ns3:TrackPointExtension>
            <ns3:hr>129</ns3:hr>
          </ns3:TrackPointExtension>
        </extensions>
      </trkpt>
      <trkpt lat="48.1066650710999965667724609375" lon="-122.77362068183720111846923828125">
        <ele>10.6000003814697265625</ele>
        <time>2026-09-21T23:41:40.000Z</time>
        <extensions>
          <ns3:TrackPointExtension>
            <ns3:hr>129</ns3:hr>
          </ns3:TrackPointExtension>
        </extensions>
      </trkpt>
      <trkpt lat="48.10667051933705806732177734375" lon="-122.7736204303801059722900390625">
        <ele>7.80000019073486328125</ele>
        <time>2026-09-21T23:41:41.000Z</time>
        <extensions>
          <ns3:TrackPointExtension>
            <ns3:hr>130</ns3:hr>
          </ns3:TrackPointExtension>
        </extensions>
      </trkpt>
      <trkpt lat="48.1066791526973247528076171875" lon="-122.7736197598278522491455078125">
        <ele>5</ele>
        <time>2026-09-21T23:41:42.000Z</time>
        <extensions>
          <ns3:TrackPointExtension>
            <ns3:hr>130</ns3:hr>
          </ns3:TrackPointExtension>
        </extensions>
      </trkpt>
      <trkpt lat="48.10668795369565486907958984375" lon="-122.7736170776188373565673828125">
        <ele>3.7999999523162841796875</ele>
        <time>2026-09-21T23:41:43.000Z</time>
        <extensions>
          <ns3:TrackPointExtension>
            <ns3:hr>129</ns3:hr>
          </ns3:TrackPointExtension>
        </extensions>
      </trkpt>
      <trkpt lat="48.10669566504657268524169921875" lon="-122.7736097015440464019775390625">
        <ele>2.400000095367431640625</ele>
        <time>2026-09-21T23:41:44.000Z</time>
        <extensions>
          <ns3:TrackPointExtension>
            <ns3:hr>129</ns3:hr>
          </ns3:TrackPointExtension>
        </extensions>
      </trkpt>
      <trkpt lat="48.106704466044902801513671875" lon="-122.7735996432602405548095703125">
        <ele>1.7999999523162841796875</ele>
        <time>2026-09-21T23:41:45.000Z</time>
        <extensions>
          <ns3:TrackPointExtension>
            <ns3:hr>130</ns3:hr>
          </ns3:TrackPointExtension>
        </extensions>
      </trkpt>
      <trkpt lat="48.10671150684356689453125" lon="-122.77359100989997386932373046875">
        <ele>1.2000000476837158203125</ele>
        <time>2026-09-21T23:41:46.000Z</time>
        <extensions>
          <ns3:TrackPointExtension>
            <ns3:hr>129</ns3:hr>
          </ns3:TrackPointExtension>
        </extensions>
      </trkpt>
      <trkpt lat="48.1067190505564212799072265625" lon="-122.77355966158211231231689453125">
        <ele>1.2000000476837158203125</ele>
        <time>2026-09-21T23:41:49.000Z</time>
        <extensions>
          <ns3:TrackPointExtension>
            <ns3:hr>122</ns3:hr>
          </ns3:TrackPointExtension>
        </extensions>
      </trkpt>
      <trkpt lat="48.10671159066259860992431640625" lon="-122.7735449932515621185302734375">
        <ele>7.400000095367431640625</ele>
        <time>2026-09-21T23:41:51.000Z</time>
        <extensions>
          <ns3:TrackPointExtension>
            <ns3:hr>118</ns3:hr>
          </ns3:TrackPointExtension>
        </extensions>
      </trkpt>
      <trkpt lat="48.10670840553939342498779296875" lon="-122.77354055084288120269775390625">
        <ele>8.19999980926513671875</ele>
        <time>2026-09-21T23:41:52.000Z</time>
        <extensions>
          <ns3:TrackPointExtension>
            <ns3:hr>118</ns3:hr>
          </ns3:TrackPointExtension>
        </extensions>
      </trkpt>
      <trkpt lat="48.1067009456455707550048828125" lon="-122.77352948673069477081298828125">
        <ele>8.6000003814697265625</ele>
        <time>2026-09-21T23:41:54.000Z</time>
        <extensions>
          <ns3:TrackPointExtension>
            <ns3:hr>119</ns3:hr>
          </ns3:TrackPointExtension>
        </extensions>
      </trkpt>
      <trkpt lat="48.10666046105325222015380859375" lon="-122.77345388196408748626708984375">
        <ele>8.19999980926513671875</ele>
        <time>2026-09-21T23:42:02.000Z</time>
        <extensions>
          <ns3:TrackPointExtension>
            <ns3:hr>122</ns3:hr>
          </ns3:TrackPointExtension>
        </extensions>
      </trkpt>
      <trkpt lat="48.106651492416858673095703125" lon="-122.7734366990625858306884765625">
        <ele>8.19999980926513671875</ele>
        <time>2026-09-21T23:42:04.000Z</time>
        <extensions>
          <ns3:TrackPointExtension>
            <ns3:hr>127</ns3:hr>
          </ns3:TrackPointExtension>
        </extensions>
      </trkpt>
      <trkpt lat="48.1066191382706165313720703125" lon="-122.77332513593137264251708984375">
        <ele>7.599999904632568359375</ele>
        <time>2026-09-21T23:42:14.000Z</time>
        <extensions>
          <ns3:TrackPointExtension>
            <ns3:hr>127</ns3:hr>
          </ns3:TrackPointExtension>
        </extensions>
      </trkpt>
      <trkpt lat="48.10660044662654399871826171875" lon="-122.77323762886226177215576171875">
        <ele>7.19999980926513671875</ele>
        <time>2026-09-21T23:42:21.000Z</time>
        <extensions>
          <ns3:TrackPointExtension>
            <ns3:hr>124</ns3:hr>
          </ns3:TrackPointExtension>
        </extensions>
      </trkpt>
      <trkpt lat="48.106585778295993804931640625" lon="-122.77318079955875873565673828125">
        <ele>7</ele>
        <time>2026-09-21T23:42:26.000Z</time>
        <extensions>
          <ns3:TrackPointExtension>
            <ns3:hr>124</ns3:hr>
          </ns3:TrackPointExtension>
        </extensions>
      </trkpt>
      <trkpt lat="48.10657680965960025787353515625" lon="-122.77313620783388614654541015625">
        <ele>6.80000019073486328125</ele>
        <time>2026-09-21T23:42:30.000Z</time>
        <extensions>
          <ns3:TrackPointExtension>
            <ns3:hr>121</ns3:hr>
          </ns3:TrackPointExtension>
        </extensions>
      </trkpt>
      <trkpt lat="48.10657002031803131103515625" lon="-122.7730779536068439483642578125">
        <ele>6.599999904632568359375</ele>
        <time>2026-09-21T23:42:35.000Z</time>
        <extensions>
          <ns3:TrackPointExtension>
            <ns3:hr>121</ns3:hr>
          </ns3:TrackPointExtension>
        </extensions>
      </trkpt>
      <trkpt lat="48.10656331479549407958984375" lon="-122.77303688228130340576171875">
        <ele>6.400000095367431640625</ele>
        <time>2026-09-21T23:42:39.000Z</time>
        <extensions>
          <ns3:TrackPointExtension>
            <ns3:hr>120</ns3:hr>
          </ns3:TrackPointExtension>
        </extensions>
      </trkpt>
      <trkpt lat="48.1066057272255420684814453125" lon="-122.77300980873405933380126953125">
        <ele>5.80000019073486328125</ele>
        <time>2026-09-21T23:42:46.000Z</time>
        <extensions>
          <ns3:TrackPointExtension>
            <ns3:hr>118</ns3:hr>
          </ns3:TrackPointExtension>
        </extensions>
      </trkpt>
      <trkpt lat="48.106634058058261871337890625" lon="-122.77302640490233898162841796875">
        <ele>5.80000019073486328125</ele>
        <time>2026-09-21T23:42:52.000Z</time>
        <extensions>
          <ns3:TrackPointExtension>
            <ns3:hr>115</ns3:hr>
          </ns3:TrackPointExtension>
        </extensions>
      </trkpt>
      <trkpt lat="48.10665124095976352691650390625" lon="-122.7730306796729564666748046875">
        <ele>5.80000019073486328125</ele>
        <time>2026-09-21T23:42:55.000Z</time>
        <extensions>
          <ns3:TrackPointExtension>
            <ns3:hr>112</ns3:hr>
          </ns3:TrackPointExtension>
        </extensions>
      </trkpt>
      <trkpt lat="48.10665593482553958892822265625" lon="-122.77303193695843219757080078125">
        <ele>5.80000019073486328125</ele>
        <time>2026-09-21T23:42:56.000Z</time>
        <extensions>
          <ns3:TrackPointExtension>
            <ns3:hr>111</ns3:hr>
          </ns3:TrackPointExtension>
        </extensions>
      </trkpt>
      <trkpt lat="48.10668024234473705291748046875" lon="-122.7730410732328891754150390625">
        <ele>5.400000095367431640625</ele>
        <time>2026-09-21T23:43:02.000Z</time>
        <extensions>
          <ns3:TrackPointExtension>
            <ns3:hr>109</ns3:hr>
          </ns3:TrackPointExtension>
        </extensions>
      </trkpt>
      <trkpt lat="48.106691054999828338623046875" lon="-122.7730442583560943603515625">
        <ele>5.400000095367431640625</ele>
        <time>2026-09-21T23:43:04.000Z</time>
        <extensions>
          <ns3:TrackPointExtension>
            <ns3:hr>108</ns3:hr>
          </ns3:TrackPointExtension>
        </extensions>
      </trkpt>
      <trkpt lat="48.106713183224201202392578125" lon="-122.7730571664869785308837890625">
        <ele>5.19999980926513671875</ele>
        <time>2026-09-21T23:43:09.000Z</time>
        <extensions>
          <ns3:TrackPointExtension>
            <ns3:hr>119</ns3:hr>
          </ns3:TrackPointExtension>
        </extensions>
      </trkpt>
      <trkpt lat="48.10671796090900897979736328125" lon="-122.7730564959347248077392578125">
        <ele>4</ele>
        <time>2026-09-21T23:43:10.000Z</time>
        <extensions>
          <ns3:TrackPointExtension>
            <ns3:hr>122</ns3:hr>
          </ns3:TrackPointExtension>
        </extensions>
      </trkpt>
      <trkpt lat="48.10673631727695465087890625" lon="-122.77306680567562580108642578125">
        <ele>3.7999999523162841796875</ele>
        <time>2026-09-21T23:43:14.000Z</time>
        <extensions>
          <ns3:TrackPointExtension>
            <ns3:hr>119</ns3:hr>
          </ns3:TrackPointExtension>
        </extensions>
      </trkpt>
      <trkpt lat="48.1067445315420627593994140625" lon="-122.7730685658752918243408203125">
        <ele>4.599999904632568359375</ele>
        <time>2026-09-21T23:43:16.000Z</time>
        <extensions>
          <ns3:TrackPointExtension>
            <ns3:hr>115</ns3:hr>
          </ns3:TrackPointExtension>
        </extensions>
      </trkpt>
      <trkpt lat="48.10678417794406414031982421875" lon="-122.7730860002338886260986328125">
        <ele>4.599999904632568359375</ele>
        <time>2026-09-21T23:43:23.000Z</time>
        <extensions>
          <ns3:TrackPointExtension>
            <ns3:hr>118</ns3:hr>
          </ns3:TrackPointExtension>
        </extensions>
      </trkpt>
      <trkpt lat="48.10680965892970561981201171875" lon="-122.7730979025363922119140625">
        <ele>5.80000019073486328125</ele>
        <time>2026-09-21T23:43:27.000Z</time>
        <extensions>
          <ns3:TrackPointExtension>
            <ns3:hr>119</ns3:hr>
          </ns3:TrackPointExtension>
        </extensions>
      </trkpt>
      <trkpt lat="48.106816448271274566650390625" lon="-122.7730997465550899505615234375">
        <ele>5.80000019073486328125</ele>
        <time>2026-09-21T23:43:28.000Z</time>
        <extensions>
          <ns3:TrackPointExtension>
            <ns3:hr>119</ns3:hr>
          </ns3:TrackPointExtension>
        </extensions>
      </trkpt>
      <trkpt lat="48.1068456172943115234375" lon="-122.7731087990105152130126953125">
        <ele>4.599999904632568359375</ele>
        <time>2026-09-21T23:43:32.000Z</time>
        <extensions>
          <ns3:TrackPointExtension>
            <ns3:hr>119</ns3:hr>
          </ns3:TrackPointExtension>
        </extensions>
      </trkpt>
      <trkpt lat="48.10687470249831676483154296875" lon="-122.77310192584991455078125">
        <ele>3.400000095367431640625</ele>
        <time>2026-09-21T23:43:37.000Z</time>
        <extensions>
          <ns3:TrackPointExtension>
            <ns3:hr>119</ns3:hr>
          </ns3:TrackPointExtension>
        </extensions>
      </trkpt>
      <trkpt lat="48.10688040219247341156005859375" lon="-122.773097567260265350341796875">
        <ele>-0.20000000298023223876953125</ele>
        <time>2026-09-21T23:43:38.000Z</time>
        <extensions>
          <ns3:TrackPointExtension>
            <ns3:hr>119</ns3:hr>
          </ns3:TrackPointExtension>
        </extensions>
      </trkpt>
      <trkpt lat="48.10688476078212261199951171875" lon="-122.77309312485158443450927734375">
        <ele>-3.2000000476837158203125</ele>
        <time>2026-09-21T23:43:39.000Z</time>
        <extensions>
          <ns3:TrackPointExtension>
            <ns3:hr>115</ns3:hr>
          </ns3:TrackPointExtension>
        </extensions>
      </trkpt>
      <trkpt lat="48.1068898737430572509765625" lon="-122.77308859862387180328369140625">
        <ele>-5.599999904632568359375</ele>
        <time>2026-09-21T23:43:40.000Z</time>
        <extensions>
          <ns3:TrackPointExtension>
            <ns3:hr>113</ns3:hr>
          </ns3:TrackPointExtension>
        </extensions>
      </trkpt>
      <trkpt lat="48.106894232332706451416015625" lon="-122.773083150386810302734375">
        <ele>-15.6000003814697265625</ele>
        <time>2026-09-21T23:43:41.000Z</time>
        <extensions>
          <ns3:TrackPointExtension>
            <ns3:hr>112</ns3:hr>
          </ns3:TrackPointExtension>
        </extensions>
      </trkpt>
      <trkpt lat="48.1069071404635906219482421875" lon="-122.77304895222187042236328125">
        <ele>-14</ele>
        <time>2026-09-21T23:43:46.000Z</time>
        <extensions>
          <ns3:TrackPointExtension>
            <ns3:hr>114</ns3:hr>
          </ns3:TrackPointExtension>
        </extensions>
      </trkpt>
      <trkpt lat="48.10690856538712978363037109375" lon="-122.7730414085090160369873046875">
        <ele>-10.6000003814697265625</ele>
        <time>2026-09-21T23:43:47.000Z</time>
        <extensions>
          <ns3:TrackPointExtension>
            <ns3:hr>113</ns3:hr>
          </ns3:TrackPointExtension>
        </extensions>
      </trkpt>
      <trkpt lat="48.1069088168442249298095703125" lon="-122.77303512208163738250732421875">
        <ele>2</ele>
        <time>2026-09-21T23:43:48.000Z</time>
        <extensions>
          <ns3:TrackPointExtension>
            <ns3:hr>113</ns3:hr>
          </ns3:TrackPointExtension>
        </extensions>
      </trkpt>
      <trkpt lat="48.1069032847881317138671875" lon="-122.77301852591335773468017578125">
        <ele>3.2000000476837158203125</ele>
        <time>2026-09-21T23:43:52.000Z</time>
        <extensions>
          <ns3:TrackPointExtension>
            <ns3:hr>113</ns3:hr>
          </ns3:TrackPointExtension>
        </extensions>
      </trkpt>
      <trkpt lat="48.1068679131567478179931640625" lon="-122.77298147790133953094482421875">
        <ele>2.7999999523162841796875</ele>
        <time>2026-09-21T23:44:02.000Z</time>
        <extensions>
          <ns3:TrackPointExtension>
            <ns3:hr>115</ns3:hr>
          </ns3:TrackPointExtension>
        </extensions>
      </trkpt>
      <trkpt lat="48.10685944743454456329345703125" lon="-122.772972173988819122314453125">
        <ele>2.7999999523162841796875</ele>
        <time>2026-09-21T23:44:04.000Z</time>
        <extensions>
          <ns3:TrackPointExtension>
            <ns3:hr>119</ns3:hr>
          </ns3:TrackPointExtension>
        </extensions>
      </trkpt>
      <trkpt lat="48.10685290955007076263427734375" lon="-122.77296521700918674468994140625">
        <ele>2.7999999523162841796875</ele>
        <time>2026-09-21T23:44:05.000Z</time>
        <extensions>
          <ns3:TrackPointExtension>
            <ns3:hr>122</ns3:hr>
          </ns3:TrackPointExtension>
        </extensions>
      </trkpt>
      <trkpt lat="48.106813095510005950927734375" lon="-122.772901766002178192138671875">
        <ele>2.599999904632568359375</ele>
        <time>2026-09-21T23:44:16.000Z</time>
        <extensions>
          <ns3:TrackPointExtension>
            <ns3:hr>123</ns3:hr>
          </ns3:TrackPointExtension>
        </extensions>
      </trkpt>
      <trkpt lat="48.106781579554080963134765625" lon="-122.77284049428999423980712890625">
        <ele>2.2000000476837158203125</ele>
        <time>2026-09-21T23:44:27.000Z</time>
        <extensions>
          <ns3:TrackPointExtension>
            <ns3:hr>120</ns3:hr>
          </ns3:TrackPointExtension>
        </extensions>
      </trkpt>
      <trkpt lat="48.1067804060876369476318359375" lon="-122.77283546514809131622314453125">
        <ele>2</ele>
        <time>2026-09-21T23:44:28.000Z</time>
        <extensions>
          <ns3:TrackPointExtension>
            <ns3:hr>121</ns3:hr>
          </ns3:TrackPointExtension>
        </extensions>
      </trkpt>
      <trkpt lat="48.10677579604089260101318359375" lon="-122.7728090621531009674072265625">
        <ele>1.60000002384185791015625</ele>
        <time>2026-09-21T23:44:36.000Z</time>
        <extensions>
          <ns3:TrackPointExtension>
            <ns3:hr>119</ns3:hr>
          </ns3:TrackPointExtension>
        </extensions>
      </trkpt>
      <trkpt lat="48.10677361674606800079345703125" lon="-122.7727979980409145355224609375">
        <ele>1.60000002384185791015625</ele>
        <time>2026-09-21T23:44:40.000Z</time>
        <extensions>
          <ns3:TrackPointExtension>
            <ns3:hr>114</ns3:hr>
          </ns3:TrackPointExtension>
        </extensions>
      </trkpt>
      <trkpt lat="48.10677378438413143157958984375" lon="-122.772796489298343658447265625">
        <ele>1.39999997615814208984375</ele>
        <time>2026-09-21T23:44:41.000Z</time>
        <extensions>
          <ns3:TrackPointExtension>
            <ns3:hr>108</ns3:hr>
          </ns3:TrackPointExtension>
        </extensions>
      </trkpt>
      <trkpt lat="48.10677495785057544708251953125" lon="-122.77279422618448734283447265625">
        <ele>1.39999997615814208984375</ele>
        <time>2026-09-21T23:44:42.000Z</time>
        <extensions>
          <ns3:TrackPointExtension>
            <ns3:hr>104</ns3:hr>
          </ns3:TrackPointExtension>
        </extensions>
      </trkpt>
      <trkpt lat="48.1067760474979877471923828125" lon="-122.7727919630706310272216796875">
        <ele>1.39999997615814208984375</ele>
        <time>2026-09-21T23:44:43.000Z</time>
        <extensions>
          <ns3:TrackPointExtension>
            <ns3:hr>104</ns3:hr>
          </ns3:TrackPointExtension>
        </extensions>
      </trkpt>
      <trkpt lat="48.10677713714540004730224609375" lon="-122.7727902866899967193603515625">
        <ele>1.39999997615814208984375</ele>
        <time>2026-09-21T23:44:45.000Z</time>
        <extensions>
          <ns3:TrackPointExtension>
            <ns3:hr>101</ns3:hr>
          </ns3:TrackPointExtension>
        </extensions>
      </trkpt>
      <trkpt lat="48.10678350739181041717529296875" lon="-122.7727798931300640106201171875">
        <ele>2.7999999523162841796875</ele>
        <time>2026-09-21T23:44:48.000Z</time>
        <extensions>
          <ns3:TrackPointExtension>
            <ns3:hr>105</ns3:hr>
          </ns3:TrackPointExtension>
        </extensions>
      </trkpt>
      <trkpt lat="48.10678618960082530975341796875" lon="-122.772776372730731964111328125">
        <ele>3</ele>
        <time>2026-09-21T23:44:49.000Z</time>
        <extensions>
          <ns3:TrackPointExtension>
            <ns3:hr>102</ns3:hr>
          </ns3:TrackPointExtension>
        </extensions>
      </trkpt>
      <trkpt lat="48.1068172864615917205810546875" lon="-122.772745192050933837890625">
        <ele>1.7999999523162841796875</ele>
        <time>2026-09-21T23:44:55.000Z</time>
        <extensions>
          <ns3:TrackPointExtension>
            <ns3:hr>101</ns3:hr>
          </ns3:TrackPointExtension>
        </extensions>
      </trkpt>
      <trkpt lat="48.10682759620249271392822265625" lon="-122.77273186482489109039306640625">
        <ele>1.7999999523162841796875</ele>
        <time>2026-09-21T23:44:57.000Z</time>
        <extensions>
          <ns3:TrackPointExtension>
            <ns3:hr>105</ns3:hr>
          </ns3:TrackPointExtension>
        </extensions>
      </trkpt>
      <trkpt lat="48.10684804804623126983642578125" lon="-122.77271091006696224212646484375">
        <ele>1.60000002384185791015625</ele>
        <time>2026-09-21T23:45:01.000Z</time>
        <extensions>
          <ns3:TrackPointExtension>
            <ns3:hr>108</ns3:hr>
          </ns3:TrackPointExtension>
        </extensions>
      </trkpt>
      <trkpt lat="48.10688593424856662750244140625" lon="-122.7726860158145427703857421875">
        <ele>1.2000000476837158203125</ele>
        <time>2026-09-21T23:45:07.000Z</time>
        <extensions>
          <ns3:TrackPointExtension>
            <ns3:hr>113</ns3:hr>
          </ns3:TrackPointExtension>
        </extensions>
      </trkpt>
      <trkpt lat="48.106892891228199005126953125" lon="-122.7726803161203861236572265625">
        <ele>1.2000000476837158203125</ele>
        <time>2026-09-21T23:45:08.000Z</time>
        <extensions>
          <ns3:TrackPointExtension>
            <ns3:hr>116</ns3:hr>
          </ns3:TrackPointExtension>
        </extensions>
      </trkpt>
      <trkpt lat="48.10691124759614467620849609375" lon="-122.77266028337180614471435546875">
        <ele>1.2000000476837158203125</ele>
        <time>2026-09-21T23:45:11.000Z</time>
        <extensions>
          <ns3:TrackPointExtension>
            <ns3:hr>119</ns3:hr>
          </ns3:TrackPointExtension>
        </extensions>
      </trkpt>
      <trkpt lat="48.1069332920014858245849609375" lon="-122.7726387418806552886962890625">
        <ele>1</ele>
        <time>2026-09-21T23:45:14.000Z</time>
        <extensions>
          <ns3:TrackPointExtension>
            <ns3:hr>120</ns3:hr>
          </ns3:TrackPointExtension>
        </extensions>
      </trkpt>
      <trkpt lat="48.10698199085891246795654296875" lon="-122.772586606442928314208984375">
        <ele>0.800000011920928955078125</ele>
        <time>2026-09-21T23:45:21.000Z</time>
        <extensions>
          <ns3:TrackPointExtension>
            <ns3:hr>119</ns3:hr>
          </ns3:TrackPointExtension>
        </extensions>
      </trkpt>
      <trkpt lat="48.10699121095240116119384765625" lon="-122.77257948182523250579833984375">
        <ele>0.800000011920928955078125</ele>
        <time>2026-09-21T23:45:22.000Z</time>
        <extensions>
          <ns3:TrackPointExtension>
            <ns3:hr>122</ns3:hr>
          </ns3:TrackPointExtension>
        </extensions>
      </trkpt>
      <trkpt lat="48.10702725313603878021240234375" lon="-122.77254176326096057891845703125">
        <ele>0.800000011920928955078125</ele>
        <time>2026-09-21T23:45:26.000Z</time>
        <extensions>
          <ns3:TrackPointExtension>
            <ns3:hr>121</ns3:hr>
          </ns3:TrackPointExtension>
        </extensions>
      </trkpt>
      <trkpt lat="48.10707553289830684661865234375" lon="-122.77247889898717403411865234375">
        <ele>-8.6000003814697265625</ele>
        <time>2026-09-21T23:45:32.000Z</time>
        <extensions>
          <ns3:TrackPointExtension>
            <ns3:hr>119</ns3:hr>
          </ns3:TrackPointExtension>
        </extensions>
      </trkpt>
      <trkpt lat="48.1070803105831146240234375" lon="-122.77246825397014617919921875">
        <ele>-10</ele>
        <time>2026-09-21T23:45:33.000Z</time>
        <extensions>
          <ns3:TrackPointExtension>
            <ns3:hr>118</ns3:hr>
          </ns3:TrackPointExtension>
        </extensions>
      </trkpt>
      <trkpt lat="48.10710235498845577239990234375" lon="-122.7724358998239040374755859375">
        <ele>-8.6000003814697265625</ele>
        <time>2026-09-21T23:45:36.000Z</time>
        <extensions>
          <ns3:TrackPointExtension>
            <ns3:hr>116</ns3:hr>
          </ns3:TrackPointExtension>
        </extensions>
      </trkpt>
      <trkpt lat="48.10710838995873928070068359375" lon="-122.7724273502826690673828125">
        <ele>-3.599999904632568359375</ele>
        <time>2026-09-21T23:45:37.000Z</time>
        <extensions>
          <ns3:TrackPointExtension>
            <ns3:hr>117</ns3:hr>
          </ns3:TrackPointExtension>
        </extensions>
      </trkpt>
      <trkpt lat="48.10711610130965709686279296875" lon="-122.7724201418459415435791015625">
        <ele>-1.2000000476837158203125</ele>
        <time>2026-09-21T23:45:38.000Z</time>
        <extensions>
          <ns3:TrackPointExtension>
            <ns3:hr>117</ns3:hr>
          </ns3:TrackPointExtension>
        </extensions>
      </trkpt>
      <trkpt lat="48.107134960591793060302734375" lon="-122.77240061201155185699462890625">
        <ele>0.20000000298023223876953125</ele>
        <time>2026-09-21T23:45:40.000Z</time>
        <extensions>
          <ns3:TrackPointExtension>
            <ns3:hr>119</ns3:hr>
          </ns3:TrackPointExtension>
        </extensions>
      </trkpt>
      <trkpt lat="48.107167147099971771240234375" lon="-122.772368676960468292236328125">
        <ele>0.4000000059604644775390625</ele>
        <time>2026-09-21T23:45:44.000Z</time>
        <extensions>
          <ns3:TrackPointExtension>
            <ns3:hr>122</ns3:hr>
          </ns3:TrackPointExtension>
        </extensions>
      </trkpt>
      <trkpt lat="48.10718835331499576568603515625" lon="-122.7723383344709873199462890625">
        <ele>0.4000000059604644775390625</ele>
        <time>2026-09-21T23:45:47.000Z</time>
        <extensions>
          <ns3:TrackPointExtension>
            <ns3:hr>123</ns3:hr>
          </ns3:TrackPointExtension>
        </extensions>
      </trkpt>
      <trkpt lat="48.107228837907314300537109375" lon="-122.772273123264312744140625">
        <ele>2.599999904632568359375</ele>
        <time>2026-09-21T23:45:53.000Z</time>
        <extensions>
          <ns3:TrackPointExtension>
            <ns3:hr>122</ns3:hr>
          </ns3:TrackPointExtension>
        </extensions>
      </trkpt>
      <trkpt lat="48.10725859366357326507568359375" lon="-122.7722240053117275238037109375">
        <ele>0.20000000298023223876953125</ele>
        <time>2026-09-21T23:45:57.000Z</time>
        <extensions>
          <ns3:TrackPointExtension>
            <ns3:hr>120</ns3:hr>
          </ns3:TrackPointExtension>
        </extensions>
      </trkpt>
      <trkpt lat="48.1072759442031383514404296875" lon="-122.77219005860388278961181640625">
        <ele>-1.7999999523162841796875</ele>
        <time>2026-09-21T23:46:00.000Z</time>
        <extensions>
          <ns3:TrackPointExtension>
            <ns3:hr>119</ns3:hr>
          </ns3:TrackPointExtension>
        </extensions>
      </trkpt>
      <trkpt lat="48.1073000840842723846435546875" lon="-122.7721465565264225006103515625">
        <ele>0.20000000298023223876953125</ele>
        <time>2026-09-21T23:46:04.000Z</time>
        <extensions>
          <ns3:TrackPointExtension>
            <ns3:hr>118</ns3:hr>
          </ns3:TrackPointExtension>
        </extensions>
      </trkpt>
      <trkpt lat="48.10730402357876300811767578125" lon="-122.7721361629664897918701171875">
        <ele>2.7999999523162841796875</ele>
        <time>2026-09-21T23:46:05.000Z</time>
        <extensions>
          <ns3:TrackPointExtension>
            <ns3:hr>118</ns3:hr>
          </ns3:TrackPointExtension>
        </extensions>
      </trkpt>
      <trkpt lat="48.107308633625507354736328125" lon="-122.772123254835605621337890625">
        <ele>4.19999980926513671875</ele>
        <time>2026-09-21T23:46:06.000Z</time>
        <extensions>
          <ns3:TrackPointExtension>
            <ns3:hr>118</ns3:hr>
          </ns3:TrackPointExtension>
        </extensions>
      </trkpt>
      <trkpt lat="48.1073155067861080169677734375" lon="-122.77207371778786182403564453125">
        <ele>2</ele>
        <time>2026-09-21T23:46:10.000Z</time>
        <extensions>
          <ns3:TrackPointExtension>
            <ns3:hr>119</ns3:hr>
          </ns3:TrackPointExtension>
        </extensions>
      </trkpt>
      <trkpt lat="48.1073138304054737091064453125" lon="-122.7720620669424533843994140625">
        <ele>0.800000011920928955078125</ele>
        <time>2026-09-21T23:46:11.000Z</time>
        <extensions>
          <ns3:TrackPointExtension>
            <ns3:hr>119</ns3:hr>
          </ns3:TrackPointExtension>
        </extensions>
      </trkpt>
      <trkpt lat="48.1073094718158245086669921875" lon="-122.77202904224395751953125">
        <ele>-0.4000000059604644775390625</ele>
        <time>2026-09-21T23:46:15.000Z</time>
        <extensions>
          <ns3:TrackPointExtension>
            <ns3:hr>119</ns3:hr>
          </ns3:TrackPointExtension>
        </extensions>
      </trkpt>
      <trkpt lat="48.10730637051165103912353515625" lon="-122.77201688848435878753662109375">
        <ele>-0.60000002384185791015625</ele>
        <time>2026-09-21T23:46:17.000Z</time>
        <extensions>
          <ns3:TrackPointExtension>
            <ns3:hr>119</ns3:hr>
          </ns3:TrackPointExtension>
        </extensions>
      </trkpt>
      <trkpt lat="48.10725742019712924957275390625" lon="-122.7718855440616607666015625">
        <ele>-1</ele>
        <time>2026-09-21T23:46:28.000Z</time>
        <extensions>
          <ns3:TrackPointExtension>
            <ns3:hr>118</ns3:hr>
          </ns3:TrackPointExtension>
        </extensions>
      </trkpt>
      <trkpt lat="48.107248283922672271728515625" lon="-122.7718592248857021331787109375">
        <ele>-1</ele>
        <time>2026-09-21T23:46:30.000Z</time>
        <extensions>
          <ns3:TrackPointExtension>
            <ns3:hr>117</ns3:hr>
          </ns3:TrackPointExtension>
        </extensions>
      </trkpt>
      <trkpt lat="48.10723026283085346221923828125" lon="-122.77177087962627410888671875">
        <ele>-0.800000011920928955078125</ele>
        <time>2026-09-21T23:46:35.000Z</time>
        <extensions>
          <ns3:TrackPointExtension>
            <ns3:hr>120</ns3:hr>
          </ns3:TrackPointExtension>
        </extensions>
      </trkpt>
      <trkpt lat="48.10722389258444309234619140625" lon="-122.771743051707744598388671875">
        <ele>-0.800000011920928955078125</ele>
        <time>2026-09-21T23:46:37.000Z</time>
        <extensions>
          <ns3:TrackPointExtension>
            <ns3:hr>121</ns3:hr>
          </ns3:TrackPointExtension>
        </extensions>
      </trkpt>
      <trkpt lat="48.10719824396073818206787109375" lon="-122.77164540253579616546630859375">
        <ele>-0.800000011920928955078125</ele>
        <time>2026-09-21T23:46:47.000Z</time>
        <extensions>
          <ns3:TrackPointExtension>
            <ns3:hr>121</ns3:hr>
          </ns3:TrackPointExtension>
        </extensions>
      </trkpt>
      <trkpt lat="48.10722053982317447662353515625" lon="-122.7716275490820407867431640625">
        <ele>-0.4000000059604644775390625</ele>
        <time>2026-09-21T23:46:51.000Z</time>
        <extensions>
          <ns3:TrackPointExtension>
            <ns3:hr>124</ns3:hr>
          </ns3:TrackPointExtension>
        </extensions>
      </trkpt>
      <trkpt lat="48.10723814181983470916748046875" lon="-122.77161824516952037811279296875">
        <ele>-0.4000000059604644775390625</ele>
        <time>2026-09-21T23:46:53.000Z</time>
        <extensions>
          <ns3:TrackPointExtension>
            <ns3:hr>128</ns3:hr>
          </ns3:TrackPointExtension>
        </extensions>
      </trkpt>
      <trkpt lat="48.10725373215973377227783203125" lon="-122.77160885743796825408935546875">
        <ele>-0.4000000059604644775390625</ele>
        <time>2026-09-21T23:46:55.000Z</time>
        <extensions>
          <ns3:TrackPointExtension>
            <ns3:hr>129</ns3:hr>
          </ns3:TrackPointExtension>
        </extensions>
      </trkpt>
      <trkpt lat="48.107264041900634765625" lon="-122.7716052532196044921875">
        <ele>-0.4000000059604644775390625</ele>
        <time>2026-09-21T23:46:56.000Z</time>
        <extensions>
          <ns3:TrackPointExtension>
            <ns3:hr>130</ns3:hr>
          </ns3:TrackPointExtension>
        </extensions>
      </trkpt>
      <trkpt lat="48.1072722561657428741455078125" lon="-122.7716024033725261688232421875">
        <ele>-2.599999904632568359375</ele>
        <time>2026-09-21T23:46:57.000Z</time>
        <extensions>
          <ns3:TrackPointExtension>
            <ns3:hr>130</ns3:hr>
          </ns3:TrackPointExtension>
        </extensions>
      </trkpt>
      <trkpt lat="48.10731433331966400146484375" lon="-122.7715749107301235198974609375">
        <ele>-1.2000000476837158203125</ele>
        <time>2026-09-21T23:47:02.000Z</time>
        <extensions>
          <ns3:TrackPointExtension>
            <ns3:hr>131</ns3:hr>
          </ns3:TrackPointExtension>
        </extensions>
      </trkpt>
      <trkpt lat="48.10732640326023101806640625" lon="-122.77156770229339599609375">
        <ele>-1</ele>
        <time>2026-09-21T23:47:03.000Z</time>
        <extensions>
          <ns3:TrackPointExtension>
            <ns3:hr>132</ns3:hr>
          </ns3:TrackPointExtension>
        </extensions>
      </trkpt>
      <trkpt lat="48.1073738448321819305419921875" lon="-122.77154264040291309356689453125">
        <ele>-0.4000000059604644775390625</ele>
        <time>2026-09-21T23:47:09.000Z</time>
        <extensions>
          <ns3:TrackPointExtension>
            <ns3:hr>131</ns3:hr>
          </ns3:TrackPointExtension>
        </extensions>
      </trkpt>
      <trkpt lat="48.10746428556740283966064453125" lon="-122.77147759683430194854736328125">
        <ele>-0.4000000059604644775390625</ele>
        <time>2026-09-21T23:47:19.000Z</time>
        <extensions>
          <ns3:TrackPointExtension>
            <ns3:hr>128</ns3:hr>
          </ns3:TrackPointExtension>
        </extensions>
      </trkpt>
      <trkpt lat="48.10752220451831817626953125" lon="-122.77144675143063068389892578125">
        <ele>-0.4000000059604644775390625</ele>
        <time>2026-09-21T23:47:24.000Z</time>
        <extensions>
          <ns3:TrackPointExtension>
            <ns3:hr>125</ns3:hr>
          </ns3:TrackPointExtension>
        </extensions>
      </trkpt>
      <trkpt lat="48.10759789310395717620849609375" lon="-122.77137751691043376922607421875">
        <ele>-0.4000000059604644775390625</ele>
        <time>2026-09-21T23:47:31.000Z</time>
        <extensions>
          <ns3:TrackPointExtension>
            <ns3:hr>125</ns3:hr>
          </ns3:TrackPointExtension>
        </extensions>
      </trkpt>
      <trkpt lat="48.107599318027496337890625" lon="-122.7713271416723728179931640625">
        <ele>-0.4000000059604644775390625</ele>
        <time>2026-09-21T23:47:35.000Z</time>
        <extensions>
          <ns3:TrackPointExtension>
            <ns3:hr>126</ns3:hr>
          </ns3:TrackPointExtension>
        </extensions>
      </trkpt>
      <trkpt lat="48.107591606676578521728515625" lon="-122.77131599374115467071533203125">
        <ele>-0.800000011920928955078125</ele>
        <time>2026-09-21T23:47:36.000Z</time>
        <extensions>
          <ns3:TrackPointExtension>
            <ns3:hr>125</ns3:hr>
          </ns3:TrackPointExtension>
        </extensions>
      </trkpt>
      <trkpt lat="48.1075558997690677642822265625" lon="-122.771243490278720855712890625">
        <ele>-0.800000011920928955078125</ele>
        <time>2026-09-21T23:47:42.000Z</time>
        <extensions>
          <ns3:TrackPointExtension>
            <ns3:hr>125</ns3:hr>
          </ns3:TrackPointExtension>
        </extensions>
      </trkpt>
      <trkpt lat="48.10754743404686450958251953125" lon="-122.77121541090309619903564453125">
        <ele>-0.800000011920928955078125</ele>
        <time>2026-09-21T23:47:44.000Z</time>
        <extensions>
          <ns3:TrackPointExtension>
            <ns3:hr>130</ns3:hr>
          </ns3:TrackPointExtension>
        </extensions>
      </trkpt>
      <trkpt lat="48.10751843266189098358154296875" lon="-122.77117081917822360992431640625">
        <ele>-0.800000011920928955078125</ele>
        <time>2026-09-21T23:47:47.000Z</time>
        <extensions>
          <ns3:TrackPointExtension>
            <ns3:hr>133</ns3:hr>
          </ns3:TrackPointExtension>
        </extensions>
      </trkpt>
      <trkpt lat="48.1074942089617252349853515625" lon="-122.77113729156553745269775390625">
        <ele>-0.800000011920928955078125</ele>
        <time>2026-09-21T23:47:49.000Z</time>
        <extensions>
          <ns3:TrackPointExtension>
            <ns3:hr>128</ns3:hr>
          </ns3:TrackPointExtension>
        </extensions>
      </trkpt>
      <trkpt lat="48.1074714101850986480712890625" lon="-122.77110208757221698760986328125">
        <ele>-1</ele>
        <time>2026-09-21T23:47:51.000Z</time>
        <extensions>
          <ns3:TrackPointExtension>
            <ns3:hr>125</ns3:hr>
          </ns3:TrackPointExtension>
        </extensions>
      </trkpt>
      <trkpt lat="48.10737912543118000030517578125" lon="-122.77095825411379337310791015625">
        <ele>-1.2000000476837158203125</ele>
        <time>2026-09-21T23:48:00.000Z</time>
        <extensions>
          <ns3:TrackPointExtension>
            <ns3:hr>128</ns3:hr>
          </ns3:TrackPointExtension>
        </extensions>
      </trkpt>
      <trkpt lat="48.1073691509664058685302734375" lon="-122.7709479443728923797607421875">
        <ele>-1.2000000476837158203125</ele>
        <time>2026-09-21T23:48:01.000Z</time>
        <extensions>
          <ns3:TrackPointExtension>
            <ns3:hr>129</ns3:hr>
          </ns3:TrackPointExtension>
        </extensions>
      </trkpt>
      <trkpt lat="48.10735188424587249755859375" lon="-122.77092405594885349273681640625">
        <ele>-1.2000000476837158203125</ele>
        <time>2026-09-21T23:48:03.000Z</time>
        <extensions>
          <ns3:TrackPointExtension>
            <ns3:hr>124</ns3:hr>
          </ns3:TrackPointExtension>
        </extensions>
      </trkpt>
      <trkpt lat="48.10734492726624011993408203125" lon="-122.77091399766504764556884765625">
        <ele>-1.2000000476837158203125</ele>
        <time>2026-09-21T23:48:04.000Z</time>
        <extensions>
          <ns3:TrackPointExtension>
            <ns3:hr>121</ns3:hr>
          </ns3:TrackPointExtension>
        </extensions>
      </trkpt>
      <trkpt lat="48.10733922757208347320556640625" lon="-122.7709026820957660675048828125">
        <ele>-1.2000000476837158203125</ele>
        <time>2026-09-21T23:48:05.000Z</time>
        <extensions>
          <ns3:TrackPointExtension>
            <ns3:hr>118</ns3:hr>
          </ns3:TrackPointExtension>
        </extensions>
      </trkpt>
      <trkpt lat="48.10732430778443813323974609375" lon="-122.77088801376521587371826171875">
        <ele>-1.2000000476837158203125</ele>
        <time>2026-09-21T23:48:06.000Z</time>
        <extensions>
          <ns3:TrackPointExtension>
            <ns3:hr>115</ns3:hr>
          </ns3:TrackPointExtension>
        </extensions>
      </trkpt>
      <trkpt lat="48.10731743462383747100830078125" lon="-122.77087477035820484161376953125">
        <ele>-1</ele>
        <time>2026-09-21T23:48:07.000Z</time>
        <extensions>
          <ns3:TrackPointExtension>
            <ns3:hr>119</ns3:hr>
          </ns3:TrackPointExtension>
        </extensions>
      </trkpt>
      <trkpt lat="48.10731173492968082427978515625" lon="-122.7708607725799083709716796875">
        <ele>-1</ele>
        <time>2026-09-21T23:48:08.000Z</time>
        <extensions>
          <ns3:TrackPointExtension>
            <ns3:hr>124</ns3:hr>
          </ns3:TrackPointExtension>
        </extensions>
      </trkpt>
      <trkpt lat="48.107307963073253631591796875" lon="-122.77084560133516788482666015625">
        <ele>-1</ele>
        <time>2026-09-21T23:48:09.000Z</time>
        <extensions>
          <ns3:TrackPointExtension>
            <ns3:hr>124</ns3:hr>
          </ns3:TrackPointExtension>
        </extensions>
      </trkpt>
      <trkpt lat="48.1072761118412017822265625" lon="-122.770808301866054534912109375">
        <ele>-1.2000000476837158203125</ele>
        <time>2026-09-21T23:48:12.000Z</time>
        <extensions>
          <ns3:TrackPointExtension>
            <ns3:hr>123</ns3:hr>
          </ns3:TrackPointExtension>
        </extensions>
      </trkpt>
      <trkpt lat="48.1072347052395343780517578125" lon="-122.77076798491179943084716796875">
        <ele>-1.2000000476837158203125</ele>
        <time>2026-09-21T23:48:16.000Z</time>
        <extensions>
          <ns3:TrackPointExtension>
            <ns3:hr>119</ns3:hr>
          </ns3:TrackPointExtension>
        </extensions>
      </trkpt>
      <trkpt lat="48.10721048153936862945556640625" lon="-122.7707246504724025726318359375">
        <ele>-1.2000000476837158203125</ele>
        <time>2026-09-21T23:48:19.000Z</time>
        <extensions>
          <ns3:TrackPointExtension>
            <ns3:hr>116</ns3:hr>
          </ns3:TrackPointExtension>
        </extensions>
      </trkpt>
      <trkpt lat="48.10717619955539703369140625" lon="-122.77068600989878177642822265625">
        <ele>-1.2000000476837158203125</ele>
        <time>2026-09-21T23:48:22.000Z</time>
        <extensions>
          <ns3:TrackPointExtension>
            <ns3:hr>115</ns3:hr>
          </ns3:TrackPointExtension>
        </extensions>
      </trkpt>
      <trkpt lat="48.107165805995464324951171875" lon="-122.77066840790212154388427734375">
        <ele>-1.2000000476837158203125</ele>
        <time>2026-09-21T23:48:23.000Z</time>
        <extensions>
          <ns3:TrackPointExtension>
            <ns3:hr>112</ns3:hr>
          </ns3:TrackPointExtension>
        </extensions>
      </trkpt>
      <trkpt lat="48.10712967999279499053955078125" lon="-122.7706254087388515472412109375">
        <ele>-1.2000000476837158203125</ele>
        <time>2026-09-21T23:48:26.000Z</time>
        <extensions>
          <ns3:TrackPointExtension>
            <ns3:hr>109</ns3:hr>
          </ns3:TrackPointExtension>
        </extensions>
      </trkpt>
      <trkpt lat="48.1070720963180065155029296875" lon="-122.770516611635684967041015625">
        <ele>-1</ele>
        <time>2026-09-21T23:48:32.000Z</time>
        <extensions>
          <ns3:TrackPointExtension>
            <ns3:hr>110</ns3:hr>
          </ns3:TrackPointExtension>
        </extensions>
      </trkpt>
      <trkpt lat="48.10699121095240116119384765625" lon="-122.77039063163101673126220703125">
        <ele>-1.2000000476837158203125</ele>
        <time>2026-09-21T23:48:39.000Z</time>
        <extensions>
          <ns3:TrackPointExtension>
            <ns3:hr>111</ns3:hr>
          </ns3:TrackPointExtension>
        </extensions>
      </trkpt>
      <trkpt lat="48.1069373153150081634521484375" lon="-122.77028183452785015106201171875">
        <ele>-1.7999999523162841796875</ele>
        <time>2026-09-21T23:48:45.000Z</time>
        <extensions>
          <ns3:TrackPointExtension>
            <ns3:hr>108</ns3:hr>
          </ns3:TrackPointExtension>
        </extensions>
      </trkpt>
      <trkpt lat="48.10693874023854732513427734375" lon="-122.77027026750147342681884765625">
        <ele>-2</ele>
        <time>2026-09-21T23:48:46.000Z</time>
        <extensions>
          <ns3:TrackPointExtension>
            <ns3:hr>108</ns3:hr>
          </ns3:TrackPointExtension>
        </extensions>
      </trkpt>
      <trkpt lat="48.106943853199481964111328125" lon="-122.77026138268411159515380859375">
        <ele>-2</ele>
        <time>2026-09-21T23:48:47.000Z</time>
        <extensions>
          <ns3:TrackPointExtension>
            <ns3:hr>108</ns3:hr>
          </ns3:TrackPointExtension>
        </extensions>
      </trkpt>
      <trkpt lat="48.106961958110332489013671875" lon="-122.77026356197893619537353515625">
        <ele>-2</ele>
        <time>2026-09-21T23:48:49.000Z</time>
        <extensions>
          <ns3:TrackPointExtension>
            <ns3:hr>109</ns3:hr>
          </ns3:TrackPointExtension>
        </extensions>
      </trkpt>
      <trkpt lat="48.10696966946125030517578125" lon="-122.77026305906474590301513671875">
        <ele>-2</ele>
        <time>2026-09-21T23:48:50.000Z</time>
        <extensions>
          <ns3:TrackPointExtension>
            <ns3:hr>111</ns3:hr>
          </ns3:TrackPointExtension>
        </extensions>
      </trkpt>
      <trkpt lat="48.1070764549076557159423828125" lon="-122.77019617147743701934814453125">
        <ele>-1.2000000476837158203125</ele>
        <time>2026-09-21T23:48:59.000Z</time>
        <extensions>
          <ns3:TrackPointExtension>
            <ns3:hr>108</ns3:hr>
          </ns3:TrackPointExtension>
        </extensions>
      </trkpt>
      <trkpt lat="48.10708961449563503265380859375" lon="-122.770185358822345733642578125">
        <ele>-1.39999997615814208984375</ele>
        <time>2026-09-21T23:49:00.000Z</time>
        <extensions>
          <ns3:TrackPointExtension>
            <ns3:hr>109</ns3:hr>
          </ns3:TrackPointExtension>
        </extensions>
      </trkpt>
      <trkpt lat="48.1071384809911251068115234375" lon="-122.77014956809580326080322265625">
        <ele>-1.39999997615814208984375</ele>
        <time>2026-09-21T23:49:04.000Z</time>
        <extensions>
          <ns3:TrackPointExtension>
            <ns3:hr>113</ns3:hr>
          </ns3:TrackPointExtension>
        </extensions>
      </trkpt>
      <trkpt lat="48.10721450485289096832275390625" lon="-122.7700678445398807525634765625">
        <ele>-1.39999997615814208984375</ele>
        <time>2026-09-21T23:49:10.000Z</time>
        <extensions>
          <ns3:TrackPointExtension>
            <ns3:hr>116</ns3:hr>
          </ns3:TrackPointExtension>
        </extensions>
      </trkpt>
      <trkpt lat="48.107240907847881317138671875" lon="-122.77003875933587551116943359375">
        <ele>-1.39999997615814208984375</ele>
        <time>2026-09-21T23:49:12.000Z</time>
        <extensions>
          <ns3:TrackPointExtension>
            <ns3:hr>119</ns3:hr>
          </ns3:TrackPointExtension>
        </extensions>
      </trkpt>
      <trkpt lat="48.10739521868526935577392578125" lon="-122.76990766637027263641357421875">
        <ele>-1.39999997615814208984375</ele>
        <time>2026-09-21T23:49:23.000Z</time>
        <extensions>
          <ns3:TrackPointExtension>
            <ns3:hr>117</ns3:hr>
          </ns3:TrackPointExtension>
        </extensions>
      </trkpt>
      <trkpt lat="48.10759386979043483734130859375" lon="-122.769753523170948028564453125">
        <ele>-1.60000002384185791015625</ele>
        <time>2026-09-21T23:49:37.000Z</time>
        <extensions>
          <ns3:TrackPointExtension>
            <ns3:hr>115</ns3:hr>
          </ns3:TrackPointExtension>
        </extensions>
      </trkpt>
      <trkpt lat="48.1076140701770782470703125" lon="-122.76969560422003269195556640625">
        <ele>-1.7999999523162841796875</ele>
        <time>2026-09-21T23:49:41.000Z</time>
        <extensions>
          <ns3:TrackPointExtension>
            <ns3:hr>112</ns3:hr>
          </ns3:TrackPointExtension>
        </extensions>
      </trkpt>
      <trkpt lat="48.1076105497777462005615234375" lon="-122.76968386955559253692626953125">
        <ele>-1.7999999523162841796875</ele>
        <time>2026-09-21T23:49:42.000Z</time>
        <extensions>
          <ns3:TrackPointExtension>
            <ns3:hr>111</ns3:hr>
          </ns3:TrackPointExtension>
        </extensions>
      </trkpt>
      <trkpt lat="48.1076045148074626922607421875" lon="-122.76967045851051807403564453125">
        <ele>-1.7999999523162841796875</ele>
        <time>2026-09-21T23:49:43.000Z</time>
        <extensions>
          <ns3:TrackPointExtension>
            <ns3:hr>110</ns3:hr>
          </ns3:TrackPointExtension>
        </extensions>
      </trkpt>
      <trkpt lat="48.10756721533834934234619140625" lon="-122.76962067000567913055419921875">
        <ele>-1.7999999523162841796875</ele>
        <time>2026-09-21T23:49:48.000Z</time>
        <extensions>
          <ns3:TrackPointExtension>
            <ns3:hr>109</ns3:hr>
          </ns3:TrackPointExtension>
        </extensions>
      </trkpt>
      <trkpt lat="48.10746294446289539337158203125" lon="-122.7694911696016788482666015625">
        <ele>-1.7999999523162841796875</ele>
        <time>2026-09-21T23:49:59.000Z</time>
        <extensions>
          <ns3:TrackPointExtension>
            <ns3:hr>110</ns3:hr>
          </ns3:TrackPointExtension>
        </extensions>
      </trkpt>
      <trkpt lat="48.10735532082617282867431640625" lon="-122.76936921291053295135498046875">
        <ele>-2</ele>
        <time>2026-09-21T23:50:08.000Z</time>
        <extensions>
          <ns3:TrackPointExtension>
            <ns3:hr>110</ns3:hr>
          </ns3:TrackPointExtension>
        </extensions>
      </trkpt>
      <trkpt lat="48.1072585098445415496826171875" lon="-122.76926829479634761810302734375">
        <ele>-2.2000000476837158203125</ele>
        <time>2026-09-21T23:50:17.000Z</time>
        <extensions>
          <ns3:TrackPointExtension>
            <ns3:hr>104</ns3:hr>
          </ns3:TrackPointExtension>
        </extensions>
      </trkpt>
      <trkpt lat="48.107247613370418548583984375" lon="-122.7692588232457637786865234375">
        <ele>-2.2000000476837158203125</ele>
        <time>2026-09-21T23:50:18.000Z</time>
        <extensions>
          <ns3:TrackPointExtension>
            <ns3:hr>93</ns3:hr>
          </ns3:TrackPointExtension>
        </extensions>
      </trkpt>
      <trkpt lat="48.1072390638291835784912109375" lon="-122.7692480944097042083740234375">
        <ele>-2.2000000476837158203125</ele>
        <time>2026-09-21T23:50:19.000Z</time>
        <extensions>
          <ns3:TrackPointExtension>
            <ns3:hr>93</ns3:hr>
          </ns3:TrackPointExtension>
        </extensions>
      </trkpt>
      <trkpt lat="48.10722841881215572357177734375" lon="-122.76923778466880321502685546875">
        <ele>-2.2000000476837158203125</ele>
        <time>2026-09-21T23:50:20.000Z</time>
        <extensions>
          <ns3:TrackPointExtension>
            <ns3:hr>90</ns3:hr>
          </ns3:TrackPointExtension>
        </extensions>
      </trkpt>
      <trkpt lat="48.10721819289028644561767578125" lon="-122.7692246250808238983154296875">
        <ele>-2.2000000476837158203125</ele>
        <time>2026-09-21T23:50:21.000Z</time>
        <extensions>
          <ns3:TrackPointExtension>
            <ns3:hr>88</ns3:hr>
          </ns3:TrackPointExtension>
        </extensions>
      </trkpt>
      <trkpt lat="48.107208721339702606201171875" lon="-122.7692127227783203125">
        <ele>-2.2000000476837158203125</ele>
        <time>2026-09-21T23:50:22.000Z</time>
        <extensions>
          <ns3:TrackPointExtension>
            <ns3:hr>93</ns3:hr>
          </ns3:TrackPointExtension>
        </extensions>
      </trkpt>
      <trkpt lat="48.10720025561749935150146484375" lon="-122.769200988113880157470703125">
        <ele>-2.2000000476837158203125</ele>
        <time>2026-09-21T23:50:23.000Z</time>
        <extensions>
          <ns3:TrackPointExtension>
            <ns3:hr>96</ns3:hr>
          </ns3:TrackPointExtension>
        </extensions>
      </trkpt>
      <trkpt lat="48.10718198306858539581298828125" lon="-122.76917978189885616302490234375">
        <ele>-2.2000000476837158203125</ele>
        <time>2026-09-21T23:50:25.000Z</time>
        <extensions>
          <ns3:TrackPointExtension>
            <ns3:hr>100</ns3:hr>
          </ns3:TrackPointExtension>
        </extensions>
      </trkpt>
      <trkpt lat="48.10713152401149272918701171875" lon="-122.769102752208709716796875">
        <ele>-2.400000095367431640625</ele>
        <time>2026-09-21T23:50:31.000Z</time>
        <extensions>
          <ns3:TrackPointExtension>
            <ns3:hr>100</ns3:hr>
          </ns3:TrackPointExtension>
        </extensions>
      </trkpt>
      <trkpt lat="48.10708223842084407806396484375" lon="-122.7690489403903484344482421875">
        <ele>-2.400000095367431640625</ele>
        <time>2026-09-21T23:50:36.000Z</time>
        <extensions>
          <ns3:TrackPointExtension>
            <ns3:hr>103</ns3:hr>
          </ns3:TrackPointExtension>
        </extensions>
      </trkpt>
      <trkpt lat="48.1070201285183429718017578125" lon="-122.76899739168584346771240234375">
        <ele>-2.400000095367431640625</ele>
        <time>2026-09-21T23:50:42.000Z</time>
        <extensions>
          <ns3:TrackPointExtension>
            <ns3:hr>105</ns3:hr>
          </ns3:TrackPointExtension>
        </extensions>
      </trkpt>
      <trkpt lat="48.10697779990732669830322265625" lon="-122.768919356167316436767578125">
        <ele>-2.599999904632568359375</ele>
        <time>2026-09-21T23:50:51.000Z</time>
        <extensions>
          <ns3:TrackPointExtension>
            <ns3:hr>103</ns3:hr>
          </ns3:TrackPointExtension>
        </extensions>
      </trkpt>
      <trkpt lat="48.1069835834205150604248046875" lon="-122.76891298592090606689453125">
        <ele>-2.599999904632568359375</ele>
        <time>2026-09-21T23:50:52.000Z</time>
        <extensions>
          <ns3:TrackPointExtension>
            <ns3:hr>104</ns3:hr>
          </ns3:TrackPointExtension>
        </extensions>
      </trkpt>
      <trkpt lat="48.10700411908328533172607421875" lon="-122.7688977308571338653564453125">
        <ele>-2.400000095367431640625</ele>
        <time>2026-09-21T23:50:54.000Z</time>
        <extensions>
          <ns3:TrackPointExtension>
            <ns3:hr>105</ns3:hr>
          </ns3:TrackPointExtension>
        </extensions>
      </trkpt>
      <trkpt lat="48.1070710904896259307861328125" lon="-122.76883645914494991302490234375">
        <ele>-2</ele>
        <time>2026-09-21T23:51:00.000Z</time>
        <extensions>
          <ns3:TrackPointExtension>
            <ns3:hr>108</ns3:hr>
          </ns3:TrackPointExtension>
        </extensions>
      </trkpt>
      <trkpt lat="48.1071606092154979705810546875" lon="-122.768750376999378204345703125">
        <ele>-2.2000000476837158203125</ele>
        <time>2026-09-21T23:51:07.000Z</time>
        <extensions>
          <ns3:TrackPointExtension>
            <ns3:hr>111</ns3:hr>
          </ns3:TrackPointExtension>
        </extensions>
      </trkpt>
      <trkpt lat="48.107196651399135589599609375" lon="-122.76871240697801113128662109375">
        <ele>-2.2000000476837158203125</ele>
        <time>2026-09-21T23:51:10.000Z</time>
        <extensions>
          <ns3:TrackPointExtension>
            <ns3:hr>111</ns3:hr>
          </ns3:TrackPointExtension>
        </extensions>
      </trkpt>
      <trkpt lat="48.10730452649295330047607421875" lon="-122.7686010114848613739013671875">
        <ele>-2.2000000476837158203125</ele>
        <time>2026-09-21T23:51:19.000Z</time>
        <extensions>
          <ns3:TrackPointExtension>
            <ns3:hr>114</ns3:hr>
          </ns3:TrackPointExtension>
        </extensions>
      </trkpt>
      <trkpt lat="48.1073673069477081298828125" lon="-122.76853085495531558990478515625">
        <ele>-2.400000095367431640625</ele>
        <time>2026-09-21T23:51:25.000Z</time>
        <extensions>
          <ns3:TrackPointExtension>
            <ns3:hr>112</ns3:hr>
          </ns3:TrackPointExtension>
        </extensions>
      </trkpt>
      <trkpt lat="48.10745975933969020843505859375" lon="-122.76841786690056324005126953125">
        <ele>-2.599999904632568359375</ele>
        <time>2026-09-21T23:51:36.000Z</time>
        <extensions>
          <ns3:TrackPointExtension>
            <ns3:hr>110</ns3:hr>
          </ns3:TrackPointExtension>
        </extensions>
      </trkpt>
      <trkpt lat="48.10746680013835430145263671875" lon="-122.76840680278837680816650390625">
        <ele>-2.599999904632568359375</ele>
        <time>2026-09-21T23:51:37.000Z</time>
        <extensions>
          <ns3:TrackPointExtension>
            <ns3:hr>99</ns3:hr>
          </ns3:TrackPointExtension>
        </extensions>
      </trkpt>
      <trkpt lat="48.10747618786990642547607421875" lon="-122.76839607395231723785400390625">
        <ele>-2.7999999523162841796875</ele>
        <time>2026-09-21T23:51:38.000Z</time>
        <extensions>
          <ns3:TrackPointExtension>
            <ns3:hr>90</ns3:hr>
          </ns3:TrackPointExtension>
        </extensions>
      </trkpt>
      <trkpt lat="48.1074854917824268341064453125" lon="-122.76838802732527256011962890625">
        <ele>-2.7999999523162841796875</ele>
        <time>2026-09-21T23:51:39.000Z</time>
        <extensions>
          <ns3:TrackPointExtension>
            <ns3:hr>86</ns3:hr>
          </ns3:TrackPointExtension>
        </extensions>
      </trkpt>
      <trkpt lat="48.10750569216907024383544921875" lon="-122.76837327517569065093994140625">
        <ele>-2.7999999523162841796875</ele>
        <time>2026-09-21T23:51:41.000Z</time>
        <extensions>
          <ns3:TrackPointExtension>
            <ns3:hr>90</ns3:hr>
          </ns3:TrackPointExtension>
        </extensions>
      </trkpt>
      <trkpt lat="48.1075143255293369293212890625" lon="-122.7683646418154239654541015625">
        <ele>-2.7999999523162841796875</ele>
        <time>2026-09-21T23:51:42.000Z</time>
        <extensions>
          <ns3:TrackPointExtension>
            <ns3:hr>96</ns3:hr>
          </ns3:TrackPointExtension>
        </extensions>
      </trkpt>
      <trkpt lat="48.1075227074325084686279296875" lon="-122.768357098102569580078125">
        <ele>-2.7999999523162841796875</ele>
        <time>2026-09-21T23:51:43.000Z</time>
        <extensions>
          <ns3:TrackPointExtension>
            <ns3:hr>107</ns3:hr>
          </ns3:TrackPointExtension>
        </extensions>
      </trkpt>
      <trkpt lat="48.10753159224987030029296875" lon="-122.76834980584681034088134765625">
        <ele>-2.7999999523162841796875</ele>
        <time>2026-09-21T23:51:44.000Z</time>
        <extensions>
          <ns3:TrackPointExtension>
            <ns3:hr>112</ns3:hr>
          </ns3:TrackPointExtension>
        </extensions>
      </trkpt>
      <trkpt lat="48.10756646096706390380859375" lon="-122.7683036215603351593017578125">
        <ele>-3</ele>
        <time>2026-09-21T23:51:49.000Z</time>
        <extensions>
          <ns3:TrackPointExtension>
            <ns3:hr>109</ns3:hr>
          </ns3:TrackPointExtension>
        </extensions>
      </trkpt>
      <trkpt lat="48.10758297331631183624267578125" lon="-122.76828694157302379608154296875">
        <ele>-3</ele>
        <time>2026-09-21T23:51:51.000Z</time>
        <extensions>
          <ns3:TrackPointExtension>
            <ns3:hr>107</ns3:hr>
          </ns3:TrackPointExtension>
        </extensions>
      </trkpt>
      <trkpt lat="48.1076501123607158660888671875" lon="-122.76825726963579654693603515625">
        <ele>-2.7999999523162841796875</ele>
        <time>2026-09-21T23:52:00.000Z</time>
        <extensions>
          <ns3:TrackPointExtension>
            <ns3:hr>105</ns3:hr>
          </ns3:TrackPointExtension>
        </extensions>
      </trkpt>
      <trkpt lat="48.10778346844017505645751953125" lon="-122.76821569539606571197509765625">
        <ele>-3</ele>
        <time>2026-09-21T23:52:13.000Z</time>
        <extensions>
          <ns3:TrackPointExtension>
            <ns3:hr>106</ns3:hr>
          </ns3:TrackPointExtension>
        </extensions>
      </trkpt>
      <trkpt lat="48.1078294850885868072509765625" lon="-122.768190801143646240234375">
        <ele>-3</ele>
        <time>2026-09-21T23:52:18.000Z</time>
        <extensions>
          <ns3:TrackPointExtension>
            <ns3:hr>105</ns3:hr>
          </ns3:TrackPointExtension>
        </extensions>
      </trkpt>
      <trkpt lat="48.1078371964395046234130859375" lon="-122.768177725374698638916015625">
        <ele>-3.400000095367431640625</ele>
        <time>2026-09-21T23:52:19.000Z</time>
        <extensions>
          <ns3:TrackPointExtension>
            <ns3:hr>105</ns3:hr>
          </ns3:TrackPointExtension>
        </extensions>
      </trkpt>
      <trkpt lat="48.1078402139246463775634765625" lon="-122.76813841424882411956787109375">
        <ele>-3.599999904632568359375</ele>
        <time>2026-09-21T23:52:22.000Z</time>
        <extensions>
          <ns3:TrackPointExtension>
            <ns3:hr>106</ns3:hr>
          </ns3:TrackPointExtension>
        </extensions>
      </trkpt>
      <trkpt lat="48.10782252810895442962646484375" lon="-122.7681111730635166168212890625">
        <ele>-3</ele>
        <time>2026-09-21T23:52:26.000Z</time>
        <extensions>
          <ns3:TrackPointExtension>
            <ns3:hr>109</ns3:hr>
          </ns3:TrackPointExtension>
        </extensions>
      </trkpt>
      <trkpt lat="48.1078045070171356201171875" lon="-122.76809114031493663787841796875">
        <ele>-3</ele>
        <time>2026-09-21T23:52:29.000Z</time>
        <extensions>
          <ns3:TrackPointExtension>
            <ns3:hr>115</ns3:hr>
          </ns3:TrackPointExtension>
        </extensions>
      </trkpt>
      <trkpt lat="48.107800818979740142822265625" lon="-122.76808242313563823699951171875">
        <ele>-3</ele>
        <time>2026-09-21T23:52:30.000Z</time>
        <extensions>
          <ns3:TrackPointExtension>
            <ns3:hr>109</ns3:hr>
          </ns3:TrackPointExtension>
        </extensions>
      </trkpt>
      <trkpt lat="48.10776150785386562347412109375" lon="-122.76802810840308666229248046875">
        <ele>-3</ele>
        <time>2026-09-21T23:52:38.000Z</time>
        <extensions>
          <ns3:TrackPointExtension>
            <ns3:hr>113</ns3:hr>
          </ns3:TrackPointExtension>
        </extensions>
      </trkpt>
      <trkpt lat="48.1077570654451847076416015625" lon="-122.76802307926118373870849609375">
        <ele>-3</ele>
        <time>2026-09-21T23:52:39.000Z</time>
        <extensions>
          <ns3:TrackPointExtension>
            <ns3:hr>115</ns3:hr>
          </ns3:TrackPointExtension>
        </extensions>
      </trkpt>
      <trkpt lat="48.10774658806622028350830078125" lon="-122.7680151164531707763671875">
        <ele>-3</ele>
        <time>2026-09-21T23:52:41.000Z</time>
        <extensions>
          <ns3:TrackPointExtension>
            <ns3:hr>118</ns3:hr>
          </ns3:TrackPointExtension>
        </extensions>
      </trkpt>
      <trkpt lat="48.1077071093022823333740234375" lon="-122.76799835264682769775390625">
        <ele>-3.2000000476837158203125</ele>
        <time>2026-09-21T23:52:47.000Z</time>
        <extensions>
          <ns3:TrackPointExtension>
            <ns3:hr>115</ns3:hr>
          </ns3:TrackPointExtension>
        </extensions>
      </trkpt>
      <trkpt lat="48.10770249925553798675537109375" lon="-122.767996676266193389892578125">
        <ele>-3.2000000476837158203125</ele>
        <time>2026-09-21T23:52:48.000Z</time>
        <extensions>
          <ns3:TrackPointExtension>
            <ns3:hr>111</ns3:hr>
          </ns3:TrackPointExtension>
        </extensions>
      </trkpt>
      <trkpt lat="48.10768975876271724700927734375" lon="-122.76799156330525875091552734375">
        <ele>-3.2000000476837158203125</ele>
        <time>2026-09-21T23:52:50.000Z</time>
        <extensions>
          <ns3:TrackPointExtension>
            <ns3:hr>108</ns3:hr>
          </ns3:TrackPointExtension>
        </extensions>
      </trkpt>
      <trkpt lat="48.1076732464134693145751953125" lon="-122.767987288534641265869140625">
        <ele>-3.2000000476837158203125</ele>
        <time>2026-09-21T23:52:52.000Z</time>
        <extensions>
          <ns3:TrackPointExtension>
            <ns3:hr>108</ns3:hr>
          </ns3:TrackPointExtension>
        </extensions>
      </trkpt>
      <trkpt lat="48.1076125614345073699951171875" lon="-122.76797982864081859588623046875">
        <ele>-3.400000095367431640625</ele>
        <time>2026-09-21T23:53:02.000Z</time>
        <extensions>
          <ns3:TrackPointExtension>
            <ns3:hr>109</ns3:hr>
          </ns3:TrackPointExtension>
        </extensions>
      </trkpt>
      <trkpt lat="48.10755799524486064910888671875" lon="-122.76797563768923282623291015625">
        <ele>-3.599999904632568359375</ele>
        <time>2026-09-21T23:53:13.000Z</time>
        <extensions>
          <ns3:TrackPointExtension>
            <ns3:hr>107</ns3:hr>
          </ns3:TrackPointExtension>
        </extensions>
      </trkpt>
      <trkpt lat="48.1075505353510379791259765625" lon="-122.76797580532729625701904296875">
        <ele>-3.599999904632568359375</ele>
        <time>2026-09-21T23:53:15.000Z</time>
        <extensions>
          <ns3:TrackPointExtension>
            <ns3:hr>104</ns3:hr>
          </ns3:TrackPointExtension>
        </extensions>
      </trkpt>
      <trkpt lat="48.10749948956072330474853515625" lon="-122.76797899045050144195556640625">
        <ele>-3.599999904632568359375</ele>
        <time>2026-09-21T23:53:25.000Z</time>
        <extensions>
          <ns3:TrackPointExtension>
            <ns3:hr>106</ns3:hr>
          </ns3:TrackPointExtension>
        </extensions>
      </trkpt>
      <trkpt lat="48.10743494890630245208740234375" lon="-122.7679760567843914031982421875">
        <ele>-3.599999904632568359375</ele>
        <time>2026-09-21T23:53:39.000Z</time>
        <extensions>
          <ns3:TrackPointExtension>
            <ns3:hr>106</ns3:hr>
          </ns3:TrackPointExtension>
        </extensions>
      </trkpt>
      <trkpt lat="48.10741902329027652740478515625" lon="-122.76797211728990077972412109375">
        <ele>-3.7999999523162841796875</ele>
        <time>2026-09-21T23:53:43.000Z</time>
        <extensions>
          <ns3:TrackPointExtension>
            <ns3:hr>109</ns3:hr>
          </ns3:TrackPointExtension>
        </extensions>
      </trkpt>
      <trkpt lat="48.10740158893167972564697265625" lon="-122.7679750509560108184814453125">
        <ele>-3.7999999523162841796875</ele>
        <time>2026-09-21T23:53:47.000Z</time>
        <extensions>
          <ns3:TrackPointExtension>
            <ns3:hr>106</ns3:hr>
          </ns3:TrackPointExtension>
        </extensions>
      </trkpt>
      <trkpt lat="48.10739387758076190948486328125" lon="-122.76796272955834865570068359375">
        <ele>-3.7999999523162841796875</ele>
        <time>2026-09-21T23:53:50.000Z</time>
        <extensions>
          <ns3:TrackPointExtension>
            <ns3:hr>104</ns3:hr>
          </ns3:TrackPointExtension>
        </extensions>
      </trkpt>
      <trkpt lat="48.10738616622984409332275390625" lon="-122.7679418586194515228271484375">
        <ele>-3.7999999523162841796875</ele>
        <time>2026-09-21T23:53:54.000Z</time>
        <extensions>
          <ns3:TrackPointExtension>
            <ns3:hr>107</ns3:hr>
          </ns3:TrackPointExtension>
        </extensions>
      </trkpt>
      <trkpt lat="48.10739421285688877105712890625" lon="-122.7679123543202877044677734375">
        <ele>-4</ele>
        <time>2026-09-21T23:54:00.000Z</time>
        <extensions>
          <ns3:TrackPointExtension>
            <ns3:hr>107</ns3:hr>
          </ns3:TrackPointExtension>
        </extensions>
      </trkpt>
      <trkpt lat="48.1074063666164875030517578125" lon="-122.7679090015590190887451171875">
        <ele>-4</ele>
        <time>2026-09-21T23:54:03.000Z</time>
        <extensions>
          <ns3:TrackPointExtension>
            <ns3:hr>110</ns3:hr>
          </ns3:TrackPointExtension>
        </extensions>
      </trkpt>
      <trkpt lat="48.10742338187992572784423828125" lon="-122.76791763491928577423095703125">
        <ele>-3</ele>
        <time>2026-09-21T23:54:09.000Z</time>
        <extensions>
          <ns3:TrackPointExtension>
            <ns3:hr>111</ns3:hr>
          </ns3:TrackPointExtension>
        </extensions>
      </trkpt>
      <trkpt lat="48.107425309717655181884765625" lon="-122.767918221652507781982421875">
        <ele>-3</ele>
        <time>2026-09-21T23:54:10.000Z</time>
        <extensions>
          <ns3:TrackPointExtension>
            <ns3:hr>120</ns3:hr>
          </ns3:TrackPointExtension>
        </extensions>
      </trkpt>
      <trkpt lat="48.107429333031177520751953125" lon="-122.76791813783347606658935546875">
        <ele>-3.400000095367431640625</ele>
        <time>2026-09-21T23:54:11.000Z</time>
        <extensions>
          <ns3:TrackPointExtension>
            <ns3:hr>128</ns3:hr>
          </ns3:TrackPointExtension>
        </extensions>
      </trkpt>
      <trkpt lat="48.1074596755206584930419921875" lon="-122.76791528798639774322509765625">
        <ele>-3.7999999523162841796875</ele>
        <time>2026-09-21T23:54:18.000Z</time>
        <extensions>
          <ns3:TrackPointExtension>
            <ns3:hr>124</ns3:hr>
          </ns3:TrackPointExtension>
        </extensions>
      </trkpt>
      <trkpt lat="48.10750166885554790496826171875" lon="-122.7678935788571834564208984375">
        <ele>-3.599999904632568359375</ele>
        <time>2026-09-21T23:54:25.000Z</time>
        <extensions>
          <ns3:TrackPointExtension>
            <ns3:hr>122</ns3:hr>
          </ns3:TrackPointExtension>
        </extensions>
      </trkpt>
      <trkpt lat="48.1075937859714031219482421875" lon="-122.76787103153765201568603515625">
        <ele>-3.599999904632568359375</ele>
        <time>2026-09-21T23:54:37.000Z</time>
        <extensions>
          <ns3:TrackPointExtension>
            <ns3:hr>120</ns3:hr>
          </ns3:TrackPointExtension>
        </extensions>
      </trkpt>
      <trkpt lat="48.10768305324018001556396484375" lon="-122.76784689165651798248291015625">
        <ele>-3.599999904632568359375</ele>
        <time>2026-09-21T23:54:48.000Z</time>
        <extensions>
          <ns3:TrackPointExtension>
            <ns3:hr>117</ns3:hr>
          </ns3:TrackPointExtension>
        </extensions>
      </trkpt>
      <trkpt lat="48.107690848410129547119140625" lon="-122.76784353889524936676025390625">
        <ele>-3.599999904632568359375</ele>
        <time>2026-09-21T23:54:49.000Z</time>
        <extensions>
          <ns3:TrackPointExtension>
            <ns3:hr>117</ns3:hr>
          </ns3:TrackPointExtension>
        </extensions>
      </trkpt>
      <trkpt lat="48.10773150064051151275634765625" lon="-122.76782660745084285736083984375">
        <ele>-3.599999904632568359375</ele>
        <time>2026-09-21T23:54:54.000Z</time>
        <extensions>
          <ns3:TrackPointExtension>
            <ns3:hr>114</ns3:hr>
          </ns3:TrackPointExtension>
        </extensions>
      </trkpt>
      <trkpt lat="48.1077778525650501251220703125" lon="-122.767804563045501708984375">
        <ele>-3.599999904632568359375</ele>
        <time>2026-09-21T23:54:59.000Z</time>
        <extensions>
          <ns3:TrackPointExtension>
            <ns3:hr>111</ns3:hr>
          </ns3:TrackPointExtension>
        </extensions>
      </trkpt>
      <trkpt lat="48.1077966280281543731689453125" lon="-122.76779542677104473114013671875">
        <ele>-3.599999904632568359375</ele>
        <time>2026-09-21T23:55:01.000Z</time>
        <extensions>
          <ns3:TrackPointExtension>
            <ns3:hr>111</ns3:hr>
          </ns3:TrackPointExtension>
        </extensions>
      </trkpt>
      <trkpt lat="48.10790668241679668426513671875" lon="-122.7677547745406627655029296875">
        <ele>-3.599999904632568359375</ele>
        <time>2026-09-21T23:55:14.000Z</time>
        <extensions>
          <ns3:TrackPointExtension>
            <ns3:hr>110</ns3:hr>
          </ns3:TrackPointExtension>
        </extensions>
      </trkpt>
      <trkpt lat="48.1079439818859100341796875" lon="-122.76773122139275074005126953125">
        <ele>-3.599999904632568359375</ele>
        <time>2026-09-21T23:55:19.000Z</time>
        <extensions>
          <ns3:TrackPointExtension>
            <ns3:hr>113</ns3:hr>
          </ns3:TrackPointExtension>
        </extensions>
      </trkpt>
      <trkpt lat="48.1079518608748912811279296875" lon="-122.7677292935550212860107421875">
        <ele>-3.599999904632568359375</ele>
        <time>2026-09-21T23:55:20.000Z</time>
        <extensions>
          <ns3:TrackPointExtension>
            <ns3:hr>113</ns3:hr>
          </ns3:TrackPointExtension>
        </extensions>
      </trkpt>
      <trkpt lat="48.1079941056668758392333984375" lon="-122.76772183366119861602783203125">
        <ele>-3.7999999523162841796875</ele>
        <time>2026-09-21T23:55:25.000Z</time>
        <extensions>
          <ns3:TrackPointExtension>
            <ns3:hr>114</ns3:hr>
          </ns3:TrackPointExtension>
        </extensions>
      </trkpt>
      <trkpt lat="48.1080185808241367340087890625" lon="-122.767683528363704681396484375">
        <ele>-4.19999980926513671875</ele>
        <time>2026-09-21T23:55:31.000Z</time>
        <extensions>
          <ns3:TrackPointExtension>
            <ns3:hr>112</ns3:hr>
          </ns3:TrackPointExtension>
        </extensions>
      </trkpt>
      <trkpt lat="48.10798781923949718475341796875" lon="-122.7676394395530223846435546875">
        <ele>-4</ele>
        <time>2026-09-21T23:55:38.000Z</time>
        <extensions>
          <ns3:TrackPointExtension>
            <ns3:hr>114</ns3:hr>
          </ns3:TrackPointExtension>
        </extensions>
      </trkpt>
      <trkpt lat="48.10794775374233722686767578125" lon="-122.76759828440845012664794921875">
        <ele>-4</ele>
        <time>2026-09-21T23:55:46.000Z</time>
        <extensions>
          <ns3:TrackPointExtension>
            <ns3:hr>111</ns3:hr>
          </ns3:TrackPointExtension>
        </extensions>
      </trkpt>
      <trkpt lat="48.10790576040744781494140625" lon="-122.7675519324839115142822265625">
        <ele>-4.19999980926513671875</ele>
        <time>2026-09-21T23:55:55.000Z</time>
        <extensions>
          <ns3:TrackPointExtension>
            <ns3:hr>111</ns3:hr>
          </ns3:TrackPointExtension>
        </extensions>
      </trkpt>
      <trkpt lat="48.10788790695369243621826171875" lon="-122.7675220929086208343505859375">
        <ele>-4</ele>
        <time>2026-09-21T23:56:00.000Z</time>
        <extensions>
          <ns3:TrackPointExtension>
            <ns3:hr>107</ns3:hr>
          </ns3:TrackPointExtension>
        </extensions>
      </trkpt>
      <trkpt lat="48.10787080787122249603271484375" lon="-122.76750491000711917877197265625">
        <ele>-4.19999980926513671875</ele>
        <time>2026-09-21T23:56:04.000Z</time>
        <extensions>
          <ns3:TrackPointExtension>
            <ns3:hr>108</ns3:hr>
          </ns3:TrackPointExtension>
        </extensions>
      </trkpt>
      <trkpt lat="48.1078643538057804107666015625" lon="-122.7675009705126285552978515625">
        <ele>-4.19999980926513671875</ele>
        <time>2026-09-21T23:56:05.000Z</time>
        <extensions>
          <ns3:TrackPointExtension>
            <ns3:hr>113</ns3:hr>
          </ns3:TrackPointExtension>
        </extensions>
      </trkpt>
      <trkpt lat="48.1078599952161312103271484375" lon="-122.7674929238855838775634765625">
        <ele>-4.19999980926513671875</ele>
        <time>2026-09-21T23:56:06.000Z</time>
        <extensions>
          <ns3:TrackPointExtension>
            <ns3:hr>118</ns3:hr>
          </ns3:TrackPointExtension>
        </extensions>
      </trkpt>
      <trkpt lat="48.1078541278839111328125" lon="-122.76748831383883953094482421875">
        <ele>-4.19999980926513671875</ele>
        <time>2026-09-21T23:56:07.000Z</time>
        <extensions>
          <ns3:TrackPointExtension>
            <ns3:hr>121</ns3:hr>
          </ns3:TrackPointExtension>
        </extensions>
      </trkpt>
      <trkpt lat="48.10784817673265933990478515625" lon="-122.76748596690595149993896484375">
        <ele>-4.19999980926513671875</ele>
        <time>2026-09-21T23:56:08.000Z</time>
        <extensions>
          <ns3:TrackPointExtension>
            <ns3:hr>121</ns3:hr>
          </ns3:TrackPointExtension>
        </extensions>
      </trkpt>
      <trkpt lat="48.10781716369092464447021484375" lon="-122.7674587257206439971923828125">
        <ele>-4</ele>
        <time>2026-09-21T23:56:13.000Z</time>
        <extensions>
          <ns3:TrackPointExtension>
            <ns3:hr>122</ns3:hr>
          </ns3:TrackPointExtension>
        </extensions>
      </trkpt>
      <trkpt lat="48.10774608515202999114990234375" lon="-122.76739628054201602935791015625">
        <ele>-4</ele>
        <time>2026-09-21T23:56:24.000Z</time>
        <extensions>
          <ns3:TrackPointExtension>
            <ns3:hr>122</ns3:hr>
          </ns3:TrackPointExtension>
        </extensions>
      </trkpt>
      <trkpt lat="48.1077101267874240875244140625" lon="-122.767359316349029541015625">
        <ele>-4</ele>
        <time>2026-09-21T23:56:30.000Z</time>
        <extensions>
          <ns3:TrackPointExtension>
            <ns3:hr>119</ns3:hr>
          </ns3:TrackPointExtension>
        </extensions>
      </trkpt>
      <trkpt lat="48.1076963804662227630615234375" lon="-122.7673480845987796783447265625">
        <ele>-4</ele>
        <time>2026-09-21T23:56:32.000Z</time>
        <extensions>
          <ns3:TrackPointExtension>
            <ns3:hr>116</ns3:hr>
          </ns3:TrackPointExtension>
        </extensions>
      </trkpt>
      <trkpt lat="48.10769026167690753936767578125" lon="-122.76734146289527416229248046875">
        <ele>-4</ele>
        <time>2026-09-21T23:56:33.000Z</time>
        <extensions>
          <ns3:TrackPointExtension>
            <ns3:hr>115</ns3:hr>
          </ns3:TrackPointExtension>
        </extensions>
      </trkpt>
      <trkpt lat="48.10767450369894504547119140625" lon="-122.76731648482382297515869140625">
        <ele>-4</ele>
        <time>2026-09-21T23:56:36.000Z</time>
        <extensions>
          <ns3:TrackPointExtension>
            <ns3:hr>110</ns3:hr>
          </ns3:TrackPointExtension>
        </extensions>
      </trkpt>
      <trkpt lat="48.1076688878238201141357421875" lon="-122.7673085220158100128173828125">
        <ele>-4</ele>
        <time>2026-09-21T23:56:37.000Z</time>
        <extensions>
          <ns3:TrackPointExtension>
            <ns3:hr>106</ns3:hr>
          </ns3:TrackPointExtension>
        </extensions>
      </trkpt>
      <trkpt lat="48.1076611764729022979736328125" lon="-122.767299301922321319580078125">
        <ele>-4</ele>
        <time>2026-09-21T23:56:38.000Z</time>
        <extensions>
          <ns3:TrackPointExtension>
            <ns3:hr>106</ns3:hr>
          </ns3:TrackPointExtension>
        </extensions>
      </trkpt>
      <trkpt lat="48.10765220783650875091552734375" lon="-122.76728513650596141815185546875">
        <ele>-4.19999980926513671875</ele>
        <time>2026-09-21T23:56:39.000Z</time>
        <extensions>
          <ns3:TrackPointExtension>
            <ns3:hr>106</ns3:hr>
          </ns3:TrackPointExtension>
        </extensions>
      </trkpt>
      <trkpt lat="48.107602335512638092041015625" lon="-122.7672240324318408966064453125">
        <ele>-4.19999980926513671875</ele>
        <time>2026-09-21T23:56:46.000Z</time>
        <extensions>
          <ns3:TrackPointExtension>
            <ns3:hr>106</ns3:hr>
          </ns3:TrackPointExtension>
        </extensions>
      </trkpt>
      <trkpt lat="48.107585906982421875" lon="-122.76720668189227581024169921875">
        <ele>-4.19999980926513671875</ele>
        <time>2026-09-21T23:56:48.000Z</time>
        <extensions>
          <ns3:TrackPointExtension>
            <ns3:hr>103</ns3:hr>
          </ns3:TrackPointExtension>
        </extensions>
      </trkpt>
      <trkpt lat="48.1075522117316722869873046875" lon="-122.76715253479778766632080078125">
        <ele>-4.19999980926513671875</ele>
        <time>2026-09-21T23:56:53.000Z</time>
        <extensions>
          <ns3:TrackPointExtension>
            <ns3:hr>106</ns3:hr>
          </ns3:TrackPointExtension>
        </extensions>
      </trkpt>
      <trkpt lat="48.107500411570072174072265625" lon="-122.7670832164585590362548828125">
        <ele>-4.19999980926513671875</ele>
        <time>2026-09-21T23:56:59.000Z</time>
        <extensions>
          <ns3:TrackPointExtension>
            <ns3:hr>105</ns3:hr>
          </ns3:TrackPointExtension>
        </extensions>
      </trkpt>
      <trkpt lat="48.10740016400814056396484375" lon="-122.7669212780892848968505859375">
        <ele>-4</ele>
        <time>2026-09-21T23:57:12.000Z</time>
        <extensions>
          <ns3:TrackPointExtension>
            <ns3:hr>106</ns3:hr>
          </ns3:TrackPointExtension>
        </extensions>
      </trkpt>
      <trkpt lat="48.10736118815839290618896484375" lon="-122.7668532170355319976806640625">
        <ele>-4</ele>
        <time>2026-09-21T23:57:17.000Z</time>
        <extensions>
          <ns3:TrackPointExtension>
            <ns3:hr>109</ns3:hr>
          </ns3:TrackPointExtension>
        </extensions>
      </trkpt>
      <trkpt lat="48.1073124893009662628173828125" lon="-122.7667878381907939910888671875">
        <ele>-4.19999980926513671875</ele>
        <time>2026-09-21T23:57:23.000Z</time>
        <extensions>
          <ns3:TrackPointExtension>
            <ns3:hr>106</ns3:hr>
          </ns3:TrackPointExtension>
        </extensions>
      </trkpt>
      <trkpt lat="48.107293881475925445556640625" lon="-122.76677350513637065887451171875">
        <ele>-4</ele>
        <time>2026-09-21T23:57:25.000Z</time>
        <extensions>
          <ns3:TrackPointExtension>
            <ns3:hr>104</ns3:hr>
          </ns3:TrackPointExtension>
        </extensions>
      </trkpt>
      <trkpt lat="48.10721199028193950653076171875" lon="-122.7666782028973102569580078125">
        <ele>-4</ele>
        <time>2026-09-21T23:57:34.000Z</time>
        <extensions>
          <ns3:TrackPointExtension>
            <ns3:hr>101</ns3:hr>
          </ns3:TrackPointExtension>
        </extensions>
      </trkpt>
      <trkpt lat="48.10710855759680271148681640625" lon="-122.76653026230633258819580078125">
        <ele>-4</ele>
        <time>2026-09-21T23:57:45.000Z</time>
        <extensions>
          <ns3:TrackPointExtension>
            <ns3:hr>101</ns3:hr>
          </ns3:TrackPointExtension>
        </extensions>
      </trkpt>
      <trkpt lat="48.10703127644956111907958984375" lon="-122.766425572335720062255859375">
        <ele>-4</ele>
        <time>2026-09-21T23:57:52.000Z</time>
        <extensions>
          <ns3:TrackPointExtension>
            <ns3:hr>98</ns3:hr>
          </ns3:TrackPointExtension>
        </extensions>
      </trkpt>
      <trkpt lat="48.10695089399814605712890625" lon="-122.76630545966327190399169921875">
        <ele>-3.7999999523162841796875</ele>
        <time>2026-09-21T23:57:59.000Z</time>
        <extensions>
          <ns3:TrackPointExtension>
            <ns3:hr>100</ns3:hr>
          </ns3:TrackPointExtension>
        </extensions>
      </trkpt>
      <trkpt lat="48.1068213097751140594482421875" lon="-122.7661233209073543548583984375">
        <ele>-3.7999999523162841796875</ele>
        <time>2026-09-21T23:58:10.000Z</time>
        <extensions>
          <ns3:TrackPointExtension>
            <ns3:hr>100</ns3:hr>
          </ns3:TrackPointExtension>
        </extensions>
      </trkpt>
      <trkpt lat="48.10668644495308399200439453125" lon="-122.7659553475677967071533203125">
        <ele>-4</ele>
        <time>2026-09-21T23:58:22.000Z</time>
        <extensions>
          <ns3:TrackPointExtension>
            <ns3:hr>98</ns3:hr>
          </ns3:TrackPointExtension>
        </extensions>
      </trkpt>
      <trkpt lat="48.10661301948130130767822265625" lon="-122.76579885743558406829833984375">
        <ele>-3.7999999523162841796875</ele>
        <time>2026-09-21T23:58:31.000Z</time>
        <extensions>
          <ns3:TrackPointExtension>
            <ns3:hr>98</ns3:hr>
          </ns3:TrackPointExtension>
        </extensions>
      </trkpt>
      <trkpt lat="48.10657228343188762664794921875" lon="-122.765726186335086822509765625">
        <ele>-3.599999904632568359375</ele>
        <time>2026-09-21T23:58:36.000Z</time>
        <extensions>
          <ns3:TrackPointExtension>
            <ns3:hr>101</ns3:hr>
          </ns3:TrackPointExtension>
        </extensions>
      </trkpt>
      <trkpt lat="48.10655392706394195556640625" lon="-122.76568218134343624114990234375">
        <ele>-3.599999904632568359375</ele>
        <time>2026-09-21T23:58:39.000Z</time>
        <extensions>
          <ns3:TrackPointExtension>
            <ns3:hr>103</ns3:hr>
          </ns3:TrackPointExtension>
        </extensions>
      </trkpt>
      <trkpt lat="48.10648142360150814056396484375" lon="-122.76554103009402751922607421875">
        <ele>-3.7999999523162841796875</ele>
        <time>2026-09-21T23:58:50.000Z</time>
        <extensions>
          <ns3:TrackPointExtension>
            <ns3:hr>100</ns3:hr>
          </ns3:TrackPointExtension>
        </extensions>
      </trkpt>
      <trkpt lat="48.10647471807897090911865234375" lon="-122.7655248530209064483642578125">
        <ele>-3.7999999523162841796875</ele>
        <time>2026-09-21T23:58:51.000Z</time>
        <extensions>
          <ns3:TrackPointExtension>
            <ns3:hr>100</ns3:hr>
          </ns3:TrackPointExtension>
        </extensions>
      </trkpt>
      <trkpt lat="48.10645409859716892242431640625" lon="-122.7654455602169036865234375">
        <ele>-3.599999904632568359375</ele>
        <time>2026-09-21T23:58:56.000Z</time>
        <extensions>
          <ns3:TrackPointExtension>
            <ns3:hr>97</ns3:hr>
          </ns3:TrackPointExtension>
        </extensions>
      </trkpt>
      <trkpt lat="48.10644923709332942962646484375" lon="-122.7654185704886913299560546875">
        <ele>-3.599999904632568359375</ele>
        <time>2026-09-21T23:58:58.000Z</time>
        <extensions>
          <ns3:TrackPointExtension>
            <ns3:hr>93</ns3:hr>
          </ns3:TrackPointExtension>
        </extensions>
      </trkpt>
      <trkpt lat="48.10643767006695270538330078125" lon="-122.7653635852038860321044921875">
        <ele>-3.599999904632568359375</ele>
        <time>2026-09-21T23:59:02.000Z</time>
        <extensions>
          <ns3:TrackPointExtension>
            <ns3:hr>95</ns3:hr>
          </ns3:TrackPointExtension>
        </extensions>
      </trkpt>
      <trkpt lat="48.10640296898782253265380859375" lon="-122.76523475535213947296142578125">
        <ele>-3.599999904632568359375</ele>
        <time>2026-09-21T23:59:11.000Z</time>
        <extensions>
          <ns3:TrackPointExtension>
            <ns3:hr>93</ns3:hr>
          </ns3:TrackPointExtension>
        </extensions>
      </trkpt>
      <trkpt lat="48.10636625625193119049072265625" lon="-122.76507985778152942657470703125">
        <ele>-3.599999904632568359375</ele>
        <time>2026-09-21T23:59:21.000Z</time>
        <extensions>
          <ns3:TrackPointExtension>
            <ns3:hr>92</ns3:hr>
          </ns3:TrackPointExtension>
        </extensions>
      </trkpt>
      <trkpt lat="48.106327615678310394287109375" lon="-122.764981873333454132080078125">
        <ele>-3.7999999523162841796875</ele>
        <time>2026-09-21T23:59:30.000Z</time>
        <extensions>
          <ns3:TrackPointExtension>
            <ns3:hr>92</ns3:hr>
          </ns3:TrackPointExtension>
        </extensions>
      </trkpt>
      <trkpt lat="48.106284700334072113037109375" lon="-122.76488321833312511444091796875">
        <ele>-3.7999999523162841796875</ele>
        <time>2026-09-21T23:59:40.000Z</time>
        <extensions>
          <ns3:TrackPointExtension>
            <ns3:hr>91</ns3:hr>
          </ns3:TrackPointExtension>
        </extensions>
      </trkpt>
      <trkpt lat="48.1062493287026882171630859375" lon="-122.76478665880858898162841796875">
        <ele>-3.7999999523162841796875</ele>
        <time>2026-09-21T23:59:51.000Z</time>
        <extensions>
          <ns3:TrackPointExtension>
            <ns3:hr>92</ns3:hr>
          </ns3:TrackPointExtension>
        </extensions>
      </trkpt>
      <trkpt lat="48.106204904615879058837890625" lon="-122.76470971293747425079345703125">
        <ele>-3.599999904632568359375</ele>
        <time>2026-09-22T00:00:02.000Z</time>
        <extensions>
          <ns3:TrackPointExtension>
            <ns3:hr>95</ns3:hr>
          </ns3:TrackPointExtension>
        </extensions>
      </trkpt>
      <trkpt lat="48.106199540197849273681640625" lon="-122.7646933682262897491455078125">
        <ele>-3.7999999523162841796875</ele>
        <time>2026-09-22T00:00:04.000Z</time>
        <extensions>
          <ns3:TrackPointExtension>
            <ns3:hr>98</ns3:hr>
          </ns3:TrackPointExtension>
        </extensions>
      </trkpt>
      <trkpt lat="48.10618420131504535675048828125" lon="-122.76463142596185207366943359375">
        <ele>-3.7999999523162841796875</ele>
        <time>2026-09-22T00:00:12.000Z</time>
        <extensions>
          <ns3:TrackPointExtension>
            <ns3:hr>95</ns3:hr>
          </ns3:TrackPointExtension>
        </extensions>
      </trkpt>
      <trkpt lat="48.10618051327764987945556640625" lon="-122.76462170295417308807373046875">
        <ele>-3.7999999523162841796875</ele>
        <time>2026-09-22T00:00:13.000Z</time>
        <extensions>
          <ns3:TrackPointExtension>
            <ns3:hr>93</ns3:hr>
          </ns3:TrackPointExtension>
        </extensions>
      </trkpt>
      <trkpt lat="48.10617799870669841766357421875" lon="-122.764612734317779541015625">
        <ele>-3.7999999523162841796875</ele>
        <time>2026-09-22T00:00:14.000Z</time>
        <extensions>
          <ns3:TrackPointExtension>
            <ns3:hr>90</ns3:hr>
          </ns3:TrackPointExtension>
        </extensions>
      </trkpt>
      <trkpt lat="48.10617598704993724822998046875" lon="-122.76460267603397369384765625">
        <ele>-3.7999999523162841796875</ele>
        <time>2026-09-22T00:00:15.000Z</time>
        <extensions>
          <ns3:TrackPointExtension>
            <ns3:hr>87</ns3:hr>
          </ns3:TrackPointExtension>
        </extensions>
      </trkpt>
      <trkpt lat="48.1061725504696369171142578125" lon="-122.76459655724465847015380859375">
        <ele>-3.7999999523162841796875</ele>
        <time>2026-09-22T00:00:16.000Z</time>
        <extensions>
          <ns3:TrackPointExtension>
            <ns3:hr>90</ns3:hr>
          </ns3:TrackPointExtension>
        </extensions>
      </trkpt>
      <trkpt lat="48.1061705388128757476806640625" lon="-122.76458851061761379241943359375">
        <ele>-3.7999999523162841796875</ele>
        <time>2026-09-22T00:00:17.000Z</time>
        <extensions>
          <ns3:TrackPointExtension>
            <ns3:hr>93</ns3:hr>
          </ns3:TrackPointExtension>
        </extensions>
      </trkpt>
      <trkpt lat="48.10616743750870227813720703125" lon="-122.764575183391571044921875">
        <ele>-3.7999999523162841796875</ele>
        <time>2026-09-22T00:00:19.000Z</time>
        <extensions>
          <ns3:TrackPointExtension>
            <ns3:hr>96</ns3:hr>
          </ns3:TrackPointExtension>
        </extensions>
      </trkpt>
      <trkpt lat="48.10616542585194110870361328125" lon="-122.7645686455070972442626953125">
        <ele>-3.7999999523162841796875</ele>
        <time>2026-09-22T00:00:20.000Z</time>
        <extensions>
          <ns3:TrackPointExtension>
            <ns3:hr>92</ns3:hr>
          </ns3:TrackPointExtension>
        </extensions>
      </trkpt>
      <trkpt lat="48.10616291128098964691162109375" lon="-122.76456353254616260528564453125">
        <ele>-3.7999999523162841796875</ele>
        <time>2026-09-22T00:00:21.000Z</time>
        <extensions>
          <ns3:TrackPointExtension>
            <ns3:hr>87</ns3:hr>
          </ns3:TrackPointExtension>
        </extensions>
      </trkpt>
      <trkpt lat="48.1061611510813236236572265625" lon="-122.7645565755665302276611328125">
        <ele>-3.7999999523162841796875</ele>
        <time>2026-09-22T00:00:22.000Z</time>
        <extensions>
          <ns3:TrackPointExtension>
            <ns3:hr>84</ns3:hr>
          </ns3:TrackPointExtension>
        </extensions>
      </trkpt>
      <trkpt lat="48.10615151189267635345458984375" lon="-122.7645094692707061767578125">
        <ele>-3.7999999523162841796875</ele>
        <time>2026-09-22T00:00:28.000Z</time>
        <extensions>
          <ns3:TrackPointExtension>
            <ns3:hr>82</ns3:hr>
          </ns3:TrackPointExtension>
        </extensions>
      </trkpt>
      <trkpt lat="48.106129467487335205078125" lon="-122.764443419873714447021484375">
        <ele>-3.599999904632568359375</ele>
        <time>2026-09-22T00:00:38.000Z</time>
        <extensions>
          <ns3:TrackPointExtension>
            <ns3:hr>83</ns3:hr>
          </ns3:TrackPointExtension>
        </extensions>
      </trkpt>
      <trkpt lat="48.1061128713190555572509765625" lon="-122.7644248120486736297607421875">
        <ele>-4.80000019073486328125</ele>
        <time>2026-09-22T00:00:41.000Z</time>
        <extensions>
          <ns3:TrackPointExtension>
            <ns3:hr>83</ns3:hr>
          </ns3:TrackPointExtension>
        </extensions>
      </trkpt>
      <trkpt lat="48.1061014719307422637939453125" lon="-122.76440209709107875823974609375">
        <ele>-4.400000095367431640625</ele>
        <time>2026-09-22T00:00:45.000Z</time>
        <extensions>
          <ns3:TrackPointExtension>
            <ns3:hr>83</ns3:hr>
          </ns3:TrackPointExtension>
        </extensions>
      </trkpt>
      <trkpt lat="48.10609837062656879425048828125" lon="-122.76438969187438488006591796875">
        <ele>-3.7999999523162841796875</ele>
        <time>2026-09-22T00:00:48.000Z</time>
        <extensions>
          <ns3:TrackPointExtension>
            <ns3:hr>84</ns3:hr>
          </ns3:TrackPointExtension>
        </extensions>
      </trkpt>
      <trkpt lat="48.106090240180492401123046875" lon="-122.76436354033648967742919921875">
        <ele>-3.7999999523162841796875</ele>
        <time>2026-09-22T00:00:53.000Z</time>
        <extensions>
          <ns3:TrackPointExtension>
            <ns3:hr>84</ns3:hr>
          </ns3:TrackPointExtension>
        </extensions>
      </trkpt>
      <trkpt lat="48.1060873903334140777587890625" lon="-122.76435733772814273834228515625">
        <ele>-3.7999999523162841796875</ele>
        <time>2026-09-22T00:00:54.000Z</time>
        <extensions>
          <ns3:TrackPointExtension>
            <ns3:hr>90</ns3:hr>
          </ns3:TrackPointExtension>
        </extensions>
      </trkpt>
      <trkpt lat="48.1060857139527797698974609375" lon="-122.7643470279872417449951171875">
        <ele>-3.7999999523162841796875</ele>
        <time>2026-09-22T00:00:56.000Z</time>
        <extensions>
          <ns3:TrackPointExtension>
            <ns3:hr>87</ns3:hr>
          </ns3:TrackPointExtension>
        </extensions>
      </trkpt>
      <trkpt lat="48.1060847081243991851806640625" lon="-122.7643376402556896209716796875">
        <ele>-3.7999999523162841796875</ele>
        <time>2026-09-22T00:00:57.000Z</time>
        <extensions>
          <ns3:TrackPointExtension>
            <ns3:hr>81</ns3:hr>
          </ns3:TrackPointExtension>
        </extensions>
      </trkpt>
      <trkpt lat="48.10607406310737133026123046875" lon="-122.7643057890236377716064453125">
        <ele>-3.7999999523162841796875</ele>
        <time>2026-09-22T00:01:03.000Z</time>
        <extensions>
          <ns3:TrackPointExtension>
            <ns3:hr>81</ns3:hr>
          </ns3:TrackPointExtension>
        </extensions>
      </trkpt>
      <trkpt lat="48.1060672737658023834228515625" lon="-122.764296233654022216796875">
        <ele>-3.7999999523162841796875</ele>
        <time>2026-09-22T00:01:05.000Z</time>
        <extensions>
          <ns3:TrackPointExtension>
            <ns3:hr>85</ns3:hr>
          </ns3:TrackPointExtension>
        </extensions>
      </trkpt>
      <trkpt lat="48.1060605682432651519775390625" lon="-122.76428491808474063873291015625">
        <ele>-3.7999999523162841796875</ele>
        <time>2026-09-22T00:01:07.000Z</time>
        <extensions>
          <ns3:TrackPointExtension>
            <ns3:hr>91</ns3:hr>
          </ns3:TrackPointExtension>
        </extensions>
      </trkpt>
      <trkpt lat="48.106057383120059967041015625" lon="-122.76427812874317169189453125">
        <ele>-3.7999999523162841796875</ele>
        <time>2026-09-22T00:01:08.000Z</time>
        <extensions>
          <ns3:TrackPointExtension>
            <ns3:hr>91</ns3:hr>
          </ns3:TrackPointExtension>
        </extensions>
      </trkpt>
      <trkpt lat="48.1060449779033660888671875" lon="-122.76425407268106937408447265625">
        <ele>-3.7999999523162841796875</ele>
        <time>2026-09-22T00:01:12.000Z</time>
        <extensions>
          <ns3:TrackPointExtension>
            <ns3:hr>95</ns3:hr>
          </ns3:TrackPointExtension>
        </extensions>
      </trkpt>
      <trkpt lat="48.1060374341905117034912109375" lon="-122.76423797942698001861572265625">
        <ele>-3.7999999523162841796875</ele>
        <time>2026-09-22T00:01:14.000Z</time>
        <extensions>
          <ns3:TrackPointExtension>
            <ns3:hr>94</ns3:hr>
          </ns3:TrackPointExtension>
        </extensions>
      </trkpt>
      <trkpt lat="48.10602745972573757171630859375" lon="-122.7642119117081165313720703125">
        <ele>-4.80000019073486328125</ele>
        <time>2026-09-22T00:01:18.000Z</time>
        <extensions>
          <ns3:TrackPointExtension>
            <ns3:hr>94</ns3:hr>
          </ns3:TrackPointExtension>
        </extensions>
      </trkpt>
      <trkpt lat="48.106023855507373809814453125" lon="-122.7642065472900867462158203125">
        <ele>-11.6000003814697265625</ele>
        <time>2026-09-22T00:01:19.000Z</time>
        <extensions>
          <ns3:TrackPointExtension>
            <ns3:hr>95</ns3:hr>
          </ns3:TrackPointExtension>
        </extensions>
      </trkpt>
      <trkpt lat="48.10602041892707347869873046875" lon="-122.764202691614627838134765625">
        <ele>-17.3999996185302734375</ele>
        <time>2026-09-22T00:01:20.000Z</time>
        <extensions>
          <ns3:TrackPointExtension>
            <ns3:hr>97</ns3:hr>
          </ns3:TrackPointExtension>
        </extensions>
      </trkpt>
      <trkpt lat="48.10601321049034595489501953125" lon="-122.76418969966471195220947265625">
        <ele>-17.3999996185302734375</ele>
        <time>2026-09-22T00:01:23.000Z</time>
        <extensions>
          <ns3:TrackPointExtension>
            <ns3:hr>100</ns3:hr>
          </ns3:TrackPointExtension>
        </extensions>
      </trkpt>
      <trkpt lat="48.1060099415481090545654296875" lon="-122.7641850896179676055908203125">
        <ele>-10.80000019073486328125</ele>
        <time>2026-09-22T00:01:24.000Z</time>
        <extensions>
          <ns3:TrackPointExtension>
            <ns3:hr>100</ns3:hr>
          </ns3:TrackPointExtension>
        </extensions>
      </trkpt>
      <trkpt lat="48.10600700788199901580810546875" lon="-122.76418098248541355133056640625">
        <ele>-7.400000095367431640625</ele>
        <time>2026-09-22T00:01:25.000Z</time>
        <extensions>
          <ns3:TrackPointExtension>
            <ns3:hr>100</ns3:hr>
          </ns3:TrackPointExtension>
        </extensions>
      </trkpt>
      <trkpt lat="48.10600466094911098480224609375" lon="-122.76417679153382778167724609375">
        <ele>-5.599999904632568359375</ele>
        <time>2026-09-22T00:01:26.000Z</time>
        <extensions>
          <ns3:TrackPointExtension>
            <ns3:hr>99</ns3:hr>
          </ns3:TrackPointExtension>
        </extensions>
      </trkpt>
      <trkpt lat="48.10600281693041324615478515625" lon="-122.7641716785728931427001953125">
        <ele>-4.599999904632568359375</ele>
        <time>2026-09-22T00:01:27.000Z</time>
        <extensions>
          <ns3:TrackPointExtension>
            <ns3:hr>100</ns3:hr>
          </ns3:TrackPointExtension>
        </extensions>
      </trkpt>
      <trkpt lat="48.10600264929234981536865234375" lon="-122.7641688287258148193359375">
        <ele>-4.400000095367431640625</ele>
        <time>2026-09-22T00:01:28.000Z</time>
        <extensions>
          <ns3:TrackPointExtension>
            <ns3:hr>100</ns3:hr>
          </ns3:TrackPointExtension>
        </extensions>
      </trkpt>
      <trkpt lat="48.10599963180720806121826171875" lon="-122.76416120119392871856689453125">
        <ele>-4</ele>
        <time>2026-09-22T00:01:30.000Z</time>
        <extensions>
          <ns3:TrackPointExtension>
            <ns3:hr>96</ns3:hr>
          </ns3:TrackPointExtension>
        </extensions>
      </trkpt>
      <trkpt lat="48.10599200427532196044921875" lon="-122.7641431801021099090576171875">
        <ele>-4</ele>
        <time>2026-09-22T00:01:34.000Z</time>
        <extensions>
          <ns3:TrackPointExtension>
            <ns3:hr>95</ns3:hr>
          </ns3:TrackPointExtension>
        </extensions>
      </trkpt>
      <trkpt lat="48.10597456991672515869140625" lon="-122.76410219259560108184814453125">
        <ele>-6</ele>
        <time>2026-09-22T00:01:42.000Z</time>
        <extensions>
          <ns3:TrackPointExtension>
            <ns3:hr>97</ns3:hr>
          </ns3:TrackPointExtension>
        </extensions>
      </trkpt>
      <trkpt lat="48.10597247444093227386474609375" lon="-122.76409867219626903533935546875">
        <ele>-8</ele>
        <time>2026-09-22T00:01:43.000Z</time>
        <extensions>
          <ns3:TrackPointExtension>
            <ns3:hr>98</ns3:hr>
          </ns3:TrackPointExtension>
        </extensions>
      </trkpt>
      <trkpt lat="48.1059717200696468353271484375" lon="-122.76409314014017581939697265625">
        <ele>-11.80000019073486328125</ele>
        <time>2026-09-22T00:01:44.000Z</time>
        <extensions>
          <ns3:TrackPointExtension>
            <ns3:hr>98</ns3:hr>
          </ns3:TrackPointExtension>
        </extensions>
      </trkpt>
      <trkpt lat="48.10596962459385395050048828125" lon="-122.76408760808408260345458984375">
        <ele>-18.3999996185302734375</ele>
        <time>2026-09-22T00:01:45.000Z</time>
        <extensions>
          <ns3:TrackPointExtension>
            <ns3:hr>98</ns3:hr>
          </ns3:TrackPointExtension>
        </extensions>
      </trkpt>
      <trkpt lat="48.1059673614799976348876953125" lon="-122.7640821598470211029052734375">
        <ele>-21</ele>
        <time>2026-09-22T00:01:46.000Z</time>
        <extensions>
          <ns3:TrackPointExtension>
            <ns3:hr>98</ns3:hr>
          </ns3:TrackPointExtension>
        </extensions>
      </trkpt>
      <trkpt lat="48.10595386661589145660400390625" lon="-122.76406330056488513946533203125">
        <ele>-15</ele>
        <time>2026-09-22T00:01:50.000Z</time>
        <extensions>
          <ns3:TrackPointExtension>
            <ns3:hr>98</ns3:hr>
          </ns3:TrackPointExtension>
        </extensions>
      </trkpt>
      <trkpt lat="48.10595286078751087188720703125" lon="-122.76405684649944305419921875">
        <ele>-7.400000095367431640625</ele>
        <time>2026-09-22T00:01:51.000Z</time>
        <extensions>
          <ns3:TrackPointExtension>
            <ns3:hr>97</ns3:hr>
          </ns3:TrackPointExtension>
        </extensions>
      </trkpt>
      <trkpt lat="48.1059511005878448486328125" lon="-122.764051146805286407470703125">
        <ele>-5.599999904632568359375</ele>
        <time>2026-09-22T00:01:52.000Z</time>
        <extensions>
          <ns3:TrackPointExtension>
            <ns3:hr>97</ns3:hr>
          </ns3:TrackPointExtension>
        </extensions>
      </trkpt>
      <trkpt lat="48.10594799928367137908935546875" lon="-122.76404201053082942962646484375">
        <ele>-4.19999980926513671875</ele>
        <time>2026-09-22T00:01:54.000Z</time>
        <extensions>
          <ns3:TrackPointExtension>
            <ns3:hr>95</ns3:hr>
          </ns3:TrackPointExtension>
        </extensions>
      </trkpt>
      <trkpt lat="48.10594246722757816314697265625" lon="-122.7640305273234844207763671875">
        <ele>-4</ele>
        <time>2026-09-22T00:01:56.000Z</time>
        <extensions>
          <ns3:TrackPointExtension>
            <ns3:hr>91</ns3:hr>
          </ns3:TrackPointExtension>
        </extensions>
      </trkpt>
      <trkpt lat="48.1059215962886810302734375" lon="-122.76399373076856136322021484375">
        <ele>-3.7999999523162841796875</ele>
        <time>2026-09-22T00:02:04.000Z</time>
        <extensions>
          <ns3:TrackPointExtension>
            <ns3:hr>91</ns3:hr>
          </ns3:TrackPointExtension>
        </extensions>
      </trkpt>
      <trkpt lat="48.10590575449168682098388671875" lon="-122.76393556036055088043212890625">
        <ele>-3.7999999523162841796875</ele>
        <time>2026-09-22T00:02:16.000Z</time>
        <extensions>
          <ns3:TrackPointExtension>
            <ns3:hr>90</ns3:hr>
          </ns3:TrackPointExtension>
        </extensions>
      </trkpt>
      <trkpt lat="48.10589485801756381988525390625" lon="-122.76388610713183879852294921875">
        <ele>-3.7999999523162841796875</ele>
        <time>2026-09-22T00:02:26.000Z</time>
        <extensions>
          <ns3:TrackPointExtension>
            <ns3:hr>90</ns3:hr>
          </ns3:TrackPointExtension>
        </extensions>
      </trkpt>
      <trkpt lat="48.1058946065604686737060546875" lon="-122.7638809941709041595458984375">
        <ele>-3.7999999523162841796875</ele>
        <time>2026-09-22T00:02:27.000Z</time>
        <extensions>
          <ns3:TrackPointExtension>
            <ns3:hr>93</ns3:hr>
          </ns3:TrackPointExtension>
        </extensions>
      </trkpt>
      <trkpt lat="48.1058946065604686737060546875" lon="-122.76387487538158893585205078125">
        <ele>-3.7999999523162841796875</ele>
        <time>2026-09-22T00:02:28.000Z</time>
        <extensions>
          <ns3:TrackPointExtension>
            <ns3:hr>97</ns3:hr>
          </ns3:TrackPointExtension>
        </extensions>
      </trkpt>
      <trkpt lat="48.10589452274143695831298828125" lon="-122.76386909186840057373046875">
        <ele>-3.599999904632568359375</ele>
        <time>2026-09-22T00:02:29.000Z</time>
        <extensions>
          <ns3:TrackPointExtension>
            <ns3:hr>100</ns3:hr>
          </ns3:TrackPointExtension>
        </extensions>
      </trkpt>
      <trkpt lat="48.10589401982724666595458984375" lon="-122.7638571895658969879150390625">
        <ele>-3.599999904632568359375</ele>
        <time>2026-09-22T00:02:31.000Z</time>
        <extensions>
          <ns3:TrackPointExtension>
            <ns3:hr>104</ns3:hr>
          </ns3:TrackPointExtension>
        </extensions>
      </trkpt>
      <trkpt lat="48.10588446445763111114501953125" lon="-122.76382676325738430023193359375">
        <ele>-3.400000095367431640625</ele>
        <time>2026-09-22T00:02:37.000Z</time>
        <extensions>
          <ns3:TrackPointExtension>
            <ns3:hr>106</ns3:hr>
          </ns3:TrackPointExtension>
        </extensions>
      </trkpt>
      <trkpt lat="48.1058808602392673492431640625" lon="-122.76378770358860492706298828125">
        <ele>-3.400000095367431640625</ele>
        <time>2026-09-22T00:02:46.000Z</time>
        <extensions>
          <ns3:TrackPointExtension>
            <ns3:hr>110</ns3:hr>
          </ns3:TrackPointExtension>
        </extensions>
      </trkpt>
      <trkpt lat="48.10586686246097087860107421875" lon="-122.76374294422566890716552734375">
        <ele>-3.599999904632568359375</ele>
        <time>2026-09-22T00:02:56.000Z</time>
        <extensions>
          <ns3:TrackPointExtension>
            <ns3:hr>113</ns3:hr>
          </ns3:TrackPointExtension>
        </extensions>
      </trkpt>
      <trkpt lat="48.105864264070987701416015625" lon="-122.7637354843318462371826171875">
        <ele>-3.599999904632568359375</ele>
        <time>2026-09-22T00:02:58.000Z</time>
        <extensions>
          <ns3:TrackPointExtension>
            <ns3:hr>112</ns3:hr>
          </ns3:TrackPointExtension>
        </extensions>
      </trkpt>
      <trkpt lat="48.105868287384510040283203125" lon="-122.76366750709712505340576171875">
        <ele>-3.400000095367431640625</ele>
        <time>2026-09-22T00:03:11.000Z</time>
        <extensions>
          <ns3:TrackPointExtension>
            <ns3:hr>110</ns3:hr>
          </ns3:TrackPointExtension>
        </extensions>
      </trkpt>
      <trkpt lat="48.10589418746531009674072265625" lon="-122.76364085264503955841064453125">
        <ele>-3.599999904632568359375</ele>
        <time>2026-09-22T00:03:21.000Z</time>
        <extensions>
          <ns3:TrackPointExtension>
            <ns3:hr>107</ns3:hr>
          </ns3:TrackPointExtension>
        </extensions>
      </trkpt>
      <trkpt lat="48.10590072534978389739990234375" lon="-122.76363976299762725830078125">
        <ele>-3.599999904632568359375</ele>
        <time>2026-09-22T00:03:23.000Z</time>
        <extensions>
          <ns3:TrackPointExtension>
            <ns3:hr>106</ns3:hr>
          </ns3:TrackPointExtension>
        </extensions>
      </trkpt>
      <trkpt lat="48.1059137172996997833251953125" lon="-122.76363699696958065032958984375">
        <ele>-3.7999999523162841796875</ele>
        <time>2026-09-22T00:03:27.000Z</time>
        <extensions>
          <ns3:TrackPointExtension>
            <ns3:hr>102</ns3:hr>
          </ns3:TrackPointExtension>
        </extensions>
      </trkpt>
      <trkpt lat="48.1059177406132221221923828125" lon="-122.76363649405539035797119140625">
        <ele>-3.7999999523162841796875</ele>
        <time>2026-09-22T00:03:28.000Z</time>
        <extensions>
          <ns3:TrackPointExtension>
            <ns3:hr>95</ns3:hr>
          </ns3:TrackPointExtension>
        </extensions>
      </trkpt>
      <trkpt lat="48.10592084191739559173583984375" lon="-122.76363615877926349639892578125">
        <ele>-3.7999999523162841796875</ele>
        <time>2026-09-22T00:03:29.000Z</time>
        <extensions>
          <ns3:TrackPointExtension>
            <ns3:hr>91</ns3:hr>
          </ns3:TrackPointExtension>
        </extensions>
      </trkpt>
      <trkpt lat="48.1059227697551250457763671875" lon="-122.763636410236358642578125">
        <ele>-3.7999999523162841796875</ele>
        <time>2026-09-22T00:03:30.000Z</time>
        <extensions>
          <ns3:TrackPointExtension>
            <ns3:hr>87</ns3:hr>
          </ns3:TrackPointExtension>
        </extensions>
      </trkpt>
      <trkpt lat="48.1059311516582965850830078125" lon="-122.7636285312473773956298828125">
        <ele>-1</ele>
        <time>2026-09-22T00:03:32.000Z</time>
        <extensions>
          <ns3:TrackPointExtension>
            <ns3:hr>85</ns3:hr>
          </ns3:TrackPointExtension>
        </extensions>
      </trkpt>
      <trkpt lat="48.10594766400754451751708984375" lon="-122.76362123899161815643310546875">
        <ele>-2</ele>
        <time>2026-09-22T00:03:36.000Z</time>
        <extensions>
          <ns3:TrackPointExtension>
            <ns3:hr>85</ns3:hr>
          </ns3:TrackPointExtension>
        </extensions>
      </trkpt>
      <trkpt lat="48.10595177114009857177734375" lon="-122.7636214904487133026123046875">
        <ele>-2.599999904632568359375</ele>
        <time>2026-09-22T00:03:37.000Z</time>
        <extensions>
          <ns3:TrackPointExtension>
            <ns3:hr>85</ns3:hr>
          </ns3:TrackPointExtension>
        </extensions>
      </trkpt>
      <trkpt lat="48.1059643439948558807373046875" lon="-122.7636198140680789947509765625">
        <ele>-3</ele>
        <time>2026-09-22T00:03:40.000Z</time>
        <extensions>
          <ns3:TrackPointExtension>
            <ns3:hr>86</ns3:hr>
          </ns3:TrackPointExtension>
        </extensions>
      </trkpt>
      <trkpt lat="48.10597213916480541229248046875" lon="-122.76361922733485698699951171875">
        <ele>-3.2000000476837158203125</ele>
        <time>2026-09-22T00:03:42.000Z</time>
        <extensions>
          <ns3:TrackPointExtension>
            <ns3:hr>90</ns3:hr>
          </ns3:TrackPointExtension>
        </extensions>
      </trkpt>
      <trkpt lat="48.10597633011639118194580078125" lon="-122.76361973024904727935791015625">
        <ele>-3.2000000476837158203125</ele>
        <time>2026-09-22T00:03:43.000Z</time>
        <extensions>
          <ns3:TrackPointExtension>
            <ns3:hr>93</ns3:hr>
          </ns3:TrackPointExtension>
        </extensions>
      </trkpt>
      <trkpt lat="48.10598035342991352081298828125" lon="-122.7636189758777618408203125">
        <ele>-3.2000000476837158203125</ele>
        <time>2026-09-22T00:03:44.000Z</time>
        <extensions>
          <ns3:TrackPointExtension>
            <ns3:hr>98</ns3:hr>
          </ns3:TrackPointExtension>
        </extensions>
      </trkpt>
      <trkpt lat="48.10598487965762615203857421875" lon="-122.76361830532550811767578125">
        <ele>-3.2000000476837158203125</ele>
        <time>2026-09-22T00:03:45.000Z</time>
        <extensions>
          <ns3:TrackPointExtension>
            <ns3:hr>101</ns3:hr>
          </ns3:TrackPointExtension>
        </extensions>
      </trkpt>
      <trkpt lat="48.10599468648433685302734375" lon="-122.76361771859228610992431640625">
        <ele>-3.2000000476837158203125</ele>
        <time>2026-09-22T00:03:47.000Z</time>
        <extensions>
          <ns3:TrackPointExtension>
            <ns3:hr>104</ns3:hr>
          </ns3:TrackPointExtension>
        </extensions>
      </trkpt>
      <trkpt lat="48.10600767843425273895263671875" lon="-122.763617970049381256103515625">
        <ele>-3.2000000476837158203125</ele>
        <time>2026-09-22T00:03:49.000Z</time>
        <extensions>
          <ns3:TrackPointExtension>
            <ns3:hr>107</ns3:hr>
          </ns3:TrackPointExtension>
        </extensions>
      </trkpt>
      <trkpt lat="48.10603081248700618743896484375" lon="-122.7636043913662433624267578125">
        <ele>-3.2000000476837158203125</ele>
        <time>2026-09-22T00:03:54.000Z</time>
        <extensions>
          <ns3:TrackPointExtension>
            <ns3:hr>110</ns3:hr>
          </ns3:TrackPointExtension>
        </extensions>
      </trkpt>
      <trkpt lat="48.1061058305203914642333984375" lon="-122.76355795562267303466796875">
        <ele>-3</ele>
        <time>2026-09-22T00:04:06.000Z</time>
        <extensions>
          <ns3:TrackPointExtension>
            <ns3:hr>111</ns3:hr>
          </ns3:TrackPointExtension>
        </extensions>
      </trkpt>
      <trkpt lat="48.106140531599521636962890625" lon="-122.76353423483669757843017578125">
        <ele>-3</ele>
        <time>2026-09-22T00:04:13.000Z</time>
        <extensions>
          <ns3:TrackPointExtension>
            <ns3:hr>114</ns3:hr>
          </ns3:TrackPointExtension>
        </extensions>
      </trkpt>
      <trkpt lat="48.1061862967908382415771484375" lon="-122.763489894568920135498046875">
        <ele>-3</ele>
        <time>2026-09-22T00:04:20.000Z</time>
        <extensions>
          <ns3:TrackPointExtension>
            <ns3:hr>114</ns3:hr>
          </ns3:TrackPointExtension>
        </extensions>
      </trkpt>
      <trkpt lat="48.10624723322689533233642578125" lon="-122.7634434588253498077392578125">
        <ele>-3</ele>
        <time>2026-09-22T00:04:30.000Z</time>
        <extensions>
          <ns3:TrackPointExtension>
            <ns3:hr>114</ns3:hr>
          </ns3:TrackPointExtension>
        </extensions>
      </trkpt>
      <trkpt lat="48.10625729151070117950439453125" lon="-122.76343935169279575347900390625">
        <ele>-3</ele>
        <time>2026-09-22T00:04:31.000Z</time>
        <extensions>
          <ns3:TrackPointExtension>
            <ns3:hr>114</ns3:hr>
          </ns3:TrackPointExtension>
        </extensions>
      </trkpt>
      <trkpt lat="48.1063230894505977630615234375" lon="-122.7634119428694248199462890625">
        <ele>-3</ele>
        <time>2026-09-22T00:04:39.000Z</time>
        <extensions>
          <ns3:TrackPointExtension>
            <ns3:hr>110</ns3:hr>
          </ns3:TrackPointExtension>
        </extensions>
      </trkpt>
      <trkpt lat="48.1063301302492618560791015625" lon="-122.763406075537204742431640625">
        <ele>-3</ele>
        <time>2026-09-22T00:04:40.000Z</time>
        <extensions>
          <ns3:TrackPointExtension>
            <ns3:hr>106</ns3:hr>
          </ns3:TrackPointExtension>
        </extensions>
      </trkpt>
      <trkpt lat="48.10635250993072986602783203125" lon="-122.76338906027376651763916015625">
        <ele>-3</ele>
        <time>2026-09-22T00:04:43.000Z</time>
        <extensions>
          <ns3:TrackPointExtension>
            <ns3:hr>109</ns3:hr>
          </ns3:TrackPointExtension>
        </extensions>
      </trkpt>
      <trkpt lat="48.10642358846962451934814453125" lon="-122.7633422054350376129150390625">
        <ele>-3</ele>
        <time>2026-09-22T00:04:52.000Z</time>
        <extensions>
          <ns3:TrackPointExtension>
            <ns3:hr>106</ns3:hr>
          </ns3:TrackPointExtension>
        </extensions>
      </trkpt>
      <trkpt lat="48.10650673694908618927001953125" lon="-122.76325260289013385772705078125">
        <ele>-2.7999999523162841796875</ele>
        <time>2026-09-22T00:05:03.000Z</time>
        <extensions>
          <ns3:TrackPointExtension>
            <ns3:hr>107</ns3:hr>
          </ns3:TrackPointExtension>
        </extensions>
      </trkpt>
      <trkpt lat="48.106507994234561920166015625" lon="-122.763231731951236724853515625">
        <ele>-3</ele>
        <time>2026-09-22T00:05:05.000Z</time>
        <extensions>
          <ns3:TrackPointExtension>
            <ns3:hr>107</ns3:hr>
          </ns3:TrackPointExtension>
        </extensions>
      </trkpt>
      <trkpt lat="48.10648821294307708740234375" lon="-122.7632010541856288909912109375">
        <ele>-3.2000000476837158203125</ele>
        <time>2026-09-22T00:05:10.000Z</time>
        <extensions>
          <ns3:TrackPointExtension>
            <ns3:hr>107</ns3:hr>
          </ns3:TrackPointExtension>
        </extensions>
      </trkpt>
      <trkpt lat="48.106452338397502899169921875" lon="-122.76313877664506435394287109375">
        <ele>-3.2000000476837158203125</ele>
        <time>2026-09-22T00:05:17.000Z</time>
        <extensions>
          <ns3:TrackPointExtension>
            <ns3:hr>110</ns3:hr>
          </ns3:TrackPointExtension>
        </extensions>
      </trkpt>
      <trkpt lat="48.10643565841019153594970703125" lon="-122.76310910470783710479736328125">
        <ele>-3.2000000476837158203125</ele>
        <time>2026-09-22T00:05:20.000Z</time>
        <extensions>
          <ns3:TrackPointExtension>
            <ns3:hr>112</ns3:hr>
          </ns3:TrackPointExtension>
        </extensions>
      </trkpt>
      <trkpt lat="48.10642392374575138092041015625" lon="-122.76307272724807262420654296875">
        <ele>-3.2000000476837158203125</ele>
        <time>2026-09-22T00:05:23.000Z</time>
        <extensions>
          <ns3:TrackPointExtension>
            <ns3:hr>109</ns3:hr>
          </ns3:TrackPointExtension>
        </extensions>
      </trkpt>
      <trkpt lat="48.10641176998615264892578125" lon="-122.7630434744060039520263671875">
        <ele>-3.2000000476837158203125</ele>
        <time>2026-09-22T00:05:25.000Z</time>
        <extensions>
          <ns3:TrackPointExtension>
            <ns3:hr>100</ns3:hr>
          </ns3:TrackPointExtension>
        </extensions>
      </trkpt>
      <trkpt lat="48.1064042262732982635498046875" lon="-122.7630300633609294891357421875">
        <ele>-3.2000000476837158203125</ele>
        <time>2026-09-22T00:05:26.000Z</time>
        <extensions>
          <ns3:TrackPointExtension>
            <ns3:hr>96</ns3:hr>
          </ns3:TrackPointExtension>
        </extensions>
      </trkpt>
      <trkpt lat="48.1064002029597759246826171875" lon="-122.7630200050771236419677734375">
        <ele>-3.2000000476837158203125</ele>
        <time>2026-09-22T00:05:27.000Z</time>
        <extensions>
          <ns3:TrackPointExtension>
            <ns3:hr>96</ns3:hr>
          </ns3:TrackPointExtension>
        </extensions>
      </trkpt>
      <trkpt lat="48.10637178830802440643310546875" lon="-122.76295311748981475830078125">
        <ele>-3.2000000476837158203125</ele>
        <time>2026-09-22T00:05:33.000Z</time>
        <extensions>
          <ns3:TrackPointExtension>
            <ns3:hr>96</ns3:hr>
          </ns3:TrackPointExtension>
        </extensions>
      </trkpt>
      <trkpt lat="48.1063023023307323455810546875" lon="-122.76276997290551662445068359375">
        <ele>-3</ele>
        <time>2026-09-22T00:05:46.000Z</time>
        <extensions>
          <ns3:TrackPointExtension>
            <ns3:hr>93</ns3:hr>
          </ns3:TrackPointExtension>
        </extensions>
      </trkpt>
      <trkpt lat="48.106297440826892852783203125" lon="-122.76274046860635280609130859375">
        <ele>-3</ele>
        <time>2026-09-22T00:05:48.000Z</time>
        <extensions>
          <ns3:TrackPointExtension>
            <ns3:hr>93</ns3:hr>
          </ns3:TrackPointExtension>
        </extensions>
      </trkpt>
      <trkpt lat="48.1062727980315685272216796875" lon="-122.76261876337230205535888671875">
        <ele>-3.2000000476837158203125</ele>
        <time>2026-09-22T00:05:57.000Z</time>
        <extensions>
          <ns3:TrackPointExtension>
            <ns3:hr>90</ns3:hr>
          </ns3:TrackPointExtension>
        </extensions>
      </trkpt>
      <trkpt lat="48.1062729656696319580078125" lon="-122.7625747583806514739990234375">
        <ele>-3.2000000476837158203125</ele>
        <time>2026-09-22T00:06:01.000Z</time>
        <extensions>
          <ns3:TrackPointExtension>
            <ns3:hr>89</ns3:hr>
          </ns3:TrackPointExtension>
        </extensions>
      </trkpt>
      <trkpt lat="48.106245137751102447509765625" lon="-122.762493789196014404296875">
        <ele>-3</ele>
        <time>2026-09-22T00:06:09.000Z</time>
        <extensions>
          <ns3:TrackPointExtension>
            <ns3:hr>93</ns3:hr>
          </ns3:TrackPointExtension>
        </extensions>
      </trkpt>
      <trkpt lat="48.1062439642846584320068359375" lon="-122.76248230598866939544677734375">
        <ele>-3</ele>
        <time>2026-09-22T00:06:10.000Z</time>
        <extensions>
          <ns3:TrackPointExtension>
            <ns3:hr>94</ns3:hr>
          </ns3:TrackPointExtension>
        </extensions>
      </trkpt>
      <trkpt lat="48.10623474419116973876953125" lon="-122.76244827546179294586181640625">
        <ele>-3</ele>
        <time>2026-09-22T00:06:14.000Z</time>
        <extensions>
          <ns3:TrackPointExtension>
            <ns3:hr>97</ns3:hr>
          </ns3:TrackPointExtension>
        </extensions>
      </trkpt>
      <trkpt lat="48.1062101013958454132080078125" lon="-122.7624044381082057952880859375">
        <ele>-3</ele>
        <time>2026-09-22T00:06:18.000Z</time>
        <extensions>
          <ns3:TrackPointExtension>
            <ns3:hr>95</ns3:hr>
          </ns3:TrackPointExtension>
        </extensions>
      </trkpt>
      <trkpt lat="48.10619543306529521942138671875" lon="-122.76237912476062774658203125">
        <ele>-3</ele>
        <time>2026-09-22T00:06:20.000Z</time>
        <extensions>
          <ns3:TrackPointExtension>
            <ns3:hr>92</ns3:hr>
          </ns3:TrackPointExtension>
        </extensions>
      </trkpt>
      <trkpt lat="48.10615838505327701568603515625" lon="-122.76228868402540683746337890625">
        <ele>-3</ele>
        <time>2026-09-22T00:06:27.000Z</time>
        <extensions>
          <ns3:TrackPointExtension>
            <ns3:hr>92</ns3:hr>
          </ns3:TrackPointExtension>
        </extensions>
      </trkpt>
      <trkpt lat="48.10607724823057651519775390625" lon="-122.76208885945379734039306640625">
        <ele>-3</ele>
        <time>2026-09-22T00:06:39.000Z</time>
        <extensions>
          <ns3:TrackPointExtension>
            <ns3:hr>87</ns3:hr>
          </ns3:TrackPointExtension>
        </extensions>
      </trkpt>
      <trkpt lat="48.1060691177845001220703125" lon="-122.762073017656803131103515625">
        <ele>-3</ele>
        <time>2026-09-22T00:06:40.000Z</time>
        <extensions>
          <ns3:TrackPointExtension>
            <ns3:hr>87</ns3:hr>
          </ns3:TrackPointExtension>
        </extensions>
      </trkpt>
      <trkpt lat="48.1060431338846683502197265625" lon="-122.7620285935699939727783203125">
        <ele>-3.2000000476837158203125</ele>
        <time>2026-09-22T00:06:43.000Z</time>
        <extensions>
          <ns3:TrackPointExtension>
            <ns3:hr>90</ns3:hr>
          </ns3:TrackPointExtension>
        </extensions>
      </trkpt>
      <trkpt lat="48.105984628200531005859375" lon="-122.7618981711566448211669921875">
        <ele>-3</ele>
        <time>2026-09-22T00:06:51.000Z</time>
        <extensions>
          <ns3:TrackPointExtension>
            <ns3:hr>92</ns3:hr>
          </ns3:TrackPointExtension>
        </extensions>
      </trkpt>
      <trkpt lat="48.1059113703668117523193359375" lon="-122.76173111982643604278564453125">
        <ele>-3.2000000476837158203125</ele>
        <time>2026-09-22T00:07:00.000Z</time>
        <extensions>
          <ns3:TrackPointExtension>
            <ns3:hr>92</ns3:hr>
          </ns3:TrackPointExtension>
        </extensions>
      </trkpt>
      <trkpt lat="48.10582595877349376678466796875" lon="-122.76151855476200580596923828125">
        <ele>-3.400000095367431640625</ele>
        <time>2026-09-22T00:07:12.000Z</time>
        <extensions>
          <ns3:TrackPointExtension>
            <ns3:hr>91</ns3:hr>
          </ns3:TrackPointExtension>
        </extensions>
      </trkpt>
      <trkpt lat="48.10578522272408008575439453125" lon="-122.76141696609556674957275390625">
        <ele>-3.400000095367431640625</ele>
        <time>2026-09-22T00:07:19.000Z</time>
        <extensions>
          <ns3:TrackPointExtension>
            <ns3:hr>90</ns3:hr>
          </ns3:TrackPointExtension>
        </extensions>
      </trkpt>
      <trkpt lat="48.1057346798479557037353515625" lon="-122.7613214962184429168701171875">
        <ele>-3.400000095367431640625</ele>
        <time>2026-09-22T00:07:24.000Z</time>
        <extensions>
          <ns3:TrackPointExtension>
            <ns3:hr>89</ns3:hr>
          </ns3:TrackPointExtension>
        </extensions>
      </trkpt>
      <trkpt lat="48.105728812515735626220703125" lon="-122.76128822006285190582275390625">
        <ele>-3.400000095367431640625</ele>
        <time>2026-09-22T00:07:26.000Z</time>
        <extensions>
          <ns3:TrackPointExtension>
            <ns3:hr>85</ns3:hr>
          </ns3:TrackPointExtension>
        </extensions>
      </trkpt>
      <trkpt lat="48.1057165749371051788330078125" lon="-122.76126810349524021148681640625">
        <ele>-3.400000095367431640625</ele>
        <time>2026-09-22T00:07:28.000Z</time>
        <extensions>
          <ns3:TrackPointExtension>
            <ns3:hr>82</ns3:hr>
          </ns3:TrackPointExtension>
        </extensions>
      </trkpt>
      <trkpt lat="48.10569955967366695404052734375" lon="-122.7612329833209514617919921875">
        <ele>-3.599999904632568359375</ele>
        <time>2026-09-22T00:07:31.000Z</time>
        <extensions>
          <ns3:TrackPointExtension>
            <ns3:hr>83</ns3:hr>
          </ns3:TrackPointExtension>
        </extensions>
      </trkpt>
      <trkpt lat="48.10567156411707401275634765625" lon="-122.761189900338649749755859375">
        <ele>-3.599999904632568359375</ele>
        <time>2026-09-22T00:07:35.000Z</time>
        <extensions>
          <ns3:TrackPointExtension>
            <ns3:hr>86</ns3:hr>
          </ns3:TrackPointExtension>
        </extensions>
      </trkpt>
      <trkpt lat="48.10564826242625713348388671875" lon="-122.76116685010492801666259765625">
        <ele>-3.599999904632568359375</ele>
        <time>2026-09-22T00:07:38.000Z</time>
        <extensions>
          <ns3:TrackPointExtension>
            <ns3:hr>89</ns3:hr>
          </ns3:TrackPointExtension>
        </extensions>
      </trkpt>
      <trkpt lat="48.10563602484762668609619140625" lon="-122.76115159504115581512451171875">
        <ele>-3.599999904632568359375</ele>
        <time>2026-09-22T00:07:40.000Z</time>
        <extensions>
          <ns3:TrackPointExtension>
            <ns3:hr>85</ns3:hr>
          </ns3:TrackPointExtension>
        </extensions>
      </trkpt>
      <trkpt lat="48.1056290678679943084716796875" lon="-122.76114170439541339874267578125">
        <ele>-3.599999904632568359375</ele>
        <time>2026-09-22T00:07:41.000Z</time>
        <extensions>
          <ns3:TrackPointExtension>
            <ns3:hr>76</ns3:hr>
          </ns3:TrackPointExtension>
        </extensions>
      </trkpt>
      <trkpt lat="48.10562060214579105377197265625" lon="-122.76113323867321014404296875">
        <ele>-3.599999904632568359375</ele>
        <time>2026-09-22T00:07:42.000Z</time>
        <extensions>
          <ns3:TrackPointExtension>
            <ns3:hr>74</ns3:hr>
          </ns3:TrackPointExtension>
        </extensions>
      </trkpt>
      <trkpt lat="48.105614483356475830078125" lon="-122.76112494058907032012939453125">
        <ele>-3.599999904632568359375</ele>
        <time>2026-09-22T00:07:43.000Z</time>
        <extensions>
          <ns3:TrackPointExtension>
            <ns3:hr>77</ns3:hr>
          </ns3:TrackPointExtension>
        </extensions>
      </trkpt>
      <trkpt lat="48.1056072749197483062744140625" lon="-122.7611169777810573577880859375">
        <ele>-3.7999999523162841796875</ele>
        <time>2026-09-22T00:07:44.000Z</time>
        <extensions>
          <ns3:TrackPointExtension>
            <ns3:hr>83</ns3:hr>
          </ns3:TrackPointExtension>
        </extensions>
      </trkpt>
      <trkpt lat="48.1055965460836887359619140625" lon="-122.7611102722585201263427734375">
        <ele>-3.7999999523162841796875</ele>
        <time>2026-09-22T00:07:45.000Z</time>
        <extensions>
          <ns3:TrackPointExtension>
            <ns3:hr>86</ns3:hr>
          </ns3:TrackPointExtension>
        </extensions>
      </trkpt>
      <trkpt lat="48.10555958189070224761962890625" lon="-122.76111488230526447296142578125">
        <ele>-3.7999999523162841796875</ele>
        <time>2026-09-22T00:07:50.000Z</time>
        <extensions>
          <ns3:TrackPointExtension>
            <ns3:hr>89</ns3:hr>
          </ns3:TrackPointExtension>
        </extensions>
      </trkpt>
      <trkpt lat="48.105527646839618682861328125" lon="-122.761130221188068389892578125">
        <ele>-3.7999999523162841796875</ele>
        <time>2026-09-22T00:07:58.000Z</time>
        <extensions>
          <ns3:TrackPointExtension>
            <ns3:hr>91</ns3:hr>
          </ns3:TrackPointExtension>
        </extensions>
      </trkpt>
      <trkpt lat="48.10551800765097141265869140625" lon="-122.761152684688568115234375">
        <ele>-3.599999904632568359375</ele>
        <time>2026-09-22T00:08:02.000Z</time>
        <extensions>
          <ns3:TrackPointExtension>
            <ns3:hr>94</ns3:hr>
          </ns3:TrackPointExtension>
        </extensions>
      </trkpt>
      <trkpt lat="48.1055123917758464813232421875" lon="-122.76116014458239078521728515625">
        <ele>-3.7999999523162841796875</ele>
        <time>2026-09-22T00:08:05.000Z</time>
        <extensions>
          <ns3:TrackPointExtension>
            <ns3:hr>97</ns3:hr>
          </ns3:TrackPointExtension>
        </extensions>
      </trkpt>
      <trkpt lat="48.1055053509771823883056640625" lon="-122.76117146015167236328125">
        <ele>-3.7999999523162841796875</ele>
        <time>2026-09-22T00:08:07.000Z</time>
        <extensions>
          <ns3:TrackPointExtension>
            <ns3:hr>98</ns3:hr>
          </ns3:TrackPointExtension>
        </extensions>
      </trkpt>
      <trkpt lat="48.10549990274012088775634765625" lon="-122.7612007968127727508544921875">
        <ele>-3.7999999523162841796875</ele>
        <time>2026-09-22T00:08:14.000Z</time>
        <extensions>
          <ns3:TrackPointExtension>
            <ns3:hr>102</ns3:hr>
          </ns3:TrackPointExtension>
        </extensions>
      </trkpt>
      <trkpt lat="48.10549713671207427978515625" lon="-122.76121781207621097564697265625">
        <ele>-3.7999999523162841796875</ele>
        <time>2026-09-22T00:08:18.000Z</time>
        <extensions>
          <ns3:TrackPointExtension>
            <ns3:hr>104</ns3:hr>
          </ns3:TrackPointExtension>
        </extensions>
      </trkpt>
      <trkpt lat="48.10549437068402767181396484375" lon="-122.7612487412989139556884765625">
        <ele>-3.400000095367431640625</ele>
        <time>2026-09-22T00:08:23.000Z</time>
        <extensions>
          <ns3:TrackPointExtension>
            <ns3:hr>98</ns3:hr>
          </ns3:TrackPointExtension>
        </extensions>
      </trkpt>
      <trkpt lat="48.10549319721758365631103515625" lon="-122.7612551115453243255615234375">
        <ele>-3.400000095367431640625</ele>
        <time>2026-09-22T00:08:24.000Z</time>
        <extensions>
          <ns3:TrackPointExtension>
            <ns3:hr>93</ns3:hr>
          </ns3:TrackPointExtension>
        </extensions>
      </trkpt>
      <trkpt lat="48.1054939515888690948486328125" lon="-122.76126374490559101104736328125">
        <ele>-3.400000095367431640625</ele>
        <time>2026-09-22T00:08:25.000Z</time>
        <extensions>
          <ns3:TrackPointExtension>
            <ns3:hr>90</ns3:hr>
          </ns3:TrackPointExtension>
        </extensions>
      </trkpt>
      <trkpt lat="48.1054912693798542022705078125" lon="-122.76127665303647518157958984375">
        <ele>-3.400000095367431640625</ele>
        <time>2026-09-22T00:08:27.000Z</time>
        <extensions>
          <ns3:TrackPointExtension>
            <ns3:hr>99</ns3:hr>
          </ns3:TrackPointExtension>
        </extensions>
      </trkpt>
      <trkpt lat="48.10548682697117328643798828125" lon="-122.76129014790058135986328125">
        <ele>-3.400000095367431640625</ele>
        <time>2026-09-22T00:08:29.000Z</time>
        <extensions>
          <ns3:TrackPointExtension>
            <ns3:hr>103</ns3:hr>
          </ns3:TrackPointExtension>
        </extensions>
      </trkpt>
      <trkpt lat="48.10548565350472927093505859375" lon="-122.76129559613764286041259765625">
        <ele>-3.400000095367431640625</ele>
        <time>2026-09-22T00:08:30.000Z</time>
        <extensions>
          <ns3:TrackPointExtension>
            <ns3:hr>107</ns3:hr>
          </ns3:TrackPointExtension>
        </extensions>
      </trkpt>
      <trkpt lat="48.1054852344095706939697265625" lon="-122.76130221784114837646484375">
        <ele>-3.400000095367431640625</ele>
        <time>2026-09-22T00:08:31.000Z</time>
        <extensions>
          <ns3:TrackPointExtension>
            <ns3:hr>112</ns3:hr>
          </ns3:TrackPointExtension>
        </extensions>
      </trkpt>
      <trkpt lat="48.1054802052676677703857421875" lon="-122.761326692998409271240234375">
        <ele>-3.599999904632568359375</ele>
        <time>2026-09-22T00:08:34.000Z</time>
        <extensions>
          <ns3:TrackPointExtension>
            <ns3:hr>115</ns3:hr>
          </ns3:TrackPointExtension>
        </extensions>
      </trkpt>
      <trkpt lat="48.1054691411554813385009765625" lon="-122.7613556943833827972412109375">
        <ele>-3.400000095367431640625</ele>
        <time>2026-09-22T00:08:40.000Z</time>
        <extensions>
          <ns3:TrackPointExtension>
            <ns3:hr>116</ns3:hr>
          </ns3:TrackPointExtension>
        </extensions>
      </trkpt>
      <trkpt lat="48.10546017251908779144287109375" lon="-122.76138327084481716156005859375">
        <ele>-3.599999904632568359375</ele>
        <time>2026-09-22T00:08:46.000Z</time>
        <extensions>
          <ns3:TrackPointExtension>
            <ns3:hr>117</ns3:hr>
          </ns3:TrackPointExtension>
        </extensions>
      </trkpt>
      <trkpt lat="48.10545816086232662200927734375" lon="-122.76138662360608577728271484375">
        <ele>-3.599999904632568359375</ele>
        <time>2026-09-22T00:08:47.000Z</time>
        <extensions>
          <ns3:TrackPointExtension>
            <ns3:hr>114</ns3:hr>
          </ns3:TrackPointExtension>
        </extensions>
      </trkpt>
      <trkpt lat="48.10545296408236026763916015625" lon="-122.7614019624888896942138671875">
        <ele>-3.7999999523162841796875</ele>
        <time>2026-09-22T00:08:50.000Z</time>
        <extensions>
          <ns3:TrackPointExtension>
            <ns3:hr>110</ns3:hr>
          </ns3:TrackPointExtension>
        </extensions>
      </trkpt>
      <trkpt lat="48.105449192225933074951171875" lon="-122.76142048649489879608154296875">
        <ele>-3.599999904632568359375</ele>
        <time>2026-09-22T00:08:55.000Z</time>
        <extensions>
          <ns3:TrackPointExtension>
            <ns3:hr>128</ns3:hr>
          </ns3:TrackPointExtension>
        </extensions>
      </trkpt>
      <trkpt lat="48.10544894076883792877197265625" lon="-122.76142350398004055023193359375">
        <ele>-3.599999904632568359375</ele>
        <time>2026-09-22T00:08:56.000Z</time>
        <extensions>
          <ns3:TrackPointExtension>
            <ns3:hr>138</ns3:hr>
          </ns3:TrackPointExtension>
        </extensions>
      </trkpt>
      <trkpt lat="48.1054476834833621978759765625" lon="-122.761427275836467742919921875">
        <ele>-3.599999904632568359375</ele>
        <time>2026-09-22T00:08:57.000Z</time>
        <extensions>
          <ns3:TrackPointExtension>
            <ns3:hr>136</ns3:hr>
          </ns3:TrackPointExtension>
        </extensions>
      </trkpt>
      <trkpt lat="48.1054466776549816131591796875" lon="-122.7614311315119266510009765625">
        <ele>-3.599999904632568359375</ele>
        <time>2026-09-22T00:08:58.000Z</time>
        <extensions>
          <ns3:TrackPointExtension>
            <ns3:hr>131</ns3:hr>
          </ns3:TrackPointExtension>
        </extensions>
      </trkpt>
      <trkpt lat="48.10544617474079132080078125" lon="-122.76143364608287811279296875">
        <ele>-3.599999904632568359375</ele>
        <time>2026-09-22T00:08:59.000Z</time>
        <extensions>
          <ns3:TrackPointExtension>
            <ns3:hr>119</ns3:hr>
          </ns3:TrackPointExtension>
        </extensions>
      </trkpt>
      <trkpt lat="48.105444498360157012939453125" lon="-122.7614351548254489898681640625">
        <ele>-3.599999904632568359375</ele>
        <time>2026-09-22T00:09:00.000Z</time>
        <extensions>
          <ns3:TrackPointExtension>
            <ns3:hr>109</ns3:hr>
          </ns3:TrackPointExtension>
        </extensions>
      </trkpt>
      <trkpt lat="48.10544005595147609710693359375" lon="-122.761446051299571990966796875">
        <ele>-3.599999904632568359375</ele>
        <time>2026-09-22T00:09:05.000Z</time>
        <extensions>
          <ns3:TrackPointExtension>
            <ns3:hr>109</ns3:hr>
          </ns3:TrackPointExtension>
        </extensions>
      </trkpt>
      <trkpt lat="48.10543754138052463531494140625" lon="-122.76145820505917072296142578125">
        <ele>-3.7999999523162841796875</ele>
        <time>2026-09-22T00:09:15.000Z</time>
        <extensions>
          <ns3:TrackPointExtension>
            <ns3:hr>105</ns3:hr>
          </ns3:TrackPointExtension>
        </extensions>
      </trkpt>
      <trkpt lat="48.10543754138052463531494140625" lon="-122.76145820505917072296142578125">
        <ele>-3.7999999523162841796875</ele>
        <time>2026-09-22T00:09:17.000Z</time>
        <extensions>
          <ns3:TrackPointExtension>
            <ns3:hr>101</ns3:hr>
          </ns3:TrackPointExtension>
        </extensions>
      </trkpt>
      <trkpt lat="48.10543754138052463531494140625" lon="-122.76145820505917072296142578125">
        <ele>-3.599999904632568359375</ele>
        <time>2026-09-22T00:09:22.000Z</time>
        <extensions>
          <ns3:TrackPointExtension>
            <ns3:hr>102</ns3:hr>
          </ns3:TrackPointExtension>
        </extensions>
      </trkpt>
      <trkpt lat="48.10541440732777118682861328125" lon="-122.761480920016765594482421875">
        <ele>-3.7999999523162841796875</ele>
        <time>2026-09-22T00:09:42.000Z</time>
        <extensions>
          <ns3:TrackPointExtension>
            <ns3:hr>107</ns3:hr>
          </ns3:TrackPointExtension>
        </extensions>
      </trkpt>
      <trkpt lat="48.1054138205945491790771484375" lon="-122.761482261121273040771484375">
        <ele>-3.7999999523162841796875</ele>
        <time>2026-09-22T00:09:43.000Z</time>
        <extensions>
          <ns3:TrackPointExtension>
            <ns3:hr>104</ns3:hr>
          </ns3:TrackPointExtension>
        </extensions>
      </trkpt>
      <trkpt lat="48.1054077856242656707763671875" lon="-122.7614921517670154571533203125">
        <ele>-3.7999999523162841796875</ele>
        <time>2026-09-22T00:09:46.000Z</time>
        <extensions>
          <ns3:TrackPointExtension>
            <ns3:hr>101</ns3:hr>
          </ns3:TrackPointExtension>
        </extensions>
      </trkpt>
      <trkpt lat="48.1053926981985569000244140625" lon="-122.76151679456233978271484375">
        <ele>-3.599999904632568359375</ele>
        <time>2026-09-22T00:09:54.000Z</time>
        <extensions>
          <ns3:TrackPointExtension>
            <ns3:hr>98</ns3:hr>
          </ns3:TrackPointExtension>
        </extensions>
      </trkpt>
      <trkpt lat="48.105382807552814483642578125" lon="-122.76152727194130420684814453125">
        <ele>-3.599999904632568359375</ele>
        <time>2026-09-22T00:09:58.000Z</time>
        <extensions>
          <ns3:TrackPointExtension>
            <ns3:hr>95</ns3:hr>
          </ns3:TrackPointExtension>
        </extensions>
      </trkpt>
      <trkpt lat="48.1053528003394603729248046875" lon="-122.76157605461776256561279296875">
        <ele>-3.400000095367431640625</ele>
        <time>2026-09-22T00:10:09.000Z</time>
        <extensions>
          <ns3:TrackPointExtension>
            <ns3:hr>98</ns3:hr>
          </ns3:TrackPointExtension>
        </extensions>
      </trkpt>
      <trkpt lat="48.10531415976583957672119140625" lon="-122.7616728655993938446044921875">
        <ele>-3.400000095367431640625</ele>
        <time>2026-09-22T00:10:22.000Z</time>
        <extensions>
          <ns3:TrackPointExtension>
            <ns3:hr>101</ns3:hr>
          </ns3:TrackPointExtension>
        </extensions>
      </trkpt>
      <trkpt lat="48.1052612699568271636962890625" lon="-122.761820890009403228759765625">
        <ele>-3.400000095367431640625</ele>
        <time>2026-09-22T00:10:39.000Z</time>
        <extensions>
          <ns3:TrackPointExtension>
            <ns3:hr>104</ns3:hr>
          </ns3:TrackPointExtension>
        </extensions>
      </trkpt>
      <trkpt lat="48.10520569793879985809326171875" lon="-122.7619464509189128875732421875">
        <ele>-3.400000095367431640625</ele>
        <time>2026-09-22T00:10:44.000Z</time>
        <extensions>
          <ns3:TrackPointExtension>
            <ns3:hr>104</ns3:hr>
          </ns3:TrackPointExtension>
        </extensions>
      </trkpt>
      <trkpt lat="48.10513730160892009735107421875" lon="-122.76208768598735332489013671875">
        <ele>-3.400000095367431640625</ele>
        <time>2026-09-22T00:10:54.000Z</time>
        <extensions>
          <ns3:TrackPointExtension>
            <ns3:hr>104</ns3:hr>
          </ns3:TrackPointExtension>
        </extensions>
      </trkpt>
      <trkpt lat="48.105091787874698638916015625" lon="-122.76216077618300914764404296875">
        <ele>-3.599999904632568359375</ele>
        <time>2026-09-22T00:11:03.000Z</time>
        <extensions>
          <ns3:TrackPointExtension>
            <ns3:hr>105</ns3:hr>
          </ns3:TrackPointExtension>
        </extensions>
      </trkpt>
      <trkpt lat="48.105053566396236419677734375" lon="-122.76221307925879955291748046875">
        <ele>-3.599999904632568359375</ele>
        <time>2026-09-22T00:11:12.000Z</time>
        <extensions>
          <ns3:TrackPointExtension>
            <ns3:hr>104</ns3:hr>
          </ns3:TrackPointExtension>
        </extensions>
      </trkpt>
      <trkpt lat="48.1050352938473224639892578125" lon="-122.76225448586046695709228515625">
        <ele>-3.599999904632568359375</ele>
        <time>2026-09-22T00:11:18.000Z</time>
        <extensions>
          <ns3:TrackPointExtension>
            <ns3:hr>107</ns3:hr>
          </ns3:TrackPointExtension>
        </extensions>
      </trkpt>
      <trkpt lat="48.1050230562686920166015625" lon="-122.76229622773826122283935546875">
        <ele>-3.599999904632568359375</ele>
        <time>2026-09-22T00:11:24.000Z</time>
        <extensions>
          <ns3:TrackPointExtension>
            <ns3:hr>106</ns3:hr>
          </ns3:TrackPointExtension>
        </extensions>
      </trkpt>
      <trkpt lat="48.1050027720630168914794921875" lon="-122.76234718970954418182373046875">
        <ele>-3.599999904632568359375</ele>
        <time>2026-09-22T00:11:33.000Z</time>
        <extensions>
          <ns3:TrackPointExtension>
            <ns3:hr>103</ns3:hr>
          </ns3:TrackPointExtension>
        </extensions>
      </trkpt>
      <trkpt lat="48.1050014309585094451904296875" lon="-122.76235355995595455169677734375">
        <ele>-3.599999904632568359375</ele>
        <time>2026-09-22T00:11:34.000Z</time>
        <extensions>
          <ns3:TrackPointExtension>
            <ns3:hr>99</ns3:hr>
          </ns3:TrackPointExtension>
        </extensions>
      </trkpt>
      <trkpt lat="48.1050004251301288604736328125" lon="-122.762359678745269775390625">
        <ele>-3.599999904632568359375</ele>
        <time>2026-09-22T00:11:35.000Z</time>
        <extensions>
          <ns3:TrackPointExtension>
            <ns3:hr>98</ns3:hr>
          </ns3:TrackPointExtension>
        </extensions>
      </trkpt>
      <trkpt lat="48.10499749146401882171630859375" lon="-122.76237702928483486175537109375">
        <ele>-3.599999904632568359375</ele>
        <time>2026-09-22T00:11:39.000Z</time>
        <extensions>
          <ns3:TrackPointExtension>
            <ns3:hr>101</ns3:hr>
          </ns3:TrackPointExtension>
        </extensions>
      </trkpt>
      <trkpt lat="48.10499154031276702880859375" lon="-122.7624020911753177642822265625">
        <ele>-3.599999904632568359375</ele>
        <time>2026-09-22T00:11:44.000Z</time>
        <extensions>
          <ns3:TrackPointExtension>
            <ns3:hr>104</ns3:hr>
          </ns3:TrackPointExtension>
        </extensions>
      </trkpt>
      <trkpt lat="48.1049863435328006744384765625" lon="-122.76241122744977474212646484375">
        <ele>-3.599999904632568359375</ele>
        <time>2026-09-22T00:11:46.000Z</time>
        <extensions>
          <ns3:TrackPointExtension>
            <ns3:hr>103</ns3:hr>
          </ns3:TrackPointExtension>
        </extensions>
      </trkpt>
      <trkpt lat="48.10498005710542201995849609375" lon="-122.76245464570820331573486328125">
        <ele>-3.7999999523162841796875</ele>
        <time>2026-09-22T00:11:57.000Z</time>
        <extensions>
          <ns3:TrackPointExtension>
            <ns3:hr>102</ns3:hr>
          </ns3:TrackPointExtension>
        </extensions>
      </trkpt>
      <trkpt lat="48.10498056001961231231689453125" lon="-122.76245464570820331573486328125">
        <ele>-3.599999904632568359375</ele>
        <time>2026-09-22T00:12:10.000Z</time>
        <extensions>
          <ns3:TrackPointExtension>
            <ns3:hr>105</ns3:hr>
          </ns3:TrackPointExtension>
        </extensions>
      </trkpt>
      <trkpt lat="48.10498324222862720489501953125" lon="-122.76246470399200916290283203125">
        <ele>-3.7999999523162841796875</ele>
        <time>2026-09-22T00:12:17.000Z</time>
        <extensions>
          <ns3:TrackPointExtension>
            <ns3:hr>101</ns3:hr>
          </ns3:TrackPointExtension>
        </extensions>
      </trkpt>
      <trkpt lat="48.104985170066356658935546875" lon="-122.76256796903908252716064453125">
        <ele>-3.599999904632568359375</ele>
        <time>2026-09-22T00:12:56.000Z</time>
        <extensions>
          <ns3:TrackPointExtension>
            <ns3:hr>97</ns3:hr>
          </ns3:TrackPointExtension>
        </extensions>
      </trkpt>
      <trkpt lat="48.104985170066356658935546875" lon="-122.762594707310199737548828125">
        <ele>-3.599999904632568359375</ele>
        <time>2026-09-22T00:13:03.000Z</time>
        <extensions>
          <ns3:TrackPointExtension>
            <ns3:hr>100</ns3:hr>
          </ns3:TrackPointExtension>
        </extensions>
      </trkpt>
      <trkpt lat="48.10498156584799289703369140625" lon="-122.7626884169876575469970703125">
        <ele>-3.599999904632568359375</ele>
        <time>2026-09-22T00:13:24.000Z</time>
        <extensions>
          <ns3:TrackPointExtension>
            <ns3:hr>103</ns3:hr>
          </ns3:TrackPointExtension>
        </extensions>
      </trkpt>
      <trkpt lat="48.104981482028961181640625" lon="-122.7627031691372394561767578125">
        <ele>-3.7999999523162841796875</ele>
        <time>2026-09-22T00:13:27.000Z</time>
        <extensions>
          <ns3:TrackPointExtension>
            <ns3:hr>106</ns3:hr>
          </ns3:TrackPointExtension>
        </extensions>
      </trkpt>
      <trkpt lat="48.1049534864723682403564453125" lon="-122.76280182413756847381591796875">
        <ele>-3.599999904632568359375</ele>
        <time>2026-09-22T00:13:46.000Z</time>
        <extensions>
          <ns3:TrackPointExtension>
            <ns3:hr>109</ns3:hr>
          </ns3:TrackPointExtension>
        </extensions>
      </trkpt>
      <trkpt lat="48.1049474515020847320556640625" lon="-122.76284373365342617034912109375">
        <ele>-3.599999904632568359375</ele>
        <time>2026-09-22T00:13:53.000Z</time>
        <extensions>
          <ns3:TrackPointExtension>
            <ns3:hr>104</ns3:hr>
          </ns3:TrackPointExtension>
        </extensions>
      </trkpt>
      <trkpt lat="48.1049457751214504241943359375" lon="-122.76286452077329158782958984375">
        <ele>-3.599999904632568359375</ele>
        <time>2026-09-22T00:13:57.000Z</time>
        <extensions>
          <ns3:TrackPointExtension>
            <ns3:hr>100</ns3:hr>
          </ns3:TrackPointExtension>
        </extensions>
      </trkpt>
      <trkpt lat="48.1049387343227863311767578125" lon="-122.76290559209883213043212890625">
        <ele>-3.599999904632568359375</ele>
        <time>2026-09-22T00:14:05.000Z</time>
        <extensions>
          <ns3:TrackPointExtension>
            <ns3:hr>104</ns3:hr>
          </ns3:TrackPointExtension>
        </extensions>
      </trkpt>
      <trkpt lat="48.1049370579421520233154296875" lon="-122.76290995068848133087158203125">
        <ele>-3.599999904632568359375</ele>
        <time>2026-09-22T00:14:06.000Z</time>
        <extensions>
          <ns3:TrackPointExtension>
            <ns3:hr>107</ns3:hr>
          </ns3:TrackPointExtension>
        </extensions>
      </trkpt>
      <trkpt lat="48.10493563301861286163330078125" lon="-122.76291380636394023895263671875">
        <ele>-3.599999904632568359375</ele>
        <time>2026-09-22T00:14:07.000Z</time>
        <extensions>
          <ns3:TrackPointExtension>
            <ns3:hr>107</ns3:hr>
          </ns3:TrackPointExtension>
        </extensions>
      </trkpt>
      <trkpt lat="48.1049318611621856689453125" lon="-122.7629301510751247406005859375">
        <ele>-3.599999904632568359375</ele>
        <time>2026-09-22T00:14:13.000Z</time>
        <extensions>
          <ns3:TrackPointExtension>
            <ns3:hr>104</ns3:hr>
          </ns3:TrackPointExtension>
        </extensions>
      </trkpt>
      <trkpt lat="48.10492909513413906097412109375" lon="-122.762935347855091094970703125">
        <ele>-3.599999904632568359375</ele>
        <time>2026-09-22T00:14:15.000Z</time>
        <extensions>
          <ns3:TrackPointExtension>
            <ns3:hr>101</ns3:hr>
          </ns3:TrackPointExtension>
        </extensions>
      </trkpt>
      <trkpt lat="48.10492306016385555267333984375" lon="-122.762942053377628326416015625">
        <ele>-3.599999904632568359375</ele>
        <time>2026-09-22T00:14:18.000Z</time>
        <extensions>
          <ns3:TrackPointExtension>
            <ns3:hr>98</ns3:hr>
          </ns3:TrackPointExtension>
        </extensions>
      </trkpt>
      <trkpt lat="48.1048827432096004486083984375" lon="-122.7631802670657634735107421875">
        <ele>-3.400000095367431640625</ele>
        <time>2026-09-22T00:15:11.000Z</time>
        <extensions>
          <ns3:TrackPointExtension>
            <ns3:hr>95</ns3:hr>
          </ns3:TrackPointExtension>
        </extensions>
      </trkpt>
      <trkpt lat="48.1048814021050930023193359375" lon="-122.7631951868534088134765625">
        <ele>-3.400000095367431640625</ele>
        <time>2026-09-22T00:15:30.000Z</time>
        <extensions>
          <ns3:TrackPointExtension>
            <ns3:hr>98</ns3:hr>
          </ns3:TrackPointExtension>
        </extensions>
      </trkpt>
      <trkpt lat="48.10488031245768070220947265625" lon="-122.763206250965595245361328125">
        <ele>-3.7999999523162841796875</ele>
        <time>2026-09-22T00:15:49.000Z</time>
        <extensions>
          <ns3:TrackPointExtension>
            <ns3:hr>102</ns3:hr>
          </ns3:TrackPointExtension>
        </extensions>
      </trkpt>
      <trkpt lat="48.1048800610005855560302734375" lon="-122.7632094360888004302978515625">
        <ele>-3.7999999523162841796875</ele>
        <time>2026-09-22T00:15:54.000Z</time>
        <extensions>
          <ns3:TrackPointExtension>
            <ns3:hr>105</ns3:hr>
          </ns3:TrackPointExtension>
        </extensions>
      </trkpt>
      <trkpt lat="48.10487897135317325592041015625" lon="-122.76321739889681339263916015625">
        <ele>-3.599999904632568359375</ele>
        <time>2026-09-22T00:16:06.000Z</time>
        <extensions>
          <ns3:TrackPointExtension>
            <ns3:hr>109</ns3:hr>
          </ns3:TrackPointExtension>
        </extensions>
      </trkpt>
      <trkpt lat="48.10487888753414154052734375" lon="-122.76321806944906711578369140625">
        <ele>-3.599999904632568359375</ele>
        <time>2026-09-22T00:16:07.000Z</time>
        <extensions>
          <ns3:TrackPointExtension>
            <ns3:hr>116</ns3:hr>
          </ns3:TrackPointExtension>
        </extensions>
      </trkpt>
      <trkpt lat="48.1048787198960781097412109375" lon="-122.76321999728679656982421875">
        <ele>-3.599999904632568359375</ele>
        <time>2026-09-22T00:16:10.000Z</time>
        <extensions>
          <ns3:TrackPointExtension>
            <ns3:hr>121</ns3:hr>
          </ns3:TrackPointExtension>
        </extensions>
      </trkpt>
      <trkpt lat="48.1048783846199512481689453125" lon="-122.7632228471338748931884765625">
        <ele>-3.599999904632568359375</ele>
        <time>2026-09-22T00:16:14.000Z</time>
        <extensions>
          <ns3:TrackPointExtension>
            <ns3:hr>124</ns3:hr>
          </ns3:TrackPointExtension>
        </extensions>
      </trkpt>
      <trkpt lat="48.10487779788672924041748046875" lon="-122.763229049742221832275390625">
        <ele>-3.599999904632568359375</ele>
        <time>2026-09-22T00:16:23.000Z</time>
        <extensions>
          <ns3:TrackPointExtension>
            <ns3:hr>119</ns3:hr>
          </ns3:TrackPointExtension>
        </extensions>
      </trkpt>
      <trkpt lat="48.1048777140676975250244140625" lon="-122.76322980411350727081298828125">
        <ele>-3.599999904632568359375</ele>
        <time>2026-09-22T00:16:24.000Z</time>
        <extensions>
          <ns3:TrackPointExtension>
            <ns3:hr>114</ns3:hr>
          </ns3:TrackPointExtension>
        </extensions>
      </trkpt>
      <trkpt lat="48.10487754642963409423828125" lon="-122.7632312290370464324951171875">
        <ele>-3.599999904632568359375</ele>
        <time>2026-09-22T00:16:26.000Z</time>
        <extensions>
          <ns3:TrackPointExtension>
            <ns3:hr>111</ns3:hr>
          </ns3:TrackPointExtension>
        </extensions>
      </trkpt>
      <trkpt lat="48.104877211153507232666015625" lon="-122.76323567144572734832763671875">
        <ele>-3.599999904632568359375</ele>
        <time>2026-09-22T00:16:32.000Z</time>
        <extensions>
          <ns3:TrackPointExtension>
            <ns3:hr>114</ns3:hr>
          </ns3:TrackPointExtension>
        </extensions>
      </trkpt>
      <trkpt lat="48.10487687587738037109375" lon="-122.763239443302154541015625">
        <ele>-3.2000000476837158203125</ele>
        <time>2026-09-22T00:16:37.000Z</time>
        <extensions>
          <ns3:TrackPointExtension>
            <ns3:hr>121</ns3:hr>
          </ns3:TrackPointExtension>
        </extensions>
      </trkpt>
      <trkpt lat="48.10487687587738037109375" lon="-122.7632402814924716949462890625">
        <ele>-3.2000000476837158203125</ele>
        <time>2026-09-22T00:16:38.000Z</time>
        <extensions>
          <ns3:TrackPointExtension>
            <ns3:hr>127</ns3:hr>
          </ns3:TrackPointExtension>
        </extensions>
      </trkpt>
      <trkpt lat="48.10487679205834865570068359375" lon="-122.76324103586375713348388671875">
        <ele>-3.2000000476837158203125</ele>
        <time>2026-09-22T00:16:39.000Z</time>
        <extensions>
          <ns3:TrackPointExtension>
            <ns3:hr>135</ns3:hr>
          </ns3:TrackPointExtension>
        </extensions>
      </trkpt>
      <trkpt lat="48.1048767082393169403076171875" lon="-122.763241790235042572021484375">
        <ele>-3.2000000476837158203125</ele>
        <time>2026-09-22T00:16:40.000Z</time>
        <extensions>
          <ns3:TrackPointExtension>
            <ns3:hr>140</ns3:hr>
          </ns3:TrackPointExtension>
        </extensions>
      </trkpt>
      <trkpt lat="48.10487662442028522491455078125" lon="-122.76324254460632801055908203125">
        <ele>-3.2000000476837158203125</ele>
        <time>2026-09-22T00:16:41.000Z</time>
        <extensions>
          <ns3:TrackPointExtension>
            <ns3:hr>144</ns3:hr>
          </ns3:TrackPointExtension>
        </extensions>
      </trkpt>
      <trkpt lat="48.104876540601253509521484375" lon="-122.763244807720184326171875">
        <ele>-3.2000000476837158203125</ele>
        <time>2026-09-22T00:16:44.000Z</time>
        <extensions>
          <ns3:TrackPointExtension>
            <ns3:hr>147</ns3:hr>
          </ns3:TrackPointExtension>
        </extensions>
      </trkpt>
      <trkpt lat="48.10487620532512664794921875" lon="-122.76324941776692867279052734375">
        <ele>-3.2000000476837158203125</ele>
        <time>2026-09-22T00:16:50.000Z</time>
        <extensions>
          <ns3:TrackPointExtension>
            <ns3:hr>142</ns3:hr>
          </ns3:TrackPointExtension>
        </extensions>
      </trkpt>
      <trkpt lat="48.10487620532512664794921875" lon="-122.76325025595724582672119140625">
        <ele>-3.2000000476837158203125</ele>
        <time>2026-09-22T00:16:51.000Z</time>
        <extensions>
          <ns3:TrackPointExtension>
            <ns3:hr>138</ns3:hr>
          </ns3:TrackPointExtension>
        </extensions>
      </trkpt>
      <trkpt lat="48.10487612150609493255615234375" lon="-122.76325109414756298065185546875">
        <ele>-3.2000000476837158203125</ele>
        <time>2026-09-22T00:16:52.000Z</time>
        <extensions>
          <ns3:TrackPointExtension>
            <ns3:hr>133</ns3:hr>
          </ns3:TrackPointExtension>
        </extensions>
      </trkpt>
      <trkpt lat="48.10487612150609493255615234375" lon="-122.76325193233788013458251953125">
        <ele>-3.2000000476837158203125</ele>
        <time>2026-09-22T00:16:53.000Z</time>
        <extensions>
          <ns3:TrackPointExtension>
            <ns3:hr>130</ns3:hr>
          </ns3:TrackPointExtension>
        </extensions>
      </trkpt>
      <trkpt lat="48.1048760376870632171630859375" lon="-122.7632526867091655731201171875">
        <ele>-3.2000000476837158203125</ele>
        <time>2026-09-22T00:16:54.000Z</time>
        <extensions>
          <ns3:TrackPointExtension>
            <ns3:hr>133</ns3:hr>
          </ns3:TrackPointExtension>
        </extensions>
      </trkpt>
      <trkpt lat="48.1048757024109363555908203125" lon="-122.7632560394704341888427734375">
        <ele>-3.2000000476837158203125</ele>
        <time>2026-09-22T00:16:58.000Z</time>
        <extensions>
          <ns3:TrackPointExtension>
            <ns3:hr>130</ns3:hr>
          </ns3:TrackPointExtension>
        </extensions>
      </trkpt>
      <trkpt lat="48.1048753671348094940185546875" lon="-122.7632610686123371124267578125">
        <ele>-3.2000000476837158203125</ele>
        <time>2026-09-22T00:17:04.000Z</time>
        <extensions>
          <ns3:TrackPointExtension>
            <ns3:hr>127</ns3:hr>
          </ns3:TrackPointExtension>
        </extensions>
      </trkpt>
      <trkpt lat="48.10487494803965091705322265625" lon="-122.76326886378228664398193359375">
        <ele>-3.2000000476837158203125</ele>
        <time>2026-09-22T00:17:13.000Z</time>
        <extensions>
          <ns3:TrackPointExtension>
            <ns3:hr>124</ns3:hr>
          </ns3:TrackPointExtension>
        </extensions>
      </trkpt>
      <trkpt lat="48.10487478040158748626708984375" lon="-122.7632741443812847137451171875">
        <ele>-3.2000000476837158203125</ele>
        <time>2026-09-22T00:17:19.000Z</time>
        <extensions>
          <ns3:TrackPointExtension>
            <ns3:hr>121</ns3:hr>
          </ns3:TrackPointExtension>
        </extensions>
      </trkpt>
      <trkpt lat="48.10487478040158748626708984375" lon="-122.76327674277126789093017578125">
        <ele>-3</ele>
        <time>2026-09-22T00:17:22.000Z</time>
        <extensions>
          <ns3:TrackPointExtension>
            <ns3:hr>118</ns3:hr>
          </ns3:TrackPointExtension>
        </extensions>
      </trkpt>
      <trkpt lat="48.10487478040158748626708984375" lon="-122.7632795087993144989013671875">
        <ele>-3</ele>
        <time>2026-09-22T00:17:25.000Z</time>
        <extensions>
          <ns3:TrackPointExtension>
            <ns3:hr>115</ns3:hr>
          </ns3:TrackPointExtension>
        </extensions>
      </trkpt>
      <trkpt lat="48.10487486422061920166015625" lon="-122.76328126899898052215576171875">
        <ele>-3</ele>
        <time>2026-09-22T00:17:27.000Z</time>
        <extensions>
          <ns3:TrackPointExtension>
            <ns3:hr>111</ns3:hr>
          </ns3:TrackPointExtension>
        </extensions>
      </trkpt>
      <trkpt lat="48.10487478040158748626708984375" lon="-122.76328302919864654541015625">
        <ele>-3</ele>
        <time>2026-09-22T00:17:29.000Z</time>
        <extensions>
          <ns3:TrackPointExtension>
            <ns3:hr>108</ns3:hr>
          </ns3:TrackPointExtension>
        </extensions>
      </trkpt>
      <trkpt lat="48.10487461276352405548095703125" lon="-122.76329635642468929290771484375">
        <ele>-3</ele>
        <time>2026-09-22T00:17:44.000Z</time>
        <extensions>
          <ns3:TrackPointExtension>
            <ns3:hr>105</ns3:hr>
          </ns3:TrackPointExtension>
        </extensions>
      </trkpt>
      <trkpt lat="48.1048746965825557708740234375" lon="-122.76329803280532360076904296875">
        <ele>-3</ele>
        <time>2026-09-22T00:17:46.000Z</time>
        <extensions>
          <ns3:TrackPointExtension>
            <ns3:hr>99</ns3:hr>
          </ns3:TrackPointExtension>
        </extensions>
      </trkpt>
      <trkpt lat="48.1048746965825557708740234375" lon="-122.7632989548146724700927734375">
        <ele>-3</ele>
        <time>2026-09-22T00:17:47.000Z</time>
        <extensions>
          <ns3:TrackPointExtension>
            <ns3:hr>96</ns3:hr>
          </ns3:TrackPointExtension>
        </extensions>
      </trkpt>
      <trkpt lat="48.1048750318586826324462890625" lon="-122.76330582797527313232421875">
        <ele>-3</ele>
        <time>2026-09-22T00:17:55.000Z</time>
        <extensions>
          <ns3:TrackPointExtension>
            <ns3:hr>101</ns3:hr>
          </ns3:TrackPointExtension>
        </extensions>
      </trkpt>
      <trkpt lat="48.10487511567771434783935546875" lon="-122.76330758817493915557861328125">
        <ele>-3</ele>
        <time>2026-09-22T00:17:57.000Z</time>
        <extensions>
          <ns3:TrackPointExtension>
            <ns3:hr>104</ns3:hr>
          </ns3:TrackPointExtension>
        </extensions>
      </trkpt>
      <trkpt lat="48.104875870048999786376953125" lon="-122.76332099922001361846923828125">
        <ele>-3</ele>
        <time>2026-09-22T00:18:12.000Z</time>
        <extensions>
          <ns3:TrackPointExtension>
            <ns3:hr>107</ns3:hr>
          </ns3:TrackPointExtension>
        </extensions>
      </trkpt>
      <trkpt lat="48.10487628914415836334228515625" lon="-122.7633266150951385498046875">
        <ele>-3</ele>
        <time>2026-09-22T00:18:18.000Z</time>
        <extensions>
          <ns3:TrackPointExtension>
            <ns3:hr>103</ns3:hr>
          </ns3:TrackPointExtension>
        </extensions>
      </trkpt>
      <trkpt lat="48.1048763729631900787353515625" lon="-122.763327620923519134521484375">
        <ele>-3</ele>
        <time>2026-09-22T00:18:19.000Z</time>
        <extensions>
          <ns3:TrackPointExtension>
            <ns3:hr>99</ns3:hr>
          </ns3:TrackPointExtension>
        </extensions>
      </trkpt>
      <trkpt lat="48.10487645678222179412841796875" lon="-122.76332862675189971923828125">
        <ele>-3.2000000476837158203125</ele>
        <time>2026-09-22T00:18:20.000Z</time>
        <extensions>
          <ns3:TrackPointExtension>
            <ns3:hr>93</ns3:hr>
          </ns3:TrackPointExtension>
        </extensions>
      </trkpt>
      <trkpt lat="48.104876540601253509521484375" lon="-122.763329632580280303955078125">
        <ele>-3.2000000476837158203125</ele>
        <time>2026-09-22T00:18:21.000Z</time>
        <extensions>
          <ns3:TrackPointExtension>
            <ns3:hr>93</ns3:hr>
          </ns3:TrackPointExtension>
        </extensions>
      </trkpt>
      <trkpt lat="48.104877211153507232666015625" lon="-122.76333667337894439697265625">
        <ele>-3.2000000476837158203125</ele>
        <time>2026-09-22T00:18:28.000Z</time>
        <extensions>
          <ns3:TrackPointExtension>
            <ns3:hr>97</ns3:hr>
          </ns3:TrackPointExtension>
        </extensions>
      </trkpt>
      <trkpt lat="48.10487754642963409423828125" lon="-122.76333860121667385101318359375">
        <ele>-3.400000095367431640625</ele>
        <time>2026-09-22T00:18:30.000Z</time>
        <extensions>
          <ns3:TrackPointExtension>
            <ns3:hr>103</ns3:hr>
          </ns3:TrackPointExtension>
        </extensions>
      </trkpt>
      <trkpt lat="48.1048777140676975250244140625" lon="-122.76333960704505443572998046875">
        <ele>-3.599999904632568359375</ele>
        <time>2026-09-22T00:18:31.000Z</time>
        <extensions>
          <ns3:TrackPointExtension>
            <ns3:hr>109</ns3:hr>
          </ns3:TrackPointExtension>
        </extensions>
      </trkpt>
      <trkpt lat="48.104877881705760955810546875" lon="-122.76334061287343502044677734375">
        <ele>-3.599999904632568359375</ele>
        <time>2026-09-22T00:18:32.000Z</time>
        <extensions>
          <ns3:TrackPointExtension>
            <ns3:hr>112</ns3:hr>
          </ns3:TrackPointExtension>
        </extensions>
      </trkpt>
      <trkpt lat="48.1048750318586826324462890625" lon="-122.7637368254363536834716796875">
        <ele>-3.599999904632568359375</ele>
        <time>2026-09-22T00:18:53.000Z</time>
        <extensions>
          <ns3:TrackPointExtension>
            <ns3:hr>112</ns3:hr>
          </ns3:TrackPointExtension>
        </extensions>
      </trkpt>
      <trkpt lat="48.1048827432096004486083984375" lon="-122.76393254287540912628173828125">
        <ele>-3.400000095367431640625</ele>
        <time>2026-09-22T00:18:56.000Z</time>
        <extensions>
          <ns3:TrackPointExtension>
            <ns3:hr>117</ns3:hr>
          </ns3:TrackPointExtension>
        </extensions>
      </trkpt>
      <trkpt lat="48.10487209819257259368896484375" lon="-122.76398174464702606201171875">
        <ele>-3.400000095367431640625</ele>
        <time>2026-09-22T00:18:58.000Z</time>
        <extensions>
          <ns3:TrackPointExtension>
            <ns3:hr>119</ns3:hr>
          </ns3:TrackPointExtension>
        </extensions>
      </trkpt>
      <trkpt lat="48.10485131107270717620849609375" lon="-122.76395634748041629791259765625">
        <ele>-3.400000095367431640625</ele>
        <time>2026-09-22T00:19:02.000Z</time>
        <extensions>
          <ns3:TrackPointExtension>
            <ns3:hr>122</ns3:hr>
          </ns3:TrackPointExtension>
        </extensions>
      </trkpt>
      <trkpt lat="48.104842342436313629150390625" lon="-122.76394880376756191253662109375">
        <ele>-3.400000095367431640625</ele>
        <time>2026-09-22T00:19:04.000Z</time>
        <extensions>
          <ns3:TrackPointExtension>
            <ns3:hr>122</ns3:hr>
          </ns3:TrackPointExtension>
        </extensions>
      </trkpt>
      <trkpt lat="48.10480403713881969451904296875" lon="-122.76394109241664409637451171875">
        <ele>-3.400000095367431640625</ele>
        <time>2026-09-22T00:19:09.000Z</time>
        <extensions>
          <ns3:TrackPointExtension>
            <ns3:hr>124</ns3:hr>
          </ns3:TrackPointExtension>
        </extensions>
      </trkpt>
      <trkpt lat="48.10475659556686878204345703125" lon="-122.7639649808406829833984375">
        <ele>-3.400000095367431640625</ele>
        <time>2026-09-22T00:19:14.000Z</time>
        <extensions>
          <ns3:TrackPointExtension>
            <ns3:hr>124</ns3:hr>
          </ns3:TrackPointExtension>
        </extensions>
      </trkpt>
      <trkpt lat="48.104680739343166351318359375" lon="-122.76410236023366451263427734375">
        <ele>-3.400000095367431640625</ele>
        <time>2026-09-22T00:19:23.000Z</time>
        <extensions>
          <ns3:TrackPointExtension>
            <ns3:hr>124</ns3:hr>
          </ns3:TrackPointExtension>
        </extensions>
      </trkpt>
      <trkpt lat="48.1046604551374912261962890625" lon="-122.764199674129486083984375">
        <ele>-3.400000095367431640625</ele>
        <time>2026-09-22T00:19:28.000Z</time>
        <extensions>
          <ns3:TrackPointExtension>
            <ns3:hr>121</ns3:hr>
          </ns3:TrackPointExtension>
        </extensions>
      </trkpt>
      <trkpt lat="48.10465198941528797149658203125" lon="-122.7642404101788997650146484375">
        <ele>-3.400000095367431640625</ele>
        <time>2026-09-22T00:19:30.000Z</time>
        <extensions>
          <ns3:TrackPointExtension>
            <ns3:hr>114</ns3:hr>
          </ns3:TrackPointExtension>
        </extensions>
      </trkpt>
      <trkpt lat="48.104646541178226470947265625" lon="-122.7642813138663768768310546875">
        <ele>-3.400000095367431640625</ele>
        <time>2026-09-22T00:19:32.000Z</time>
        <extensions>
          <ns3:TrackPointExtension>
            <ns3:hr>109</ns3:hr>
          </ns3:TrackPointExtension>
        </extensions>
      </trkpt>
      <trkpt lat="48.10463908128440380096435546875" lon="-122.7643238939344882965087890625">
        <ele>-3.400000095367431640625</ele>
        <time>2026-09-22T00:19:34.000Z</time>
        <extensions>
          <ns3:TrackPointExtension>
            <ns3:hr>104</ns3:hr>
          </ns3:TrackPointExtension>
        </extensions>
      </trkpt>
      <trkpt lat="48.1046299450099468231201171875" lon="-122.76436739601194858551025390625">
        <ele>-3.400000095367431640625</ele>
        <time>2026-09-22T00:19:36.000Z</time>
        <extensions>
          <ns3:TrackPointExtension>
            <ns3:hr>101</ns3:hr>
          </ns3:TrackPointExtension>
        </extensions>
      </trkpt>
      <trkpt lat="48.1046158634126186370849609375" lon="-122.7644295059144496917724609375">
        <ele>-3.400000095367431640625</ele>
        <time>2026-09-22T00:19:39.000Z</time>
        <extensions>
          <ns3:TrackPointExtension>
            <ns3:hr>101</ns3:hr>
          </ns3:TrackPointExtension>
        </extensions>
      </trkpt>
      <trkpt lat="48.10459499247372150421142578125" lon="-122.76463829912245273590087890625">
        <ele>-3.599999904632568359375</ele>
        <time>2026-09-22T00:19:49.000Z</time>
        <extensions>
          <ns3:TrackPointExtension>
            <ns3:hr>101</ns3:hr>
          </ns3:TrackPointExtension>
        </extensions>
      </trkpt>
      <trkpt lat="48.1045940704643726348876953125" lon="-122.7647235430777072906494140625">
        <ele>-3.599999904632568359375</ele>
        <time>2026-09-22T00:19:53.000Z</time>
        <extensions>
          <ns3:TrackPointExtension>
            <ns3:hr>96</ns3:hr>
          </ns3:TrackPointExtension>
        </extensions>
      </trkpt>
      <trkpt lat="48.1045944057404994964599609375" lon="-122.76474642567336559295654296875">
        <ele>-3.599999904632568359375</ele>
        <time>2026-09-22T00:19:54.000Z</time>
        <extensions>
          <ns3:TrackPointExtension>
            <ns3:hr>89</ns3:hr>
          </ns3:TrackPointExtension>
        </extensions>
      </trkpt>
      <trkpt lat="48.1045947410166263580322265625" lon="-122.76476788334548473358154296875">
        <ele>-3.599999904632568359375</ele>
        <time>2026-09-22T00:19:55.000Z</time>
        <extensions>
          <ns3:TrackPointExtension>
            <ns3:hr>89</ns3:hr>
          </ns3:TrackPointExtension>
        </extensions>
      </trkpt>
      <trkpt lat="48.1046208925545215606689453125" lon="-122.764971144497394561767578125">
        <ele>-3.599999904632568359375</ele>
        <time>2026-09-22T00:20:04.000Z</time>
        <extensions>
          <ns3:TrackPointExtension>
            <ns3:hr>92</ns3:hr>
          </ns3:TrackPointExtension>
        </extensions>
      </trkpt>
      <trkpt lat="48.1046282686293125152587890625" lon="-122.7650588192045688629150390625">
        <ele>-3.7999999523162841796875</ele>
        <time>2026-09-22T00:20:08.000Z</time>
        <extensions>
          <ns3:TrackPointExtension>
            <ns3:hr>95</ns3:hr>
          </ns3:TrackPointExtension>
        </extensions>
      </trkpt>
      <trkpt lat="48.10463639907538890838623046875" lon="-122.7652804367244243621826171875">
        <ele>-3.7999999523162841796875</ele>
        <time>2026-09-22T00:20:18.000Z</time>
        <extensions>
          <ns3:TrackPointExtension>
            <ns3:hr>92</ns3:hr>
          </ns3:TrackPointExtension>
        </extensions>
      </trkpt>
      <trkpt lat="48.10463723726570606231689453125" lon="-122.7653025649487972259521484375">
        <ele>-3.7999999523162841796875</ele>
        <time>2026-09-22T00:20:19.000Z</time>
        <extensions>
          <ns3:TrackPointExtension>
            <ns3:hr>92</ns3:hr>
          </ns3:TrackPointExtension>
        </extensions>
      </trkpt>
      <trkpt lat="48.10464017093181610107421875" lon="-122.76543818414211273193359375">
        <ele>-3.7999999523162841796875</ele>
        <time>2026-09-22T00:20:25.000Z</time>
        <extensions>
          <ns3:TrackPointExtension>
            <ns3:hr>100</ns3:hr>
          </ns3:TrackPointExtension>
        </extensions>
      </trkpt>
      <trkpt lat="48.1046507321298122406005859375" lon="-122.7655426226556301116943359375">
        <ele>-4</ele>
        <time>2026-09-22T00:20:30.000Z</time>
        <extensions>
          <ns3:TrackPointExtension>
            <ns3:hr>97</ns3:hr>
          </ns3:TrackPointExtension>
        </extensions>
      </trkpt>
      <trkpt lat="48.1046500615775585174560546875" lon="-122.765622921288013458251953125">
        <ele>-3.7999999523162841796875</ele>
        <time>2026-09-22T00:20:34.000Z</time>
        <extensions>
          <ns3:TrackPointExtension>
            <ns3:hr>99</ns3:hr>
          </ns3:TrackPointExtension>
        </extensions>
      </trkpt>
      <trkpt lat="48.10466975905001163482666015625" lon="-122.765805311501026153564453125">
        <ele>-3.7999999523162841796875</ele>
        <time>2026-09-22T00:20:43.000Z</time>
        <extensions>
          <ns3:TrackPointExtension>
            <ns3:hr>102</ns3:hr>
          </ns3:TrackPointExtension>
        </extensions>
      </trkpt>
      <trkpt lat="48.104673363268375396728515625" lon="-122.7658259309828281402587890625">
        <ele>-3.7999999523162841796875</ele>
        <time>2026-09-22T00:20:44.000Z</time>
        <extensions>
          <ns3:TrackPointExtension>
            <ns3:hr>102</ns3:hr>
          </ns3:TrackPointExtension>
        </extensions>
      </trkpt>
      <trkpt lat="48.1046953238546848297119140625" lon="-122.76592056266963481903076171875">
        <ele>-4</ele>
        <time>2026-09-22T00:20:49.000Z</time>
        <extensions>
          <ns3:TrackPointExtension>
            <ns3:hr>101</ns3:hr>
          </ns3:TrackPointExtension>
        </extensions>
      </trkpt>
      <trkpt lat="48.1047087348997592926025390625" lon="-122.76595425792038440704345703125">
        <ele>-4.19999980926513671875</ele>
        <time>2026-09-22T00:20:51.000Z</time>
        <extensions>
          <ns3:TrackPointExtension>
            <ns3:hr>98</ns3:hr>
          </ns3:TrackPointExtension>
        </extensions>
      </trkpt>
      <trkpt lat="48.10473245568573474884033203125" lon="-122.7659980952739715576171875">
        <ele>-4.19999980926513671875</ele>
        <time>2026-09-22T00:20:54.000Z</time>
        <extensions>
          <ns3:TrackPointExtension>
            <ns3:hr>90</ns3:hr>
          </ns3:TrackPointExtension>
        </extensions>
      </trkpt>
      <trkpt lat="48.10474704019725322723388671875" lon="-122.76603925041854381561279296875">
        <ele>-4</ele>
        <time>2026-09-22T00:20:57.000Z</time>
        <extensions>
          <ns3:TrackPointExtension>
            <ns3:hr>94</ns3:hr>
          </ns3:TrackPointExtension>
        </extensions>
      </trkpt>
      <trkpt lat="48.10475776903331279754638671875" lon="-122.7660743705928325653076171875">
        <ele>-4</ele>
        <time>2026-09-22T00:21:01.000Z</time>
        <extensions>
          <ns3:TrackPointExtension>
            <ns3:hr>90</ns3:hr>
          </ns3:TrackPointExtension>
        </extensions>
      </trkpt>
      <trkpt lat="48.10476757586002349853515625" lon="-122.76608803309500217437744140625">
        <ele>-4.19999980926513671875</ele>
        <time>2026-09-22T00:21:03.000Z</time>
        <extensions>
          <ns3:TrackPointExtension>
            <ns3:hr>93</ns3:hr>
          </ns3:TrackPointExtension>
        </extensions>
      </trkpt>
      <trkpt lat="48.104772269725799560546875" lon="-122.76609574444591999053955078125">
        <ele>-4.19999980926513671875</ele>
        <time>2026-09-22T00:21:04.000Z</time>
        <extensions>
          <ns3:TrackPointExtension>
            <ns3:hr>94</ns3:hr>
          </ns3:TrackPointExtension>
        </extensions>
      </trkpt>
      <trkpt lat="48.10478341765701770782470703125" lon="-122.76611133478581905364990234375">
        <ele>-4</ele>
        <time>2026-09-22T00:21:07.000Z</time>
        <extensions>
          <ns3:TrackPointExtension>
            <ns3:hr>97</ns3:hr>
          </ns3:TrackPointExtension>
        </extensions>
      </trkpt>
      <trkpt lat="48.104790039360523223876953125" lon="-122.7661219798028469085693359375">
        <ele>-4</ele>
        <time>2026-09-22T00:21:10.000Z</time>
        <extensions>
          <ns3:TrackPointExtension>
            <ns3:hr>100</ns3:hr>
          </ns3:TrackPointExtension>
        </extensions>
      </trkpt>
      <trkpt lat="48.10479213483631610870361328125" lon="-122.7661256678402423858642578125">
        <ele>-4</ele>
        <time>2026-09-22T00:21:11.000Z</time>
        <extensions>
          <ns3:TrackPointExtension>
            <ns3:hr>103</ns3:hr>
          </ns3:TrackPointExtension>
        </extensions>
      </trkpt>
      <trkpt lat="48.10479565523564815521240234375" lon="-122.76613446883857250213623046875">
        <ele>-4</ele>
        <time>2026-09-22T00:21:13.000Z</time>
        <extensions>
          <ns3:TrackPointExtension>
            <ns3:hr>105</ns3:hr>
          </ns3:TrackPointExtension>
        </extensions>
      </trkpt>
      <trkpt lat="48.104804120957851409912109375" lon="-122.766144275665283203125">
        <ele>-3.7999999523162841796875</ele>
        <time>2026-09-22T00:21:15.000Z</time>
        <extensions>
          <ns3:TrackPointExtension>
            <ns3:hr>102</ns3:hr>
          </ns3:TrackPointExtension>
        </extensions>
      </trkpt>
      <trkpt lat="48.1048066355288028717041015625" lon="-122.76614871807396411895751953125">
        <ele>-3.7999999523162841796875</ele>
        <time>2026-09-22T00:21:16.000Z</time>
        <extensions>
          <ns3:TrackPointExtension>
            <ns3:hr>92</ns3:hr>
          </ns3:TrackPointExtension>
        </extensions>
      </trkpt>
      <trkpt lat="48.10480839572846889495849609375" lon="-122.7661509811878204345703125">
        <ele>-3.7999999523162841796875</ele>
        <time>2026-09-22T00:21:17.000Z</time>
        <extensions>
          <ns3:TrackPointExtension>
            <ns3:hr>94</ns3:hr>
          </ns3:TrackPointExtension>
        </extensions>
      </trkpt>
      <trkpt lat="48.104824908077716827392578125" lon="-122.7661605365574359893798828125">
        <ele>-3.599999904632568359375</ele>
        <time>2026-09-22T00:21:23.000Z</time>
        <extensions>
          <ns3:TrackPointExtension>
            <ns3:hr>92</ns3:hr>
          </ns3:TrackPointExtension>
        </extensions>
      </trkpt>
      <trkpt lat="48.104846365749835968017578125" lon="-122.76618341915309429168701171875">
        <ele>-3.599999904632568359375</ele>
        <time>2026-09-22T00:21:30.000Z</time>
        <extensions>
          <ns3:TrackPointExtension>
            <ns3:hr>96</ns3:hr>
          </ns3:TrackPointExtension>
        </extensions>
      </trkpt>
      <trkpt lat="48.1048508919775485992431640625" lon="-122.76618693955242633819580078125">
        <ele>-3.599999904632568359375</ele>
        <time>2026-09-22T00:21:31.000Z</time>
        <extensions>
          <ns3:TrackPointExtension>
            <ns3:hr>106</ns3:hr>
          </ns3:TrackPointExtension>
        </extensions>
      </trkpt>
      <trkpt lat="48.1048540771007537841796875" lon="-122.76619146578013896942138671875">
        <ele>-3.400000095367431640625</ele>
        <time>2026-09-22T00:21:32.000Z</time>
        <extensions>
          <ns3:TrackPointExtension>
            <ns3:hr>106</ns3:hr>
          </ns3:TrackPointExtension>
        </extensions>
      </trkpt>
      <trkpt lat="48.1048552505671977996826171875" lon="-122.76619465090334415435791015625">
        <ele>-3.400000095367431640625</ele>
        <time>2026-09-22T00:21:33.000Z</time>
        <extensions>
          <ns3:TrackPointExtension>
            <ns3:hr>107</ns3:hr>
          </ns3:TrackPointExtension>
        </extensions>
      </trkpt>
      <trkpt lat="48.10485600493848323822021484375" lon="-122.7662131749093532562255859375">
        <ele>-3.2000000476837158203125</ele>
        <time>2026-09-22T00:21:38.000Z</time>
        <extensions>
          <ns3:TrackPointExtension>
            <ns3:hr>110</ns3:hr>
          </ns3:TrackPointExtension>
        </extensions>
      </trkpt>
      <trkpt lat="48.1048710085451602935791015625" lon="-122.76625491678714752197265625">
        <ele>-3</ele>
        <time>2026-09-22T00:21:45.000Z</time>
        <extensions>
          <ns3:TrackPointExtension>
            <ns3:hr>113</ns3:hr>
          </ns3:TrackPointExtension>
        </extensions>
      </trkpt>
      <trkpt lat="48.10487779788672924041748046875" lon="-122.76626723818480968475341796875">
        <ele>-3.2000000476837158203125</ele>
        <time>2026-09-22T00:21:48.000Z</time>
        <extensions>
          <ns3:TrackPointExtension>
            <ns3:hr>113</ns3:hr>
          </ns3:TrackPointExtension>
        </extensions>
      </trkpt>
      <trkpt lat="48.10488383285701274871826171875" lon="-122.7662869356572628021240234375">
        <ele>-3.400000095367431640625</ele>
        <time>2026-09-22T00:21:52.000Z</time>
        <extensions>
          <ns3:TrackPointExtension>
            <ns3:hr>102</ns3:hr>
          </ns3:TrackPointExtension>
        </extensions>
      </trkpt>
      <trkpt lat="48.10488567687571048736572265625" lon="-122.76628785766661167144775390625">
        <ele>-3.400000095367431640625</ele>
        <time>2026-09-22T00:21:53.000Z</time>
        <extensions>
          <ns3:TrackPointExtension>
            <ns3:hr>98</ns3:hr>
          </ns3:TrackPointExtension>
        </extensions>
      </trkpt>
      <trkpt lat="48.1048891134560108184814453125" lon="-122.7662904560565948486328125">
        <ele>-3.2000000476837158203125</ele>
        <time>2026-09-22T00:21:54.000Z</time>
        <extensions>
          <ns3:TrackPointExtension>
            <ns3:hr>94</ns3:hr>
          </ns3:TrackPointExtension>
        </extensions>
      </trkpt>
      <trkpt lat="48.10490260832011699676513671875" lon="-122.76629984378814697265625">
        <ele>-3.2000000476837158203125</ele>
        <time>2026-09-22T00:21:57.000Z</time>
        <extensions>
          <ns3:TrackPointExtension>
            <ns3:hr>91</ns3:hr>
          </ns3:TrackPointExtension>
        </extensions>
      </trkpt>
      <trkpt lat="48.10490663163363933563232421875" lon="-122.76630177162587642669677734375">
        <ele>-3.2000000476837158203125</ele>
        <time>2026-09-22T00:21:58.000Z</time>
        <extensions>
          <ns3:TrackPointExtension>
            <ns3:hr>88</ns3:hr>
          </ns3:TrackPointExtension>
        </extensions>
      </trkpt>
      <trkpt lat="48.1049092300236225128173828125" lon="-122.76630428619682788848876953125">
        <ele>-3.2000000476837158203125</ele>
        <time>2026-09-22T00:21:59.000Z</time>
        <extensions>
          <ns3:TrackPointExtension>
            <ns3:hr>85</ns3:hr>
          </ns3:TrackPointExtension>
        </extensions>
      </trkpt>
      <trkpt lat="48.1049125827848911285400390625" lon="-122.76630680076777935028076171875">
        <ele>-3.2000000476837158203125</ele>
        <time>2026-09-22T00:22:00.000Z</time>
        <extensions>
          <ns3:TrackPointExtension>
            <ns3:hr>86</ns3:hr>
          </ns3:TrackPointExtension>
        </extensions>
      </trkpt>
      <trkpt lat="48.1049264967441558837890625" lon="-122.76632322929799556732177734375">
        <ele>-3.2000000476837158203125</ele>
        <time>2026-09-22T00:22:03.000Z</time>
        <extensions>
          <ns3:TrackPointExtension>
            <ns3:hr>89</ns3:hr>
          </ns3:TrackPointExtension>
        </extensions>
      </trkpt>
      <trkpt lat="48.10493043623864650726318359375" lon="-122.7663280069828033447265625">
        <ele>-3.2000000476837158203125</ele>
        <time>2026-09-22T00:22:04.000Z</time>
        <extensions>
          <ns3:TrackPointExtension>
            <ns3:hr>101</ns3:hr>
          </ns3:TrackPointExtension>
        </extensions>
      </trkpt>
      <trkpt lat="48.104940243065357208251953125" lon="-122.7663419209420680999755859375">
        <ele>-3.400000095367431640625</ele>
        <time>2026-09-22T00:22:07.000Z</time>
        <extensions>
          <ns3:TrackPointExtension>
            <ns3:hr>104</ns3:hr>
          </ns3:TrackPointExtension>
        </extensions>
      </trkpt>
      <trkpt lat="48.10495507903397083282470703125" lon="-122.7663601934909820556640625">
        <ele>-3.400000095367431640625</ele>
        <time>2026-09-22T00:22:11.000Z</time>
        <extensions>
          <ns3:TrackPointExtension>
            <ns3:hr>107</ns3:hr>
          </ns3:TrackPointExtension>
        </extensions>
      </trkpt>
      <trkpt lat="48.10498483479022979736328125" lon="-122.7664004266262054443359375">
        <ele>-3.2000000476837158203125</ele>
        <time>2026-09-22T00:22:20.000Z</time>
        <extensions>
          <ns3:TrackPointExtension>
            <ns3:hr>108</ns3:hr>
          </ns3:TrackPointExtension>
        </extensions>
      </trkpt>
      <trkpt lat="48.1049860082566738128662109375" lon="-122.7664096467196941375732421875">
        <ele>-3.2000000476837158203125</ele>
        <time>2026-09-22T00:22:21.000Z</time>
        <extensions>
          <ns3:TrackPointExtension>
            <ns3:hr>113</ns3:hr>
          </ns3:TrackPointExtension>
        </extensions>
      </trkpt>
      <trkpt lat="48.1049876846373081207275390625" lon="-122.76641844771802425384521484375">
        <ele>-3.2000000476837158203125</ele>
        <time>2026-09-22T00:22:22.000Z</time>
        <extensions>
          <ns3:TrackPointExtension>
            <ns3:hr>117</ns3:hr>
          </ns3:TrackPointExtension>
        </extensions>
      </trkpt>
      <trkpt lat="48.1049880199134349822998046875" lon="-122.76642129756510257720947265625">
        <ele>-3.2000000476837158203125</ele>
        <time>2026-09-22T00:22:23.000Z</time>
        <extensions>
          <ns3:TrackPointExtension>
            <ns3:hr>120</ns3:hr>
          </ns3:TrackPointExtension>
        </extensions>
      </trkpt>
      <trkpt lat="48.1049903668463230133056640625" lon="-122.76642163284122943878173828125">
        <ele>-3.2000000476837158203125</ele>
        <time>2026-09-22T00:22:25.000Z</time>
        <extensions>
          <ns3:TrackPointExtension>
            <ns3:hr>123</ns3:hr>
          </ns3:TrackPointExtension>
        </extensions>
      </trkpt>
      <trkpt lat="48.1049964018166065216064453125" lon="-122.76642146520316600799560546875">
        <ele>-3.2000000476837158203125</ele>
        <time>2026-09-22T00:22:27.000Z</time>
        <extensions>
          <ns3:TrackPointExtension>
            <ns3:hr>123</ns3:hr>
          </ns3:TrackPointExtension>
        </extensions>
      </trkpt>
      <trkpt lat="48.10500503517687320709228515625" lon="-122.76642699725925922393798828125">
        <ele>-3.2000000476837158203125</ele>
        <time>2026-09-22T00:22:31.000Z</time>
        <extensions>
          <ns3:TrackPointExtension>
            <ns3:hr>120</ns3:hr>
          </ns3:TrackPointExtension>
        </extensions>
      </trkpt>
      <trkpt lat="48.1050108186900615692138671875" lon="-122.76642791926860809326171875">
        <ele>-3.400000095367431640625</ele>
        <time>2026-09-22T00:22:34.000Z</time>
        <extensions>
          <ns3:TrackPointExtension>
            <ns3:hr>121</ns3:hr>
          </ns3:TrackPointExtension>
        </extensions>
      </trkpt>
      <trkpt lat="48.10501157306134700775146484375" lon="-122.76643051765859127044677734375">
        <ele>-3.2000000476837158203125</ele>
        <time>2026-09-22T00:22:40.000Z</time>
        <extensions>
          <ns3:TrackPointExtension>
            <ns3:hr>116</ns3:hr>
          </ns3:TrackPointExtension>
        </extensions>
      </trkpt>
      <trkpt lat="48.10501157306134700775146484375" lon="-122.76643051765859127044677734375">
        <ele>-3.2000000476837158203125</ele>
        <time>2026-09-22T00:22:41.000Z</time>
        <extensions>
          <ns3:TrackPointExtension>
            <ns3:hr>105</ns3:hr>
          </ns3:TrackPointExtension>
        </extensions>
      </trkpt>
      <trkpt lat="48.10501157306134700775146484375" lon="-122.76643051765859127044677734375">
        <ele>-3.2000000476837158203125</ele>
        <time>2026-09-22T00:22:42.000Z</time>
        <extensions>
          <ns3:TrackPointExtension>
            <ns3:hr>100</ns3:hr>
          </ns3:TrackPointExtension>
        </extensions>
      </trkpt>
      <trkpt lat="48.10501157306134700775146484375" lon="-122.76643051765859127044677734375">
        <ele>-3.2000000476837158203125</ele>
        <time>2026-09-22T00:22:43.000Z</time>
        <extensions>
          <ns3:TrackPointExtension>
            <ns3:hr>102</ns3:hr>
          </ns3:TrackPointExtension>
        </extensions>
      </trkpt>
      <trkpt lat="48.10501157306134700775146484375" lon="-122.76643051765859127044677734375">
        <ele>-3.2000000476837158203125</ele>
        <time>2026-09-22T00:22:44.000Z</time>
        <extensions>
          <ns3:TrackPointExtension>
            <ns3:hr>94</ns3:hr>
          </ns3:TrackPointExtension>
        </extensions>
      </trkpt>
      <trkpt lat="48.1050111539661884307861328125" lon="-122.76643051765859127044677734375">
        <ele>-3.2000000476837158203125</ele>
        <time>2026-09-22T00:22:45.000Z</time>
        <extensions>
          <ns3:TrackPointExtension>
            <ns3:hr>89</ns3:hr>
          </ns3:TrackPointExtension>
        </extensions>
      </trkpt>
      <trkpt lat="48.10501107014715671539306640625" lon="-122.76643051765859127044677734375">
        <ele>-3.2000000476837158203125</ele>
        <time>2026-09-22T00:22:46.000Z</time>
        <extensions>
          <ns3:TrackPointExtension>
            <ns3:hr>89</ns3:hr>
          </ns3:TrackPointExtension>
        </extensions>
      </trkpt>
      <trkpt lat="48.10500252060592174530029296875" lon="-122.76643454097211360931396484375">
        <ele>-3</ele>
        <time>2026-09-22T00:22:54.000Z</time>
        <extensions>
          <ns3:TrackPointExtension>
            <ns3:hr>90</ns3:hr>
          </ns3:TrackPointExtension>
        </extensions>
      </trkpt>
      <trkpt lat="48.10499950312077999114990234375" lon="-122.76644535362720489501953125">
        <ele>-3</ele>
        <time>2026-09-22T00:22:58.000Z</time>
        <extensions>
          <ns3:TrackPointExtension>
            <ns3:hr>95</ns3:hr>
          </ns3:TrackPointExtension>
        </extensions>
      </trkpt>
      <trkpt lat="48.10499296523630619049072265625" lon="-122.76645650155842304229736328125">
        <ele>-3</ele>
        <time>2026-09-22T00:22:59.000Z</time>
        <extensions>
          <ns3:TrackPointExtension>
            <ns3:hr>98</ns3:hr>
          </ns3:TrackPointExtension>
        </extensions>
      </trkpt>
      <trkpt lat="48.1049806438386440277099609375" lon="-122.76648114435374736785888671875">
        <ele>-3</ele>
        <time>2026-09-22T00:23:00.000Z</time>
        <extensions>
          <ns3:TrackPointExtension>
            <ns3:hr>98</ns3:hr>
          </ns3:TrackPointExtension>
        </extensions>
      </trkpt>
      <trkpt lat="48.10494837351143360137939453125" lon="-122.766543589532375335693359375">
        <ele>-3.2000000476837158203125</ele>
        <time>2026-09-22T00:23:03.000Z</time>
        <extensions>
          <ns3:TrackPointExtension>
            <ns3:hr>101</ns3:hr>
          </ns3:TrackPointExtension>
        </extensions>
      </trkpt>
      <trkpt lat="48.104938901960849761962890625" lon="-122.76656068861484527587890625">
        <ele>-3.2000000476837158203125</ele>
        <time>2026-09-22T00:23:04.000Z</time>
        <extensions>
          <ns3:TrackPointExtension>
            <ns3:hr>102</ns3:hr>
          </ns3:TrackPointExtension>
        </extensions>
      </trkpt>
      <trkpt lat="48.1048797257244586944580078125" lon="-122.766630090773105621337890625">
        <ele>-3.400000095367431640625</ele>
        <time>2026-09-22T00:23:11.000Z</time>
        <extensions>
          <ns3:TrackPointExtension>
            <ns3:hr>104</ns3:hr>
          </ns3:TrackPointExtension>
        </extensions>
      </trkpt>
      <trkpt lat="48.10485382564365863800048828125" lon="-122.76665381155908107757568359375">
        <ele>-3.400000095367431640625</ele>
        <time>2026-09-22T00:23:17.000Z</time>
        <extensions>
          <ns3:TrackPointExtension>
            <ns3:hr>101</ns3:hr>
          </ns3:TrackPointExtension>
        </extensions>
      </trkpt>
      <trkpt lat="48.104841001331806182861328125" lon="-122.76666252873837947845458984375">
        <ele>-3.400000095367431640625</ele>
        <time>2026-09-22T00:23:20.000Z</time>
        <extensions>
          <ns3:TrackPointExtension>
            <ns3:hr>98</ns3:hr>
          </ns3:TrackPointExtension>
        </extensions>
      </trkpt>
      <trkpt lat="48.1048123352229595184326171875" lon="-122.76667811907827854156494140625">
        <ele>-3</ele>
        <time>2026-09-22T00:23:24.000Z</time>
        <extensions>
          <ns3:TrackPointExtension>
            <ns3:hr>95</ns3:hr>
          </ns3:TrackPointExtension>
        </extensions>
      </trkpt>
      <trkpt lat="48.1048039533197879791259765625" lon="-122.7666909433901309967041015625">
        <ele>-3</ele>
        <time>2026-09-22T00:23:25.000Z</time>
        <extensions>
          <ns3:TrackPointExtension>
            <ns3:hr>93</ns3:hr>
          </ns3:TrackPointExtension>
        </extensions>
      </trkpt>
      <trkpt lat="48.10475994832813739776611328125" lon="-122.76673092506825923919677734375">
        <ele>-3</ele>
        <time>2026-09-22T00:23:30.000Z</time>
        <extensions>
          <ns3:TrackPointExtension>
            <ns3:hr>97</ns3:hr>
          </ns3:TrackPointExtension>
        </extensions>
      </trkpt>
      <trkpt lat="48.10474050231277942657470703125" lon="-122.76674618013203144073486328125">
        <ele>-3.2000000476837158203125</ele>
        <time>2026-09-22T00:23:32.000Z</time>
        <extensions>
          <ns3:TrackPointExtension>
            <ns3:hr>100</ns3:hr>
          </ns3:TrackPointExtension>
        </extensions>
      </trkpt>
      <trkpt lat="48.10473362915217876434326171875" lon="-122.76675389148294925689697265625">
        <ele>-3.2000000476837158203125</ele>
        <time>2026-09-22T00:23:33.000Z</time>
        <extensions>
          <ns3:TrackPointExtension>
            <ns3:hr>100</ns3:hr>
          </ns3:TrackPointExtension>
        </extensions>
      </trkpt>
      <trkpt lat="48.10462784953415393829345703125" lon="-122.7668465115129947662353515625">
        <ele>-3.2000000476837158203125</ele>
        <time>2026-09-22T00:23:44.000Z</time>
        <extensions>
          <ns3:TrackPointExtension>
            <ns3:hr>96</ns3:hr>
          </ns3:TrackPointExtension>
        </extensions>
      </trkpt>
      <trkpt lat="48.1046168692409992218017578125" lon="-122.76685581542551517486572265625">
        <ele>-3.2000000476837158203125</ele>
        <time>2026-09-22T00:23:45.000Z</time>
        <extensions>
          <ns3:TrackPointExtension>
            <ns3:hr>91</ns3:hr>
          </ns3:TrackPointExtension>
        </extensions>
      </trkpt>
      <trkpt lat="48.104596249759197235107421875" lon="-122.76687006466090679168701171875">
        <ele>-3.2000000476837158203125</ele>
        <time>2026-09-22T00:23:47.000Z</time>
        <extensions>
          <ns3:TrackPointExtension>
            <ns3:hr>88</ns3:hr>
          </ns3:TrackPointExtension>
        </extensions>
      </trkpt>
      <trkpt lat="48.1045803241431713104248046875" lon="-122.76688699610531330108642578125">
        <ele>-3</ele>
        <time>2026-09-22T00:23:49.000Z</time>
        <extensions>
          <ns3:TrackPointExtension>
            <ns3:hr>88</ns3:hr>
          </ns3:TrackPointExtension>
        </extensions>
      </trkpt>
      <trkpt lat="48.10451435856521129608154296875" lon="-122.76693427003920078277587890625">
        <ele>-3</ele>
        <time>2026-09-22T00:23:56.000Z</time>
        <extensions>
          <ns3:TrackPointExtension>
            <ns3:hr>85</ns3:hr>
          </ns3:TrackPointExtension>
        </extensions>
      </trkpt>
      <trkpt lat="48.1044981814920902252197265625" lon="-122.76694701053202152252197265625">
        <ele>-3</ele>
        <time>2026-09-22T00:23:58.000Z</time>
        <extensions>
          <ns3:TrackPointExtension>
            <ns3:hr>83</ns3:hr>
          </ns3:TrackPointExtension>
        </extensions>
      </trkpt>
      <trkpt lat="48.1044167093932628631591796875" lon="-122.76701800525188446044921875">
        <ele>-3</ele>
        <time>2026-09-22T00:24:09.000Z</time>
        <extensions>
          <ns3:TrackPointExtension>
            <ns3:hr>86</ns3:hr>
          </ns3:TrackPointExtension>
        </extensions>
      </trkpt>
      <trkpt lat="48.10439064167439937591552734375" lon="-122.76702747680246829986572265625">
        <ele>-3</ele>
        <time>2026-09-22T00:24:12.000Z</time>
        <extensions>
          <ns3:TrackPointExtension>
            <ns3:hr>82</ns3:hr>
          </ns3:TrackPointExtension>
        </extensions>
      </trkpt>
      <trkpt lat="48.1043791584670543670654296875" lon="-122.76703988201916217803955078125">
        <ele>-3</ele>
        <time>2026-09-22T00:24:14.000Z</time>
        <extensions>
          <ns3:TrackPointExtension>
            <ns3:hr>79</ns3:hr>
          </ns3:TrackPointExtension>
        </extensions>
      </trkpt>
      <trkpt lat="48.10435795225203037261962890625" lon="-122.767059914767742156982421875">
        <ele>-3</ele>
        <time>2026-09-22T00:24:17.000Z</time>
        <extensions>
          <ns3:TrackPointExtension>
            <ns3:hr>84</ns3:hr>
          </ns3:TrackPointExtension>
        </extensions>
      </trkpt>
      <trkpt lat="48.1043513305485248565673828125" lon="-122.76706770993769168853759765625">
        <ele>-3</ele>
        <time>2026-09-22T00:24:18.000Z</time>
        <extensions>
          <ns3:TrackPointExtension>
            <ns3:hr>89</ns3:hr>
          </ns3:TrackPointExtension>
        </extensions>
      </trkpt>
      <trkpt lat="48.10434420593082904815673828125" lon="-122.7670751698315143585205078125">
        <ele>-3</ele>
        <time>2026-09-22T00:24:19.000Z</time>
        <extensions>
          <ns3:TrackPointExtension>
            <ns3:hr>93</ns3:hr>
          </ns3:TrackPointExtension>
        </extensions>
      </trkpt>
      <trkpt lat="48.10432777740061283111572265625" lon="-122.767090760171413421630859375">
        <ele>-3.2000000476837158203125</ele>
        <time>2026-09-22T00:24:21.000Z</time>
        <extensions>
          <ns3:TrackPointExtension>
            <ns3:hr>96</ns3:hr>
          </ns3:TrackPointExtension>
        </extensions>
      </trkpt>
      <trkpt lat="48.10431830585002899169921875" lon="-122.76709604077041149139404296875">
        <ele>-3.2000000476837158203125</ele>
        <time>2026-09-22T00:24:22.000Z</time>
        <extensions>
          <ns3:TrackPointExtension>
            <ns3:hr>97</ns3:hr>
          </ns3:TrackPointExtension>
        </extensions>
      </trkpt>
      <trkpt lat="48.10427279211580753326416015625" lon="-122.767131328582763671875">
        <ele>-3</ele>
        <time>2026-09-22T00:24:27.000Z</time>
        <extensions>
          <ns3:TrackPointExtension>
            <ns3:hr>92</ns3:hr>
          </ns3:TrackPointExtension>
        </extensions>
      </trkpt>
      <trkpt lat="48.10419014655053615570068359375" lon="-122.7672122977674007415771484375">
        <ele>-3</ele>
        <time>2026-09-22T00:24:36.000Z</time>
        <extensions>
          <ns3:TrackPointExtension>
            <ns3:hr>90</ns3:hr>
          </ns3:TrackPointExtension>
        </extensions>
      </trkpt>
      <trkpt lat="48.10408369638025760650634765625" lon="-122.76732838712632656097412109375">
        <ele>-3</ele>
        <time>2026-09-22T00:24:47.000Z</time>
        <extensions>
          <ns3:TrackPointExtension>
            <ns3:hr>91</ns3:hr>
          </ns3:TrackPointExtension>
        </extensions>
      </trkpt>
      <trkpt lat="48.10403256677091121673583984375" lon="-122.7674251981079578399658203125">
        <ele>1</ele>
        <time>2026-09-22T00:24:54.000Z</time>
        <extensions>
          <ns3:TrackPointExtension>
            <ns3:hr>92</ns3:hr>
          </ns3:TrackPointExtension>
        </extensions>
      </trkpt>
      <trkpt lat="48.104041032493114471435546875" lon="-122.7674510143697261810302734375">
        <ele>1</ele>
        <time>2026-09-22T00:24:56.000Z</time>
        <extensions>
          <ns3:TrackPointExtension>
            <ns3:hr>92</ns3:hr>
          </ns3:TrackPointExtension>
        </extensions>
      </trkpt>
      <trkpt lat="48.10405452735722064971923828125" lon="-122.76746367104351520538330078125">
        <ele>-1.39999997615814208984375</ele>
        <time>2026-09-22T00:24:58.000Z</time>
        <extensions>
          <ns3:TrackPointExtension>
            <ns3:hr>92</ns3:hr>
          </ns3:TrackPointExtension>
        </extensions>
      </trkpt>
      <trkpt lat="48.1040613166987895965576171875" lon="-122.767468281090259552001953125">
        <ele>-3</ele>
        <time>2026-09-22T00:24:59.000Z</time>
        <extensions>
          <ns3:TrackPointExtension>
            <ns3:hr>93</ns3:hr>
          </ns3:TrackPointExtension>
        </extensions>
      </trkpt>
      <trkpt lat="48.10409576632082462310791015625" lon="-122.76748294942080974578857421875">
        <ele>-3.7999999523162841796875</ele>
        <time>2026-09-22T00:25:03.000Z</time>
        <extensions>
          <ns3:TrackPointExtension>
            <ns3:hr>96</ns3:hr>
          </ns3:TrackPointExtension>
        </extensions>
      </trkpt>
      <trkpt lat="48.10413314960896968841552734375" lon="-122.76750591583549976348876953125">
        <ele>-3.2000000476837158203125</ele>
        <time>2026-09-22T00:25:07.000Z</time>
        <extensions>
          <ns3:TrackPointExtension>
            <ns3:hr>91</ns3:hr>
          </ns3:TrackPointExtension>
        </extensions>
      </trkpt>
      <trkpt lat="48.10414069332182407379150390625" lon="-122.76750960387289524078369140625">
        <ele>-3.2000000476837158203125</ele>
        <time>2026-09-22T00:25:08.000Z</time>
        <extensions>
          <ns3:TrackPointExtension>
            <ns3:hr>81</ns3:hr>
          </ns3:TrackPointExtension>
        </extensions>
      </trkpt>
      <trkpt lat="48.10417707078158855438232421875" lon="-122.76753944344818592071533203125">
        <ele>-3.2000000476837158203125</ele>
        <time>2026-09-22T00:25:13.000Z</time>
        <extensions>
          <ns3:TrackPointExtension>
            <ns3:hr>85</ns3:hr>
          </ns3:TrackPointExtension>
        </extensions>
      </trkpt>
      <trkpt lat="48.10418511740863323211669921875" lon="-122.7675458975136280059814453125">
        <ele>-3.2000000476837158203125</ele>
        <time>2026-09-22T00:25:14.000Z</time>
        <extensions>
          <ns3:TrackPointExtension>
            <ns3:hr>88</ns3:hr>
          </ns3:TrackPointExtension>
        </extensions>
      </trkpt>
      <trkpt lat="48.1041950918734073638916015625" lon="-122.767551429569721221923828125">
        <ele>-3.2000000476837158203125</ele>
        <time>2026-09-22T00:25:15.000Z</time>
        <extensions>
          <ns3:TrackPointExtension>
            <ns3:hr>92</ns3:hr>
          </ns3:TrackPointExtension>
        </extensions>
      </trkpt>
      <trkpt lat="48.104213364422321319580078125" lon="-122.76756391860544681549072265625">
        <ele>-3.2000000476837158203125</ele>
        <time>2026-09-22T00:25:17.000Z</time>
        <extensions>
          <ns3:TrackPointExtension>
            <ns3:hr>96</ns3:hr>
          </ns3:TrackPointExtension>
        </extensions>
      </trkpt>
      <trkpt lat="48.1042333133518695831298828125" lon="-122.767576240003108978271484375">
        <ele>-3.2000000476837158203125</ele>
        <time>2026-09-22T00:25:19.000Z</time>
        <extensions>
          <ns3:TrackPointExtension>
            <ns3:hr>100</ns3:hr>
          </ns3:TrackPointExtension>
        </extensions>
      </trkpt>
      <trkpt lat="48.10426105745136737823486328125" lon="-122.76760783977806568145751953125">
        <ele>-3.2000000476837158203125</ele>
        <time>2026-09-22T00:25:24.000Z</time>
        <extensions>
          <ns3:TrackPointExtension>
            <ns3:hr>101</ns3:hr>
          </ns3:TrackPointExtension>
        </extensions>
      </trkpt>
      <trkpt lat="48.10430028475821018218994140625" lon="-122.7676454745233058929443359375">
        <ele>-3.2000000476837158203125</ele>
        <time>2026-09-22T00:25:31.000Z</time>
        <extensions>
          <ns3:TrackPointExtension>
            <ns3:hr>96</ns3:hr>
          </ns3:TrackPointExtension>
        </extensions>
      </trkpt>
      <trkpt lat="48.10435711406171321868896484375" lon="-122.767686210572719573974609375">
        <ele>-3.2000000476837158203125</ele>
        <time>2026-09-22T00:25:38.000Z</time>
        <extensions>
          <ns3:TrackPointExtension>
            <ns3:hr>95</ns3:hr>
          </ns3:TrackPointExtension>
        </extensions>
      </trkpt>
      <trkpt lat="48.10444881208240985870361328125" lon="-122.767737843096256256103515625">
        <ele>-3.2000000476837158203125</ele>
        <time>2026-09-22T00:25:49.000Z</time>
        <extensions>
          <ns3:TrackPointExtension>
            <ns3:hr>93</ns3:hr>
          </ns3:TrackPointExtension>
        </extensions>
      </trkpt>
      <trkpt lat="48.104543946683406829833984375" lon="-122.76784974150359630584716796875">
        <ele>-3.2000000476837158203125</ele>
        <time>2026-09-22T00:26:01.000Z</time>
        <extensions>
          <ns3:TrackPointExtension>
            <ns3:hr>92</ns3:hr>
          </ns3:TrackPointExtension>
        </extensions>
      </trkpt>
      <trkpt lat="48.10459616594016551971435546875" lon="-122.76793666183948516845703125">
        <ele>-3.2000000476837158203125</ele>
        <time>2026-09-22T00:26:12.000Z</time>
        <extensions>
          <ns3:TrackPointExtension>
            <ns3:hr>89</ns3:hr>
          </ns3:TrackPointExtension>
        </extensions>
      </trkpt>
      <trkpt lat="48.10461091808974742889404296875" lon="-122.76795786805450916290283203125">
        <ele>-3.2000000476837158203125</ele>
        <time>2026-09-22T00:26:15.000Z</time>
        <extensions>
          <ns3:TrackPointExtension>
            <ns3:hr>88</ns3:hr>
          </ns3:TrackPointExtension>
        </extensions>
      </trkpt>
      <trkpt lat="48.10461997054517269134521484375" lon="-122.76797077618539333343505859375">
        <ele>-3.2000000476837158203125</ele>
        <time>2026-09-22T00:26:17.000Z</time>
        <extensions>
          <ns3:TrackPointExtension>
            <ns3:hr>84</ns3:hr>
          </ns3:TrackPointExtension>
        </extensions>
      </trkpt>
      <trkpt lat="48.1046232394874095916748046875" lon="-122.76797647587954998016357421875">
        <ele>-3.2000000476837158203125</ele>
        <time>2026-09-22T00:26:18.000Z</time>
        <extensions>
          <ns3:TrackPointExtension>
            <ns3:hr>81</ns3:hr>
          </ns3:TrackPointExtension>
        </extensions>
      </trkpt>
      <trkpt lat="48.1046322919428348541259765625" lon="-122.767992317676544189453125">
        <ele>-3.2000000476837158203125</ele>
        <time>2026-09-22T00:26:20.000Z</time>
        <extensions>
          <ns3:TrackPointExtension>
            <ns3:hr>77</ns3:hr>
          </ns3:TrackPointExtension>
        </extensions>
      </trkpt>
      <trkpt lat="48.104673363268375396728515625" lon="-122.76802877895534038543701171875">
        <ele>-3.2000000476837158203125</ele>
        <time>2026-09-22T00:26:26.000Z</time>
        <extensions>
          <ns3:TrackPointExtension>
            <ns3:hr>81</ns3:hr>
          </ns3:TrackPointExtension>
        </extensions>
      </trkpt>
      <trkpt lat="48.1046805717051029205322265625" lon="-122.76803716085851192474365234375">
        <ele>-3.2000000476837158203125</ele>
        <time>2026-09-22T00:26:27.000Z</time>
        <extensions>
          <ns3:TrackPointExtension>
            <ns3:hr>88</ns3:hr>
          </ns3:TrackPointExtension>
        </extensions>
      </trkpt>
      <trkpt lat="48.10468736104667186737060546875" lon="-122.76804587803781032562255859375">
        <ele>-3</ele>
        <time>2026-09-22T00:26:28.000Z</time>
        <extensions>
          <ns3:TrackPointExtension>
            <ns3:hr>93</ns3:hr>
          </ns3:TrackPointExtension>
        </extensions>
      </trkpt>
      <trkpt lat="48.1047489680349826812744140625" lon="-122.76810606010258197784423828125">
        <ele>-3</ele>
        <time>2026-09-22T00:26:36.000Z</time>
        <extensions>
          <ns3:TrackPointExtension>
            <ns3:hr>92</ns3:hr>
          </ns3:TrackPointExtension>
        </extensions>
      </trkpt>
      <trkpt lat="48.10478366911411285400390625" lon="-122.768159620463848114013671875">
        <ele>-3</ele>
        <time>2026-09-22T00:26:40.000Z</time>
        <extensions>
          <ns3:TrackPointExtension>
            <ns3:hr>95</ns3:hr>
          </ns3:TrackPointExtension>
        </extensions>
      </trkpt>
      <trkpt lat="48.1048099882900714874267578125" lon="-122.768201529979705810546875">
        <ele>-3</ele>
        <time>2026-09-22T00:26:43.000Z</time>
        <extensions>
          <ns3:TrackPointExtension>
            <ns3:hr>98</ns3:hr>
          </ns3:TrackPointExtension>
        </extensions>
      </trkpt>
      <trkpt lat="48.10484812594950199127197265625" lon="-122.76825777254998683929443359375">
        <ele>-3</ele>
        <time>2026-09-22T00:26:47.000Z</time>
        <extensions>
          <ns3:TrackPointExtension>
            <ns3:hr>98</ns3:hr>
          </ns3:TrackPointExtension>
        </extensions>
      </trkpt>
      <trkpt lat="48.10497251339256763458251953125" lon="-122.76845944114029407501220703125">
        <ele>-2.599999904632568359375</ele>
        <time>2026-09-22T00:27:02.000Z</time>
        <extensions>
          <ns3:TrackPointExtension>
            <ns3:hr>99</ns3:hr>
          </ns3:TrackPointExtension>
        </extensions>
      </trkpt>
      <trkpt lat="48.10500897467136383056640625" lon="-122.7685192041099071502685546875">
        <ele>-2.599999904632568359375</ele>
        <time>2026-09-22T00:27:06.000Z</time>
        <extensions>
          <ns3:TrackPointExtension>
            <ns3:hr>96</ns3:hr>
          </ns3:TrackPointExtension>
        </extensions>
      </trkpt>
      <trkpt lat="48.1050349585711956024169921875" lon="-122.76857527904212474822998046875">
        <ele>-2.400000095367431640625</ele>
        <time>2026-09-22T00:27:10.000Z</time>
        <extensions>
          <ns3:TrackPointExtension>
            <ns3:hr>94</ns3:hr>
          </ns3:TrackPointExtension>
        </extensions>
      </trkpt>
      <trkpt lat="48.10509572736918926239013671875" lon="-122.7686717547476291656494140625">
        <ele>-2.400000095367431640625</ele>
        <time>2026-09-22T00:27:19.000Z</time>
        <extensions>
          <ns3:TrackPointExtension>
            <ns3:hr>93</ns3:hr>
          </ns3:TrackPointExtension>
        </extensions>
      </trkpt>
      <trkpt lat="48.1051888503134250640869140625" lon="-122.7687451802194118499755859375">
        <ele>-2.2000000476837158203125</ele>
        <time>2026-09-22T00:27:30.000Z</time>
        <extensions>
          <ns3:TrackPointExtension>
            <ns3:hr>96</ns3:hr>
          </ns3:TrackPointExtension>
        </extensions>
      </trkpt>
      <trkpt lat="48.10520167462527751922607421875" lon="-122.7687552385032176971435546875">
        <ele>-2.2000000476837158203125</ele>
        <time>2026-09-22T00:27:31.000Z</time>
        <extensions>
          <ns3:TrackPointExtension>
            <ns3:hr>98</ns3:hr>
          </ns3:TrackPointExtension>
        </extensions>
      </trkpt>
      <trkpt lat="48.1052349507808685302734375" lon="-122.76878147386014461517333984375">
        <ele>-2.400000095367431640625</ele>
        <time>2026-09-22T00:27:34.000Z</time>
        <extensions>
          <ns3:TrackPointExtension>
            <ns3:hr>101</ns3:hr>
          </ns3:TrackPointExtension>
        </extensions>
      </trkpt>
      <trkpt lat="48.1053031794726848602294921875" lon="-122.76884551160037517547607421875">
        <ele>-2.2000000476837158203125</ele>
        <time>2026-09-22T00:27:39.000Z</time>
        <extensions>
          <ns3:TrackPointExtension>
            <ns3:hr>98</ns3:hr>
          </ns3:TrackPointExtension>
        </extensions>
      </trkpt>
      <trkpt lat="48.10531675815582275390625" lon="-122.7688605152070522308349609375">
        <ele>-2.2000000476837158203125</ele>
        <time>2026-09-22T00:27:40.000Z</time>
        <extensions>
          <ns3:TrackPointExtension>
            <ns3:hr>97</ns3:hr>
          </ns3:TrackPointExtension>
        </extensions>
      </trkpt>
      <trkpt lat="48.1053288280963897705078125" lon="-122.76887183077633380889892578125">
        <ele>-2.400000095367431640625</ele>
        <time>2026-09-22T00:27:41.000Z</time>
        <extensions>
          <ns3:TrackPointExtension>
            <ns3:hr>91</ns3:hr>
          </ns3:TrackPointExtension>
        </extensions>
      </trkpt>
      <trkpt lat="48.10534014366567134857177734375" lon="-122.76888356544077396392822265625">
        <ele>-2.400000095367431640625</ele>
        <time>2026-09-22T00:27:42.000Z</time>
        <extensions>
          <ns3:TrackPointExtension>
            <ns3:hr>83</ns3:hr>
          </ns3:TrackPointExtension>
        </extensions>
      </trkpt>
      <trkpt lat="48.10539931990206241607666015625" lon="-122.76893570087850093841552734375">
        <ele>-2.7999999523162841796875</ele>
        <time>2026-09-22T00:27:47.000Z</time>
        <extensions>
          <ns3:TrackPointExtension>
            <ns3:hr>86</ns3:hr>
          </ns3:TrackPointExtension>
        </extensions>
      </trkpt>
      <trkpt lat="48.1054490245878696441650390625" lon="-122.76897811330854892730712890625">
        <ele>-2.599999904632568359375</ele>
        <time>2026-09-22T00:27:51.000Z</time>
        <extensions>
          <ns3:TrackPointExtension>
            <ns3:hr>89</ns3:hr>
          </ns3:TrackPointExtension>
        </extensions>
      </trkpt>
      <trkpt lat="48.1054926104843616485595703125" lon="-122.7690184302628040313720703125">
        <ele>-2.2000000476837158203125</ele>
        <time>2026-09-22T00:27:54.000Z</time>
        <extensions>
          <ns3:TrackPointExtension>
            <ns3:hr>90</ns3:hr>
          </ns3:TrackPointExtension>
        </extensions>
      </trkpt>
      <trkpt lat="48.10552203096449375152587890625" lon="-122.769040726125240325927734375">
        <ele>-2</ele>
        <time>2026-09-22T00:27:56.000Z</time>
        <extensions>
          <ns3:TrackPointExtension>
            <ns3:hr>91</ns3:hr>
          </ns3:TrackPointExtension>
        </extensions>
      </trkpt>
      <trkpt lat="48.10559696517884731292724609375" lon="-122.76909395121037960052490234375">
        <ele>-2</ele>
        <time>2026-09-22T00:28:00.000Z</time>
        <extensions>
          <ns3:TrackPointExtension>
            <ns3:hr>95</ns3:hr>
          </ns3:TrackPointExtension>
        </extensions>
      </trkpt>
      <trkpt lat="48.1056439876556396484375" lon="-122.76913426816463470458984375">
        <ele>-2.2000000476837158203125</ele>
        <time>2026-09-22T00:28:03.000Z</time>
        <extensions>
          <ns3:TrackPointExtension>
            <ns3:hr>98</ns3:hr>
          </ns3:TrackPointExtension>
        </extensions>
      </trkpt>
      <trkpt lat="48.10566008090972900390625" lon="-122.7691496908664703369140625">
        <ele>-2.2000000476837158203125</ele>
        <time>2026-09-22T00:28:04.000Z</time>
        <extensions>
          <ns3:TrackPointExtension>
            <ns3:hr>99</ns3:hr>
          </ns3:TrackPointExtension>
        </extensions>
      </trkpt>
      <trkpt lat="48.10572244226932525634765625" lon="-122.769211716949939727783203125">
        <ele>-2.2000000476837158203125</ele>
        <time>2026-09-22T00:28:08.000Z</time>
        <extensions>
          <ns3:TrackPointExtension>
            <ns3:hr>96</ns3:hr>
          </ns3:TrackPointExtension>
        </extensions>
      </trkpt>
      <trkpt lat="48.105847835540771484375" lon="-122.76935948990285396575927734375">
        <ele>-2.2000000476837158203125</ele>
        <time>2026-09-22T00:28:17.000Z</time>
        <extensions>
          <ns3:TrackPointExtension>
            <ns3:hr>96</ns3:hr>
          </ns3:TrackPointExtension>
        </extensions>
      </trkpt>
      <trkpt lat="48.10591413639485836029052734375" lon="-122.76943794451653957366943359375">
        <ele>-2.400000095367431640625</ele>
        <time>2026-09-22T00:28:23.000Z</time>
        <extensions>
          <ns3:TrackPointExtension>
            <ns3:hr>99</ns3:hr>
          </ns3:TrackPointExtension>
        </extensions>
      </trkpt>
      <trkpt lat="48.10593509115278720855712890625" lon="-122.76945613324642181396484375">
        <ele>-2.400000095367431640625</ele>
        <time>2026-09-22T00:28:25.000Z</time>
        <extensions>
          <ns3:TrackPointExtension>
            <ns3:hr>101</ns3:hr>
          </ns3:TrackPointExtension>
        </extensions>
      </trkpt>
      <trkpt lat="48.10602553188800811767578125" lon="-122.76950533501803874969482421875">
        <ele>-2.400000095367431640625</ele>
        <time>2026-09-22T00:28:34.000Z</time>
        <extensions>
          <ns3:TrackPointExtension>
            <ns3:hr>101</ns3:hr>
          </ns3:TrackPointExtension>
        </extensions>
      </trkpt>
      <trkpt lat="48.10603223741054534912109375" lon="-122.7695099450647830963134765625">
        <ele>-2.400000095367431640625</ele>
        <time>2026-09-22T00:28:35.000Z</time>
        <extensions>
          <ns3:TrackPointExtension>
            <ns3:hr>101</ns3:hr>
          </ns3:TrackPointExtension>
        </extensions>
      </trkpt>
      <trkpt lat="48.1060458160936832427978515625" lon="-122.76954464614391326904296875">
        <ele>-2.599999904632568359375</ele>
        <time>2026-09-22T00:28:40.000Z</time>
        <extensions>
          <ns3:TrackPointExtension>
            <ns3:hr>99</ns3:hr>
          </ns3:TrackPointExtension>
        </extensions>
      </trkpt>
      <trkpt lat="48.10602687299251556396484375" lon="-122.76958613656461238861083984375">
        <ele>-2.2000000476837158203125</ele>
        <time>2026-09-22T00:28:45.000Z</time>
        <extensions>
          <ns3:TrackPointExtension>
            <ns3:hr>96</ns3:hr>
          </ns3:TrackPointExtension>
        </extensions>
      </trkpt>
      <trkpt lat="48.1060119532048702239990234375" lon="-122.76960977353155612945556640625">
        <ele>-2.400000095367431640625</ele>
        <time>2026-09-22T00:28:48.000Z</time>
        <extensions>
          <ns3:TrackPointExtension>
            <ns3:hr>92</ns3:hr>
          </ns3:TrackPointExtension>
        </extensions>
      </trkpt>
      <trkpt lat="48.106000386178493499755859375" lon="-122.76962687261402606964111328125">
        <ele>-2.400000095367431640625</ele>
        <time>2026-09-22T00:28:50.000Z</time>
        <extensions>
          <ns3:TrackPointExtension>
            <ns3:hr>88</ns3:hr>
          </ns3:TrackPointExtension>
        </extensions>
      </trkpt>
      <trkpt lat="48.10597817413508892059326171875" lon="-122.769709937274456024169921875">
        <ele>-2</ele>
        <time>2026-09-22T00:28:55.000Z</time>
        <extensions>
          <ns3:TrackPointExtension>
            <ns3:hr>90</ns3:hr>
          </ns3:TrackPointExtension>
        </extensions>
      </trkpt>
      <trkpt lat="48.10596962459385395050048828125" lon="-122.76974153704941272735595703125">
        <ele>-1.7999999523162841796875</ele>
        <time>2026-09-22T00:28:57.000Z</time>
        <extensions>
          <ns3:TrackPointExtension>
            <ns3:hr>94</ns3:hr>
          </ns3:TrackPointExtension>
        </extensions>
      </trkpt>
      <trkpt lat="48.10596610419452190399169921875" lon="-122.76975645683705806732177734375">
        <ele>-1.7999999523162841796875</ele>
        <time>2026-09-22T00:28:58.000Z</time>
        <extensions>
          <ns3:TrackPointExtension>
            <ns3:hr>97</ns3:hr>
          </ns3:TrackPointExtension>
        </extensions>
      </trkpt>
      <trkpt lat="48.105954118072986602783203125" lon="-122.7697909064590930938720703125">
        <ele>-1.7999999523162841796875</ele>
        <time>2026-09-22T00:29:00.000Z</time>
        <extensions>
          <ns3:TrackPointExtension>
            <ns3:hr>101</ns3:hr>
          </ns3:TrackPointExtension>
        </extensions>
      </trkpt>
      <trkpt lat="48.10591011308133602142333984375" lon="-122.7699069119989871978759765625">
        <ele>-2</ele>
        <time>2026-09-22T00:29:07.000Z</time>
        <extensions>
          <ns3:TrackPointExtension>
            <ns3:hr>102</ns3:hr>
          </ns3:TrackPointExtension>
        </extensions>
      </trkpt>
      <trkpt lat="48.10581573285162448883056640625" lon="-122.77015350759029388427734375">
        <ele>-2</ele>
        <time>2026-09-22T00:29:19.000Z</time>
        <extensions>
          <ns3:TrackPointExtension>
            <ns3:hr>102</ns3:hr>
          </ns3:TrackPointExtension>
        </extensions>
      </trkpt>
      <trkpt lat="48.10576711781322956085205078125" lon="-122.7702963352203369140625">
        <ele>-2</ele>
        <time>2026-09-22T00:29:26.000Z</time>
        <extensions>
          <ns3:TrackPointExtension>
            <ns3:hr>99</ns3:hr>
          </ns3:TrackPointExtension>
        </extensions>
      </trkpt>
      <trkpt lat="48.1057269684970378875732421875" lon="-122.7704111672937870025634765625">
        <ele>-2.2000000476837158203125</ele>
        <time>2026-09-22T00:29:31.000Z</time>
        <extensions>
          <ns3:TrackPointExtension>
            <ns3:hr>99</ns3:hr>
          </ns3:TrackPointExtension>
        </extensions>
      </trkpt>
      <trkpt lat="48.1056384555995464324951171875" lon="-122.7706384845077991485595703125">
        <ele>-2.2000000476837158203125</ele>
        <time>2026-09-22T00:29:42.000Z</time>
        <extensions>
          <ns3:TrackPointExtension>
            <ns3:hr>99</ns3:hr>
          </ns3:TrackPointExtension>
        </extensions>
      </trkpt>
      <trkpt lat="48.1055997312068939208984375" lon="-122.77074158191680908203125">
        <ele>-2.2000000476837158203125</ele>
        <time>2026-09-22T00:29:47.000Z</time>
        <extensions>
          <ns3:TrackPointExtension>
            <ns3:hr>96</ns3:hr>
          </ns3:TrackPointExtension>
        </extensions>
      </trkpt>
      <trkpt lat="48.1055469252169132232666015625" lon="-122.770884074270725250244140625">
        <ele>-2.2000000476837158203125</ele>
        <time>2026-09-22T00:29:54.000Z</time>
        <extensions>
          <ns3:TrackPointExtension>
            <ns3:hr>89</ns3:hr>
          </ns3:TrackPointExtension>
        </extensions>
      </trkpt>
      <trkpt lat="48.10550878755748271942138671875" lon="-122.77099060826003551483154296875">
        <ele>-2.2000000476837158203125</ele>
        <time>2026-09-22T00:29:59.000Z</time>
        <extensions>
          <ns3:TrackPointExtension>
            <ns3:hr>86</ns3:hr>
          </ns3:TrackPointExtension>
        </extensions>
      </trkpt>
      <trkpt lat="48.1054329313337802886962890625" lon="-122.77121700346469879150390625">
        <ele>-2</ele>
        <time>2026-09-22T00:30:09.000Z</time>
        <extensions>
          <ns3:TrackPointExtension>
            <ns3:hr>87</ns3:hr>
          </ns3:TrackPointExtension>
        </extensions>
      </trkpt>
      <trkpt lat="48.1053799577057361602783203125" lon="-122.77137391269207000732421875">
        <ele>-2.2000000476837158203125</ele>
        <time>2026-09-22T00:30:17.000Z</time>
        <extensions>
          <ns3:TrackPointExtension>
            <ns3:hr>84</ns3:hr>
          </ns3:TrackPointExtension>
        </extensions>
      </trkpt>
      <trkpt lat="48.10536243952810764312744140625" lon="-122.77143015526235103607177734375">
        <ele>-2.2000000476837158203125</ele>
        <time>2026-09-22T00:30:20.000Z</time>
        <extensions>
          <ns3:TrackPointExtension>
            <ns3:hr>84</ns3:hr>
          </ns3:TrackPointExtension>
        </extensions>
      </trkpt>
      <trkpt lat="48.10531231574714183807373046875" lon="-122.77158052660524845123291015625">
        <ele>-2</ele>
        <time>2026-09-22T00:30:28.000Z</time>
        <extensions>
          <ns3:TrackPointExtension>
            <ns3:hr>84</ns3:hr>
          </ns3:TrackPointExtension>
        </extensions>
      </trkpt>
      <trkpt lat="48.105292618274688720703125" lon="-122.771645486354827880859375">
        <ele>-2</ele>
        <time>2026-09-22T00:30:31.000Z</time>
        <extensions>
          <ns3:TrackPointExtension>
            <ns3:hr>88</ns3:hr>
          </ns3:TrackPointExtension>
        </extensions>
      </trkpt>
      <trkpt lat="48.10527778230607509613037109375" lon="-122.77168563567101955413818359375">
        <ele>-2</ele>
        <time>2026-09-22T00:30:33.000Z</time>
        <extensions>
          <ns3:TrackPointExtension>
            <ns3:hr>92</ns3:hr>
          </ns3:TrackPointExtension>
        </extensions>
      </trkpt>
      <trkpt lat="48.10524794273078441619873046875" lon="-122.7717546187341213226318359375">
        <ele>-2</ele>
        <time>2026-09-22T00:30:36.000Z</time>
        <extensions>
          <ns3:TrackPointExtension>
            <ns3:hr>95</ns3:hr>
          </ns3:TrackPointExtension>
        </extensions>
      </trkpt>
      <trkpt lat="48.1052005849778652191162109375" lon="-122.7718602307140827178955078125">
        <ele>-2.2000000476837158203125</ele>
        <time>2026-09-22T00:30:41.000Z</time>
        <extensions>
          <ns3:TrackPointExtension>
            <ns3:hr>97</ns3:hr>
          </ns3:TrackPointExtension>
        </extensions>
      </trkpt>
      <trkpt lat="48.10517585836350917816162109375" lon="-122.77192116715013980865478515625">
        <ele>-2.2000000476837158203125</ele>
        <time>2026-09-22T00:30:44.000Z</time>
        <extensions>
          <ns3:TrackPointExtension>
            <ns3:hr>93</ns3:hr>
          </ns3:TrackPointExtension>
        </extensions>
      </trkpt>
      <trkpt lat="48.105162866413593292236328125" lon="-122.771961651742458343505859375">
        <ele>-2.2000000476837158203125</ele>
        <time>2026-09-22T00:30:46.000Z</time>
        <extensions>
          <ns3:TrackPointExtension>
            <ns3:hr>89</ns3:hr>
          </ns3:TrackPointExtension>
        </extensions>
      </trkpt>
      <trkpt lat="48.10512422583997249603271484375" lon="-122.772064916789531707763671875">
        <ele>-2.2000000476837158203125</ele>
        <time>2026-09-22T00:30:52.000Z</time>
        <extensions>
          <ns3:TrackPointExtension>
            <ns3:hr>92</ns3:hr>
          </ns3:TrackPointExtension>
        </extensions>
      </trkpt>
      <trkpt lat="48.1051144190132617950439453125" lon="-122.77209651656448841094970703125">
        <ele>-2.2000000476837158203125</ele>
        <time>2026-09-22T00:30:54.000Z</time>
        <extensions>
          <ns3:TrackPointExtension>
            <ns3:hr>92</ns3:hr>
          </ns3:TrackPointExtension>
        </extensions>
      </trkpt>
      <trkpt lat="48.10508600436151027679443359375" lon="-122.77216960676014423370361328125">
        <ele>-2.400000095367431640625</ele>
        <time>2026-09-22T00:31:00.000Z</time>
        <extensions>
          <ns3:TrackPointExtension>
            <ns3:hr>96</ns3:hr>
          </ns3:TrackPointExtension>
        </extensions>
      </trkpt>
      <trkpt lat="48.105086423456668853759765625" lon="-122.77218402363359928131103515625">
        <ele>-2.400000095367431640625</ele>
        <time>2026-09-22T00:31:01.000Z</time>
        <extensions>
          <ns3:TrackPointExtension>
            <ns3:hr>97</ns3:hr>
          </ns3:TrackPointExtension>
        </extensions>
      </trkpt>
      <trkpt lat="48.1050919555127620697021484375" lon="-122.77220564894378185272216796875">
        <ele>-2.400000095367431640625</ele>
        <time>2026-09-22T00:31:03.000Z</time>
        <extensions>
          <ns3:TrackPointExtension>
            <ns3:hr>98</ns3:hr>
          </ns3:TrackPointExtension>
        </extensions>
      </trkpt>
      <trkpt lat="48.1051020137965679168701171875" lon="-122.772217132151126861572265625">
        <ele>-2.400000095367431640625</ele>
        <time>2026-09-22T00:31:05.000Z</time>
        <extensions>
          <ns3:TrackPointExtension>
            <ns3:hr>103</ns3:hr>
          </ns3:TrackPointExtension>
        </extensions>
      </trkpt>
      <trkpt lat="48.10511492192745208740234375" lon="-122.7722189761698246002197265625">
        <ele>-2.400000095367431640625</ele>
        <time>2026-09-22T00:31:07.000Z</time>
        <extensions>
          <ns3:TrackPointExtension>
            <ns3:hr>107</ns3:hr>
          </ns3:TrackPointExtension>
        </extensions>
      </trkpt>
      <trkpt lat="48.10513026081025600433349609375" lon="-122.7722162939608097076416015625">
        <ele>-2.2000000476837158203125</ele>
        <time>2026-09-22T00:31:09.000Z</time>
        <extensions>
          <ns3:TrackPointExtension>
            <ns3:hr>108</ns3:hr>
          </ns3:TrackPointExtension>
        </extensions>
      </trkpt>
      <trkpt lat="48.10517787002027034759521484375" lon="-122.77220942080020904541015625">
        <ele>-2.2000000476837158203125</ele>
        <time>2026-09-22T00:31:19.000Z</time>
        <extensions>
          <ns3:TrackPointExtension>
            <ns3:hr>105</ns3:hr>
          </ns3:TrackPointExtension>
        </extensions>
      </trkpt>
      <trkpt lat="48.1051834858953952789306640625" lon="-122.7722105942666530609130859375">
        <ele>-2.2000000476837158203125</ele>
        <time>2026-09-22T00:31:20.000Z</time>
        <extensions>
          <ns3:TrackPointExtension>
            <ns3:hr>105</ns3:hr>
          </ns3:TrackPointExtension>
        </extensions>
      </trkpt>
      <trkpt lat="48.10523687861859798431396484375" lon="-122.7722189761698246002197265625">
        <ele>-2.400000095367431640625</ele>
        <time>2026-09-22T00:31:31.000Z</time>
        <extensions>
          <ns3:TrackPointExtension>
            <ns3:hr>108</ns3:hr>
          </ns3:TrackPointExtension>
        </extensions>
      </trkpt>
      <trkpt lat="48.1052414886653423309326171875" lon="-122.77222023345530033111572265625">
        <ele>-2.400000095367431640625</ele>
        <time>2026-09-22T00:31:32.000Z</time>
        <extensions>
          <ns3:TrackPointExtension>
            <ns3:hr>112</ns3:hr>
          </ns3:TrackPointExtension>
        </extensions>
      </trkpt>
      <trkpt lat="48.105247355997562408447265625" lon="-122.77222190983593463897705078125">
        <ele>-2.400000095367431640625</ele>
        <time>2026-09-22T00:31:33.000Z</time>
        <extensions>
          <ns3:TrackPointExtension>
            <ns3:hr>112</ns3:hr>
          </ns3:TrackPointExtension>
        </extensions>
      </trkpt>
      <trkpt lat="48.10526286251842975616455078125" lon="-122.7722280286252498626708984375">
        <ele>-2.400000095367431640625</ele>
        <time>2026-09-22T00:31:36.000Z</time>
        <extensions>
          <ns3:TrackPointExtension>
            <ns3:hr>109</ns3:hr>
          </ns3:TrackPointExtension>
        </extensions>
      </trkpt>
      <trkpt lat="48.10532237403094768524169921875" lon="-122.77221319265663623809814453125">
        <ele>-2.599999904632568359375</ele>
        <time>2026-09-22T00:31:48.000Z</time>
        <extensions>
          <ns3:TrackPointExtension>
            <ns3:hr>110</ns3:hr>
          </ns3:TrackPointExtension>
        </extensions>
      </trkpt>
      <trkpt lat="48.10532690025866031646728515625" lon="-122.77220539748668670654296875">
        <ele>-2.599999904632568359375</ele>
        <time>2026-09-22T00:31:49.000Z</time>
        <extensions>
          <ns3:TrackPointExtension>
            <ns3:hr>100</ns3:hr>
          </ns3:TrackPointExtension>
        </extensions>
      </trkpt>
      <trkpt lat="48.10533109121024608612060546875" lon="-122.77220137417316436767578125">
        <ele>-2.599999904632568359375</ele>
        <time>2026-09-22T00:31:50.000Z</time>
        <extensions>
          <ns3:TrackPointExtension>
            <ns3:hr>96</ns3:hr>
          </ns3:TrackPointExtension>
        </extensions>
      </trkpt>
      <trkpt lat="48.10533595271408557891845703125" lon="-122.77219961397349834442138671875">
        <ele>-2.599999904632568359375</ele>
        <time>2026-09-22T00:31:51.000Z</time>
        <extensions>
          <ns3:TrackPointExtension>
            <ns3:hr>91</ns3:hr>
          </ns3:TrackPointExtension>
        </extensions>
      </trkpt>
      <trkpt lat="48.10534567572176456451416015625" lon="-122.77220129035413265228271484375">
        <ele>-2.599999904632568359375</ele>
        <time>2026-09-22T00:31:53.000Z</time>
        <extensions>
          <ns3:TrackPointExtension>
            <ns3:hr>87</ns3:hr>
          </ns3:TrackPointExtension>
        </extensions>
      </trkpt>
      <trkpt lat="48.10535288415849208831787109375" lon="-122.77220330201089382171630859375">
        <ele>-2.599999904632568359375</ele>
        <time>2026-09-22T00:31:55.000Z</time>
        <extensions>
          <ns3:TrackPointExtension>
            <ns3:hr>91</ns3:hr>
          </ns3:TrackPointExtension>
        </extensions>
      </trkpt>
      <trkpt lat="48.10535975731909275054931640625" lon="-122.77220464311540126800537109375">
        <ele>-2.599999904632568359375</ele>
        <time>2026-09-22T00:31:58.000Z</time>
        <extensions>
          <ns3:TrackPointExtension>
            <ns3:hr>93</ns3:hr>
          </ns3:TrackPointExtension>
        </extensions>
      </trkpt>
      <trkpt lat="48.10535791330039501190185546875" lon="-122.77221319265663623809814453125">
        <ele>-2.599999904632568359375</ele>
        <time>2026-09-22T00:32:01.000Z</time>
        <extensions>
          <ns3:TrackPointExtension>
            <ns3:hr>96</ns3:hr>
          </ns3:TrackPointExtension>
        </extensions>
      </trkpt>
      <trkpt lat="48.10535539872944355010986328125" lon="-122.77221755124628543853759765625">
        <ele>-2.599999904632568359375</ele>
        <time>2026-09-22T00:32:02.000Z</time>
        <extensions>
          <ns3:TrackPointExtension>
            <ns3:hr>99</ns3:hr>
          </ns3:TrackPointExtension>
        </extensions>
      </trkpt>
      <trkpt lat="48.105349279940128326416015625" lon="-122.772226519882678985595703125">
        <ele>-2.599999904632568359375</ele>
        <time>2026-09-22T00:32:04.000Z</time>
        <extensions>
          <ns3:TrackPointExtension>
            <ns3:hr>103</ns3:hr>
          </ns3:TrackPointExtension>
        </extensions>
      </trkpt>
      <trkpt lat="48.10534601099789142608642578125" lon="-122.77223180048167705535888671875">
        <ele>-2.400000095367431640625</ele>
        <time>2026-09-22T00:32:05.000Z</time>
        <extensions>
          <ns3:TrackPointExtension>
            <ns3:hr>105</ns3:hr>
          </ns3:TrackPointExtension>
        </extensions>
      </trkpt>
      <trkpt lat="48.105333186686038970947265625" lon="-122.77224655263125896453857421875">
        <ele>-2.400000095367431640625</ele>
        <time>2026-09-22T00:32:08.000Z</time>
        <extensions>
          <ns3:TrackPointExtension>
            <ns3:hr>108</ns3:hr>
          </ns3:TrackPointExtension>
        </extensions>
      </trkpt>
      <trkpt lat="48.1053145788609981536865234375" lon="-122.77227907441556453704833984375">
        <ele>-2.400000095367431640625</ele>
        <time>2026-09-22T00:32:12.000Z</time>
        <extensions>
          <ns3:TrackPointExtension>
            <ns3:hr>111</ns3:hr>
          </ns3:TrackPointExtension>
        </extensions>
      </trkpt>
      <trkpt lat="48.10530535876750946044921875" lon="-122.7722957544028759002685546875">
        <ele>-2.400000095367431640625</ele>
        <time>2026-09-22T00:32:14.000Z</time>
        <extensions>
          <ns3:TrackPointExtension>
            <ns3:hr>112</ns3:hr>
          </ns3:TrackPointExtension>
        </extensions>
      </trkpt>
      <trkpt lat="48.1052616052329540252685546875" lon="-122.77236071415245532989501953125">
        <ele>-2.599999904632568359375</ele>
        <time>2026-09-22T00:32:22.000Z</time>
        <extensions>
          <ns3:TrackPointExtension>
            <ns3:hr>108</ns3:hr>
          </ns3:TrackPointExtension>
        </extensions>
      </trkpt>
      <trkpt lat="48.10524207539856433868408203125" lon="-122.772401534020900726318359375">
        <ele>-2.599999904632568359375</ele>
        <time>2026-09-22T00:32:26.000Z</time>
        <extensions>
          <ns3:TrackPointExtension>
            <ns3:hr>110</ns3:hr>
          </ns3:TrackPointExtension>
        </extensions>
      </trkpt>
      <trkpt lat="48.105223216116428375244140625" lon="-122.7724358998239040374755859375">
        <ele>-2.400000095367431640625</ele>
        <time>2026-09-22T00:32:29.000Z</time>
        <extensions>
          <ns3:TrackPointExtension>
            <ns3:hr>107</ns3:hr>
          </ns3:TrackPointExtension>
        </extensions>
      </trkpt>
      <trkpt lat="48.10518843121826648712158203125" lon="-122.7725053019821643829345703125">
        <ele>-2.7999999523162841796875</ele>
        <time>2026-09-22T00:32:35.000Z</time>
        <extensions>
          <ns3:TrackPointExtension>
            <ns3:hr>104</ns3:hr>
          </ns3:TrackPointExtension>
        </extensions>
      </trkpt>
      <trkpt lat="48.1051808036863803863525390625" lon="-122.7725146897137165069580078125">
        <ele>-2.7999999523162841796875</ele>
        <time>2026-09-22T00:32:36.000Z</time>
        <extensions>
          <ns3:TrackPointExtension>
            <ns3:hr>104</ns3:hr>
          </ns3:TrackPointExtension>
        </extensions>
      </trkpt>
      <trkpt lat="48.105131685733795166015625" lon="-122.77258283458650112152099609375">
        <ele>-2.7999999523162841796875</ele>
        <time>2026-09-22T00:32:43.000Z</time>
        <extensions>
          <ns3:TrackPointExtension>
            <ns3:hr>99</ns3:hr>
          </ns3:TrackPointExtension>
        </extensions>
      </trkpt>
      <trkpt lat="48.10509522445499897003173828125" lon="-122.7726099081337451934814453125">
        <ele>-3</ele>
        <time>2026-09-22T00:32:47.000Z</time>
        <extensions>
          <ns3:TrackPointExtension>
            <ns3:hr>100</ns3:hr>
          </ns3:TrackPointExtension>
        </extensions>
      </trkpt>
      <trkpt lat="48.105081729590892791748046875" lon="-122.7726142667233943939208984375">
        <ele>-3</ele>
        <time>2026-09-22T00:32:48.000Z</time>
        <extensions>
          <ns3:TrackPointExtension>
            <ns3:hr>97</ns3:hr>
          </ns3:TrackPointExtension>
        </extensions>
      </trkpt>
      <trkpt lat="48.10506924055516719818115234375" lon="-122.77262105606496334075927734375">
        <ele>-3</ele>
        <time>2026-09-22T00:32:49.000Z</time>
        <extensions>
          <ns3:TrackPointExtension>
            <ns3:hr>94</ns3:hr>
          </ns3:TrackPointExtension>
        </extensions>
      </trkpt>
      <trkpt lat="48.10504577122628688812255859375" lon="-122.77262960560619831085205078125">
        <ele>-3</ele>
        <time>2026-09-22T00:32:51.000Z</time>
        <extensions>
          <ns3:TrackPointExtension>
            <ns3:hr>90</ns3:hr>
          </ns3:TrackPointExtension>
        </extensions>
      </trkpt>
      <trkpt lat="48.1050202064216136932373046875" lon="-122.77263849042356014251708984375">
        <ele>-3</ele>
        <time>2026-09-22T00:32:53.000Z</time>
        <extensions>
          <ns3:TrackPointExtension>
            <ns3:hr>87</ns3:hr>
          </ns3:TrackPointExtension>
        </extensions>
      </trkpt>
      <trkpt lat="48.1049803085625171661376953125" lon="-122.7726524882018566131591796875">
        <ele>-3</ele>
        <time>2026-09-22T00:32:56.000Z</time>
        <extensions>
          <ns3:TrackPointExtension>
            <ns3:hr>86</ns3:hr>
          </ns3:TrackPointExtension>
        </extensions>
      </trkpt>
      <trkpt lat="48.104824908077716827392578125" lon="-122.7726813219487667083740234375">
        <ele>-3</ele>
        <time>2026-09-22T00:33:09.000Z</time>
        <extensions>
          <ns3:TrackPointExtension>
            <ns3:hr>87</ns3:hr>
          </ns3:TrackPointExtension>
        </extensions>
      </trkpt>
      <trkpt lat="48.10477537102997303009033203125" lon="-122.77268006466329097747802734375">
        <ele>-3</ele>
        <time>2026-09-22T00:33:13.000Z</time>
        <extensions>
          <ns3:TrackPointExtension>
            <ns3:hr>90</ns3:hr>
          </ns3:TrackPointExtension>
        </extensions>
      </trkpt>
      <trkpt lat="48.10468434356153011322021484375" lon="-122.77269900776445865631103515625">
        <ele>-3</ele>
        <time>2026-09-22T00:33:19.000Z</time>
        <extensions>
          <ns3:TrackPointExtension>
            <ns3:hr>97</ns3:hr>
          </ns3:TrackPointExtension>
        </extensions>
      </trkpt>
      <trkpt lat="48.10466674156486988067626953125" lon="-122.77270495891571044921875">
        <ele>-3</ele>
        <time>2026-09-22T00:33:20.000Z</time>
        <extensions>
          <ns3:TrackPointExtension>
            <ns3:hr>101</ns3:hr>
          </ns3:TrackPointExtension>
        </extensions>
      </trkpt>
      <trkpt lat="48.104649223387241363525390625" lon="-122.77271057479083538055419921875">
        <ele>-3</ele>
        <time>2026-09-22T00:33:21.000Z</time>
        <extensions>
          <ns3:TrackPointExtension>
            <ns3:hr>101</ns3:hr>
          </ns3:TrackPointExtension>
        </extensions>
      </trkpt>
      <trkpt lat="48.1046299450099468231201171875" lon="-122.77271627448499202728271484375">
        <ele>-3</ele>
        <time>2026-09-22T00:33:22.000Z</time>
        <extensions>
          <ns3:TrackPointExtension>
            <ns3:hr>104</ns3:hr>
          </ns3:TrackPointExtension>
        </extensions>
      </trkpt>
      <trkpt lat="48.10450027696788311004638671875" lon="-122.77278467081487178802490234375">
        <ele>-3</ele>
        <time>2026-09-22T00:33:29.000Z</time>
        <extensions>
          <ns3:TrackPointExtension>
            <ns3:hr>107</ns3:hr>
          </ns3:TrackPointExtension>
        </extensions>
      </trkpt>
      <trkpt lat="48.10448233969509601593017578125" lon="-122.77279674075543880462646484375">
        <ele>-3</ele>
        <time>2026-09-22T00:33:30.000Z</time>
        <extensions>
          <ns3:TrackPointExtension>
            <ns3:hr>115</ns3:hr>
          </ns3:TrackPointExtension>
        </extensions>
      </trkpt>
      <trkpt lat="48.10444428585469722747802734375" lon="-122.77280931361019611358642578125">
        <ele>-3</ele>
        <time>2026-09-22T00:33:32.000Z</time>
        <extensions>
          <ns3:TrackPointExtension>
            <ns3:hr>120</ns3:hr>
          </ns3:TrackPointExtension>
        </extensions>
      </trkpt>
      <trkpt lat="48.10442500747740268707275390625" lon="-122.77281601913273334503173828125">
        <ele>-3</ele>
        <time>2026-09-22T00:33:33.000Z</time>
        <extensions>
          <ns3:TrackPointExtension>
            <ns3:hr>120</ns3:hr>
          </ns3:TrackPointExtension>
        </extensions>
      </trkpt>
      <trkpt lat="48.10439097695052623748779296875" lon="-122.77283278293907642364501953125">
        <ele>-3</ele>
        <time>2026-09-22T00:33:35.000Z</time>
        <extensions>
          <ns3:TrackPointExtension>
            <ns3:hr>123</ns3:hr>
          </ns3:TrackPointExtension>
        </extensions>
      </trkpt>
      <trkpt lat="48.10425787232816219329833984375" lon="-122.77287653647363185882568359375">
        <ele>-3</ele>
        <time>2026-09-22T00:33:43.000Z</time>
        <extensions>
          <ns3:TrackPointExtension>
            <ns3:hr>121</ns3:hr>
          </ns3:TrackPointExtension>
        </extensions>
      </trkpt>
      <trkpt lat="48.10424144379794597625732421875" lon="-122.772879637777805328369140625">
        <ele>-3</ele>
        <time>2026-09-22T00:33:44.000Z</time>
        <extensions>
          <ns3:TrackPointExtension>
            <ns3:hr>118</ns3:hr>
          </ns3:TrackPointExtension>
        </extensions>
      </trkpt>
      <trkpt lat="48.10419299639761447906494140625" lon="-122.77289145626127719879150390625">
        <ele>-3</ele>
        <time>2026-09-22T00:33:47.000Z</time>
        <extensions>
          <ns3:TrackPointExtension>
            <ns3:hr>115</ns3:hr>
          </ns3:TrackPointExtension>
        </extensions>
      </trkpt>
      <trkpt lat="48.10405385680496692657470703125" lon="-122.77295239269733428955078125">
        <ele>-3</ele>
        <time>2026-09-22T00:33:56.000Z</time>
        <extensions>
          <ns3:TrackPointExtension>
            <ns3:hr>110</ns3:hr>
          </ns3:TrackPointExtension>
        </extensions>
      </trkpt>
      <trkpt lat="48.10403759591281414031982421875" lon="-122.77295918203890323638916015625">
        <ele>-3</ele>
        <time>2026-09-22T00:33:57.000Z</time>
        <extensions>
          <ns3:TrackPointExtension>
            <ns3:hr>101</ns3:hr>
          </ns3:TrackPointExtension>
        </extensions>
      </trkpt>
      <trkpt lat="48.10402192175388336181640625" lon="-122.772965133190155029296875">
        <ele>-3</ele>
        <time>2026-09-22T00:33:58.000Z</time>
        <extensions>
          <ns3:TrackPointExtension>
            <ns3:hr>97</ns3:hr>
          </ns3:TrackPointExtension>
        </extensions>
      </trkpt>
      <trkpt lat="48.10400624759495258331298828125" lon="-122.7729689888656139373779296875">
        <ele>-3</ele>
        <time>2026-09-22T00:33:59.000Z</time>
        <extensions>
          <ns3:TrackPointExtension>
            <ns3:hr>93</ns3:hr>
          </ns3:TrackPointExtension>
        </extensions>
      </trkpt>
      <trkpt lat="48.10399149544537067413330078125" lon="-122.77297242544591426849365234375">
        <ele>-3</ele>
        <time>2026-09-22T00:34:00.000Z</time>
        <extensions>
          <ns3:TrackPointExtension>
            <ns3:hr>90</ns3:hr>
          </ns3:TrackPointExtension>
        </extensions>
      </trkpt>
      <trkpt lat="48.10396366752684116363525390625" lon="-122.77297879569232463836669921875">
        <ele>-3</ele>
        <time>2026-09-22T00:34:02.000Z</time>
        <extensions>
          <ns3:TrackPointExtension>
            <ns3:hr>87</ns3:hr>
          </ns3:TrackPointExtension>
        </extensions>
      </trkpt>
      <trkpt lat="48.10388638637959957122802734375" lon="-122.7730045281350612640380859375">
        <ele>-3</ele>
        <time>2026-09-22T00:34:07.000Z</time>
        <extensions>
          <ns3:TrackPointExtension>
            <ns3:hr>93</ns3:hr>
          </ns3:TrackPointExtension>
        </extensions>
      </trkpt>
      <trkpt lat="48.10387163423001766204833984375" lon="-122.77301182039082050323486328125">
        <ele>-3</ele>
        <time>2026-09-22T00:34:08.000Z</time>
        <extensions>
          <ns3:TrackPointExtension>
            <ns3:hr>93</ns3:hr>
          </ns3:TrackPointExtension>
        </extensions>
      </trkpt>
      <trkpt lat="48.10384145937860012054443359375" lon="-122.77302539907395839691162109375">
        <ele>-2.7999999523162841796875</ele>
        <time>2026-09-22T00:34:10.000Z</time>
        <extensions>
          <ns3:TrackPointExtension>
            <ns3:hr>93</ns3:hr>
          </ns3:TrackPointExtension>
        </extensions>
      </trkpt>
      <trkpt lat="48.10372143052518367767333984375" lon="-122.773072756826877593994140625">
        <ele>-2.7999999523162841796875</ele>
        <time>2026-09-22T00:34:17.000Z</time>
        <extensions>
          <ns3:TrackPointExtension>
            <ns3:hr>98</ns3:hr>
          </ns3:TrackPointExtension>
        </extensions>
      </trkpt>
      <trkpt lat="48.1037059240043163299560546875" lon="-122.77308373712003231048583984375">
        <ele>-2.7999999523162841796875</ele>
        <time>2026-09-22T00:34:18.000Z</time>
        <extensions>
          <ns3:TrackPointExtension>
            <ns3:hr>102</ns3:hr>
          </ns3:TrackPointExtension>
        </extensions>
      </trkpt>
      <trkpt lat="48.1036888249218463897705078125" lon="-122.773094214498996734619140625">
        <ele>-2.7999999523162841796875</ele>
        <time>2026-09-22T00:34:19.000Z</time>
        <extensions>
          <ns3:TrackPointExtension>
            <ns3:hr>101</ns3:hr>
          </ns3:TrackPointExtension>
        </extensions>
      </trkpt>
      <trkpt lat="48.10359771363437175750732421875" lon="-122.7731564082205295562744140625">
        <ele>-2.7999999523162841796875</ele>
        <time>2026-09-22T00:34:24.000Z</time>
        <extensions>
          <ns3:TrackPointExtension>
            <ns3:hr>102</ns3:hr>
          </ns3:TrackPointExtension>
        </extensions>
      </trkpt>
      <trkpt lat="48.10357944108545780181884765625" lon="-122.7731657959520816802978515625">
        <ele>-2.7999999523162841796875</ele>
        <time>2026-09-22T00:34:25.000Z</time>
        <extensions>
          <ns3:TrackPointExtension>
            <ns3:hr>99</ns3:hr>
          </ns3:TrackPointExtension>
        </extensions>
      </trkpt>
      <trkpt lat="48.1035627610981464385986328125" lon="-122.77317509986460208892822265625">
        <ele>-2.7999999523162841796875</ele>
        <time>2026-09-22T00:34:26.000Z</time>
        <extensions>
          <ns3:TrackPointExtension>
            <ns3:hr>96</ns3:hr>
          </ns3:TrackPointExtension>
        </extensions>
      </trkpt>
      <trkpt lat="48.10350031591951847076416015625" lon="-122.7732180990278720855712890625">
        <ele>-2.7999999523162841796875</ele>
        <time>2026-09-22T00:34:30.000Z</time>
        <extensions>
          <ns3:TrackPointExtension>
            <ns3:hr>93</ns3:hr>
          </ns3:TrackPointExtension>
        </extensions>
      </trkpt>
      <trkpt lat="48.10343946330249309539794921875" lon="-122.77326310984790325164794921875">
        <ele>-2.7999999523162841796875</ele>
        <time>2026-09-22T00:34:34.000Z</time>
        <extensions>
          <ns3:TrackPointExtension>
            <ns3:hr>90</ns3:hr>
          </ns3:TrackPointExtension>
        </extensions>
      </trkpt>
      <trkpt lat="48.10341096483170986175537109375" lon="-122.77327702380716800689697265625">
        <ele>-2.7999999523162841796875</ele>
        <time>2026-09-22T00:34:36.000Z</time>
        <extensions>
          <ns3:TrackPointExtension>
            <ns3:hr>92</ns3:hr>
          </ns3:TrackPointExtension>
        </extensions>
      </trkpt>
      <trkpt lat="48.1032512895762920379638671875" lon="-122.773319520056247711181640625">
        <ele>-3</ele>
        <time>2026-09-22T00:34:49.000Z</time>
        <extensions>
          <ns3:TrackPointExtension>
            <ns3:hr>94</ns3:hr>
          </ns3:TrackPointExtension>
        </extensions>
      </trkpt>
      <trkpt lat="48.10318113304674625396728515625" lon="-122.77333100326359272003173828125">
        <ele>-3</ele>
        <time>2026-09-22T00:34:57.000Z</time>
        <extensions>
          <ns3:TrackPointExtension>
            <ns3:hr>98</ns3:hr>
          </ns3:TrackPointExtension>
        </extensions>
      </trkpt>
      <trkpt lat="48.103165291249752044677734375" lon="-122.77333804406225681304931640625">
        <ele>-3</ele>
        <time>2026-09-22T00:34:59.000Z</time>
        <extensions>
          <ns3:TrackPointExtension>
            <ns3:hr>102</ns3:hr>
          </ns3:TrackPointExtension>
        </extensions>
      </trkpt>
      <trkpt lat="48.1031560711562633514404296875" lon="-122.7733404748141765594482421875">
        <ele>-3</ele>
        <time>2026-09-22T00:35:00.000Z</time>
        <extensions>
          <ns3:TrackPointExtension>
            <ns3:hr>106</ns3:hr>
          </ns3:TrackPointExtension>
        </extensions>
      </trkpt>
      <trkpt lat="48.1031476892530918121337890625" lon="-122.77334206737577915191650390625">
        <ele>-2.599999904632568359375</ele>
        <time>2026-09-22T00:35:01.000Z</time>
        <extensions>
          <ns3:TrackPointExtension>
            <ns3:hr>109</ns3:hr>
          </ns3:TrackPointExtension>
        </extensions>
      </trkpt>
      <trkpt lat="48.103141486644744873046875" lon="-122.77334407903254032135009765625">
        <ele>-2.599999904632568359375</ele>
        <time>2026-09-22T00:35:02.000Z</time>
        <extensions>
          <ns3:TrackPointExtension>
            <ns3:hr>109</ns3:hr>
          </ns3:TrackPointExtension>
        </extensions>
      </trkpt>
      <trkpt lat="48.1031178496778011322021484375" lon="-122.77335430495440959930419921875">
        <ele>-2.400000095367431640625</ele>
        <time>2026-09-22T00:35:06.000Z</time>
        <extensions>
          <ns3:TrackPointExtension>
            <ns3:hr>112</ns3:hr>
          </ns3:TrackPointExtension>
        </extensions>
      </trkpt>
      <trkpt lat="48.1031061150133609771728515625" lon="-122.77335983701050281524658203125">
        <ele>-2.400000095367431640625</ele>
        <time>2026-09-22T00:35:08.000Z</time>
        <extensions>
          <ns3:TrackPointExtension>
            <ns3:hr>110</ns3:hr>
          </ns3:TrackPointExtension>
        </extensions>
      </trkpt>
      <trkpt lat="48.1030890159308910369873046875" lon="-122.7733672969043254852294921875">
        <ele>-2.400000095367431640625</ele>
        <time>2026-09-22T00:35:11.000Z</time>
        <extensions>
          <ns3:TrackPointExtension>
            <ns3:hr>113</ns3:hr>
          </ns3:TrackPointExtension>
        </extensions>
      </trkpt>
      <trkpt lat="48.10306697152554988861083984375" lon="-122.77337618172168731689453125">
        <ele>-2.599999904632568359375</ele>
        <time>2026-09-22T00:35:15.000Z</time>
        <extensions>
          <ns3:TrackPointExtension>
            <ns3:hr>116</ns3:hr>
          </ns3:TrackPointExtension>
        </extensions>
      </trkpt>
      <trkpt lat="48.1030471064150333404541015625" lon="-122.77339152060449123382568359375">
        <ele>-2.599999904632568359375</ele>
        <time>2026-09-22T00:35:19.000Z</time>
        <extensions>
          <ns3:TrackPointExtension>
            <ns3:hr>119</ns3:hr>
          </ns3:TrackPointExtension>
        </extensions>
      </trkpt>
      <trkpt lat="48.10303528793156147003173828125" lon="-122.77340945787727832794189453125">
        <ele>-2.599999904632568359375</ele>
        <time>2026-09-22T00:35:22.000Z</time>
        <extensions>
          <ns3:TrackPointExtension>
            <ns3:hr>118</ns3:hr>
          </ns3:TrackPointExtension>
        </extensions>
      </trkpt>
      <trkpt lat="48.10302405618131160736083984375" lon="-122.7734175883233547210693359375">
        <ele>-2.599999904632568359375</ele>
        <time>2026-09-22T00:35:25.000Z</time>
        <extensions>
          <ns3:TrackPointExtension>
            <ns3:hr>115</ns3:hr>
          </ns3:TrackPointExtension>
        </extensions>
      </trkpt>
      <trkpt lat="48.10299061238765716552734375" lon="-122.77344164438545703887939453125">
        <ele>-2.599999904632568359375</ele>
        <time>2026-09-22T00:35:32.000Z</time>
        <extensions>
          <ns3:TrackPointExtension>
            <ns3:hr>113</ns3:hr>
          </ns3:TrackPointExtension>
        </extensions>
      </trkpt>
      <trkpt lat="48.10298013500869274139404296875" lon="-122.77345824055373668670654296875">
        <ele>-2.599999904632568359375</ele>
        <time>2026-09-22T00:35:35.000Z</time>
        <extensions>
          <ns3:TrackPointExtension>
            <ns3:hr>110</ns3:hr>
          </ns3:TrackPointExtension>
        </extensions>
      </trkpt>
      <trkpt lat="48.1029435060918331146240234375" lon="-122.77354457415640354156494140625">
        <ele>-2.599999904632568359375</ele>
        <time>2026-09-22T00:35:45.000Z</time>
        <extensions>
          <ns3:TrackPointExtension>
            <ns3:hr>111</ns3:hr>
          </ns3:TrackPointExtension>
        </extensions>
      </trkpt>
      <trkpt lat="48.10294761322438716888427734375" lon="-122.7735807001590728759765625">
        <ele>-2.7999999523162841796875</ele>
        <time>2026-09-22T00:35:50.000Z</time>
        <extensions>
          <ns3:TrackPointExtension>
            <ns3:hr>111</ns3:hr>
          </ns3:TrackPointExtension>
        </extensions>
      </trkpt>
      <trkpt lat="48.1029528938233852386474609375" lon="-122.77359570376574993133544921875">
        <ele>-2.599999904632568359375</ele>
        <time>2026-09-22T00:35:54.000Z</time>
        <extensions>
          <ns3:TrackPointExtension>
            <ns3:hr>107</ns3:hr>
          </ns3:TrackPointExtension>
        </extensions>
      </trkpt>
      <trkpt lat="48.102954067289829254150390625" lon="-122.773598134517669677734375">
        <ele>-2.599999904632568359375</ele>
        <time>2026-09-22T00:35:55.000Z</time>
        <extensions>
          <ns3:TrackPointExtension>
            <ns3:hr>103</ns3:hr>
          </ns3:TrackPointExtension>
        </extensions>
      </trkpt>
      <trkpt lat="48.10295565985143184661865234375" lon="-122.77359939180314540863037109375">
        <ele>-2.599999904632568359375</ele>
        <time>2026-09-22T00:35:56.000Z</time>
        <extensions>
          <ns3:TrackPointExtension>
            <ns3:hr>99</ns3:hr>
          </ns3:TrackPointExtension>
        </extensions>
      </trkpt>
      <trkpt lat="48.10295817442238330841064453125" lon="-122.77359738014638423919677734375">
        <ele>-2.599999904632568359375</ele>
        <time>2026-09-22T00:35:57.000Z</time>
        <extensions>
          <ns3:TrackPointExtension>
            <ns3:hr>95</ns3:hr>
          </ns3:TrackPointExtension>
        </extensions>
      </trkpt>
      <trkpt lat="48.10295834206044673919677734375" lon="-122.7735979668796062469482421875">
        <ele>-2.599999904632568359375</ele>
        <time>2026-09-22T00:35:58.000Z</time>
        <extensions>
          <ns3:TrackPointExtension>
            <ns3:hr>93</ns3:hr>
          </ns3:TrackPointExtension>
        </extensions>
      </trkpt>
      <trkpt lat="48.10295976698398590087890625" lon="-122.77359838597476482391357421875">
        <ele>-2.599999904632568359375</ele>
        <time>2026-09-22T00:36:00.000Z</time>
        <extensions>
          <ns3:TrackPointExtension>
            <ns3:hr>90</ns3:hr>
          </ns3:TrackPointExtension>
        </extensions>
      </trkpt>
      <trkpt lat="48.1029765307903289794921875" lon="-122.773568630218505859375">
        <ele>-2.599999904632568359375</ele>
        <time>2026-09-22T00:36:07.000Z</time>
        <extensions>
          <ns3:TrackPointExtension>
            <ns3:hr>93</ns3:hr>
          </ns3:TrackPointExtension>
        </extensions>
      </trkpt>
      <trkpt lat="48.10299036093056201934814453125" lon="-122.77352009899914264678955078125">
        <ele>-3.2000000476837158203125</ele>
        <time>2026-09-22T00:36:16.000Z</time>
        <extensions>
          <ns3:TrackPointExtension>
            <ns3:hr>95</ns3:hr>
          </ns3:TrackPointExtension>
        </extensions>
      </trkpt>
      <trkpt lat="48.1030078791081905364990234375" lon="-122.7735218591988086700439453125">
        <ele>-3.2000000476837158203125</ele>
        <time>2026-09-22T00:36:21.000Z</time>
        <extensions>
          <ns3:TrackPointExtension>
            <ns3:hr>100</ns3:hr>
          </ns3:TrackPointExtension>
        </extensions>
      </trkpt>
      <trkpt lat="48.103006370365619659423828125" lon="-122.7735238708555698394775390625">
        <ele>-3</ele>
        <time>2026-09-22T00:36:23.000Z</time>
        <extensions>
          <ns3:TrackPointExtension>
            <ns3:hr>104</ns3:hr>
          </ns3:TrackPointExtension>
        </extensions>
      </trkpt>
      <trkpt lat="48.10300729237496852874755859375" lon="-122.7735243737697601318359375">
        <ele>-3</ele>
        <time>2026-09-22T00:36:24.000Z</time>
        <extensions>
          <ns3:TrackPointExtension>
            <ns3:hr>106</ns3:hr>
          </ns3:TrackPointExtension>
        </extensions>
      </trkpt>
      <trkpt lat="48.10302975587546825408935546875" lon="-122.77351540513336658477783203125">
        <ele>-3</ele>
        <time>2026-09-22T00:36:31.000Z</time>
        <extensions>
          <ns3:TrackPointExtension>
            <ns3:hr>109</ns3:hr>
          </ns3:TrackPointExtension>
        </extensions>
      </trkpt>
      <trkpt lat="48.1030484475195407867431640625" lon="-122.7735017426311969757080078125">
        <ele>-3</ele>
        <time>2026-09-22T00:36:35.000Z</time>
        <extensions>
          <ns3:TrackPointExtension>
            <ns3:hr>107</ns3:hr>
          </ns3:TrackPointExtension>
        </extensions>
      </trkpt>
      <trkpt lat="48.1030918657779693603515625" lon="-122.77350501157343387603759765625">
        <ele>-2.599999904632568359375</ele>
        <time>2026-09-22T00:36:47.000Z</time>
        <extensions>
          <ns3:TrackPointExtension>
            <ns3:hr>107</ns3:hr>
          </ns3:TrackPointExtension>
        </extensions>
      </trkpt>
      <trkpt lat="48.10309312306344509124755859375" lon="-122.7735054306685924530029296875">
        <ele>-2.400000095367431640625</ele>
        <time>2026-09-22T00:36:48.000Z</time>
        <extensions>
          <ns3:TrackPointExtension>
            <ns3:hr>110</ns3:hr>
          </ns3:TrackPointExtension>
        </extensions>
      </trkpt>
      <trkpt lat="48.103096894919872283935546875" lon="-122.7735034190118312835693359375">
        <ele>-2.400000095367431640625</ele>
        <time>2026-09-22T00:36:50.000Z</time>
        <extensions>
          <ns3:TrackPointExtension>
            <ns3:hr>114</ns3:hr>
          </ns3:TrackPointExtension>
        </extensions>
      </trkpt>
      <trkpt lat="48.10309949330985546112060546875" lon="-122.77350048534572124481201171875">
        <ele>-2.400000095367431640625</ele>
        <time>2026-09-22T00:36:55.000Z</time>
        <extensions>
          <ns3:TrackPointExtension>
            <ns3:hr>115</ns3:hr>
          </ns3:TrackPointExtension>
        </extensions>
      </trkpt>
      <trkpt lat="48.10309312306344509124755859375" lon="-122.77350802905857563018798828125">
        <ele>-2.400000095367431640625</ele>
        <time>2026-09-22T00:37:12.000Z</time>
        <extensions>
          <ns3:TrackPointExtension>
            <ns3:hr>111</ns3:hr>
          </ns3:TrackPointExtension>
        </extensions>
      </trkpt>
      <trkpt lat="48.1030918657779693603515625" lon="-122.77351506985723972320556640625">
        <ele>-2.400000095367431640625</ele>
        <time>2026-09-22T00:37:14.000Z</time>
        <extensions>
          <ns3:TrackPointExtension>
            <ns3:hr>108</ns3:hr>
          </ns3:TrackPointExtension>
        </extensions>
      </trkpt>
      <trkpt lat="48.103084154427051544189453125" lon="-122.77354641817510128021240234375">
        <ele>-2.400000095367431640625</ele>
        <time>2026-09-22T00:37:16.000Z</time>
        <extensions>
          <ns3:TrackPointExtension>
            <ns3:hr>112</ns3:hr>
          </ns3:TrackPointExtension>
        </extensions>
      </trkpt>
      <trkpt lat="48.10307443141937255859375" lon="-122.77358950115740299224853515625">
        <ele>-2.400000095367431640625</ele>
        <time>2026-09-22T00:37:18.000Z</time>
        <extensions>
          <ns3:TrackPointExtension>
            <ns3:hr>115</ns3:hr>
          </ns3:TrackPointExtension>
        </extensions>
      </trkpt>
      <trkpt lat="48.10306831263005733489990234375" lon="-122.77362789027392864227294921875">
        <ele>-2.400000095367431640625</ele>
        <time>2026-09-22T00:37:20.000Z</time>
        <extensions>
          <ns3:TrackPointExtension>
            <ns3:hr>115</ns3:hr>
          </ns3:TrackPointExtension>
        </extensions>
      </trkpt>
      <trkpt lat="48.10307384468615055084228515625" lon="-122.77367658913135528564453125">
        <ele>-2.599999904632568359375</ele>
        <time>2026-09-22T00:37:23.000Z</time>
        <extensions>
          <ns3:TrackPointExtension>
            <ns3:hr>119</ns3:hr>
          </ns3:TrackPointExtension>
        </extensions>
      </trkpt>
      <trkpt lat="48.10310200788080692291259765625" lon="-122.77369125746190547943115234375">
        <ele>-2.7999999523162841796875</ele>
        <time>2026-09-22T00:37:26.000Z</time>
        <extensions>
          <ns3:TrackPointExtension>
            <ns3:hr>121</ns3:hr>
          </ns3:TrackPointExtension>
        </extensions>
      </trkpt>
      <trkpt lat="48.103111647069454193115234375" lon="-122.77368354611098766326904296875">
        <ele>-2.7999999523162841796875</ele>
        <time>2026-09-22T00:37:27.000Z</time>
        <extensions>
          <ns3:TrackPointExtension>
            <ns3:hr>121</ns3:hr>
          </ns3:TrackPointExtension>
        </extensions>
      </trkpt>
      <trkpt lat="48.1032050214707851409912109375" lon="-122.77360777370631694793701171875">
        <ele>-3</ele>
        <time>2026-09-22T00:37:33.000Z</time>
        <extensions>
          <ns3:TrackPointExtension>
            <ns3:hr>120</ns3:hr>
          </ns3:TrackPointExtension>
        </extensions>
      </trkpt>
      <trkpt lat="48.10322237201035022735595703125" lon="-122.77359335683286190032958984375">
        <ele>-3</ele>
        <time>2026-09-22T00:37:34.000Z</time>
        <extensions>
          <ns3:TrackPointExtension>
            <ns3:hr>116</ns3:hr>
          </ns3:TrackPointExtension>
        </extensions>
      </trkpt>
      <trkpt lat="48.10324952937662601470947265625" lon="-122.77352646924555301666259765625">
        <ele>-3</ele>
        <time>2026-09-22T00:37:37.000Z</time>
        <extensions>
          <ns3:TrackPointExtension>
            <ns3:hr>114</ns3:hr>
          </ns3:TrackPointExtension>
        </extensions>
      </trkpt>
      <trkpt lat="48.10324542224407196044921875" lon="-122.7735037542879581451416015625">
        <ele>-3</ele>
        <time>2026-09-22T00:37:38.000Z</time>
        <extensions>
          <ns3:TrackPointExtension>
            <ns3:hr>115</ns3:hr>
          </ns3:TrackPointExtension>
        </extensions>
      </trkpt>
      <trkpt lat="48.10323997400701045989990234375" lon="-122.7734806202352046966552734375">
        <ele>-3</ele>
        <time>2026-09-22T00:37:39.000Z</time>
        <extensions>
          <ns3:TrackPointExtension>
            <ns3:hr>114</ns3:hr>
          </ns3:TrackPointExtension>
        </extensions>
      </trkpt>
      <trkpt lat="48.10322740115225315093994140625" lon="-122.7734628506004810333251953125">
        <ele>-2.7999999523162841796875</ele>
        <time>2026-09-22T00:37:41.000Z</time>
        <extensions>
          <ns3:TrackPointExtension>
            <ns3:hr>110</ns3:hr>
          </ns3:TrackPointExtension>
        </extensions>
      </trkpt>
      <trkpt lat="48.10321968980133533477783203125" lon="-122.773460336029529571533203125">
        <ele>-2.7999999523162841796875</ele>
        <time>2026-09-22T00:37:42.000Z</time>
        <extensions>
          <ns3:TrackPointExtension>
            <ns3:hr>108</ns3:hr>
          </ns3:TrackPointExtension>
        </extensions>
      </trkpt>
      <trkpt lat="48.1032097153365612030029296875" lon="-122.7734611742198467254638671875">
        <ele>-2.599999904632568359375</ele>
        <time>2026-09-22T00:37:43.000Z</time>
        <extensions>
          <ns3:TrackPointExtension>
            <ns3:hr>107</ns3:hr>
          </ns3:TrackPointExtension>
        </extensions>
      </trkpt>
      <trkpt lat="48.103115670382976531982421875" lon="-122.77345388196408748626708984375">
        <ele>-2.599999904632568359375</ele>
        <time>2026-09-22T00:37:52.000Z</time>
        <extensions>
          <ns3:TrackPointExtension>
            <ns3:hr>109</ns3:hr>
          </ns3:TrackPointExtension>
        </extensions>
      </trkpt>
      <trkpt lat="48.10309521853923797607421875" lon="-122.77345907874405384063720703125">
        <ele>-2.599999904632568359375</ele>
        <time>2026-09-22T00:37:54.000Z</time>
        <extensions>
          <ns3:TrackPointExtension>
            <ns3:hr>113</ns3:hr>
          </ns3:TrackPointExtension>
        </extensions>
      </trkpt>
      <trkpt lat="48.1030595116317272186279296875" lon="-122.7734826318919658660888671875">
        <ele>-2.599999904632568359375</ele>
        <time>2026-09-22T00:37:58.000Z</time>
        <extensions>
          <ns3:TrackPointExtension>
            <ns3:hr>114</ns3:hr>
          </ns3:TrackPointExtension>
        </extensions>
      </trkpt>
      <trkpt lat="48.1030414067208766937255859375" lon="-122.77350090444087982177734375">
        <ele>-2.599999904632568359375</ele>
        <time>2026-09-22T00:38:00.000Z</time>
        <extensions>
          <ns3:TrackPointExtension>
            <ns3:hr>114</ns3:hr>
          </ns3:TrackPointExtension>
        </extensions>
      </trkpt>
      <trkpt lat="48.1029877625405788421630859375" lon="-122.77359503321349620819091796875">
        <ele>-2.7999999523162841796875</ele>
        <time>2026-09-22T00:38:08.000Z</time>
        <extensions>
          <ns3:TrackPointExtension>
            <ns3:hr>118</ns3:hr>
          </ns3:TrackPointExtension>
        </extensions>
      </trkpt>
      <trkpt lat="48.10297041200101375579833984375" lon="-122.77363233268260955810546875">
        <ele>-2.7999999523162841796875</ele>
        <time>2026-09-22T00:38:10.000Z</time>
        <extensions>
          <ns3:TrackPointExtension>
            <ns3:hr>115</ns3:hr>
          </ns3:TrackPointExtension>
        </extensions>
      </trkpt>
      <trkpt lat="48.10296420939266681671142578125" lon="-122.7736506052315235137939453125">
        <ele>-2.7999999523162841796875</ele>
        <time>2026-09-22T00:38:11.000Z</time>
        <extensions>
          <ns3:TrackPointExtension>
            <ns3:hr>112</ns3:hr>
          </ns3:TrackPointExtension>
        </extensions>
      </trkpt>
      <trkpt lat="48.10295733623206615447998046875" lon="-122.77366778813302516937255859375">
        <ele>-2.7999999523162841796875</ele>
        <time>2026-09-22T00:38:12.000Z</time>
        <extensions>
          <ns3:TrackPointExtension>
            <ns3:hr>109</ns3:hr>
          </ns3:TrackPointExtension>
        </extensions>
      </trkpt>
      <trkpt lat="48.1028962321579456329345703125" lon="-122.773807011544704437255859375">
        <ele>-2.400000095367431640625</ele>
        <time>2026-09-22T00:38:19.000Z</time>
        <extensions>
          <ns3:TrackPointExtension>
            <ns3:hr>108</ns3:hr>
          </ns3:TrackPointExtension>
        </extensions>
      </trkpt>
      <trkpt lat="48.10278810560703277587890625" lon="-122.7739593945443630218505859375">
        <ele>-2.400000095367431640625</ele>
        <time>2026-09-22T00:38:27.000Z</time>
        <extensions>
          <ns3:TrackPointExtension>
            <ns3:hr>108</ns3:hr>
          </ns3:TrackPointExtension>
        </extensions>
      </trkpt>
      <trkpt lat="48.1026954017579555511474609375" lon="-122.77396517805755138397216796875">
        <ele>-2.7999999523162841796875</ele>
        <time>2026-09-22T00:38:33.000Z</time>
        <extensions>
          <ns3:TrackPointExtension>
            <ns3:hr>107</ns3:hr>
          </ns3:TrackPointExtension>
        </extensions>
      </trkpt>
      <trkpt lat="48.102673776447772979736328125" lon="-122.77393701486289501190185546875">
        <ele>-2.7999999523162841796875</ele>
        <time>2026-09-22T00:38:35.000Z</time>
        <extensions>
          <ns3:TrackPointExtension>
            <ns3:hr>103</ns3:hr>
          </ns3:TrackPointExtension>
        </extensions>
      </trkpt>
      <trkpt lat="48.10265801846981048583984375" lon="-122.7738675288856029510498046875">
        <ele>-2.599999904632568359375</ele>
        <time>2026-09-22T00:38:39.000Z</time>
        <extensions>
          <ns3:TrackPointExtension>
            <ns3:hr>101</ns3:hr>
          </ns3:TrackPointExtension>
        </extensions>
      </trkpt>
      <trkpt lat="48.10265935957431793212890625" lon="-122.77385495603084564208984375">
        <ele>-2.599999904632568359375</ele>
        <time>2026-09-22T00:38:40.000Z</time>
        <extensions>
          <ns3:TrackPointExtension>
            <ns3:hr>101</ns3:hr>
          </ns3:TrackPointExtension>
        </extensions>
      </trkpt>
      <trkpt lat="48.10267084278166294097900390625" lon="-122.773811705410480499267578125">
        <ele>-2.599999904632568359375</ele>
        <time>2026-09-22T00:38:43.000Z</time>
        <extensions>
          <ns3:TrackPointExtension>
            <ns3:hr>101</ns3:hr>
          </ns3:TrackPointExtension>
        </extensions>
      </trkpt>
      <trkpt lat="48.10267679393291473388671875" lon="-122.77377985417842864990234375">
        <ele>-2.7999999523162841796875</ele>
        <time>2026-09-22T00:38:45.000Z</time>
        <extensions>
          <ns3:TrackPointExtension>
            <ns3:hr>89</ns3:hr>
          </ns3:TrackPointExtension>
        </extensions>
      </trkpt>
      <trkpt lat="48.1026883609592914581298828125" lon="-122.77373836375772953033447265625">
        <ele>-2.7999999523162841796875</ele>
        <time>2026-09-22T00:38:48.000Z</time>
        <extensions>
          <ns3:TrackPointExtension>
            <ns3:hr>85</ns3:hr>
          </ns3:TrackPointExtension>
        </extensions>
      </trkpt>
      <trkpt lat="48.1026873551309108734130859375" lon="-122.77373165823519229888916015625">
        <ele>-2.7999999523162841796875</ele>
        <time>2026-09-22T00:38:49.000Z</time>
        <extensions>
          <ns3:TrackPointExtension>
            <ns3:hr>94</ns3:hr>
          </ns3:TrackPointExtension>
        </extensions>
      </trkpt>
      <trkpt lat="48.10268894769251346588134765625" lon="-122.7737179957330226898193359375">
        <ele>-2.7999999523162841796875</ele>
        <time>2026-09-22T00:38:50.000Z</time>
        <extensions>
          <ns3:TrackPointExtension>
            <ns3:hr>109</ns3:hr>
          </ns3:TrackPointExtension>
        </extensions>
      </trkpt>
      <trkpt lat="48.10269263572990894317626953125" lon="-122.77370282448828220367431640625">
        <ele>-2.7999999523162841796875</ele>
        <time>2026-09-22T00:38:51.000Z</time>
        <extensions>
          <ns3:TrackPointExtension>
            <ns3:hr>114</ns3:hr>
          </ns3:TrackPointExtension>
        </extensions>
      </trkpt>
      <trkpt lat="48.1026974134147167205810546875" lon="-122.7736871503293514251708984375">
        <ele>-2.599999904632568359375</ele>
        <time>2026-09-22T00:38:52.000Z</time>
        <extensions>
          <ns3:TrackPointExtension>
            <ns3:hr>120</ns3:hr>
          </ns3:TrackPointExtension>
        </extensions>
      </trkpt>
      <trkpt lat="48.10270093381404876708984375" lon="-122.7736692130565643310546875">
        <ele>-2.599999904632568359375</ele>
        <time>2026-09-22T00:38:53.000Z</time>
        <extensions>
          <ns3:TrackPointExtension>
            <ns3:hr>121</ns3:hr>
          </ns3:TrackPointExtension>
        </extensions>
      </trkpt>
      <trkpt lat="48.1027074716985225677490234375" lon="-122.7736343443393707275390625">
        <ele>-2.599999904632568359375</ele>
        <time>2026-09-22T00:38:55.000Z</time>
        <extensions>
          <ns3:TrackPointExtension>
            <ns3:hr>124</ns3:hr>
          </ns3:TrackPointExtension>
        </extensions>
      </trkpt>
      <trkpt lat="48.102715015411376953125" lon="-122.773579023778438568115234375">
        <ele>-2.599999904632568359375</ele>
        <time>2026-09-22T00:38:58.000Z</time>
        <extensions>
          <ns3:TrackPointExtension>
            <ns3:hr>121</ns3:hr>
          </ns3:TrackPointExtension>
        </extensions>
      </trkpt>
      <trkpt lat="48.1027324497699737548828125" lon="-122.77346176095306873321533203125">
        <ele>-3</ele>
        <time>2026-09-22T00:39:04.000Z</time>
        <extensions>
          <ns3:TrackPointExtension>
            <ns3:hr>120</ns3:hr>
          </ns3:TrackPointExtension>
        </extensions>
      </trkpt>
      <trkpt lat="48.10273840092122554779052734375" lon="-122.77342337183654308319091796875">
        <ele>-3</ele>
        <time>2026-09-22T00:39:06.000Z</time>
        <extensions>
          <ns3:TrackPointExtension>
            <ns3:hr>113</ns3:hr>
          </ns3:TrackPointExtension>
        </extensions>
      </trkpt>
      <trkpt lat="48.102742843329906463623046875" lon="-122.773385234177112579345703125">
        <ele>-3</ele>
        <time>2026-09-22T00:39:08.000Z</time>
        <extensions>
          <ns3:TrackPointExtension>
            <ns3:hr>110</ns3:hr>
          </ns3:TrackPointExtension>
        </extensions>
      </trkpt>
      <trkpt lat="48.10274929739534854888916015625" lon="-122.7732938714325428009033203125">
        <ele>-3</ele>
        <time>2026-09-22T00:39:13.000Z</time>
        <extensions>
          <ns3:TrackPointExtension>
            <ns3:hr>114</ns3:hr>
          </ns3:TrackPointExtension>
        </extensions>
      </trkpt>
      <trkpt lat="48.1027594394981861114501953125" lon="-122.77320963330566883087158203125">
        <ele>-3</ele>
        <time>2026-09-22T00:39:18.000Z</time>
        <extensions>
          <ns3:TrackPointExtension>
            <ns3:hr>109</ns3:hr>
          </ns3:TrackPointExtension>
        </extensions>
      </trkpt>
      <trkpt lat="48.10276388190686702728271484375" lon="-122.773167304694652557373046875">
        <ele>-2.7999999523162841796875</ele>
        <time>2026-09-22T00:39:21.000Z</time>
        <extensions>
          <ns3:TrackPointExtension>
            <ns3:hr>105</ns3:hr>
          </ns3:TrackPointExtension>
        </extensions>
      </trkpt>
      <trkpt lat="48.10276354663074016571044921875" lon="-122.7730913646519184112548828125">
        <ele>-2.7999999523162841796875</ele>
        <time>2026-09-22T00:39:26.000Z</time>
        <extensions>
          <ns3:TrackPointExtension>
            <ns3:hr>104</ns3:hr>
          </ns3:TrackPointExtension>
        </extensions>
      </trkpt>
      <trkpt lat="48.10276128351688385009765625" lon="-122.77295851148664951324462890625">
        <ele>-3</ele>
        <time>2026-09-22T00:39:35.000Z</time>
        <extensions>
          <ns3:TrackPointExtension>
            <ns3:hr>110</ns3:hr>
          </ns3:TrackPointExtension>
        </extensions>
      </trkpt>
      <trkpt lat="48.10276128351688385009765625" lon="-122.77294434607028961181640625">
        <ele>-3</ele>
        <time>2026-09-22T00:39:36.000Z</time>
        <extensions>
          <ns3:TrackPointExtension>
            <ns3:hr>110</ns3:hr>
          </ns3:TrackPointExtension>
        </extensions>
      </trkpt>
      <trkpt lat="48.102762289345264434814453125" lon="-122.77293026447296142578125">
        <ele>-3</ele>
        <time>2026-09-22T00:39:37.000Z</time>
        <extensions>
          <ns3:TrackPointExtension>
            <ns3:hr>106</ns3:hr>
          </ns3:TrackPointExtension>
        </extensions>
      </trkpt>
      <trkpt lat="48.10276321135461330413818359375" lon="-122.77291752398014068603515625">
        <ele>-3</ele>
        <time>2026-09-22T00:39:38.000Z</time>
        <extensions>
          <ns3:TrackPointExtension>
            <ns3:hr>101</ns3:hr>
          </ns3:TrackPointExtension>
        </extensions>
      </trkpt>
      <trkpt lat="48.10276505537331104278564453125" lon="-122.772905118763446807861328125">
        <ele>-3</ele>
        <time>2026-09-22T00:39:39.000Z</time>
        <extensions>
          <ns3:TrackPointExtension>
            <ns3:hr>97</ns3:hr>
          </ns3:TrackPointExtension>
        </extensions>
      </trkpt>
      <trkpt lat="48.10276622883975505828857421875" lon="-122.7728925459086894989013671875">
        <ele>-3</ele>
        <time>2026-09-22T00:39:40.000Z</time>
        <extensions>
          <ns3:TrackPointExtension>
            <ns3:hr>92</ns3:hr>
          </ns3:TrackPointExtension>
        </extensions>
      </trkpt>
      <trkpt lat="48.1027664802968502044677734375" lon="-122.77287787757813930511474609375">
        <ele>-3</ele>
        <time>2026-09-22T00:39:41.000Z</time>
        <extensions>
          <ns3:TrackPointExtension>
            <ns3:hr>85</ns3:hr>
          </ns3:TrackPointExtension>
        </extensions>
      </trkpt>
      <trkpt lat="48.10276656411588191986083984375" lon="-122.7728617005050182342529296875">
        <ele>-3</ele>
        <time>2026-09-22T00:39:42.000Z</time>
        <extensions>
          <ns3:TrackPointExtension>
            <ns3:hr>78</ns3:hr>
          </ns3:TrackPointExtension>
        </extensions>
      </trkpt>
      <trkpt lat="48.10276664793491363525390625" lon="-122.772835381329059600830078125">
        <ele>-3</ele>
        <time>2026-09-22T00:39:44.000Z</time>
        <extensions>
          <ns3:TrackPointExtension>
            <ns3:hr>75</ns3:hr>
          </ns3:TrackPointExtension>
        </extensions>
      </trkpt>
      <trkpt lat="48.10276639647781848907470703125" lon="-122.77280864305794239044189453125">
        <ele>-2.7999999523162841796875</ele>
        <time>2026-09-22T00:39:46.000Z</time>
        <extensions>
          <ns3:TrackPointExtension>
            <ns3:hr>83</ns3:hr>
          </ns3:TrackPointExtension>
        </extensions>
      </trkpt>
      <trkpt lat="48.1027686595916748046875" lon="-122.7727953158318996429443359375">
        <ele>-2.599999904632568359375</ele>
        <time>2026-09-22T00:39:47.000Z</time>
        <extensions>
          <ns3:TrackPointExtension>
            <ns3:hr>90</ns3:hr>
          </ns3:TrackPointExtension>
        </extensions>
      </trkpt>
      <trkpt lat="48.1027725152671337127685546875" lon="-122.77278475463390350341796875">
        <ele>-2.599999904632568359375</ele>
        <time>2026-09-22T00:39:48.000Z</time>
        <extensions>
          <ns3:TrackPointExtension>
            <ns3:hr>94</ns3:hr>
          </ns3:TrackPointExtension>
        </extensions>
      </trkpt>
      <trkpt lat="48.10277360491454601287841796875" lon="-122.77277000248432159423828125">
        <ele>-2.599999904632568359375</ele>
        <time>2026-09-22T00:39:49.000Z</time>
        <extensions>
          <ns3:TrackPointExtension>
            <ns3:hr>99</ns3:hr>
          </ns3:TrackPointExtension>
        </extensions>
      </trkpt>
      <trkpt lat="48.10277477838099002838134765625" lon="-122.77275684289634227752685546875">
        <ele>-2.599999904632568359375</ele>
        <time>2026-09-22T00:39:50.000Z</time>
        <extensions>
          <ns3:TrackPointExtension>
            <ns3:hr>103</ns3:hr>
          </ns3:TrackPointExtension>
        </extensions>
      </trkpt>
      <trkpt lat="48.1027778796851634979248046875" lon="-122.7727275900542736053466796875">
        <ele>-2.7999999523162841796875</ele>
        <time>2026-09-22T00:39:52.000Z</time>
        <extensions>
          <ns3:TrackPointExtension>
            <ns3:hr>106</ns3:hr>
          </ns3:TrackPointExtension>
        </extensions>
      </trkpt>
      <trkpt lat="48.1027788855135440826416015625" lon="-122.77271367609500885009765625">
        <ele>-3</ele>
        <time>2026-09-22T00:39:53.000Z</time>
        <extensions>
          <ns3:TrackPointExtension>
            <ns3:hr>108</ns3:hr>
          </ns3:TrackPointExtension>
        </extensions>
      </trkpt>
      <trkpt lat="48.10278181917965412139892578125" lon="-122.7726846747100353240966796875">
        <ele>-3</ele>
        <time>2026-09-22T00:39:55.000Z</time>
        <extensions>
          <ns3:TrackPointExtension>
            <ns3:hr>112</ns3:hr>
          </ns3:TrackPointExtension>
        </extensions>
      </trkpt>
      <trkpt lat="48.10279288329184055328369140625" lon="-122.77255651541054248809814453125">
        <ele>-3</ele>
        <time>2026-09-22T00:40:03.000Z</time>
        <extensions>
          <ns3:TrackPointExtension>
            <ns3:hr>113</ns3:hr>
          </ns3:TrackPointExtension>
        </extensions>
      </trkpt>
      <trkpt lat="48.102797158062458038330078125" lon="-122.77250622399151325225830078125">
        <ele>-3</ele>
        <time>2026-09-22T00:40:06.000Z</time>
        <extensions>
          <ns3:TrackPointExtension>
            <ns3:hr>109</ns3:hr>
          </ns3:TrackPointExtension>
        </extensions>
      </trkpt>
      <trkpt lat="48.1027969904243946075439453125" lon="-122.77248946018517017364501953125">
        <ele>-3</ele>
        <time>2026-09-22T00:40:07.000Z</time>
        <extensions>
          <ns3:TrackPointExtension>
            <ns3:hr>105</ns3:hr>
          </ns3:TrackPointExtension>
        </extensions>
      </trkpt>
      <trkpt lat="48.10279942117631435394287109375" lon="-122.772473953664302825927734375">
        <ele>-3</ele>
        <time>2026-09-22T00:40:08.000Z</time>
        <extensions>
          <ns3:TrackPointExtension>
            <ns3:hr>102</ns3:hr>
          </ns3:TrackPointExtension>
        </extensions>
      </trkpt>
      <trkpt lat="48.102797828614711761474609375" lon="-122.77239927090704441070556640625">
        <ele>-3.2000000476837158203125</ele>
        <time>2026-09-22T00:40:12.000Z</time>
        <extensions>
          <ns3:TrackPointExtension>
            <ns3:hr>105</ns3:hr>
          </ns3:TrackPointExtension>
        </extensions>
      </trkpt>
      <trkpt lat="48.10279506258666515350341796875" lon="-122.77234562672674655914306640625">
        <ele>-3.2000000476837158203125</ele>
        <time>2026-09-22T00:40:15.000Z</time>
        <extensions>
          <ns3:TrackPointExtension>
            <ns3:hr>106</ns3:hr>
          </ns3:TrackPointExtension>
        </extensions>
      </trkpt>
      <trkpt lat="48.1027979962527751922607421875" lon="-122.7722142823040485382080078125">
        <ele>-9.6000003814697265625</ele>
        <time>2026-09-22T00:40:23.000Z</time>
        <extensions>
          <ns3:TrackPointExtension>
            <ns3:hr>106</ns3:hr>
          </ns3:TrackPointExtension>
        </extensions>
      </trkpt>
      <trkpt lat="48.102796487510204315185546875" lon="-122.7721529267728328704833984375">
        <ele>-8.3999996185302734375</ele>
        <time>2026-09-22T00:40:27.000Z</time>
        <extensions>
          <ns3:TrackPointExtension>
            <ns3:hr>105</ns3:hr>
          </ns3:TrackPointExtension>
        </extensions>
      </trkpt>
      <trkpt lat="48.10279615223407745361328125" lon="-122.77213406749069690704345703125">
        <ele>-8.3999996185302734375</ele>
        <time>2026-09-22T00:40:28.000Z</time>
        <extensions>
          <ns3:TrackPointExtension>
            <ns3:hr>105</ns3:hr>
          </ns3:TrackPointExtension>
        </extensions>
      </trkpt>
      <trkpt lat="48.1027969904243946075439453125" lon="-122.77207707054913043975830078125">
        <ele>-15</ele>
        <time>2026-09-22T00:40:31.000Z</time>
        <extensions>
          <ns3:TrackPointExtension>
            <ns3:hr>100</ns3:hr>
          </ns3:TrackPointExtension>
        </extensions>
      </trkpt>
      <trkpt lat="48.1027963198721408843994140625" lon="-122.7720597200095653533935546875">
        <ele>-16</ele>
        <time>2026-09-22T00:40:32.000Z</time>
        <extensions>
          <ns3:TrackPointExtension>
            <ns3:hr>91</ns3:hr>
          </ns3:TrackPointExtension>
        </extensions>
      </trkpt>
      <trkpt lat="48.102795146405696868896484375" lon="-122.77204253710806369781494140625">
        <ele>-16.3999996185302734375</ele>
        <time>2026-09-22T00:40:33.000Z</time>
        <extensions>
          <ns3:TrackPointExtension>
            <ns3:hr>88</ns3:hr>
          </ns3:TrackPointExtension>
        </extensions>
      </trkpt>
      <trkpt lat="48.102796487510204315185546875" lon="-122.7720265276730060577392578125">
        <ele>-16.3999996185302734375</ele>
        <time>2026-09-22T00:40:34.000Z</time>
        <extensions>
          <ns3:TrackPointExtension>
            <ns3:hr>85</ns3:hr>
          </ns3:TrackPointExtension>
        </extensions>
      </trkpt>
      <trkpt lat="48.1027969904243946075439453125" lon="-122.772009260952472686767578125">
        <ele>-16.3999996185302734375</ele>
        <time>2026-09-22T00:40:35.000Z</time>
        <extensions>
          <ns3:TrackPointExtension>
            <ns3:hr>85</ns3:hr>
          </ns3:TrackPointExtension>
        </extensions>
      </trkpt>
      <trkpt lat="48.1027968227863311767578125" lon="-122.77197430841624736785888671875">
        <ele>-13.80000019073486328125</ele>
        <time>2026-09-22T00:40:37.000Z</time>
        <extensions>
          <ns3:TrackPointExtension>
            <ns3:hr>86</ns3:hr>
          </ns3:TrackPointExtension>
        </extensions>
      </trkpt>
      <trkpt lat="48.10279724188148975372314453125" lon="-122.771958298981189727783203125">
        <ele>-10.3999996185302734375</ele>
        <time>2026-09-22T00:40:38.000Z</time>
        <extensions>
          <ns3:TrackPointExtension>
            <ns3:hr>86</ns3:hr>
          </ns3:TrackPointExtension>
        </extensions>
      </trkpt>
      <trkpt lat="48.10279791243374347686767578125" lon="-122.77194195427000522613525390625">
        <ele>-7.19999980926513671875</ele>
        <time>2026-09-22T00:40:39.000Z</time>
        <extensions>
          <ns3:TrackPointExtension>
            <ns3:hr>87</ns3:hr>
          </ns3:TrackPointExtension>
        </extensions>
      </trkpt>
      <trkpt lat="48.10279724188148975372314453125" lon="-122.77189183048903942108154296875">
        <ele>-11.80000019073486328125</ele>
        <time>2026-09-22T00:40:42.000Z</time>
        <extensions>
          <ns3:TrackPointExtension>
            <ns3:hr>89</ns3:hr>
          </ns3:TrackPointExtension>
        </extensions>
      </trkpt>
      <trkpt lat="48.1027968227863311767578125" lon="-122.77187473140656948089599609375">
        <ele>-9</ele>
        <time>2026-09-22T00:40:43.000Z</time>
        <extensions>
          <ns3:TrackPointExtension>
            <ns3:hr>89</ns3:hr>
          </ns3:TrackPointExtension>
        </extensions>
      </trkpt>
      <trkpt lat="48.10279707424342632293701171875" lon="-122.77184153907001018524169921875">
        <ele>-14.6000003814697265625</ele>
        <time>2026-09-22T00:40:45.000Z</time>
        <extensions>
          <ns3:TrackPointExtension>
            <ns3:hr>91</ns3:hr>
          </ns3:TrackPointExtension>
        </extensions>
      </trkpt>
      <trkpt lat="48.10279724188148975372314453125" lon="-122.77182796038687229156494140625">
        <ele>-16.799999237060546875</ele>
        <time>2026-09-22T00:40:46.000Z</time>
        <extensions>
          <ns3:TrackPointExtension>
            <ns3:hr>91</ns3:hr>
          </ns3:TrackPointExtension>
        </extensions>
      </trkpt>
      <trkpt lat="48.10279757715761661529541015625" lon="-122.77178286574780941009521484375">
        <ele>-15.6000003814697265625</ele>
        <time>2026-09-22T00:40:49.000Z</time>
        <extensions>
          <ns3:TrackPointExtension>
            <ns3:hr>90</ns3:hr>
          </ns3:TrackPointExtension>
        </extensions>
      </trkpt>
      <trkpt lat="48.1027916260063648223876953125" lon="-122.771725952625274658203125">
        <ele>-14.6000003814697265625</ele>
        <time>2026-09-22T00:40:52.000Z</time>
        <extensions>
          <ns3:TrackPointExtension>
            <ns3:hr>90</ns3:hr>
          </ns3:TrackPointExtension>
        </extensions>
      </trkpt>
      <trkpt lat="48.10279288329184055328369140625" lon="-122.77171262539923191070556640625">
        <ele>-10.19999980926513671875</ele>
        <time>2026-09-22T00:40:53.000Z</time>
        <extensions>
          <ns3:TrackPointExtension>
            <ns3:hr>90</ns3:hr>
          </ns3:TrackPointExtension>
        </extensions>
      </trkpt>
      <trkpt lat="48.10279615223407745361328125" lon="-122.77170474641025066375732421875">
        <ele>-6.19999980926513671875</ele>
        <time>2026-09-22T00:40:54.000Z</time>
        <extensions>
          <ns3:TrackPointExtension>
            <ns3:hr>90</ns3:hr>
          </ns3:TrackPointExtension>
        </extensions>
      </trkpt>
      <trkpt lat="48.10280143283307552337646484375" lon="-122.7716910839080810546875">
        <ele>-4.400000095367431640625</ele>
        <time>2026-09-22T00:40:55.000Z</time>
        <extensions>
          <ns3:TrackPointExtension>
            <ns3:hr>90</ns3:hr>
          </ns3:TrackPointExtension>
        </extensions>
      </trkpt>
      <trkpt lat="48.102804534137248992919921875" lon="-122.77167658321559429168701171875">
        <ele>-3.400000095367431640625</ele>
        <time>2026-09-22T00:40:56.000Z</time>
        <extensions>
          <ns3:TrackPointExtension>
            <ns3:hr>90</ns3:hr>
          </ns3:TrackPointExtension>
        </extensions>
      </trkpt>
      <trkpt lat="48.1028053723275661468505859375" lon="-122.77165914885699748992919921875">
        <ele>-3</ele>
        <time>2026-09-22T00:40:57.000Z</time>
        <extensions>
          <ns3:TrackPointExtension>
            <ns3:hr>90</ns3:hr>
          </ns3:TrackPointExtension>
        </extensions>
      </trkpt>
      <trkpt lat="48.102808892726898193359375" lon="-122.771561332046985626220703125">
        <ele>-2.7999999523162841796875</ele>
        <time>2026-09-22T00:41:03.000Z</time>
        <extensions>
          <ns3:TrackPointExtension>
            <ns3:hr>90</ns3:hr>
          </ns3:TrackPointExtension>
        </extensions>
      </trkpt>
      <trkpt lat="48.1028130836784839630126953125" lon="-122.7715115435421466827392578125">
        <ele>-2.599999904632568359375</ele>
        <time>2026-09-22T00:41:06.000Z</time>
        <extensions>
          <ns3:TrackPointExtension>
            <ns3:hr>92</ns3:hr>
          </ns3:TrackPointExtension>
        </extensions>
      </trkpt>
      <trkpt lat="48.102812580764293670654296875" lon="-122.77147114276885986328125">
        <ele>-5.400000095367431640625</ele>
        <time>2026-09-22T00:41:08.000Z</time>
        <extensions>
          <ns3:TrackPointExtension>
            <ns3:hr>93</ns3:hr>
          </ns3:TrackPointExtension>
        </extensions>
      </trkpt>
      <trkpt lat="48.1028110720217227935791015625" lon="-122.77145278640091419219970703125">
        <ele>-10.3999996185302734375</ele>
        <time>2026-09-22T00:41:09.000Z</time>
        <extensions>
          <ns3:TrackPointExtension>
            <ns3:hr>93</ns3:hr>
          </ns3:TrackPointExtension>
        </extensions>
      </trkpt>
      <trkpt lat="48.10280931182205677032470703125" lon="-122.77143350802361965179443359375">
        <ele>-12.80000019073486328125</ele>
        <time>2026-09-22T00:41:10.000Z</time>
        <extensions>
          <ns3:TrackPointExtension>
            <ns3:hr>93</ns3:hr>
          </ns3:TrackPointExtension>
        </extensions>
      </trkpt>
      <trkpt lat="48.10280956327915191650390625" lon="-122.77141548693180084228515625">
        <ele>-10.3999996185302734375</ele>
        <time>2026-09-22T00:41:11.000Z</time>
        <extensions>
          <ns3:TrackPointExtension>
            <ns3:hr>94</ns3:hr>
          </ns3:TrackPointExtension>
        </extensions>
      </trkpt>
      <trkpt lat="48.10280880890786647796630859375" lon="-122.77139713056385517120361328125">
        <ele>-7.400000095367431640625</ele>
        <time>2026-09-22T00:41:12.000Z</time>
        <extensions>
          <ns3:TrackPointExtension>
            <ns3:hr>94</ns3:hr>
          </ns3:TrackPointExtension>
        </extensions>
      </trkpt>
      <trkpt lat="48.10280428268015384674072265625" lon="-122.771378941833972930908203125">
        <ele>-5.19999980926513671875</ele>
        <time>2026-09-22T00:41:13.000Z</time>
        <extensions>
          <ns3:TrackPointExtension>
            <ns3:hr>94</ns3:hr>
          </ns3:TrackPointExtension>
        </extensions>
      </trkpt>
      <trkpt lat="48.10278517194092273712158203125" lon="-122.7713348530232906341552734375">
        <ele>-3.599999904632568359375</ele>
        <time>2026-09-22T00:41:16.000Z</time>
        <extensions>
          <ns3:TrackPointExtension>
            <ns3:hr>94</ns3:hr>
          </ns3:TrackPointExtension>
        </extensions>
      </trkpt>
      <trkpt lat="48.1027758680284023284912109375" lon="-122.771323956549167633056640625">
        <ele>-3.2000000476837158203125</ele>
        <time>2026-09-22T00:41:17.000Z</time>
        <extensions>
          <ns3:TrackPointExtension>
            <ns3:hr>94</ns3:hr>
          </ns3:TrackPointExtension>
        </extensions>
      </trkpt>
      <trkpt lat="48.102758936583995819091796875" lon="-122.77131490409374237060546875">
        <ele>-2.599999904632568359375</ele>
        <time>2026-09-22T00:41:19.000Z</time>
        <extensions>
          <ns3:TrackPointExtension>
            <ns3:hr>91</ns3:hr>
          </ns3:TrackPointExtension>
        </extensions>
      </trkpt>
      <trkpt lat="48.10274929739534854888916015625" lon="-122.77131482027471065521240234375">
        <ele>-2.599999904632568359375</ele>
        <time>2026-09-22T00:41:20.000Z</time>
        <extensions>
          <ns3:TrackPointExtension>
            <ns3:hr>91</ns3:hr>
          </ns3:TrackPointExtension>
        </extensions>
      </trkpt>
      <trkpt lat="48.10273856855928897857666015625" lon="-122.7713187597692012786865234375">
        <ele>-2.599999904632568359375</ele>
        <time>2026-09-22T00:41:21.000Z</time>
        <extensions>
          <ns3:TrackPointExtension>
            <ns3:hr>91</ns3:hr>
          </ns3:TrackPointExtension>
        </extensions>
      </trkpt>
      <trkpt lat="48.102728426456451416015625" lon="-122.7713251300156116485595703125">
        <ele>-2.599999904632568359375</ele>
        <time>2026-09-22T00:41:22.000Z</time>
        <extensions>
          <ns3:TrackPointExtension>
            <ns3:hr>91</ns3:hr>
          </ns3:TrackPointExtension>
        </extensions>
      </trkpt>
      <trkpt lat="48.102669753134250640869140625" lon="-122.77134181000292301177978515625">
        <ele>-2.599999904632568359375</ele>
        <time>2026-09-22T00:41:27.000Z</time>
        <extensions>
          <ns3:TrackPointExtension>
            <ns3:hr>97</ns3:hr>
          </ns3:TrackPointExtension>
        </extensions>
      </trkpt>
      <trkpt lat="48.10265726409852504730224609375" lon="-122.7713435702025890350341796875">
        <ele>-2.599999904632568359375</ele>
        <time>2026-09-22T00:41:28.000Z</time>
        <extensions>
          <ns3:TrackPointExtension>
            <ns3:hr>101</ns3:hr>
          </ns3:TrackPointExtension>
        </extensions>
      </trkpt>
      <trkpt lat="48.10262960381805896759033203125" lon="-122.77134499512612819671630859375">
        <ele>-2.599999904632568359375</ele>
        <time>2026-09-22T00:41:30.000Z</time>
        <extensions>
          <ns3:TrackPointExtension>
            <ns3:hr>104</ns3:hr>
          </ns3:TrackPointExtension>
        </extensions>
      </trkpt>
      <trkpt lat="48.1026035360991954803466796875" lon="-122.77134214527904987335205078125">
        <ele>-2.599999904632568359375</ele>
        <time>2026-09-22T00:41:32.000Z</time>
        <extensions>
          <ns3:TrackPointExtension>
            <ns3:hr>107</ns3:hr>
          </ns3:TrackPointExtension>
        </extensions>
      </trkpt>
      <trkpt lat="48.102590627968311309814453125" lon="-122.77134331874549388885498046875">
        <ele>-2.599999904632568359375</ele>
        <time>2026-09-22T00:41:33.000Z</time>
        <extensions>
          <ns3:TrackPointExtension>
            <ns3:hr>111</ns3:hr>
          </ns3:TrackPointExtension>
        </extensions>
      </trkpt>
      <trkpt lat="48.10257813893258571624755859375" lon="-122.7713452465832233428955078125">
        <ele>-2.599999904632568359375</ele>
        <time>2026-09-22T00:41:34.000Z</time>
        <extensions>
          <ns3:TrackPointExtension>
            <ns3:hr>114</ns3:hr>
          </ns3:TrackPointExtension>
        </extensions>
      </trkpt>
      <trkpt lat="48.10256439261138439178466796875" lon="-122.771345414221286773681640625">
        <ele>-2.599999904632568359375</ele>
        <time>2026-09-22T00:41:35.000Z</time>
        <extensions>
          <ns3:TrackPointExtension>
            <ns3:hr>114</ns3:hr>
          </ns3:TrackPointExtension>
        </extensions>
      </trkpt>
      <trkpt lat="48.10246716253459453582763671875" lon="-122.77136695571243762969970703125">
        <ele>-2.599999904632568359375</ele>
        <time>2026-09-22T00:41:43.000Z</time>
        <extensions>
          <ns3:TrackPointExtension>
            <ns3:hr>113</ns3:hr>
          </ns3:TrackPointExtension>
        </extensions>
      </trkpt>
      <trkpt lat="48.1024642288684844970703125" lon="-122.7713817916810512542724609375">
        <ele>-2.599999904632568359375</ele>
        <time>2026-09-22T00:41:44.000Z</time>
        <extensions>
          <ns3:TrackPointExtension>
            <ns3:hr>112</ns3:hr>
          </ns3:TrackPointExtension>
        </extensions>
      </trkpt>
      <trkpt lat="48.10247386805713176727294921875" lon="-122.77139796875417232513427734375">
        <ele>-2.7999999523162841796875</ele>
        <time>2026-09-22T00:41:46.000Z</time>
        <extensions>
          <ns3:TrackPointExtension>
            <ns3:hr>109</ns3:hr>
          </ns3:TrackPointExtension>
        </extensions>
      </trkpt>
      <trkpt lat="48.10248241759836673736572265625" lon="-122.771401070058345794677734375">
        <ele>-2.7999999523162841796875</ele>
        <time>2026-09-22T00:41:47.000Z</time>
        <extensions>
          <ns3:TrackPointExtension>
            <ns3:hr>108</ns3:hr>
          </ns3:TrackPointExtension>
        </extensions>
      </trkpt>
      <trkpt lat="48.102498762309551239013671875" lon="-122.7713965438306331634521484375">
        <ele>-3</ele>
        <time>2026-09-22T00:41:49.000Z</time>
        <extensions>
          <ns3:TrackPointExtension>
            <ns3:hr>105</ns3:hr>
          </ns3:TrackPointExtension>
        </extensions>
      </trkpt>
      <trkpt lat="48.10254209674894809722900390625" lon="-122.7713781036436557769775390625">
        <ele>-3</ele>
        <time>2026-09-22T00:41:53.000Z</time>
        <extensions>
          <ns3:TrackPointExtension>
            <ns3:hr>104</ns3:hr>
          </ns3:TrackPointExtension>
        </extensions>
      </trkpt>
      <trkpt lat="48.10262373648583889007568359375" lon="-122.77128296904265880584716796875">
        <ele>-3</ele>
        <time>2026-09-22T00:42:00.000Z</time>
        <extensions>
          <ns3:TrackPointExtension>
            <ns3:hr>107</ns3:hr>
          </ns3:TrackPointExtension>
        </extensions>
      </trkpt>
      <trkpt lat="48.10264469124376773834228515625" lon="-122.77124893851578235626220703125">
        <ele>-3</ele>
        <time>2026-09-22T00:42:02.000Z</time>
        <extensions>
          <ns3:TrackPointExtension>
            <ns3:hr>108</ns3:hr>
          </ns3:TrackPointExtension>
        </extensions>
      </trkpt>
      <trkpt lat="48.102793805301189422607421875" lon="-122.771082222461700439453125">
        <ele>-3.2000000476837158203125</ele>
        <time>2026-09-22T00:42:13.000Z</time>
        <extensions>
          <ns3:TrackPointExtension>
            <ns3:hr>108</ns3:hr>
          </ns3:TrackPointExtension>
        </extensions>
      </trkpt>
      <trkpt lat="48.10283814556896686553955078125" lon="-122.77102631516754627227783203125">
        <ele>-3.599999904632568359375</ele>
        <time>2026-09-22T00:42:16.000Z</time>
        <extensions>
          <ns3:TrackPointExtension>
            <ns3:hr>105</ns3:hr>
          </ns3:TrackPointExtension>
        </extensions>
      </trkpt>
      <trkpt lat="48.1028992496430873870849609375" lon="-122.770948447287082672119140625">
        <ele>-2.7999999523162841796875</ele>
        <time>2026-09-22T00:42:20.000Z</time>
        <extensions>
          <ns3:TrackPointExtension>
            <ns3:hr>108</ns3:hr>
          </ns3:TrackPointExtension>
        </extensions>
      </trkpt>
      <trkpt lat="48.102979548275470733642578125" lon="-122.7708735130727291107177734375">
        <ele>-2.7999999523162841796875</ele>
        <time>2026-09-22T00:42:25.000Z</time>
        <extensions>
          <ns3:TrackPointExtension>
            <ns3:hr>103</ns3:hr>
          </ns3:TrackPointExtension>
        </extensions>
      </trkpt>
      <trkpt lat="48.10299823991954326629638671875" lon="-122.77086697518825531005859375">
        <ele>-2.7999999523162841796875</ele>
        <time>2026-09-22T00:42:26.000Z</time>
        <extensions>
          <ns3:TrackPointExtension>
            <ns3:hr>100</ns3:hr>
          </ns3:TrackPointExtension>
        </extensions>
      </trkpt>
      <trkpt lat="48.10312279500067234039306640625" lon="-122.77083822526037693023681640625">
        <ele>-2.7999999523162841796875</ele>
        <time>2026-09-22T00:42:33.000Z</time>
        <extensions>
          <ns3:TrackPointExtension>
            <ns3:hr>99</ns3:hr>
          </ns3:TrackPointExtension>
        </extensions>
      </trkpt>
      <trkpt lat="48.10318498872220516204833984375" lon="-122.7708547376096248626708984375">
        <ele>-3</ele>
        <time>2026-09-22T00:42:38.000Z</time>
        <extensions>
          <ns3:TrackPointExtension>
            <ns3:hr>102</ns3:hr>
          </ns3:TrackPointExtension>
        </extensions>
      </trkpt>
      <trkpt lat="48.10318632982671260833740234375" lon="-122.7708597667515277862548828125">
        <ele>-2.7999999523162841796875</ele>
        <time>2026-09-22T00:42:39.000Z</time>
        <extensions>
          <ns3:TrackPointExtension>
            <ns3:hr>104</ns3:hr>
          </ns3:TrackPointExtension>
        </extensions>
      </trkpt>
      <trkpt lat="48.1031771935522556304931640625" lon="-122.770874686539173126220703125">
        <ele>-2.599999904632568359375</ele>
        <time>2026-09-22T00:42:41.000Z</time>
        <extensions>
          <ns3:TrackPointExtension>
            <ns3:hr>107</ns3:hr>
          </ns3:TrackPointExtension>
        </extensions>
      </trkpt>
      <trkpt lat="48.103168644011020660400390625" lon="-122.7708822302520275115966796875">
        <ele>-2.599999904632568359375</ele>
        <time>2026-09-22T00:42:42.000Z</time>
        <extensions>
          <ns3:TrackPointExtension>
            <ns3:hr>108</ns3:hr>
          </ns3:TrackPointExtension>
        </extensions>
      </trkpt>
      <trkpt lat="48.1031339429318904876708984375" lon="-122.7708993293344974517822265625">
        <ele>-2.599999904632568359375</ele>
        <time>2026-09-22T00:42:45.000Z</time>
        <extensions>
          <ns3:TrackPointExtension>
            <ns3:hr>108</ns3:hr>
          </ns3:TrackPointExtension>
        </extensions>
      </trkpt>
      <trkpt lat="48.10303377918899059295654296875" lon="-122.77094299905002117156982421875">
        <ele>-2.599999904632568359375</ele>
        <time>2026-09-22T00:42:51.000Z</time>
        <extensions>
          <ns3:TrackPointExtension>
            <ns3:hr>112</ns3:hr>
          </ns3:TrackPointExtension>
        </extensions>
      </trkpt>
      <trkpt lat="48.10299019329249858856201171875" lon="-122.7709593437612056732177734375">
        <ele>-2.400000095367431640625</ele>
        <time>2026-09-22T00:42:53.000Z</time>
        <extensions>
          <ns3:TrackPointExtension>
            <ns3:hr>118</ns3:hr>
          </ns3:TrackPointExtension>
        </extensions>
      </trkpt>
      <trkpt lat="48.10296655632555484771728515625" lon="-122.77096848003566265106201171875">
        <ele>-2.400000095367431640625</ele>
        <time>2026-09-22T00:42:54.000Z</time>
        <extensions>
          <ns3:TrackPointExtension>
            <ns3:hr>119</ns3:hr>
          </ns3:TrackPointExtension>
        </extensions>
      </trkpt>
      <trkpt lat="48.1028147600591182708740234375" lon="-122.77101357467472553253173828125">
        <ele>-2.400000095367431640625</ele>
        <time>2026-09-22T00:43:01.000Z</time>
        <extensions>
          <ns3:TrackPointExtension>
            <ns3:hr>119</ns3:hr>
          </ns3:TrackPointExtension>
        </extensions>
      </trkpt>
      <trkpt lat="48.10273085720837116241455078125" lon="-122.77110778726637363433837890625">
        <ele>-2</ele>
        <time>2026-09-22T00:43:07.000Z</time>
        <extensions>
          <ns3:TrackPointExtension>
            <ns3:hr>121</ns3:hr>
          </ns3:TrackPointExtension>
        </extensions>
      </trkpt>
      <trkpt lat="48.10268458910286426544189453125" lon="-122.77124784886837005615234375">
        <ele>-2</ele>
        <time>2026-09-22T00:43:14.000Z</time>
        <extensions>
          <ns3:TrackPointExtension>
            <ns3:hr>119</ns3:hr>
          </ns3:TrackPointExtension>
        </extensions>
      </trkpt>
      <trkpt lat="48.10265122912824153900146484375" lon="-122.77132001705467700958251953125">
        <ele>-2.2000000476837158203125</ele>
        <time>2026-09-22T00:43:18.000Z</time>
        <extensions>
          <ns3:TrackPointExtension>
            <ns3:hr>122</ns3:hr>
          </ns3:TrackPointExtension>
        </extensions>
      </trkpt>
      <trkpt lat="48.10261116363108158111572265625" lon="-122.7713982202112674713134765625">
        <ele>-2.2000000476837158203125</ele>
        <time>2026-09-22T00:43:23.000Z</time>
        <extensions>
          <ns3:TrackPointExtension>
            <ns3:hr>119</ns3:hr>
          </ns3:TrackPointExtension>
        </extensions>
      </trkpt>
      <trkpt lat="48.10258618555963039398193359375" lon="-122.77144725434482097625732421875">
        <ele>-2.2000000476837158203125</ele>
        <time>2026-09-22T00:43:26.000Z</time>
        <extensions>
          <ns3:TrackPointExtension>
            <ns3:hr>116</ns3:hr>
          </ns3:TrackPointExtension>
        </extensions>
      </trkpt>
      <trkpt lat="48.10257730074226856231689453125" lon="-122.7714612521231174468994140625">
        <ele>-2.2000000476837158203125</ele>
        <time>2026-09-22T00:43:27.000Z</time>
        <extensions>
          <ns3:TrackPointExtension>
            <ns3:hr>114</ns3:hr>
          </ns3:TrackPointExtension>
        </extensions>
      </trkpt>
      <trkpt lat="48.1025696732103824615478515625" lon="-122.77147558517754077911376953125">
        <ele>-2.2000000476837158203125</ele>
        <time>2026-09-22T00:43:28.000Z</time>
        <extensions>
          <ns3:TrackPointExtension>
            <ns3:hr>111</ns3:hr>
          </ns3:TrackPointExtension>
        </extensions>
      </trkpt>
      <trkpt lat="48.10254964046180248260498046875" lon="-122.771506011486053466796875">
        <ele>-2.2000000476837158203125</ele>
        <time>2026-09-22T00:43:30.000Z</time>
        <extensions>
          <ns3:TrackPointExtension>
            <ns3:hr>108</ns3:hr>
          </ns3:TrackPointExtension>
        </extensions>
      </trkpt>
      <trkpt lat="48.10252801515161991119384765625" lon="-122.7715397067368030548095703125">
        <ele>-2.2000000476837158203125</ele>
        <time>2026-09-22T00:43:32.000Z</time>
        <extensions>
          <ns3:TrackPointExtension>
            <ns3:hr>105</ns3:hr>
          </ns3:TrackPointExtension>
        </extensions>
      </trkpt>
      <trkpt lat="48.1024875305593013763427734375" lon="-122.7716013975441455841064453125">
        <ele>-2.400000095367431640625</ele>
        <time>2026-09-22T00:43:36.000Z</time>
        <extensions>
          <ns3:TrackPointExtension>
            <ns3:hr>103</ns3:hr>
          </ns3:TrackPointExtension>
        </extensions>
      </trkpt>
      <trkpt lat="48.10245526023209095001220703125" lon="-122.7716379426419734954833984375">
        <ele>-2.400000095367431640625</ele>
        <time>2026-09-22T00:43:39.000Z</time>
        <extensions>
          <ns3:TrackPointExtension>
            <ns3:hr>106</ns3:hr>
          </ns3:TrackPointExtension>
        </extensions>
      </trkpt>
      <trkpt lat="48.1024038791656494140625" lon="-122.77168228290975093841552734375">
        <ele>-2.400000095367431640625</ele>
        <time>2026-09-22T00:43:43.000Z</time>
        <extensions>
          <ns3:TrackPointExtension>
            <ns3:hr>103</ns3:hr>
          </ns3:TrackPointExtension>
        </extensions>
      </trkpt>
      <trkpt lat="48.102357946336269378662109375" lon="-122.77174263261258602142333984375">
        <ele>-2.400000095367431640625</ele>
        <time>2026-09-22T00:43:47.000Z</time>
        <extensions>
          <ns3:TrackPointExtension>
            <ns3:hr>108</ns3:hr>
          </ns3:TrackPointExtension>
        </extensions>
      </trkpt>
      <trkpt lat="48.10235132463276386260986328125" lon="-122.77176140807569026947021484375">
        <ele>-2.400000095367431640625</ele>
        <time>2026-09-22T00:43:48.000Z</time>
        <extensions>
          <ns3:TrackPointExtension>
            <ns3:hr>118</ns3:hr>
          </ns3:TrackPointExtension>
        </extensions>
      </trkpt>
      <trkpt lat="48.10234847478568553924560546875" lon="-122.771776579320430755615234375">
        <ele>-2.400000095367431640625</ele>
        <time>2026-09-22T00:43:49.000Z</time>
        <extensions>
          <ns3:TrackPointExtension>
            <ns3:hr>121</ns3:hr>
          </ns3:TrackPointExtension>
        </extensions>
      </trkpt>
      <trkpt lat="48.1023510731756687164306640625" lon="-122.77179242111742496490478515625">
        <ele>-2.400000095367431640625</ele>
        <time>2026-09-22T00:43:50.000Z</time>
        <extensions>
          <ns3:TrackPointExtension>
            <ns3:hr>122</ns3:hr>
          </ns3:TrackPointExtension>
        </extensions>
      </trkpt>
      <trkpt lat="48.10236968100070953369140625" lon="-122.77180700562894344329833984375">
        <ele>-2.400000095367431640625</ele>
        <time>2026-09-22T00:43:52.000Z</time>
        <extensions>
          <ns3:TrackPointExtension>
            <ns3:hr>123</ns3:hr>
          </ns3:TrackPointExtension>
        </extensions>
      </trkpt>
      <trkpt lat="48.102451153099536895751953125" lon="-122.771784625947475433349609375">
        <ele>-2.2000000476837158203125</ele>
        <time>2026-09-22T00:43:58.000Z</time>
        <extensions>
          <ns3:TrackPointExtension>
            <ns3:hr>119</ns3:hr>
          </ns3:TrackPointExtension>
        </extensions>
      </trkpt>
      <trkpt lat="48.10246364213526248931884765625" lon="-122.77178035117685794830322265625">
        <ele>-2.599999904632568359375</ele>
        <time>2026-09-22T00:43:59.000Z</time>
        <extensions>
          <ns3:TrackPointExtension>
            <ns3:hr>116</ns3:hr>
          </ns3:TrackPointExtension>
        </extensions>
      </trkpt>
      <trkpt lat="48.10247696936130523681640625" lon="-122.77177951298654079437255859375">
        <ele>-2.7999999523162841796875</ele>
        <time>2026-09-22T00:44:00.000Z</time>
        <extensions>
          <ns3:TrackPointExtension>
            <ns3:hr>112</ns3:hr>
          </ns3:TrackPointExtension>
        </extensions>
      </trkpt>
      <trkpt lat="48.10249172151088714599609375" lon="-122.77177481912076473236083984375">
        <ele>-2.7999999523162841796875</ele>
        <time>2026-09-22T00:44:01.000Z</time>
        <extensions>
          <ns3:TrackPointExtension>
            <ns3:hr>109</ns3:hr>
          </ns3:TrackPointExtension>
        </extensions>
      </trkpt>
      <trkpt lat="48.10254477895796298980712890625" lon="-122.77175772003829479217529296875">
        <ele>-2.7999999523162841796875</ele>
        <time>2026-09-22T00:44:04.000Z</time>
        <extensions>
          <ns3:TrackPointExtension>
            <ns3:hr>106</ns3:hr>
          </ns3:TrackPointExtension>
        </extensions>
      </trkpt>
      <trkpt lat="48.1025763787329196929931640625" lon="-122.77175352908670902252197265625">
        <ele>-2.7999999523162841796875</ele>
        <time>2026-09-22T00:44:06.000Z</time>
        <extensions>
          <ns3:TrackPointExtension>
            <ns3:hr>103</ns3:hr>
          </ns3:TrackPointExtension>
        </extensions>
      </trkpt>
      <trkpt lat="48.10273370705544948577880859375" lon="-122.77172871865332126617431640625">
        <ele>-2.7999999523162841796875</ele>
        <time>2026-09-22T00:44:16.000Z</time>
        <extensions>
          <ns3:TrackPointExtension>
            <ns3:hr>102</ns3:hr>
          </ns3:TrackPointExtension>
        </extensions>
      </trkpt>
      <trkpt lat="48.10281048528850078582763671875" lon="-122.7716816961765289306640625">
        <ele>-2.7999999523162841796875</ele>
        <time>2026-09-22T00:44:22.000Z</time>
        <extensions>
          <ns3:TrackPointExtension>
            <ns3:hr>99</ns3:hr>
          </ns3:TrackPointExtension>
        </extensions>
      </trkpt>
      <trkpt lat="48.1028932146728038787841796875" lon="-122.77164875529706478118896484375">
        <ele>-2.7999999523162841796875</ele>
        <time>2026-09-22T00:44:28.000Z</time>
        <extensions>
          <ns3:TrackPointExtension>
            <ns3:hr>99</ns3:hr>
          </ns3:TrackPointExtension>
        </extensions>
      </trkpt>
      <trkpt lat="48.1029510498046875" lon="-122.7716711349785327911376953125">
        <ele>-3</ele>
        <time>2026-09-22T00:44:34.000Z</time>
        <extensions>
          <ns3:TrackPointExtension>
            <ns3:hr>100</ns3:hr>
          </ns3:TrackPointExtension>
        </extensions>
      </trkpt>
      <trkpt lat="48.10294635593891143798828125" lon="-122.771704830229282379150390625">
        <ele>-2.7999999523162841796875</ele>
        <time>2026-09-22T00:44:37.000Z</time>
        <extensions>
          <ns3:TrackPointExtension>
            <ns3:hr>100</ns3:hr>
          </ns3:TrackPointExtension>
        </extensions>
      </trkpt>
      <trkpt lat="48.10294358991086483001708984375" lon="-122.7717375196516513824462890625">
        <ele>-2.599999904632568359375</ele>
        <time>2026-09-22T00:44:39.000Z</time>
        <extensions>
          <ns3:TrackPointExtension>
            <ns3:hr>100</ns3:hr>
          </ns3:TrackPointExtension>
        </extensions>
      </trkpt>
      <trkpt lat="48.1029357947409152984619140625" lon="-122.7717750705778598785400390625">
        <ele>-2.599999904632568359375</ele>
        <time>2026-09-22T00:44:41.000Z</time>
        <extensions>
          <ns3:TrackPointExtension>
            <ns3:hr>100</ns3:hr>
          </ns3:TrackPointExtension>
        </extensions>
      </trkpt>
      <trkpt lat="48.1029067933559417724609375" lon="-122.7719633281230926513671875">
        <ele>-2.400000095367431640625</ele>
        <time>2026-09-22T00:44:50.000Z</time>
        <extensions>
          <ns3:TrackPointExtension>
            <ns3:hr>100</ns3:hr>
          </ns3:TrackPointExtension>
        </extensions>
      </trkpt>
      <trkpt lat="48.102880977094173431396484375" lon="-122.772087715566158294677734375">
        <ele>-2.599999904632568359375</ele>
        <time>2026-09-22T00:44:56.000Z</time>
        <extensions>
          <ns3:TrackPointExtension>
            <ns3:hr>104</ns3:hr>
          </ns3:TrackPointExtension>
        </extensions>
      </trkpt>
      <trkpt lat="48.10287485830485820770263671875" lon="-122.7721116878092288970947265625">
        <ele>-2.599999904632568359375</ele>
        <time>2026-09-22T00:44:57.000Z</time>
        <extensions>
          <ns3:TrackPointExtension>
            <ns3:hr>109</ns3:hr>
          </ns3:TrackPointExtension>
        </extensions>
      </trkpt>
      <trkpt lat="48.10286915861070156097412109375" lon="-122.7721328102052211761474609375">
        <ele>-2.599999904632568359375</ele>
        <time>2026-09-22T00:44:58.000Z</time>
        <extensions>
          <ns3:TrackPointExtension>
            <ns3:hr>113</ns3:hr>
          </ns3:TrackPointExtension>
        </extensions>
      </trkpt>
      <trkpt lat="48.10284954495728015899658203125" lon="-122.772227860987186431884765625">
        <ele>-2.7999999523162841796875</ele>
        <time>2026-09-22T00:45:02.000Z</time>
        <extensions>
          <ns3:TrackPointExtension>
            <ns3:hr>118</ns3:hr>
          </ns3:TrackPointExtension>
        </extensions>
      </trkpt>
      <trkpt lat="48.102843761444091796875" lon="-122.77224965393543243408203125">
        <ele>-2.7999999523162841796875</ele>
        <time>2026-09-22T00:45:03.000Z</time>
        <extensions>
          <ns3:TrackPointExtension>
            <ns3:hr>114</ns3:hr>
          </ns3:TrackPointExtension>
        </extensions>
      </trkpt>
      <trkpt lat="48.102835379540920257568359375" lon="-122.77229516766965389251708984375">
        <ele>-2.7999999523162841796875</ele>
        <time>2026-09-22T00:45:05.000Z</time>
        <extensions>
          <ns3:TrackPointExtension>
            <ns3:hr>110</ns3:hr>
          </ns3:TrackPointExtension>
        </extensions>
      </trkpt>
      <trkpt lat="48.10282431542873382568359375" lon="-122.7723239175975322723388671875">
        <ele>-2.7999999523162841796875</ele>
        <time>2026-09-22T00:45:07.000Z</time>
        <extensions>
          <ns3:TrackPointExtension>
            <ns3:hr>108</ns3:hr>
          </ns3:TrackPointExtension>
        </extensions>
      </trkpt>
      <trkpt lat="48.1027949787676334381103515625" lon="-122.772333137691020965576171875">
        <ele>-2.7999999523162841796875</ele>
        <time>2026-09-22T00:45:09.000Z</time>
        <extensions>
          <ns3:TrackPointExtension>
            <ns3:hr>108</ns3:hr>
          </ns3:TrackPointExtension>
        </extensions>
      </trkpt>
      <trkpt lat="48.10272909700870513916015625" lon="-122.772406227886676788330078125">
        <ele>-2.7999999523162841796875</ele>
        <time>2026-09-22T00:45:16.000Z</time>
        <extensions>
          <ns3:TrackPointExtension>
            <ns3:hr>107</ns3:hr>
          </ns3:TrackPointExtension>
        </extensions>
      </trkpt>
      <trkpt lat="48.10269062407314777374267578125" lon="-122.77248837053775787353515625">
        <ele>-2.599999904632568359375</ele>
        <time>2026-09-22T00:45:21.000Z</time>
        <extensions>
          <ns3:TrackPointExtension>
            <ns3:hr>104</ns3:hr>
          </ns3:TrackPointExtension>
        </extensions>
      </trkpt>
      <trkpt lat="48.10266816057264804840087890625" lon="-122.77254494838416576385498046875">
        <ele>-2.599999904632568359375</ele>
        <time>2026-09-22T00:45:25.000Z</time>
        <extensions>
          <ns3:TrackPointExtension>
            <ns3:hr>103</ns3:hr>
          </ns3:TrackPointExtension>
        </extensions>
      </trkpt>
      <trkpt lat="48.10267268680036067962646484375" lon="-122.7725579403340816497802734375">
        <ele>-2.7999999523162841796875</ele>
        <time>2026-09-22T00:45:26.000Z</time>
        <extensions>
          <ns3:TrackPointExtension>
            <ns3:hr>103</ns3:hr>
          </ns3:TrackPointExtension>
        </extensions>
      </trkpt>
      <trkpt lat="48.10268710367381572723388671875" lon="-122.77257562614977359771728515625">
        <ele>-3</ele>
        <time>2026-09-22T00:45:28.000Z</time>
        <extensions>
          <ns3:TrackPointExtension>
            <ns3:hr>104</ns3:hr>
          </ns3:TrackPointExtension>
        </extensions>
      </trkpt>
      <trkpt lat="48.1026967428624629974365234375" lon="-122.772577218711376190185546875">
        <ele>-3</ele>
        <time>2026-09-22T00:45:29.000Z</time>
        <extensions>
          <ns3:TrackPointExtension>
            <ns3:hr>107</ns3:hr>
          </ns3:TrackPointExtension>
        </extensions>
      </trkpt>
      <trkpt lat="48.102717697620391845703125" lon="-122.7725720219314098358154296875">
        <ele>-3</ele>
        <time>2026-09-22T00:45:31.000Z</time>
        <extensions>
          <ns3:TrackPointExtension>
            <ns3:hr>110</ns3:hr>
          </ns3:TrackPointExtension>
        </extensions>
      </trkpt>
      <trkpt lat="48.10272909700870513916015625" lon="-122.772567160427570343017578125">
        <ele>-3</ele>
        <time>2026-09-22T00:45:32.000Z</time>
        <extensions>
          <ns3:TrackPointExtension>
            <ns3:hr>111</ns3:hr>
          </ns3:TrackPointExtension>
        </extensions>
      </trkpt>
      <trkpt lat="48.102809228003025054931640625" lon="-122.77254561893641948699951171875">
        <ele>-2.7999999523162841796875</ele>
        <time>2026-09-22T00:45:38.000Z</time>
        <extensions>
          <ns3:TrackPointExtension>
            <ns3:hr>108</ns3:hr>
          </ns3:TrackPointExtension>
        </extensions>
      </trkpt>
      <trkpt lat="48.10281819663941860198974609375" lon="-122.77254402637481689453125">
        <ele>-2.7999999523162841796875</ele>
        <time>2026-09-22T00:45:39.000Z</time>
        <extensions>
          <ns3:TrackPointExtension>
            <ns3:hr>105</ns3:hr>
          </ns3:TrackPointExtension>
        </extensions>
      </trkpt>
      <trkpt lat="48.10282741673290729522705078125" lon="-122.772541008889675140380859375">
        <ele>-3</ele>
        <time>2026-09-22T00:45:40.000Z</time>
        <extensions>
          <ns3:TrackPointExtension>
            <ns3:hr>105</ns3:hr>
          </ns3:TrackPointExtension>
        </extensions>
      </trkpt>
      <trkpt lat="48.10288156382739543914794921875" lon="-122.77251477353274822235107421875">
        <ele>-3</ele>
        <time>2026-09-22T00:45:44.000Z</time>
        <extensions>
          <ns3:TrackPointExtension>
            <ns3:hr>106</ns3:hr>
          </ns3:TrackPointExtension>
        </extensions>
      </trkpt>
      <trkpt lat="48.1029652990400791168212890625" lon="-122.77245073579251766204833984375">
        <ele>-3</ele>
        <time>2026-09-22T00:45:50.000Z</time>
        <extensions>
          <ns3:TrackPointExtension>
            <ns3:hr>102</ns3:hr>
          </ns3:TrackPointExtension>
        </extensions>
      </trkpt>
      <trkpt lat="48.10298080556094646453857421875" lon="-122.772436402738094329833984375">
        <ele>-3</ele>
        <time>2026-09-22T00:45:51.000Z</time>
        <extensions>
          <ns3:TrackPointExtension>
            <ns3:hr>99</ns3:hr>
          </ns3:TrackPointExtension>
        </extensions>
      </trkpt>
      <trkpt lat="48.10299589298665523529052734375" lon="-122.772407568991184234619140625">
        <ele>-3</ele>
        <time>2026-09-22T00:45:53.000Z</time>
        <extensions>
          <ns3:TrackPointExtension>
            <ns3:hr>94</ns3:hr>
          </ns3:TrackPointExtension>
        </extensions>
      </trkpt>
      <trkpt lat="48.10306043364107608795166015625" lon="-122.772412262856960296630859375">
        <ele>-3.2000000476837158203125</ele>
        <time>2026-09-22T00:45:58.000Z</time>
        <extensions>
          <ns3:TrackPointExtension>
            <ns3:hr>94</ns3:hr>
          </ns3:TrackPointExtension>
        </extensions>
      </trkpt>
      <trkpt lat="48.103055655956268310546875" lon="-122.77247537858784198760986328125">
        <ele>-3</ele>
        <time>2026-09-22T00:46:05.000Z</time>
        <extensions>
          <ns3:TrackPointExtension>
            <ns3:hr>95</ns3:hr>
          </ns3:TrackPointExtension>
        </extensions>
      </trkpt>
      <trkpt lat="48.1030516326427459716796875" lon="-122.77248443104326725006103515625">
        <ele>-3</ele>
        <time>2026-09-22T00:46:06.000Z</time>
        <extensions>
          <ns3:TrackPointExtension>
            <ns3:hr>98</ns3:hr>
          </ns3:TrackPointExtension>
        </extensions>
      </trkpt>
      <trkpt lat="48.1030481122434139251708984375" lon="-122.77249130420386791229248046875">
        <ele>-3</ele>
        <time>2026-09-22T00:46:07.000Z</time>
        <extensions>
          <ns3:TrackPointExtension>
            <ns3:hr>101</ns3:hr>
          </ns3:TrackPointExtension>
        </extensions>
      </trkpt>
      <trkpt lat="48.10304350219666957855224609375" lon="-122.77249566279351711273193359375">
        <ele>-3</ele>
        <time>2026-09-22T00:46:08.000Z</time>
        <extensions>
          <ns3:TrackPointExtension>
            <ns3:hr>104</ns3:hr>
          </ns3:TrackPointExtension>
        </extensions>
      </trkpt>
      <trkpt lat="48.10304182581603527069091796875" lon="-122.772501446306705474853515625">
        <ele>-3</ele>
        <time>2026-09-22T00:46:09.000Z</time>
        <extensions>
          <ns3:TrackPointExtension>
            <ns3:hr>107</ns3:hr>
          </ns3:TrackPointExtension>
        </extensions>
      </trkpt>
      <trkpt lat="48.10303830541670322418212890625" lon="-122.77250605635344982147216796875">
        <ele>-3</ele>
        <time>2026-09-22T00:46:10.000Z</time>
        <extensions>
          <ns3:TrackPointExtension>
            <ns3:hr>103</ns3:hr>
          </ns3:TrackPointExtension>
        </extensions>
      </trkpt>
      <trkpt lat="48.10303227044641971588134765625" lon="-122.77251225896179676055908203125">
        <ele>-3</ele>
        <time>2026-09-22T00:46:11.000Z</time>
        <extensions>
          <ns3:TrackPointExtension>
            <ns3:hr>100</ns3:hr>
          </ns3:TrackPointExtension>
        </extensions>
      </trkpt>
      <trkpt lat="48.10301902703940868377685546875" lon="-122.77252332307398319244384765625">
        <ele>-3</ele>
        <time>2026-09-22T00:46:13.000Z</time>
        <extensions>
          <ns3:TrackPointExtension>
            <ns3:hr>96</ns3:hr>
          </ns3:TrackPointExtension>
        </extensions>
      </trkpt>
      <trkpt lat="48.1030058674514293670654296875" lon="-122.7725408412516117095947265625">
        <ele>-3</ele>
        <time>2026-09-22T00:46:15.000Z</time>
        <extensions>
          <ns3:TrackPointExtension>
            <ns3:hr>93</ns3:hr>
          </ns3:TrackPointExtension>
        </extensions>
      </trkpt>
      <trkpt lat="48.103000335395336151123046875" lon="-122.7725534141063690185546875">
        <ele>-3</ele>
        <time>2026-09-22T00:46:16.000Z</time>
        <extensions>
          <ns3:TrackPointExtension>
            <ns3:hr>93</ns3:hr>
          </ns3:TrackPointExtension>
        </extensions>
      </trkpt>
      <trkpt lat="48.10298415832221508026123046875" lon="-122.772589623928070068359375">
        <ele>-3</ele>
        <time>2026-09-22T00:46:19.000Z</time>
        <extensions>
          <ns3:TrackPointExtension>
            <ns3:hr>95</ns3:hr>
          </ns3:TrackPointExtension>
        </extensions>
      </trkpt>
      <trkpt lat="48.1029324419796466827392578125" lon="-122.77268844656646251678466796875">
        <ele>-3.2000000476837158203125</ele>
        <time>2026-09-22T00:46:27.000Z</time>
        <extensions>
          <ns3:TrackPointExtension>
            <ns3:hr>96</ns3:hr>
          </ns3:TrackPointExtension>
        </extensions>
      </trkpt>
      <trkpt lat="48.10290209949016571044921875" lon="-122.772742174565792083740234375">
        <ele>-3.400000095367431640625</ele>
        <time>2026-09-22T00:46:32.000Z</time>
        <extensions>
          <ns3:TrackPointExtension>
            <ns3:hr>93</ns3:hr>
          </ns3:TrackPointExtension>
        </extensions>
      </trkpt>
      <trkpt lat="48.10288927517831325531005859375" lon="-122.7727591060101985931396484375">
        <ele>-3.400000095367431640625</ele>
        <time>2026-09-22T00:46:34.000Z</time>
        <extensions>
          <ns3:TrackPointExtension>
            <ns3:hr>88</ns3:hr>
          </ns3:TrackPointExtension>
        </extensions>
      </trkpt>
      <trkpt lat="48.10279003344476222991943359375" lon="-122.7728992514312267303466796875">
        <ele>-3.2000000476837158203125</ele>
        <time>2026-09-22T00:46:47.000Z</time>
        <extensions>
          <ns3:TrackPointExtension>
            <ns3:hr>88</ns3:hr>
          </ns3:TrackPointExtension>
        </extensions>
      </trkpt>
      <trkpt lat="48.102705292403697967529296875" lon="-122.77308608405292034149169921875">
        <ele>-3</ele>
        <time>2026-09-22T00:46:57.000Z</time>
        <extensions>
          <ns3:TrackPointExtension>
            <ns3:hr>85</ns3:hr>
          </ns3:TrackPointExtension>
        </extensions>
      </trkpt>
      <trkpt lat="48.10269582085311412811279296875" lon="-122.7731074579060077667236328125">
        <ele>-3</ele>
        <time>2026-09-22T00:46:58.000Z</time>
        <extensions>
          <ns3:TrackPointExtension>
            <ns3:hr>82</ns3:hr>
          </ns3:TrackPointExtension>
        </extensions>
      </trkpt>
      <trkpt lat="48.1026689149439334869384765625" lon="-122.77323746122419834136962890625">
        <ele>-3</ele>
        <time>2026-09-22T00:47:04.000Z</time>
        <extensions>
          <ns3:TrackPointExtension>
            <ns3:hr>84</ns3:hr>
          </ns3:TrackPointExtension>
        </extensions>
      </trkpt>
      <trkpt lat="48.10268224216997623443603515625" lon="-122.7732660435140132904052734375">
        <ele>-3</ele>
        <time>2026-09-22T00:47:06.000Z</time>
        <extensions>
          <ns3:TrackPointExtension>
            <ns3:hr>91</ns3:hr>
          </ns3:TrackPointExtension>
        </extensions>
      </trkpt>
      <trkpt lat="48.10270353220403194427490234375" lon="-122.77327417396008968353271484375">
        <ele>-3</ele>
        <time>2026-09-22T00:47:08.000Z</time>
        <extensions>
          <ns3:TrackPointExtension>
            <ns3:hr>92</ns3:hr>
          </ns3:TrackPointExtension>
        </extensions>
      </trkpt>
      <trkpt lat="48.1027366407215595245361328125" lon="-122.77326813898980617523193359375">
        <ele>-3.599999904632568359375</ele>
        <time>2026-09-22T00:47:11.000Z</time>
        <extensions>
          <ns3:TrackPointExtension>
            <ns3:hr>92</ns3:hr>
          </ns3:TrackPointExtension>
        </extensions>
      </trkpt>
      <trkpt lat="48.1027510575950145721435546875" lon="-122.7732683904469013214111328125">
        <ele>-3.599999904632568359375</ele>
        <time>2026-09-22T00:47:12.000Z</time>
        <extensions>
          <ns3:TrackPointExtension>
            <ns3:hr>92</ns3:hr>
          </ns3:TrackPointExtension>
        </extensions>
      </trkpt>
      <trkpt lat="48.10282926075160503387451171875" lon="-122.77328205294907093048095703125">
        <ele>-3.7999999523162841796875</ele>
        <time>2026-09-22T00:47:18.000Z</time>
        <extensions>
          <ns3:TrackPointExtension>
            <ns3:hr>95</ns3:hr>
          </ns3:TrackPointExtension>
        </extensions>
      </trkpt>
      <trkpt lat="48.102860860526561737060546875" lon="-122.77328792028129100799560546875">
        <ele>-3.7999999523162841796875</ele>
        <time>2026-09-22T00:47:20.000Z</time>
        <extensions>
          <ns3:TrackPointExtension>
            <ns3:hr>94</ns3:hr>
          </ns3:TrackPointExtension>
        </extensions>
      </trkpt>
      <trkpt lat="48.10296454466879367828369140625" lon="-122.773311473429203033447265625">
        <ele>-3.599999904632568359375</ele>
        <time>2026-09-22T00:47:27.000Z</time>
        <extensions>
          <ns3:TrackPointExtension>
            <ns3:hr>97</ns3:hr>
          </ns3:TrackPointExtension>
        </extensions>
      </trkpt>
      <trkpt lat="48.102991282939910888671875" lon="-122.773315496742725372314453125">
        <ele>-3.599999904632568359375</ele>
        <time>2026-09-22T00:47:29.000Z</time>
        <extensions>
          <ns3:TrackPointExtension>
            <ns3:hr>95</ns3:hr>
          </ns3:TrackPointExtension>
        </extensions>
      </trkpt>
      <trkpt lat="48.1030182726681232452392578125" lon="-122.77332521975040435791015625">
        <ele>-3.400000095367431640625</ele>
        <time>2026-09-22T00:47:31.000Z</time>
        <extensions>
          <ns3:TrackPointExtension>
            <ns3:hr>98</ns3:hr>
          </ns3:TrackPointExtension>
        </extensions>
      </trkpt>
      <trkpt lat="48.10312204062938690185546875" lon="-122.7733981423079967498779296875">
        <ele>-3.599999904632568359375</ele>
        <time>2026-09-22T00:47:39.000Z</time>
        <extensions>
          <ns3:TrackPointExtension>
            <ns3:hr>98</ns3:hr>
          </ns3:TrackPointExtension>
        </extensions>
      </trkpt>
      <trkpt lat="48.1031302548944950103759765625" lon="-122.7734105475246906280517578125">
        <ele>-3.599999904632568359375</ele>
        <time>2026-09-22T00:47:40.000Z</time>
        <extensions>
          <ns3:TrackPointExtension>
            <ns3:hr>99</ns3:hr>
          </ns3:TrackPointExtension>
        </extensions>
      </trkpt>
      <trkpt lat="48.10313335619866847991943359375" lon="-122.7734558098018169403076171875">
        <ele>-3.7999999523162841796875</ele>
        <time>2026-09-22T00:47:44.000Z</time>
        <extensions>
          <ns3:TrackPointExtension>
            <ns3:hr>100</ns3:hr>
          </ns3:TrackPointExtension>
        </extensions>
      </trkpt>
      <trkpt lat="48.10310536064207553863525390625" lon="-122.77354641817510128021240234375">
        <ele>-3.599999904632568359375</ele>
        <time>2026-09-22T00:47:51.000Z</time>
        <extensions>
          <ns3:TrackPointExtension>
            <ns3:hr>74</ns3:hr>
          </ns3:TrackPointExtension>
        </extensions>
      </trkpt>
      <trkpt lat="48.1031024269759654998779296875" lon="-122.77355748228728771209716796875">
        <ele>-3.599999904632568359375</ele>
        <time>2026-09-22T00:47:52.000Z</time>
        <extensions>
          <ns3:TrackPointExtension>
            <ns3:hr>68</ns3:hr>
          </ns3:TrackPointExtension>
        </extensions>
      </trkpt>
      <trkpt lat="48.10309831984341144561767578125" lon="-122.7735664509236812591552734375">
        <ele>-3.599999904632568359375</ele>
        <time>2026-09-22T00:47:53.000Z</time>
        <extensions>
          <ns3:TrackPointExtension>
            <ns3:hr>65</ns3:hr>
          </ns3:TrackPointExtension>
        </extensions>
      </trkpt>
      <trkpt lat="48.1030920334160327911376953125" lon="-122.77357223443686962127685546875">
        <ele>-3.599999904632568359375</ele>
        <time>2026-09-22T00:47:54.000Z</time>
        <extensions>
          <ns3:TrackPointExtension>
            <ns3:hr>64</ns3:hr>
          </ns3:TrackPointExtension>
        </extensions>
      </trkpt>
      <trkpt lat="48.10305892489850521087646484375" lon="-122.7735486812889575958251953125">
        <ele>-3.599999904632568359375</ele>
        <time>2026-09-22T00:47:58.000Z</time>
        <extensions>
          <ns3:TrackPointExtension>
            <ns3:hr>72</ns3:hr>
          </ns3:TrackPointExtension>
        </extensions>
      </trkpt>
      <trkpt lat="48.10305339284241199493408203125" lon="-122.77353711426258087158203125">
        <ele>-3.599999904632568359375</ele>
        <time>2026-09-22T00:47:59.000Z</time>
        <extensions>
          <ns3:TrackPointExtension>
            <ns3:hr>88</ns3:hr>
          </ns3:TrackPointExtension>
        </extensions>
      </trkpt>
      <trkpt lat="48.103047944605350494384765625" lon="-122.773528397083282470703125">
        <ele>-3.599999904632568359375</ele>
        <time>2026-09-22T00:48:00.000Z</time>
        <extensions>
          <ns3:TrackPointExtension>
            <ns3:hr>90</ns3:hr>
          </ns3:TrackPointExtension>
        </extensions>
      </trkpt>
      <trkpt lat="48.10303847305476665496826171875" lon="-122.7735029160976409912109375">
        <ele>-3.599999904632568359375</ele>
        <time>2026-09-22T00:48:02.000Z</time>
        <extensions>
          <ns3:TrackPointExtension>
            <ns3:hr>93</ns3:hr>
          </ns3:TrackPointExtension>
        </extensions>
      </trkpt>
      <trkpt lat="48.10303478501737117767333984375" lon="-122.7734883315861225128173828125">
        <ele>-3.7999999523162841796875</ele>
        <time>2026-09-22T00:48:03.000Z</time>
        <extensions>
          <ns3:TrackPointExtension>
            <ns3:hr>94</ns3:hr>
          </ns3:TrackPointExtension>
        </extensions>
      </trkpt>
      <trkpt lat="48.10301902703940868377685546875" lon="-122.7734320051968097686767578125">
        <ele>-3.7999999523162841796875</ele>
        <time>2026-09-22T00:48:07.000Z</time>
        <extensions>
          <ns3:TrackPointExtension>
            <ns3:hr>97</ns3:hr>
          </ns3:TrackPointExtension>
        </extensions>
      </trkpt>
      <trkpt lat="48.1030145846307277679443359375" lon="-122.77342085726559162139892578125">
        <ele>-3.7999999523162841796875</ele>
        <time>2026-09-22T00:48:08.000Z</time>
        <extensions>
          <ns3:TrackPointExtension>
            <ns3:hr>100</ns3:hr>
          </ns3:TrackPointExtension>
        </extensions>
      </trkpt>
      <trkpt lat="48.10300712473690509796142578125" lon="-122.77338900603353977203369140625">
        <ele>-3.7999999523162841796875</ele>
        <time>2026-09-22T00:48:10.000Z</time>
        <extensions>
          <ns3:TrackPointExtension>
            <ns3:hr>103</ns3:hr>
          </ns3:TrackPointExtension>
        </extensions>
      </trkpt>
      <trkpt lat="48.1029988266527652740478515625" lon="-122.77334290556609630584716796875">
        <ele>-3.7999999523162841796875</ele>
        <time>2026-09-22T00:48:13.000Z</time>
        <extensions>
          <ns3:TrackPointExtension>
            <ns3:hr>106</ns3:hr>
          </ns3:TrackPointExtension>
        </extensions>
      </trkpt>
      <trkpt lat="48.102986253798007965087890625" lon="-122.77328657917678356170654296875">
        <ele>-3.7999999523162841796875</ele>
        <time>2026-09-22T00:48:17.000Z</time>
        <extensions>
          <ns3:TrackPointExtension>
            <ns3:hr>109</ns3:hr>
          </ns3:TrackPointExtension>
        </extensions>
      </trkpt>
      <trkpt lat="48.10298264957964420318603515625" lon="-122.77327031828463077545166015625">
        <ele>-3.7999999523162841796875</ele>
        <time>2026-09-22T00:48:18.000Z</time>
        <extensions>
          <ns3:TrackPointExtension>
            <ns3:hr>112</ns3:hr>
          </ns3:TrackPointExtension>
        </extensions>
      </trkpt>
      <trkpt lat="48.10297879390418529510498046875" lon="-122.77325606904923915863037109375">
        <ele>-3.7999999523162841796875</ele>
        <time>2026-09-22T00:48:19.000Z</time>
        <extensions>
          <ns3:TrackPointExtension>
            <ns3:hr>118</ns3:hr>
          </ns3:TrackPointExtension>
        </extensions>
      </trkpt>
      <trkpt lat="48.1029770337045192718505859375" lon="-122.7732429094612598419189453125">
        <ele>-3.7999999523162841796875</ele>
        <time>2026-09-22T00:48:20.000Z</time>
        <extensions>
          <ns3:TrackPointExtension>
            <ns3:hr>125</ns3:hr>
          </ns3:TrackPointExtension>
        </extensions>
      </trkpt>
      <trkpt lat="48.1029730103909969329833984375" lon="-122.7732308395206928253173828125">
        <ele>-3.7999999523162841796875</ele>
        <time>2026-09-22T00:48:21.000Z</time>
        <extensions>
          <ns3:TrackPointExtension>
            <ns3:hr>125</ns3:hr>
          </ns3:TrackPointExtension>
        </extensions>
      </trkpt>
      <trkpt lat="48.1029622815549373626708984375" lon="-122.77318834327161312103271484375">
        <ele>-3.7999999523162841796875</ele>
        <time>2026-09-22T00:48:24.000Z</time>
        <extensions>
          <ns3:TrackPointExtension>
            <ns3:hr>122</ns3:hr>
          </ns3:TrackPointExtension>
        </extensions>
      </trkpt>
      <trkpt lat="48.10296035371720790863037109375" lon="-122.773174010217189788818359375">
        <ele>-3.7999999523162841796875</ele>
        <time>2026-09-22T00:48:25.000Z</time>
        <extensions>
          <ns3:TrackPointExtension>
            <ns3:hr>122</ns3:hr>
          </ns3:TrackPointExtension>
        </extensions>
      </trkpt>
      <trkpt lat="48.1029495410621166229248046875" lon="-122.7731225453317165374755859375">
        <ele>-3.7999999523162841796875</ele>
        <time>2026-09-22T00:48:28.000Z</time>
        <extensions>
          <ns3:TrackPointExtension>
            <ns3:hr>119</ns3:hr>
          </ns3:TrackPointExtension>
        </extensions>
      </trkpt>
      <trkpt lat="48.10293235816061496734619140625" lon="-122.7730093896389007568359375">
        <ele>-3.7999999523162841796875</ele>
        <time>2026-09-22T00:48:36.000Z</time>
        <extensions>
          <ns3:TrackPointExtension>
            <ns3:hr>117</ns3:hr>
          </ns3:TrackPointExtension>
        </extensions>
      </trkpt>
      <trkpt lat="48.10292850248515605926513671875" lon="-122.77298499830067157745361328125">
        <ele>-3.400000095367431640625</ele>
        <time>2026-09-22T00:48:38.000Z</time>
        <extensions>
          <ns3:TrackPointExtension>
            <ns3:hr>114</ns3:hr>
          </ns3:TrackPointExtension>
        </extensions>
      </trkpt>
      <trkpt lat="48.10292598791420459747314453125" lon="-122.7729632891714572906494140625">
        <ele>-3.400000095367431640625</ele>
        <time>2026-09-22T00:48:40.000Z</time>
        <extensions>
          <ns3:TrackPointExtension>
            <ns3:hr>109</ns3:hr>
          </ns3:TrackPointExtension>
        </extensions>
      </trkpt>
      <trkpt lat="48.10292213223874568939208984375" lon="-122.772933281958103179931640625">
        <ele>-3.400000095367431640625</ele>
        <time>2026-09-22T00:48:42.000Z</time>
        <extensions>
          <ns3:TrackPointExtension>
            <ns3:hr>106</ns3:hr>
          </ns3:TrackPointExtension>
        </extensions>
      </trkpt>
      <trkpt lat="48.1029129959642887115478515625" lon="-122.77287821285426616668701171875">
        <ele>-3.400000095367431640625</ele>
        <time>2026-09-22T00:48:46.000Z</time>
        <extensions>
          <ns3:TrackPointExtension>
            <ns3:hr>106</ns3:hr>
          </ns3:TrackPointExtension>
        </extensions>
      </trkpt>
      <trkpt lat="48.10290469788014888763427734375" lon="-122.772828675806522369384765625">
        <ele>-3.400000095367431640625</ele>
        <time>2026-09-22T00:48:49.000Z</time>
        <extensions>
          <ns3:TrackPointExtension>
            <ns3:hr>103</ns3:hr>
          </ns3:TrackPointExtension>
        </extensions>
      </trkpt>
      <trkpt lat="48.10287259519100189208984375" lon="-122.77270336635410785675048828125">
        <ele>-3.400000095367431640625</ele>
        <time>2026-09-22T00:48:57.000Z</time>
        <extensions>
          <ns3:TrackPointExtension>
            <ns3:hr>102</ns3:hr>
          </ns3:TrackPointExtension>
        </extensions>
      </trkpt>
      <trkpt lat="48.10283814556896686553955078125" lon="-122.772508822381496429443359375">
        <ele>-3.599999904632568359375</ele>
        <time>2026-09-22T00:49:09.000Z</time>
        <extensions>
          <ns3:TrackPointExtension>
            <ns3:hr>99</ns3:hr>
          </ns3:TrackPointExtension>
        </extensions>
      </trkpt>
      <trkpt lat="48.10282054357230663299560546875" lon="-122.7723991870880126953125">
        <ele>-3.599999904632568359375</ele>
        <time>2026-09-22T00:49:15.000Z</time>
        <extensions>
          <ns3:TrackPointExtension>
            <ns3:hr>102</ns3:hr>
          </ns3:TrackPointExtension>
        </extensions>
      </trkpt>
      <trkpt lat="48.10281299985945224761962890625" lon="-122.77233950793743133544921875">
        <ele>-3.599999904632568359375</ele>
        <time>2026-09-22T00:49:18.000Z</time>
        <extensions>
          <ns3:TrackPointExtension>
            <ns3:hr>105</ns3:hr>
          </ns3:TrackPointExtension>
        </extensions>
      </trkpt>
      <trkpt lat="48.10280612669885158538818359375" lon="-122.772305309772491455078125">
        <ele>-3.400000095367431640625</ele>
        <time>2026-09-22T00:49:20.000Z</time>
        <extensions>
          <ns3:TrackPointExtension>
            <ns3:hr>108</ns3:hr>
          </ns3:TrackPointExtension>
        </extensions>
      </trkpt>
      <trkpt lat="48.10280017554759979248046875" lon="-122.77227521874010562896728515625">
        <ele>-3.599999904632568359375</ele>
        <time>2026-09-22T00:49:22.000Z</time>
        <extensions>
          <ns3:TrackPointExtension>
            <ns3:hr>111</ns3:hr>
          </ns3:TrackPointExtension>
        </extensions>
      </trkpt>
      <trkpt lat="48.10280285775661468505859375" lon="-122.772225178778171539306640625">
        <ele>-3.400000095367431640625</ele>
        <time>2026-09-22T00:49:25.000Z</time>
        <extensions>
          <ns3:TrackPointExtension>
            <ns3:hr>114</ns3:hr>
          </ns3:TrackPointExtension>
        </extensions>
      </trkpt>
      <trkpt lat="48.10280478559434413909912109375" lon="-122.77217580936849117279052734375">
        <ele>-3.400000095367431640625</ele>
        <time>2026-09-22T00:49:28.000Z</time>
        <extensions>
          <ns3:TrackPointExtension>
            <ns3:hr>114</ns3:hr>
          </ns3:TrackPointExtension>
        </extensions>
      </trkpt>
      <trkpt lat="48.10279673896729946136474609375" lon="-122.77201403863728046417236328125">
        <ele>-3.599999904632568359375</ele>
        <time>2026-09-22T00:49:39.000Z</time>
        <extensions>
          <ns3:TrackPointExtension>
            <ns3:hr>113</ns3:hr>
          </ns3:TrackPointExtension>
        </extensions>
      </trkpt>
      <trkpt lat="48.1027996726334095001220703125" lon="-122.7720007114112377166748046875">
        <ele>-3.599999904632568359375</ele>
        <time>2026-09-22T00:49:40.000Z</time>
        <extensions>
          <ns3:TrackPointExtension>
            <ns3:hr>113</ns3:hr>
          </ns3:TrackPointExtension>
        </extensions>
      </trkpt>
      <trkpt lat="48.10281199403107166290283203125" lon="-122.77194094844162464141845703125">
        <ele>-4</ele>
        <time>2026-09-22T00:49:45.000Z</time>
        <extensions>
          <ns3:TrackPointExtension>
            <ns3:hr>114</ns3:hr>
          </ns3:TrackPointExtension>
        </extensions>
      </trkpt>
      <trkpt lat="48.10281719081103801727294921875" lon="-122.77192770503461360931396484375">
        <ele>-4</ele>
        <time>2026-09-22T00:49:46.000Z</time>
        <extensions>
          <ns3:TrackPointExtension>
            <ns3:hr>114</ns3:hr>
          </ns3:TrackPointExtension>
        </extensions>
      </trkpt>
      <trkpt lat="48.1028419174253940582275390625" lon="-122.77187054045498371124267578125">
        <ele>-4</ele>
        <time>2026-09-22T00:49:50.000Z</time>
        <extensions>
          <ns3:TrackPointExtension>
            <ns3:hr>111</ns3:hr>
          </ns3:TrackPointExtension>
        </extensions>
      </trkpt>
      <trkpt lat="48.10285172425210475921630859375" lon="-122.77185142971575260162353515625">
        <ele>-3.7999999523162841796875</ele>
        <time>2026-09-22T00:49:51.000Z</time>
        <extensions>
          <ns3:TrackPointExtension>
            <ns3:hr>114</ns3:hr>
          </ns3:TrackPointExtension>
        </extensions>
      </trkpt>
      <trkpt lat="48.10285692103207111358642578125" lon="-122.77183315716683864593505859375">
        <ele>-4</ele>
        <time>2026-09-22T00:49:52.000Z</time>
        <extensions>
          <ns3:TrackPointExtension>
            <ns3:hr>121</ns3:hr>
          </ns3:TrackPointExtension>
        </extensions>
      </trkpt>
      <trkpt lat="48.10286664403975009918212890625" lon="-122.771816141903400421142578125">
        <ele>-3.7999999523162841796875</ele>
        <time>2026-09-22T00:49:53.000Z</time>
        <extensions>
          <ns3:TrackPointExtension>
            <ns3:hr>124</ns3:hr>
          </ns3:TrackPointExtension>
        </extensions>
      </trkpt>
      <trkpt lat="48.10288474895060062408447265625" lon="-122.7717884816229343414306640625">
        <ele>-4</ele>
        <time>2026-09-22T00:49:55.000Z</time>
        <extensions>
          <ns3:TrackPointExtension>
            <ns3:hr>127</ns3:hr>
          </ns3:TrackPointExtension>
        </extensions>
      </trkpt>
      <trkpt lat="48.10290168039500713348388671875" lon="-122.7717559598386287689208984375">
        <ele>-4</ele>
        <time>2026-09-22T00:49:57.000Z</time>
        <extensions>
          <ns3:TrackPointExtension>
            <ns3:hr>130</ns3:hr>
          </ns3:TrackPointExtension>
        </extensions>
      </trkpt>
      <trkpt lat="48.1029173545539379119873046875" lon="-122.77172385714948177337646484375">
        <ele>-4</ele>
        <time>2026-09-22T00:49:59.000Z</time>
        <extensions>
          <ns3:TrackPointExtension>
            <ns3:hr>127</ns3:hr>
          </ns3:TrackPointExtension>
        </extensions>
      </trkpt>
      <trkpt lat="48.10292615555226802825927734375" lon="-122.771707512438297271728515625">
        <ele>-4</ele>
        <time>2026-09-22T00:50:00.000Z</time>
        <extensions>
          <ns3:TrackPointExtension>
            <ns3:hr>123</ns3:hr>
          </ns3:TrackPointExtension>
        </extensions>
      </trkpt>
      <trkpt lat="48.10293386690318584442138671875" lon="-122.7716929279267787933349609375">
        <ele>-4</ele>
        <time>2026-09-22T00:50:01.000Z</time>
        <extensions>
          <ns3:TrackPointExtension>
            <ns3:hr>120</ns3:hr>
          </ns3:TrackPointExtension>
        </extensions>
      </trkpt>
      <trkpt lat="48.1029411591589450836181640625" lon="-122.77167700231075286865234375">
        <ele>-4</ele>
        <time>2026-09-22T00:50:02.000Z</time>
        <extensions>
          <ns3:TrackPointExtension>
            <ns3:hr>115</ns3:hr>
          </ns3:TrackPointExtension>
        </extensions>
      </trkpt>
      <trkpt lat="48.10295180417597293853759765625" lon="-122.77166283689439296722412109375">
        <ele>-4</ele>
        <time>2026-09-22T00:50:03.000Z</time>
        <extensions>
          <ns3:TrackPointExtension>
            <ns3:hr>111</ns3:hr>
          </ns3:TrackPointExtension>
        </extensions>
      </trkpt>
      <trkpt lat="48.10296286828815937042236328125" lon="-122.7716493420302867889404296875">
        <ele>-4</ele>
        <time>2026-09-22T00:50:04.000Z</time>
        <extensions>
          <ns3:TrackPointExtension>
            <ns3:hr>111</ns3:hr>
          </ns3:TrackPointExtension>
        </extensions>
      </trkpt>
      <trkpt lat="48.1029974855482578277587890625" lon="-122.77160785160958766937255859375">
        <ele>-4</ele>
        <time>2026-09-22T00:50:07.000Z</time>
        <extensions>
          <ns3:TrackPointExtension>
            <ns3:hr>114</ns3:hr>
          </ns3:TrackPointExtension>
        </extensions>
      </trkpt>
      <trkpt lat="48.10302003286778926849365234375" lon="-122.7715829573571681976318359375">
        <ele>-4</ele>
        <time>2026-09-22T00:50:09.000Z</time>
        <extensions>
          <ns3:TrackPointExtension>
            <ns3:hr>117</ns3:hr>
          </ns3:TrackPointExtension>
        </extensions>
      </trkpt>
      <trkpt lat="48.1030276603996753692626953125" lon="-122.7715668641030788421630859375">
        <ele>-4</ele>
        <time>2026-09-22T00:50:10.000Z</time>
        <extensions>
          <ns3:TrackPointExtension>
            <ns3:hr>118</ns3:hr>
          </ns3:TrackPointExtension>
        </extensions>
      </trkpt>
      <trkpt lat="48.103076107800006866455078125" lon="-122.77150039561092853546142578125">
        <ele>-4</ele>
        <time>2026-09-22T00:50:15.000Z</time>
        <extensions>
          <ns3:TrackPointExtension>
            <ns3:hr>115</ns3:hr>
          </ns3:TrackPointExtension>
        </extensions>
      </trkpt>
      <trkpt lat="48.10308457352221012115478515625" lon="-122.771484889090061187744140625">
        <ele>-4</ele>
        <time>2026-09-22T00:50:16.000Z</time>
        <extensions>
          <ns3:TrackPointExtension>
            <ns3:hr>110</ns3:hr>
          </ns3:TrackPointExtension>
        </extensions>
      </trkpt>
      <trkpt lat="48.10309295542538166046142578125" lon="-122.77146820910274982452392578125">
        <ele>-4</ele>
        <time>2026-09-22T00:50:17.000Z</time>
        <extensions>
          <ns3:TrackPointExtension>
            <ns3:hr>106</ns3:hr>
          </ns3:TrackPointExtension>
        </extensions>
      </trkpt>
      <trkpt lat="48.10310150496661663055419921875" lon="-122.7714552171528339385986328125">
        <ele>-4</ele>
        <time>2026-09-22T00:50:18.000Z</time>
        <extensions>
          <ns3:TrackPointExtension>
            <ns3:hr>101</ns3:hr>
          </ns3:TrackPointExtension>
        </extensions>
      </trkpt>
      <trkpt lat="48.10312950052320957183837890625" lon="-122.77141355909407138824462890625">
        <ele>-4</ele>
        <time>2026-09-22T00:50:21.000Z</time>
        <extensions>
          <ns3:TrackPointExtension>
            <ns3:hr>100</ns3:hr>
          </ns3:TrackPointExtension>
        </extensions>
      </trkpt>
      <trkpt lat="48.10319907031953334808349609375" lon="-122.77128850109875202178955078125">
        <ele>-4</ele>
        <time>2026-09-22T00:50:30.000Z</time>
        <extensions>
          <ns3:TrackPointExtension>
            <ns3:hr>98</ns3:hr>
          </ns3:TrackPointExtension>
        </extensions>
      </trkpt>
      <trkpt lat="48.103198818862438201904296875" lon="-122.77126662433147430419921875">
        <ele>-4</ele>
        <time>2026-09-22T00:50:32.000Z</time>
        <extensions>
          <ns3:TrackPointExtension>
            <ns3:hr>97</ns3:hr>
          </ns3:TrackPointExtension>
        </extensions>
      </trkpt>
      <trkpt lat="48.103186748921871185302734375" lon="-122.771248184144496917724609375">
        <ele>-4</ele>
        <time>2026-09-22T00:50:35.000Z</time>
        <extensions>
          <ns3:TrackPointExtension>
            <ns3:hr>96</ns3:hr>
          </ns3:TrackPointExtension>
        </extensions>
      </trkpt>
      <trkpt lat="48.103181384503841400146484375" lon="-122.77124810032546520233154296875">
        <ele>-4</ele>
        <time>2026-09-22T00:50:36.000Z</time>
        <extensions>
          <ns3:TrackPointExtension>
            <ns3:hr>96</ns3:hr>
          </ns3:TrackPointExtension>
        </extensions>
      </trkpt>
      <trkpt lat="48.10316571034491062164306640625" lon="-122.77124726213514804840087890625">
        <ele>-3.7999999523162841796875</ele>
        <time>2026-09-22T00:50:38.000Z</time>
        <extensions>
          <ns3:TrackPointExtension>
            <ns3:hr>99</ns3:hr>
          </ns3:TrackPointExtension>
        </extensions>
      </trkpt>
      <trkpt lat="48.1031383015215396881103515625" lon="-122.771252878010272979736328125">
        <ele>-3.599999904632568359375</ele>
        <time>2026-09-22T00:50:41.000Z</time>
        <extensions>
          <ns3:TrackPointExtension>
            <ns3:hr>102</ns3:hr>
          </ns3:TrackPointExtension>
        </extensions>
      </trkpt>
      <trkpt lat="48.10311994515359401702880859375" lon="-122.7712701447308063507080078125">
        <ele>-3.599999904632568359375</ele>
        <time>2026-09-22T00:50:43.000Z</time>
        <extensions>
          <ns3:TrackPointExtension>
            <ns3:hr>103</ns3:hr>
          </ns3:TrackPointExtension>
        </extensions>
      </trkpt>
      <trkpt lat="48.103114329278469085693359375" lon="-122.771280705928802490234375">
        <ele>-3.7999999523162841796875</ele>
        <time>2026-09-22T00:50:44.000Z</time>
        <extensions>
          <ns3:TrackPointExtension>
            <ns3:hr>104</ns3:hr>
          </ns3:TrackPointExtension>
        </extensions>
      </trkpt>
      <trkpt lat="48.1030702404677867889404296875" lon="-122.77138757519423961639404296875">
        <ele>-3.400000095367431640625</ele>
        <time>2026-09-22T00:50:53.000Z</time>
        <extensions>
          <ns3:TrackPointExtension>
            <ns3:hr>106</ns3:hr>
          </ns3:TrackPointExtension>
        </extensions>
      </trkpt>
      <trkpt lat="48.10306881554424762725830078125" lon="-122.771401740610599517822265625">
        <ele>-3.400000095367431640625</ele>
        <time>2026-09-22T00:50:54.000Z</time>
        <extensions>
          <ns3:TrackPointExtension>
            <ns3:hr>105</ns3:hr>
          </ns3:TrackPointExtension>
        </extensions>
      </trkpt>
      <trkpt lat="48.103040568530559539794921875" lon="-122.77151011861860752105712890625">
        <ele>-3.400000095367431640625</ele>
        <time>2026-09-22T00:51:01.000Z</time>
        <extensions>
          <ns3:TrackPointExtension>
            <ns3:hr>108</ns3:hr>
          </ns3:TrackPointExtension>
        </extensions>
      </trkpt>
      <trkpt lat="48.1030286662280559539794921875" lon="-122.77154867537319660186767578125">
        <ele>-3.400000095367431640625</ele>
        <time>2026-09-22T00:51:04.000Z</time>
        <extensions>
          <ns3:TrackPointExtension>
            <ns3:hr>108</ns3:hr>
          </ns3:TrackPointExtension>
        </extensions>
      </trkpt>
      <trkpt lat="48.102973513305187225341796875" lon="-122.771673984825611114501953125">
        <ele>-3.400000095367431640625</ele>
        <time>2026-09-22T00:51:14.000Z</time>
        <extensions>
          <ns3:TrackPointExtension>
            <ns3:hr>110</ns3:hr>
          </ns3:TrackPointExtension>
        </extensions>
      </trkpt>
      <trkpt lat="48.10295029543340206146240234375" lon="-122.77170625515282154083251953125">
        <ele>-3.400000095367431640625</ele>
        <time>2026-09-22T00:51:17.000Z</time>
        <extensions>
          <ns3:TrackPointExtension>
            <ns3:hr>113</ns3:hr>
          </ns3:TrackPointExtension>
        </extensions>
      </trkpt>
      <trkpt lat="48.10290369205176830291748046875" lon="-122.771777249872684478759765625">
        <ele>-3.400000095367431640625</ele>
        <time>2026-09-22T00:51:23.000Z</time>
        <extensions>
          <ns3:TrackPointExtension>
            <ns3:hr>109</ns3:hr>
          </ns3:TrackPointExtension>
        </extensions>
      </trkpt>
      <trkpt lat="48.10289950110018253326416015625" lon="-122.77178990654647350311279296875">
        <ele>-3.400000095367431640625</ele>
        <time>2026-09-22T00:51:24.000Z</time>
        <extensions>
          <ns3:TrackPointExtension>
            <ns3:hr>105</ns3:hr>
          </ns3:TrackPointExtension>
        </extensions>
      </trkpt>
      <trkpt lat="48.10289899818599224090576171875" lon="-122.7718025632202625274658203125">
        <ele>-3.599999904632568359375</ele>
        <time>2026-09-22T00:51:25.000Z</time>
        <extensions>
          <ns3:TrackPointExtension>
            <ns3:hr>102</ns3:hr>
          </ns3:TrackPointExtension>
        </extensions>
      </trkpt>
      <trkpt lat="48.10290151275694370269775390625" lon="-122.77181471697986125946044921875">
        <ele>-3.599999904632568359375</ele>
        <time>2026-09-22T00:51:26.000Z</time>
        <extensions>
          <ns3:TrackPointExtension>
            <ns3:hr>101</ns3:hr>
          </ns3:TrackPointExtension>
        </extensions>
      </trkpt>
      <trkpt lat="48.10291743837296962738037109375" lon="-122.77182544581592082977294921875">
        <ele>-3.7999999523162841796875</ele>
        <time>2026-09-22T00:51:28.000Z</time>
        <extensions>
          <ns3:TrackPointExtension>
            <ns3:hr>100</ns3:hr>
          </ns3:TrackPointExtension>
        </extensions>
      </trkpt>
      <trkpt lat="48.1029488705098628997802734375" lon="-122.77182511053979396820068359375">
        <ele>-3.7999999523162841796875</ele>
        <time>2026-09-22T00:51:31.000Z</time>
        <extensions>
          <ns3:TrackPointExtension>
            <ns3:hr>99</ns3:hr>
          </ns3:TrackPointExtension>
        </extensions>
      </trkpt>
      <trkpt lat="48.10297125019133090972900390625" lon="-122.7718236856162548065185546875">
        <ele>-2</ele>
        <time>2026-09-22T00:51:33.000Z</time>
        <extensions>
          <ns3:TrackPointExtension>
            <ns3:hr>99</ns3:hr>
          </ns3:TrackPointExtension>
        </extensions>
      </trkpt>
      <trkpt lat="48.103016428649425506591796875" lon="-122.7718032337725162506103515625">
        <ele>-3</ele>
        <time>2026-09-22T00:51:37.000Z</time>
        <extensions>
          <ns3:TrackPointExtension>
            <ns3:hr>102</ns3:hr>
          </ns3:TrackPointExtension>
        </extensions>
      </trkpt>
      <trkpt lat="48.1030397303402423858642578125" lon="-122.7717985399067401885986328125">
        <ele>-3.599999904632568359375</ele>
        <time>2026-09-22T00:51:39.000Z</time>
        <extensions>
          <ns3:TrackPointExtension>
            <ns3:hr>106</ns3:hr>
          </ns3:TrackPointExtension>
        </extensions>
      </trkpt>
      <trkpt lat="48.10305087827146053314208984375" lon="-122.7717970311641693115234375">
        <ele>-3.599999904632568359375</ele>
        <time>2026-09-22T00:51:40.000Z</time>
        <extensions>
          <ns3:TrackPointExtension>
            <ns3:hr>110</ns3:hr>
          </ns3:TrackPointExtension>
        </extensions>
      </trkpt>
      <trkpt lat="48.10307535342872142791748046875" lon="-122.7717889845371246337890625">
        <ele>-3.7999999523162841796875</ele>
        <time>2026-09-22T00:51:42.000Z</time>
        <extensions>
          <ns3:TrackPointExtension>
            <ns3:hr>113</ns3:hr>
          </ns3:TrackPointExtension>
        </extensions>
      </trkpt>
      <trkpt lat="48.1031741760671138763427734375" lon="-122.77175369672477245330810546875">
        <ele>-3.7999999523162841796875</ele>
        <time>2026-09-22T00:51:49.000Z</time>
        <extensions>
          <ns3:TrackPointExtension>
            <ns3:hr>114</ns3:hr>
          </ns3:TrackPointExtension>
        </extensions>
      </trkpt>
      <trkpt lat="48.10326126404106616973876953125" lon="-122.7717621624469757080078125">
        <ele>-3.7999999523162841796875</ele>
        <time>2026-09-22T00:51:57.000Z</time>
        <extensions>
          <ns3:TrackPointExtension>
            <ns3:hr>115</ns3:hr>
          </ns3:TrackPointExtension>
        </extensions>
      </trkpt>
      <trkpt lat="48.10326226986944675445556640625" lon="-122.771792672574520111083984375">
        <ele>-3.7999999523162841796875</ele>
        <time>2026-09-22T00:51:59.000Z</time>
        <extensions>
          <ns3:TrackPointExtension>
            <ns3:hr>114</ns3:hr>
          </ns3:TrackPointExtension>
        </extensions>
      </trkpt>
      <trkpt lat="48.10325522907078266143798828125" lon="-122.771838270127773284912109375">
        <ele>-3.599999904632568359375</ele>
        <time>2026-09-22T00:52:04.000Z</time>
        <extensions>
          <ns3:TrackPointExtension>
            <ns3:hr>115</ns3:hr>
          </ns3:TrackPointExtension>
        </extensions>
      </trkpt>
      <trkpt lat="48.10325237922370433807373046875" lon="-122.77187070809304714202880859375">
        <ele>-3.7999999523162841796875</ele>
        <time>2026-09-22T00:52:08.000Z</time>
        <extensions>
          <ns3:TrackPointExtension>
            <ns3:hr>112</ns3:hr>
          </ns3:TrackPointExtension>
        </extensions>
      </trkpt>
      <trkpt lat="48.10324986465275287628173828125" lon="-122.7718957699835300445556640625">
        <ele>-4</ele>
        <time>2026-09-22T00:52:11.000Z</time>
        <extensions>
          <ns3:TrackPointExtension>
            <ns3:hr>109</ns3:hr>
          </ns3:TrackPointExtension>
        </extensions>
      </trkpt>
      <trkpt lat="48.10324902646243572235107421875" lon="-122.771902643144130706787109375">
        <ele>-4</ele>
        <time>2026-09-22T00:52:12.000Z</time>
        <extensions>
          <ns3:TrackPointExtension>
            <ns3:hr>106</ns3:hr>
          </ns3:TrackPointExtension>
        </extensions>
      </trkpt>
      <trkpt lat="48.10324810445308685302734375" lon="-122.77190943248569965362548828125">
        <ele>-4</ele>
        <time>2026-09-22T00:52:13.000Z</time>
        <extensions>
          <ns3:TrackPointExtension>
            <ns3:hr>100</ns3:hr>
          </ns3:TrackPointExtension>
        </extensions>
      </trkpt>
      <trkpt lat="48.1032472662627696990966796875" lon="-122.77191630564630031585693359375">
        <ele>-4</ele>
        <time>2026-09-22T00:52:14.000Z</time>
        <extensions>
          <ns3:TrackPointExtension>
            <ns3:hr>96</ns3:hr>
          </ns3:TrackPointExtension>
        </extensions>
      </trkpt>
      <trkpt lat="48.10324676334857940673828125" lon="-122.7719225920736789703369140625">
        <ele>-4</ele>
        <time>2026-09-22T00:52:15.000Z</time>
        <extensions>
          <ns3:TrackPointExtension>
            <ns3:hr>90</ns3:hr>
          </ns3:TrackPointExtension>
        </extensions>
      </trkpt>
      <trkpt lat="48.10324332676827907562255859375" lon="-122.771946899592876434326171875">
        <ele>-4</ele>
        <time>2026-09-22T00:52:19.000Z</time>
        <extensions>
          <ns3:TrackPointExtension>
            <ns3:hr>89</ns3:hr>
          </ns3:TrackPointExtension>
        </extensions>
      </trkpt>
      <trkpt lat="48.1032308377325534820556640625" lon="-122.771996520459651947021484375">
        <ele>-3.400000095367431640625</ele>
        <time>2026-09-22T00:52:28.000Z</time>
        <extensions>
          <ns3:TrackPointExtension>
            <ns3:hr>92</ns3:hr>
          </ns3:TrackPointExtension>
        </extensions>
      </trkpt>
      <trkpt lat="48.1032313406467437744140625" lon="-122.77200230397284030914306640625">
        <ele>-3.400000095367431640625</ele>
        <time>2026-09-22T00:52:29.000Z</time>
        <extensions>
          <ns3:TrackPointExtension>
            <ns3:hr>99</ns3:hr>
          </ns3:TrackPointExtension>
        </extensions>
      </trkpt>
      <trkpt lat="48.10322798788547515869140625" lon="-122.77201051823794841766357421875">
        <ele>-3.400000095367431640625</ele>
        <time>2026-09-22T00:52:30.000Z</time>
        <extensions>
          <ns3:TrackPointExtension>
            <ns3:hr>99</ns3:hr>
          </ns3:TrackPointExtension>
        </extensions>
      </trkpt>
      <trkpt lat="48.1032197736203670501708984375" lon="-122.77202191762626171112060546875">
        <ele>-3.400000095367431640625</ele>
        <time>2026-09-22T00:52:32.000Z</time>
        <extensions>
          <ns3:TrackPointExtension>
            <ns3:hr>104</ns3:hr>
          </ns3:TrackPointExtension>
        </extensions>
      </trkpt>
      <trkpt lat="48.1032152473926544189453125" lon="-122.77203180827200412750244140625">
        <ele>-3.400000095367431640625</ele>
        <time>2026-09-22T00:52:34.000Z</time>
        <extensions>
          <ns3:TrackPointExtension>
            <ns3:hr>107</ns3:hr>
          </ns3:TrackPointExtension>
        </extensions>
      </trkpt>
      <trkpt lat="48.10320829041302204132080078125" lon="-122.77203750796616077423095703125">
        <ele>-3.2000000476837158203125</ele>
        <time>2026-09-22T00:52:36.000Z</time>
        <extensions>
          <ns3:TrackPointExtension>
            <ns3:hr>109</ns3:hr>
          </ns3:TrackPointExtension>
        </extensions>
      </trkpt>
      <trkpt lat="48.10317032039165496826171875" lon="-122.772088386118412017822265625">
        <ele>-3.400000095367431640625</ele>
        <time>2026-09-22T00:52:42.000Z</time>
        <extensions>
          <ns3:TrackPointExtension>
            <ns3:hr>106</ns3:hr>
          </ns3:TrackPointExtension>
        </extensions>
      </trkpt>
      <trkpt lat="48.10314944945275783538818359375" lon="-122.7721202373504638671875">
        <ele>-3.400000095367431640625</ele>
        <time>2026-09-22T00:52:45.000Z</time>
        <extensions>
          <ns3:TrackPointExtension>
            <ns3:hr>105</ns3:hr>
          </ns3:TrackPointExtension>
        </extensions>
      </trkpt>
      <trkpt lat="48.1031336076557636260986328125" lon="-122.77215401642024517059326171875">
        <ele>-3.599999904632568359375</ele>
        <time>2026-09-22T00:52:48.000Z</time>
        <extensions>
          <ns3:TrackPointExtension>
            <ns3:hr>106</ns3:hr>
          </ns3:TrackPointExtension>
        </extensions>
      </trkpt>
      <trkpt lat="48.10305423103272914886474609375" lon="-122.7722870372235774993896484375">
        <ele>-3.599999904632568359375</ele>
        <time>2026-09-22T00:52:59.000Z</time>
        <extensions>
          <ns3:TrackPointExtension>
            <ns3:hr>105</ns3:hr>
          </ns3:TrackPointExtension>
        </extensions>
      </trkpt>
      <trkpt lat="48.10303729958832263946533203125" lon="-122.77232341468334197998046875">
        <ele>-3.400000095367431640625</ele>
        <time>2026-09-22T00:53:02.000Z</time>
        <extensions>
          <ns3:TrackPointExtension>
            <ns3:hr>102</ns3:hr>
          </ns3:TrackPointExtension>
        </extensions>
      </trkpt>
      <trkpt lat="48.103009052574634552001953125" lon="-122.7723892964422702789306640625">
        <ele>-3.400000095367431640625</ele>
        <time>2026-09-22T00:53:07.000Z</time>
        <extensions>
          <ns3:TrackPointExtension>
            <ns3:hr>99</ns3:hr>
          </ns3:TrackPointExtension>
        </extensions>
      </trkpt>
      <trkpt lat="48.10299773700535297393798828125" lon="-122.77241787873208522796630859375">
        <ele>-3.400000095367431640625</ele>
        <time>2026-09-22T00:53:09.000Z</time>
        <extensions>
          <ns3:TrackPointExtension>
            <ns3:hr>99</ns3:hr>
          </ns3:TrackPointExtension>
        </extensions>
      </trkpt>
      <trkpt lat="48.10294660739600658416748046875" lon="-122.772573865950107574462890625">
        <ele>-3.400000095367431640625</ele>
        <time>2026-09-22T00:53:20.000Z</time>
        <extensions>
          <ns3:TrackPointExtension>
            <ns3:hr>98</ns3:hr>
          </ns3:TrackPointExtension>
        </extensions>
      </trkpt>
      <trkpt lat="48.1028700806200504302978515625" lon="-122.772809900343418121337890625">
        <ele>-3.599999904632568359375</ele>
        <time>2026-09-22T00:53:35.000Z</time>
        <extensions>
          <ns3:TrackPointExtension>
            <ns3:hr>99</ns3:hr>
          </ns3:TrackPointExtension>
        </extensions>
      </trkpt>
      <trkpt lat="48.10285918414592742919921875" lon="-122.77284367941319942474365234375">
        <ele>-3.599999904632568359375</ele>
        <time>2026-09-22T00:53:37.000Z</time>
        <extensions>
          <ns3:TrackPointExtension>
            <ns3:hr>96</ns3:hr>
          </ns3:TrackPointExtension>
        </extensions>
      </trkpt>
      <trkpt lat="48.102805204689502716064453125" lon="-122.77305406518280506134033203125">
        <ele>-3.599999904632568359375</ele>
        <time>2026-09-22T00:53:50.000Z</time>
        <extensions>
          <ns3:TrackPointExtension>
            <ns3:hr>95</ns3:hr>
          </ns3:TrackPointExtension>
        </extensions>
      </trkpt>
      <trkpt lat="48.10278517194092273712158203125" lon="-122.77316587977111339569091796875">
        <ele>-3.400000095367431640625</ele>
        <time>2026-09-22T00:53:57.000Z</time>
        <extensions>
          <ns3:TrackPointExtension>
            <ns3:hr>97</ns3:hr>
          </ns3:TrackPointExtension>
        </extensions>
      </trkpt>
      <trkpt lat="48.10279388912022113800048828125" lon="-122.77319337241351604461669921875">
        <ele>-3.7999999523162841796875</ele>
        <time>2026-09-22T00:53:59.000Z</time>
        <extensions>
          <ns3:TrackPointExtension>
            <ns3:hr>97</ns3:hr>
          </ns3:TrackPointExtension>
        </extensions>
      </trkpt>
      <trkpt lat="48.1028006784617900848388671875" lon="-122.773201502859592437744140625">
        <ele>-4.599999904632568359375</ele>
        <time>2026-09-22T00:54:00.000Z</time>
        <extensions>
          <ns3:TrackPointExtension>
            <ns3:hr>97</ns3:hr>
          </ns3:TrackPointExtension>
        </extensions>
      </trkpt>
      <trkpt lat="48.102862872183322906494140625" lon="-122.7732489444315433502197265625">
        <ele>-4.599999904632568359375</ele>
        <time>2026-09-22T00:54:06.000Z</time>
        <extensions>
          <ns3:TrackPointExtension>
            <ns3:hr>97</ns3:hr>
          </ns3:TrackPointExtension>
        </extensions>
      </trkpt>
      <trkpt lat="48.1028759479522705078125" lon="-122.773261182010173797607421875">
        <ele>-5</ele>
        <time>2026-09-22T00:54:07.000Z</time>
        <extensions>
          <ns3:TrackPointExtension>
            <ns3:hr>97</ns3:hr>
          </ns3:TrackPointExtension>
        </extensions>
      </trkpt>
      <trkpt lat="48.1029374711215496063232421875" lon="-122.77329579927027225494384765625">
        <ele>-4.19999980926513671875</ele>
        <time>2026-09-22T00:54:11.000Z</time>
        <extensions>
          <ns3:TrackPointExtension>
            <ns3:hr>93</ns3:hr>
          </ns3:TrackPointExtension>
        </extensions>
      </trkpt>
      <trkpt lat="48.10295415110886096954345703125" lon="-122.77330904267728328704833984375">
        <ele>-4</ele>
        <time>2026-09-22T00:54:12.000Z</time>
        <extensions>
          <ns3:TrackPointExtension>
            <ns3:hr>92</ns3:hr>
          </ns3:TrackPointExtension>
        </extensions>
      </trkpt>
      <trkpt lat="48.10299756936728954315185546875" lon="-122.77333796024322509765625">
        <ele>-3.7999999523162841796875</ele>
        <time>2026-09-22T00:54:15.000Z</time>
        <extensions>
          <ns3:TrackPointExtension>
            <ns3:hr>93</ns3:hr>
          </ns3:TrackPointExtension>
        </extensions>
      </trkpt>
      <trkpt lat="48.103031180799007415771484375" lon="-122.77334810234606266021728515625">
        <ele>-3.7999999523162841796875</ele>
        <time>2026-09-22T00:54:17.000Z</time>
        <extensions>
          <ns3:TrackPointExtension>
            <ns3:hr>96</ns3:hr>
          </ns3:TrackPointExtension>
        </extensions>
      </trkpt>
      <trkpt lat="48.10305909253656864166259765625" lon="-122.77336821891367435455322265625">
        <ele>-3.7999999523162841796875</ele>
        <time>2026-09-22T00:54:19.000Z</time>
        <extensions>
          <ns3:TrackPointExtension>
            <ns3:hr>92</ns3:hr>
          </ns3:TrackPointExtension>
        </extensions>
      </trkpt>
      <trkpt lat="48.10311642475426197052001953125" lon="-122.773405350744724273681640625">
        <ele>-3.7999999523162841796875</ele>
        <time>2026-09-22T00:54:23.000Z</time>
        <extensions>
          <ns3:TrackPointExtension>
            <ns3:hr>95</ns3:hr>
          </ns3:TrackPointExtension>
        </extensions>
      </trkpt>
      <trkpt lat="48.10313218273222446441650390625" lon="-122.77341582812368869781494140625">
        <ele>-3.7999999523162841796875</ele>
        <time>2026-09-22T00:54:24.000Z</time>
        <extensions>
          <ns3:TrackPointExtension>
            <ns3:hr>98</ns3:hr>
          </ns3:TrackPointExtension>
        </extensions>
      </trkpt>
      <trkpt lat="48.103144168853759765625" lon="-122.773426473140716552734375">
        <ele>-3.7999999523162841796875</ele>
        <time>2026-09-22T00:54:25.000Z</time>
        <extensions>
          <ns3:TrackPointExtension>
            <ns3:hr>102</ns3:hr>
          </ns3:TrackPointExtension>
        </extensions>
      </trkpt>
      <trkpt lat="48.1031580828130245208740234375" lon="-122.77345438487827777862548828125">
        <ele>-3.7999999523162841796875</ele>
        <time>2026-09-22T00:54:27.000Z</time>
        <extensions>
          <ns3:TrackPointExtension>
            <ns3:hr>105</ns3:hr>
          </ns3:TrackPointExtension>
        </extensions>
      </trkpt>
      <trkpt lat="48.10316001065075397491455078125" lon="-122.7734762616455554962158203125">
        <ele>-3.7999999523162841796875</ele>
        <time>2026-09-22T00:54:29.000Z</time>
        <extensions>
          <ns3:TrackPointExtension>
            <ns3:hr>106</ns3:hr>
          </ns3:TrackPointExtension>
        </extensions>
      </trkpt>
      <trkpt lat="48.10314576141536235809326171875" lon="-122.77351322583854198455810546875">
        <ele>-3.599999904632568359375</ele>
        <time>2026-09-22T00:54:32.000Z</time>
        <extensions>
          <ns3:TrackPointExtension>
            <ns3:hr>108</ns3:hr>
          </ns3:TrackPointExtension>
        </extensions>
      </trkpt>
      <trkpt lat="48.10304182581603527069091796875" lon="-122.77354775927960872650146484375">
        <ele>-3.400000095367431640625</ele>
        <time>2026-09-22T00:54:41.000Z</time>
        <extensions>
          <ns3:TrackPointExtension>
            <ns3:hr>107</ns3:hr>
          </ns3:TrackPointExtension>
        </extensions>
      </trkpt>
      <trkpt lat="48.10303327627480030059814453125" lon="-122.7735335938632488250732421875">
        <ele>-3.599999904632568359375</ele>
        <time>2026-09-22T00:54:42.000Z</time>
        <extensions>
          <ns3:TrackPointExtension>
            <ns3:hr>106</ns3:hr>
          </ns3:TrackPointExtension>
        </extensions>
      </trkpt>
      <trkpt lat="48.10301735065877437591552734375" lon="-122.77349612675607204437255859375">
        <ele>-3.599999904632568359375</ele>
        <time>2026-09-22T00:54:44.000Z</time>
        <extensions>
          <ns3:TrackPointExtension>
            <ns3:hr>103</ns3:hr>
          </ns3:TrackPointExtension>
        </extensions>
      </trkpt>
      <trkpt lat="48.1029979884624481201171875" lon="-122.77345505543053150177001953125">
        <ele>-3.7999999523162841796875</ele>
        <time>2026-09-22T00:54:46.000Z</time>
        <extensions>
          <ns3:TrackPointExtension>
            <ns3:hr>107</ns3:hr>
          </ns3:TrackPointExtension>
        </extensions>
      </trkpt>
      <trkpt lat="48.10298952274024486541748046875" lon="-122.77343627996742725372314453125">
        <ele>-3.7999999523162841796875</ele>
        <time>2026-09-22T00:54:47.000Z</time>
        <extensions>
          <ns3:TrackPointExtension>
            <ns3:hr>111</ns3:hr>
          </ns3:TrackPointExtension>
        </extensions>
      </trkpt>
      <trkpt lat="48.10298482887446880340576171875" lon="-122.77341767214238643646240234375">
        <ele>-3.7999999523162841796875</ele>
        <time>2026-09-22T00:54:48.000Z</time>
        <extensions>
          <ns3:TrackPointExtension>
            <ns3:hr>117</ns3:hr>
          </ns3:TrackPointExtension>
        </extensions>
      </trkpt>
      <trkpt lat="48.10298248194158077239990234375" lon="-122.773399315774440765380859375">
        <ele>-3.7999999523162841796875</ele>
        <time>2026-09-22T00:54:49.000Z</time>
        <extensions>
          <ns3:TrackPointExtension>
            <ns3:hr>121</ns3:hr>
          </ns3:TrackPointExtension>
        </extensions>
      </trkpt>
      <trkpt lat="48.1029810570180416107177734375" lon="-122.77338297106325626373291015625">
        <ele>-3.7999999523162841796875</ele>
        <time>2026-09-22T00:54:50.000Z</time>
        <extensions>
          <ns3:TrackPointExtension>
            <ns3:hr>124</ns3:hr>
          </ns3:TrackPointExtension>
        </extensions>
      </trkpt>
      <trkpt lat="48.10297426767647266387939453125" lon="-122.77334525249898433685302734375">
        <ele>-3.7999999523162841796875</ele>
        <time>2026-09-22T00:54:52.000Z</time>
        <extensions>
          <ns3:TrackPointExtension>
            <ns3:hr>125</ns3:hr>
          </ns3:TrackPointExtension>
        </extensions>
      </trkpt>
      <trkpt lat="48.1029592640697956085205078125" lon="-122.7732623554766178131103515625">
        <ele>-3.599999904632568359375</ele>
        <time>2026-09-22T00:54:56.000Z</time>
        <extensions>
          <ns3:TrackPointExtension>
            <ns3:hr>121</ns3:hr>
          </ns3:TrackPointExtension>
        </extensions>
      </trkpt>
      <trkpt lat="48.1029525585472583770751953125" lon="-122.7732207812368869781494140625">
        <ele>-3.7999999523162841796875</ele>
        <time>2026-09-22T00:54:58.000Z</time>
        <extensions>
          <ns3:TrackPointExtension>
            <ns3:hr>116</ns3:hr>
          </ns3:TrackPointExtension>
        </extensions>
      </trkpt>
      <trkpt lat="48.10294928960502147674560546875" lon="-122.77320192195475101470947265625">
        <ele>-3.7999999523162841796875</ele>
        <time>2026-09-22T00:54:59.000Z</time>
        <extensions>
          <ns3:TrackPointExtension>
            <ns3:hr>117</ns3:hr>
          </ns3:TrackPointExtension>
        </extensions>
      </trkpt>
      <trkpt lat="48.10293923132121562957763671875" lon="-122.77314006350934505462646484375">
        <ele>-3.599999904632568359375</ele>
        <time>2026-09-22T00:55:02.000Z</time>
        <extensions>
          <ns3:TrackPointExtension>
            <ns3:hr>107</ns3:hr>
          </ns3:TrackPointExtension>
        </extensions>
      </trkpt>
      <trkpt lat="48.10293721966445446014404296875" lon="-122.7731218747794628143310546875">
        <ele>-3.599999904632568359375</ele>
        <time>2026-09-22T00:55:03.000Z</time>
        <extensions>
          <ns3:TrackPointExtension>
            <ns3:hr>100</ns3:hr>
          </ns3:TrackPointExtension>
        </extensions>
      </trkpt>
      <trkpt lat="48.10292598791420459747314453125" lon="-122.773062027990818023681640625">
        <ele>-3.7999999523162841796875</ele>
        <time>2026-09-22T00:55:06.000Z</time>
        <extensions>
          <ns3:TrackPointExtension>
            <ns3:hr>108</ns3:hr>
          </ns3:TrackPointExtension>
        </extensions>
      </trkpt>
      <trkpt lat="48.102917186915874481201171875" lon="-122.77301684953272342681884765625">
        <ele>-3.7999999523162841796875</ele>
        <time>2026-09-22T00:55:08.000Z</time>
        <extensions>
          <ns3:TrackPointExtension>
            <ns3:hr>113</ns3:hr>
          </ns3:TrackPointExtension>
        </extensions>
      </trkpt>
      <trkpt lat="48.10291240923106670379638671875" lon="-122.77299153618514537811279296875">
        <ele>-3.599999904632568359375</ele>
        <time>2026-09-22T00:55:09.000Z</time>
        <extensions>
          <ns3:TrackPointExtension>
            <ns3:hr>113</ns3:hr>
          </ns3:TrackPointExtension>
        </extensions>
      </trkpt>
      <trkpt lat="48.10290704481303691864013671875" lon="-122.772954069077968597412109375">
        <ele>-3.599999904632568359375</ele>
        <time>2026-09-22T00:55:11.000Z</time>
        <extensions>
          <ns3:TrackPointExtension>
            <ns3:hr>118</ns3:hr>
          </ns3:TrackPointExtension>
        </extensions>
      </trkpt>
      <trkpt lat="48.10290478169918060302734375" lon="-122.77293537743389606475830078125">
        <ele>-3.599999904632568359375</ele>
        <time>2026-09-22T00:55:12.000Z</time>
        <extensions>
          <ns3:TrackPointExtension>
            <ns3:hr>121</ns3:hr>
          </ns3:TrackPointExtension>
        </extensions>
      </trkpt>
      <trkpt lat="48.10290084220468997955322265625" lon="-122.772914506494998931884765625">
        <ele>-3.599999904632568359375</ele>
        <time>2026-09-22T00:55:13.000Z</time>
        <extensions>
          <ns3:TrackPointExtension>
            <ns3:hr>124</ns3:hr>
          </ns3:TrackPointExtension>
        </extensions>
      </trkpt>
      <trkpt lat="48.1028958968818187713623046875" lon="-122.77285792864859104156494140625">
        <ele>-3.400000095367431640625</ele>
        <time>2026-09-22T00:55:16.000Z</time>
        <extensions>
          <ns3:TrackPointExtension>
            <ns3:hr>121</ns3:hr>
          </ns3:TrackPointExtension>
        </extensions>
      </trkpt>
      <trkpt lat="48.10289296321570873260498046875" lon="-122.772819958627223968505859375">
        <ele>-3.400000095367431640625</ele>
        <time>2026-09-22T00:55:18.000Z</time>
        <extensions>
          <ns3:TrackPointExtension>
            <ns3:hr>118</ns3:hr>
          </ns3:TrackPointExtension>
        </extensions>
      </trkpt>
      <trkpt lat="48.10288877226412296295166015625" lon="-122.7727849222719669342041015625">
        <ele>-3.400000095367431640625</ele>
        <time>2026-09-22T00:55:20.000Z</time>
        <extensions>
          <ns3:TrackPointExtension>
            <ns3:hr>121</ns3:hr>
          </ns3:TrackPointExtension>
        </extensions>
      </trkpt>
      <trkpt lat="48.10288642533123493194580078125" lon="-122.77276170440018177032470703125">
        <ele>-3.400000095367431640625</ele>
        <time>2026-09-22T00:55:21.000Z</time>
        <extensions>
          <ns3:TrackPointExtension>
            <ns3:hr>125</ns3:hr>
          </ns3:TrackPointExtension>
        </extensions>
      </trkpt>
      <trkpt lat="48.10287049971520900726318359375" lon="-122.7726370655000209808349609375">
        <ele>-3.599999904632568359375</ele>
        <time>2026-09-22T00:55:27.000Z</time>
        <extensions>
          <ns3:TrackPointExtension>
            <ns3:hr>126</ns3:hr>
          </ns3:TrackPointExtension>
        </extensions>
      </trkpt>
      <trkpt lat="48.1028627045452594757080078125" lon="-122.77256749570369720458984375">
        <ele>-3.400000095367431640625</ele>
        <time>2026-09-22T00:55:30.000Z</time>
        <extensions>
          <ns3:TrackPointExtension>
            <ns3:hr>129</ns3:hr>
          </ns3:TrackPointExtension>
        </extensions>
      </trkpt>
      <trkpt lat="48.1028402410447597503662109375" lon="-122.77242927812039852142333984375">
        <ele>-3.400000095367431640625</ele>
        <time>2026-09-22T00:55:36.000Z</time>
        <extensions>
          <ns3:TrackPointExtension>
            <ns3:hr>127</ns3:hr>
          </ns3:TrackPointExtension>
        </extensions>
      </trkpt>
      <trkpt lat="48.10283227823674678802490234375" lon="-122.77240312658250331878662109375">
        <ele>-3.400000095367431640625</ele>
        <time>2026-09-22T00:55:37.000Z</time>
        <extensions>
          <ns3:TrackPointExtension>
            <ns3:hr>128</ns3:hr>
          </ns3:TrackPointExtension>
        </extensions>
      </trkpt>
      <trkpt lat="48.102787435054779052734375" lon="-122.77216239832341670989990234375">
        <ele>-3.400000095367431640625</ele>
        <time>2026-09-22T00:55:48.000Z</time>
        <extensions>
          <ns3:TrackPointExtension>
            <ns3:hr>129</ns3:hr>
          </ns3:TrackPointExtension>
        </extensions>
      </trkpt>
      <trkpt lat="48.10277444310486316680908203125" lon="-122.77203784324228763580322265625">
        <ele>-3.400000095367431640625</ele>
        <time>2026-09-22T00:55:54.000Z</time>
        <extensions>
          <ns3:TrackPointExtension>
            <ns3:hr>126</ns3:hr>
          </ns3:TrackPointExtension>
        </extensions>
      </trkpt>
      <trkpt lat="48.10275885276496410369873046875" lon="-122.7719413675367832183837890625">
        <ele>-3.400000095367431640625</ele>
        <time>2026-09-22T00:55:59.000Z</time>
        <extensions>
          <ns3:TrackPointExtension>
            <ns3:hr>126</ns3:hr>
          </ns3:TrackPointExtension>
        </extensions>
      </trkpt>
      <trkpt lat="48.10270319692790508270263671875" lon="-122.77176895178854465484619140625">
        <ele>-3.400000095367431640625</ele>
        <time>2026-09-22T00:56:08.000Z</time>
        <extensions>
          <ns3:TrackPointExtension>
            <ns3:hr>123</ns3:hr>
          </ns3:TrackPointExtension>
        </extensions>
      </trkpt>
      <trkpt lat="48.1026796437799930572509765625" lon="-122.7717418782413005828857421875">
        <ele>-3.400000095367431640625</ele>
        <time>2026-09-22T00:56:10.000Z</time>
        <extensions>
          <ns3:TrackPointExtension>
            <ns3:hr>124</ns3:hr>
          </ns3:TrackPointExtension>
        </extensions>
      </trkpt>
      <trkpt lat="48.10261644423007965087890625" lon="-122.77171413414180278778076171875">
        <ele>-3.400000095367431640625</ele>
        <time>2026-09-22T00:56:15.000Z</time>
        <extensions>
          <ns3:TrackPointExtension>
            <ns3:hr>121</ns3:hr>
          </ns3:TrackPointExtension>
        </extensions>
      </trkpt>
      <trkpt lat="48.10258425772190093994140625" lon="-122.7717133797705173492431640625">
        <ele>-3.400000095367431640625</ele>
        <time>2026-09-22T00:56:18.000Z</time>
        <extensions>
          <ns3:TrackPointExtension>
            <ns3:hr>118</ns3:hr>
          </ns3:TrackPointExtension>
        </extensions>
      </trkpt>
      <trkpt lat="48.1025757081806659698486328125" lon="-122.77171857655048370361328125">
        <ele>-3.400000095367431640625</ele>
        <time>2026-09-22T00:56:19.000Z</time>
        <extensions>
          <ns3:TrackPointExtension>
            <ns3:hr>119</ns3:hr>
          </ns3:TrackPointExtension>
        </extensions>
      </trkpt>
      <trkpt lat="48.10246783308684825897216796875" lon="-122.7717153914272785186767578125">
        <ele>-3.2000000476837158203125</ele>
        <time>2026-09-22T00:56:27.000Z</time>
        <extensions>
          <ns3:TrackPointExtension>
            <ns3:hr>118</ns3:hr>
          </ns3:TrackPointExtension>
        </extensions>
      </trkpt>
      <trkpt lat="48.1024305336177349090576171875" lon="-122.7717432193458080291748046875">
        <ele>-3.2000000476837158203125</ele>
        <time>2026-09-22T00:56:30.000Z</time>
        <extensions>
          <ns3:TrackPointExtension>
            <ns3:hr>120</ns3:hr>
          </ns3:TrackPointExtension>
        </extensions>
      </trkpt>
      <trkpt lat="48.10242776758968830108642578125" lon="-122.77176626957952976226806640625">
        <ele>-3.400000095367431640625</ele>
        <time>2026-09-22T00:56:32.000Z</time>
        <extensions>
          <ns3:TrackPointExtension>
            <ns3:hr>120</ns3:hr>
          </ns3:TrackPointExtension>
        </extensions>
      </trkpt>
      <trkpt lat="48.10245609842240810394287109375" lon="-122.77177968062460422515869140625">
        <ele>-3.599999904632568359375</ele>
        <time>2026-09-22T00:56:36.000Z</time>
        <extensions>
          <ns3:TrackPointExtension>
            <ns3:hr>121</ns3:hr>
          </ns3:TrackPointExtension>
        </extensions>
      </trkpt>
      <trkpt lat="48.102464564144611358642578125" lon="-122.77177683077752590179443359375">
        <ele>-3.599999904632568359375</ele>
        <time>2026-09-22T00:56:37.000Z</time>
        <extensions>
          <ns3:TrackPointExtension>
            <ns3:hr>121</ns3:hr>
          </ns3:TrackPointExtension>
        </extensions>
      </trkpt>
      <trkpt lat="48.10255986638367176055908203125" lon="-122.7717326581478118896484375">
        <ele>-3.599999904632568359375</ele>
        <time>2026-09-22T00:56:44.000Z</time>
        <extensions>
          <ns3:TrackPointExtension>
            <ns3:hr>122</ns3:hr>
          </ns3:TrackPointExtension>
        </extensions>
      </trkpt>
      <trkpt lat="48.10259163379669189453125" lon="-122.7717053331434726715087890625">
        <ele>-3.599999904632568359375</ele>
        <time>2026-09-22T00:56:46.000Z</time>
        <extensions>
          <ns3:TrackPointExtension>
            <ns3:hr>119</ns3:hr>
          </ns3:TrackPointExtension>
        </extensions>
      </trkpt>
      <trkpt lat="48.10263882391154766082763671875" lon="-122.77165018022060394287109375">
        <ele>-3.599999904632568359375</ele>
        <time>2026-09-22T00:56:49.000Z</time>
        <extensions>
          <ns3:TrackPointExtension>
            <ns3:hr>122</ns3:hr>
          </ns3:TrackPointExtension>
        </extensions>
      </trkpt>
      <trkpt lat="48.102671094238758087158203125" lon="-122.771619670093059539794921875">
        <ele>-3.599999904632568359375</ele>
        <time>2026-09-22T00:56:51.000Z</time>
        <extensions>
          <ns3:TrackPointExtension>
            <ns3:hr>122</ns3:hr>
          </ns3:TrackPointExtension>
        </extensions>
      </trkpt>
      <trkpt lat="48.1027393229305744171142578125" lon="-122.77159661985933780670166015625">
        <ele>-3.599999904632568359375</ele>
        <time>2026-09-22T00:56:55.000Z</time>
        <extensions>
          <ns3:TrackPointExtension>
            <ns3:hr>127</ns3:hr>
          </ns3:TrackPointExtension>
        </extensions>
      </trkpt>
      <trkpt lat="48.102758266031742095947265625" lon="-122.771592177450656890869140625">
        <ele>-3.599999904632568359375</ele>
        <time>2026-09-22T00:56:56.000Z</time>
        <extensions>
          <ns3:TrackPointExtension>
            <ns3:hr>130</ns3:hr>
          </ns3:TrackPointExtension>
        </extensions>
      </trkpt>
      <trkpt lat="48.10278802178800106048583984375" lon="-122.7715722285211086273193359375">
        <ele>-3.599999904632568359375</ele>
        <time>2026-09-22T00:56:58.000Z</time>
        <extensions>
          <ns3:TrackPointExtension>
            <ns3:hr>132</ns3:hr>
          </ns3:TrackPointExtension>
        </extensions>
      </trkpt>
      <trkpt lat="48.1029282510280609130859375" lon="-122.77141842059791088104248046875">
        <ele>-3.599999904632568359375</ele>
        <time>2026-09-22T00:57:07.000Z</time>
        <extensions>
          <ns3:TrackPointExtension>
            <ns3:hr>130</ns3:hr>
          </ns3:TrackPointExtension>
        </extensions>
      </trkpt>
      <trkpt lat="48.10297443531453609466552734375" lon="-122.7713573165237903594970703125">
        <ele>-3.599999904632568359375</ele>
        <time>2026-09-22T00:57:10.000Z</time>
        <extensions>
          <ns3:TrackPointExtension>
            <ns3:hr>103</ns3:hr>
          </ns3:TrackPointExtension>
        </extensions>
      </trkpt>
      <trkpt lat="48.1029872596263885498046875" lon="-122.77135421521961688995361328125">
        <ele>-3.599999904632568359375</ele>
        <time>2026-09-22T00:57:11.000Z</time>
        <extensions>
          <ns3:TrackPointExtension>
            <ns3:hr>99</ns3:hr>
          </ns3:TrackPointExtension>
        </extensions>
      </trkpt>
      <trkpt lat="48.10299673117697238922119140625" lon="-122.7713556401431560516357421875">
        <ele>-3.599999904632568359375</ele>
        <time>2026-09-22T00:57:12.000Z</time>
        <extensions>
          <ns3:TrackPointExtension>
            <ns3:hr>104</ns3:hr>
          </ns3:TrackPointExtension>
        </extensions>
      </trkpt>
      <trkpt lat="48.10300209559500217437744140625" lon="-122.7713633514940738677978515625">
        <ele>-3.599999904632568359375</ele>
        <time>2026-09-22T00:57:13.000Z</time>
        <extensions>
          <ns3:TrackPointExtension>
            <ns3:hr>111</ns3:hr>
          </ns3:TrackPointExtension>
        </extensions>
      </trkpt>
      <trkpt lat="48.10297812335193157196044921875" lon="-122.7714049257338047027587890625">
        <ele>-3.599999904632568359375</ele>
        <time>2026-09-22T00:57:17.000Z</time>
        <extensions>
          <ns3:TrackPointExtension>
            <ns3:hr>113</ns3:hr>
          </ns3:TrackPointExtension>
        </extensions>
      </trkpt>
      <trkpt lat="48.102972842752933502197265625" lon="-122.77142227627336978912353515625">
        <ele>-3.400000095367431640625</ele>
        <time>2026-09-22T00:57:18.000Z</time>
        <extensions>
          <ns3:TrackPointExtension>
            <ns3:hr>113</ns3:hr>
          </ns3:TrackPointExtension>
        </extensions>
      </trkpt>
      <trkpt lat="48.102972172200679779052734375" lon="-122.77147181332111358642578125">
        <ele>-3.400000095367431640625</ele>
        <time>2026-09-22T00:57:21.000Z</time>
        <extensions>
          <ns3:TrackPointExtension>
            <ns3:hr>118</ns3:hr>
          </ns3:TrackPointExtension>
        </extensions>
      </trkpt>
      <trkpt lat="48.10297460295259952545166015625" lon="-122.7714810334146022796630859375">
        <ele>-3.400000095367431640625</ele>
        <time>2026-09-22T00:57:22.000Z</time>
        <extensions>
          <ns3:TrackPointExtension>
            <ns3:hr>127</ns3:hr>
          </ns3:TrackPointExtension>
        </extensions>
      </trkpt>
      <trkpt lat="48.10297451913356781005859375" lon="-122.7714994736015796661376953125">
        <ele>-3.400000095367431640625</ele>
        <time>2026-09-22T00:57:24.000Z</time>
        <extensions>
          <ns3:TrackPointExtension>
            <ns3:hr>130</ns3:hr>
          </ns3:TrackPointExtension>
        </extensions>
      </trkpt>
      <trkpt lat="48.10295398347079753875732421875" lon="-122.77151514776051044464111328125">
        <ele>-3.400000095367431640625</ele>
        <time>2026-09-22T00:57:28.000Z</time>
        <extensions>
          <ns3:TrackPointExtension>
            <ns3:hr>131</ns3:hr>
          </ns3:TrackPointExtension>
        </extensions>
      </trkpt>
      <trkpt lat="48.102943338453769683837890625" lon="-122.7715179137885570526123046875">
        <ele>-3.400000095367431640625</ele>
        <time>2026-09-22T00:57:29.000Z</time>
        <extensions>
          <ns3:TrackPointExtension>
            <ns3:hr>131</ns3:hr>
          </ns3:TrackPointExtension>
        </extensions>
      </trkpt>
      <trkpt lat="48.10285457409918308258056640625" lon="-122.7714964561164379119873046875">
        <ele>-3.400000095367431640625</ele>
        <time>2026-09-22T00:57:35.000Z</time>
        <extensions>
          <ns3:TrackPointExtension>
            <ns3:hr>126</ns3:hr>
          </ns3:TrackPointExtension>
        </extensions>
      </trkpt>
      <trkpt lat="48.10273152776062488555908203125" lon="-122.7714230306446552276611328125">
        <ele>-3.7999999523162841796875</ele>
        <time>2026-09-22T00:57:42.000Z</time>
        <extensions>
          <ns3:TrackPointExtension>
            <ns3:hr>125</ns3:hr>
          </ns3:TrackPointExtension>
        </extensions>
      </trkpt>
      <trkpt lat="48.102600686252117156982421875" lon="-122.7713385410606861114501953125">
        <ele>-3.7999999523162841796875</ele>
        <time>2026-09-22T00:57:51.000Z</time>
        <extensions>
          <ns3:TrackPointExtension>
            <ns3:hr>125</ns3:hr>
          </ns3:TrackPointExtension>
        </extensions>
      </trkpt>
      <trkpt lat="48.10250379145145416259765625" lon="-122.7713227830827236175537109375">
        <ele>-4</ele>
        <time>2026-09-22T00:57:59.000Z</time>
        <extensions>
          <ns3:TrackPointExtension>
            <ns3:hr>125</ns3:hr>
          </ns3:TrackPointExtension>
        </extensions>
      </trkpt>
      <trkpt lat="48.10247361660003662109375" lon="-122.7713905088603496551513671875">
        <ele>-3.7999999523162841796875</ele>
        <time>2026-09-22T00:58:06.000Z</time>
        <extensions>
          <ns3:TrackPointExtension>
            <ns3:hr>126</ns3:hr>
          </ns3:TrackPointExtension>
        </extensions>
      </trkpt>
      <trkpt lat="48.10243832878768444061279296875" lon="-122.7714984677731990814208984375">
        <ele>-4</ele>
        <time>2026-09-22T00:58:14.000Z</time>
        <extensions>
          <ns3:TrackPointExtension>
            <ns3:hr>125</ns3:hr>
          </ns3:TrackPointExtension>
        </extensions>
      </trkpt>
      <trkpt lat="48.1023966707289218902587890625" lon="-122.77165353298187255859375">
        <ele>-3.400000095367431640625</ele>
        <time>2026-09-22T00:58:23.000Z</time>
        <extensions>
          <ns3:TrackPointExtension>
            <ns3:hr>121</ns3:hr>
          </ns3:TrackPointExtension>
        </extensions>
      </trkpt>
      <trkpt lat="48.102371357381343841552734375" lon="-122.7717395313084125518798828125">
        <ele>-3.599999904632568359375</ele>
        <time>2026-09-22T00:58:28.000Z</time>
        <extensions>
          <ns3:TrackPointExtension>
            <ns3:hr>124</ns3:hr>
          </ns3:TrackPointExtension>
        </extensions>
      </trkpt>
      <trkpt lat="48.1023158691823482513427734375" lon="-122.7719016373157501220703125">
        <ele>-3.599999904632568359375</ele>
        <time>2026-09-22T00:58:36.000Z</time>
        <extensions>
          <ns3:TrackPointExtension>
            <ns3:hr>127</ns3:hr>
          </ns3:TrackPointExtension>
        </extensions>
      </trkpt>
      <trkpt lat="48.10228963382542133331298828125" lon="-122.7719624899327754974365234375">
        <ele>-3.599999904632568359375</ele>
        <time>2026-09-22T00:58:39.000Z</time>
        <extensions>
          <ns3:TrackPointExtension>
            <ns3:hr>130</ns3:hr>
          </ns3:TrackPointExtension>
        </extensions>
      </trkpt>
      <trkpt lat="48.1022793240845203399658203125" lon="-122.771980427205562591552734375">
        <ele>-3.599999904632568359375</ele>
        <time>2026-09-22T00:58:40.000Z</time>
        <extensions>
          <ns3:TrackPointExtension>
            <ns3:hr>127</ns3:hr>
          </ns3:TrackPointExtension>
        </extensions>
      </trkpt>
      <trkpt lat="48.10225627385079860687255859375" lon="-122.77201990596950054168701171875">
        <ele>-3.599999904632568359375</ele>
        <time>2026-09-22T00:58:42.000Z</time>
        <extensions>
          <ns3:TrackPointExtension>
            <ns3:hr>120</ns3:hr>
          </ns3:TrackPointExtension>
        </extensions>
      </trkpt>
      <trkpt lat="48.102231882512569427490234375" lon="-122.77206332422792911529541015625">
        <ele>-3.7999999523162841796875</ele>
        <time>2026-09-22T00:58:44.000Z</time>
        <extensions>
          <ns3:TrackPointExtension>
            <ns3:hr>117</ns3:hr>
          </ns3:TrackPointExtension>
        </extensions>
      </trkpt>
      <trkpt lat="48.10218787752091884613037109375" lon="-122.77216658927500247955322265625">
        <ele>-3.7999999523162841796875</ele>
        <time>2026-09-22T00:58:48.000Z</time>
        <extensions>
          <ns3:TrackPointExtension>
            <ns3:hr>114</ns3:hr>
          </ns3:TrackPointExtension>
        </extensions>
      </trkpt>
      <trkpt lat="48.10213498771190643310546875" lon="-122.77236524038016796112060546875">
        <ele>-3.7999999523162841796875</ele>
        <time>2026-09-22T00:58:56.000Z</time>
        <extensions>
          <ns3:TrackPointExtension>
            <ns3:hr>112</ns3:hr>
          </ns3:TrackPointExtension>
        </extensions>
      </trkpt>
      <trkpt lat="48.10214035212993621826171875" lon="-122.77237714268267154693603515625">
        <ele>-3.7999999523162841796875</ele>
        <time>2026-09-22T00:58:57.000Z</time>
        <extensions>
          <ns3:TrackPointExtension>
            <ns3:hr>112</ns3:hr>
          </ns3:TrackPointExtension>
        </extensions>
      </trkpt>
      <trkpt lat="48.10217664577066898345947265625" lon="-122.7723728679120540618896484375">
        <ele>-4.19999980926513671875</ele>
        <time>2026-09-22T00:59:00.000Z</time>
        <extensions>
          <ns3:TrackPointExtension>
            <ns3:hr>111</ns3:hr>
          </ns3:TrackPointExtension>
        </extensions>
      </trkpt>
      <trkpt lat="48.10221386142075061798095703125" lon="-122.77234847657382488250732421875">
        <ele>-4.400000095367431640625</ele>
        <time>2026-09-22T00:59:02.000Z</time>
        <extensions>
          <ns3:TrackPointExtension>
            <ns3:hr>111</ns3:hr>
          </ns3:TrackPointExtension>
        </extensions>
      </trkpt>
      <trkpt lat="48.102361299097537994384765625" lon="-122.7723105065524578094482421875">
        <ele>-3.400000095367431640625</ele>
        <time>2026-09-22T00:59:09.000Z</time>
        <extensions>
          <ns3:TrackPointExtension>
            <ns3:hr>111</ns3:hr>
          </ns3:TrackPointExtension>
        </extensions>
      </trkpt>
      <trkpt lat="48.10246112756431102752685546875" lon="-122.77230639941990375518798828125">
        <ele>-3.599999904632568359375</ele>
        <time>2026-09-22T00:59:14.000Z</time>
        <extensions>
          <ns3:TrackPointExtension>
            <ns3:hr>114</ns3:hr>
          </ns3:TrackPointExtension>
        </extensions>
      </trkpt>
      <trkpt lat="48.10250136069953441619873046875" lon="-122.77230673469603061676025390625">
        <ele>-3.599999904632568359375</ele>
        <time>2026-09-22T00:59:16.000Z</time>
        <extensions>
          <ns3:TrackPointExtension>
            <ns3:hr>120</ns3:hr>
          </ns3:TrackPointExtension>
        </extensions>
      </trkpt>
      <trkpt lat="48.10252315364778041839599609375" lon="-122.772305309772491455078125">
        <ele>-3.599999904632568359375</ele>
        <time>2026-09-22T00:59:17.000Z</time>
        <extensions>
          <ns3:TrackPointExtension>
            <ns3:hr>128</ns3:hr>
          </ns3:TrackPointExtension>
        </extensions>
      </trkpt>
      <trkpt lat="48.10254536569118499755859375" lon="-122.7723051421344280242919921875">
        <ele>-3.599999904632568359375</ele>
        <time>2026-09-22T00:59:18.000Z</time>
        <extensions>
          <ns3:TrackPointExtension>
            <ns3:hr>131</ns3:hr>
          </ns3:TrackPointExtension>
        </extensions>
      </trkpt>
      <trkpt lat="48.10258920304477214813232421875" lon="-122.772300951182842254638671875">
        <ele>-3.400000095367431640625</ele>
        <time>2026-09-22T00:59:20.000Z</time>
        <extensions>
          <ns3:TrackPointExtension>
            <ns3:hr>131</ns3:hr>
          </ns3:TrackPointExtension>
        </extensions>
      </trkpt>
      <trkpt lat="48.10280151665210723876953125" lon="-122.772294245660305023193359375">
        <ele>-3.400000095367431640625</ele>
        <time>2026-09-22T00:59:31.000Z</time>
        <extensions>
          <ns3:TrackPointExtension>
            <ns3:hr>126</ns3:hr>
          </ns3:TrackPointExtension>
        </extensions>
      </trkpt>
      <trkpt lat="48.10281920246779918670654296875" lon="-122.7722954191267490386962890625">
        <ele>-3.400000095367431640625</ele>
        <time>2026-09-22T00:59:32.000Z</time>
        <extensions>
          <ns3:TrackPointExtension>
            <ns3:hr>122</ns3:hr>
          </ns3:TrackPointExtension>
        </extensions>
      </trkpt>
      <trkpt lat="48.10283713974058628082275390625" lon="-122.7722974307835102081298828125">
        <ele>-3.400000095367431640625</ele>
        <time>2026-09-22T00:59:33.000Z</time>
        <extensions>
          <ns3:TrackPointExtension>
            <ns3:hr>119</ns3:hr>
          </ns3:TrackPointExtension>
        </extensions>
      </trkpt>
      <trkpt lat="48.10285658575594425201416015625" lon="-122.7723014540970325469970703125">
        <ele>-3.400000095367431640625</ele>
        <time>2026-09-22T00:59:34.000Z</time>
        <extensions>
          <ns3:TrackPointExtension>
            <ns3:hr>115</ns3:hr>
          </ns3:TrackPointExtension>
        </extensions>
      </trkpt>
      <trkpt lat="48.10301869176328182220458984375" lon="-122.77231310494244098663330078125">
        <ele>-3.400000095367431640625</ele>
        <time>2026-09-22T00:59:43.000Z</time>
        <extensions>
          <ns3:TrackPointExtension>
            <ns3:hr>118</ns3:hr>
          </ns3:TrackPointExtension>
        </extensions>
      </trkpt>
      <trkpt lat="48.1030598469078540802001953125" lon="-122.7723192237317562103271484375">
        <ele>-3.400000095367431640625</ele>
        <time>2026-09-22T00:59:45.000Z</time>
        <extensions>
          <ns3:TrackPointExtension>
            <ns3:hr>119</ns3:hr>
          </ns3:TrackPointExtension>
        </extensions>
      </trkpt>
      <trkpt lat="48.10310267843306064605712890625" lon="-122.7723265998065471649169921875">
        <ele>-3.599999904632568359375</ele>
        <time>2026-09-22T00:59:47.000Z</time>
        <extensions>
          <ns3:TrackPointExtension>
            <ns3:hr>122</ns3:hr>
          </ns3:TrackPointExtension>
        </extensions>
      </trkpt>
      <trkpt lat="48.10316286049783229827880859375" lon="-122.772375047206878662109375">
        <ele>-4.400000095367431640625</ele>
        <time>2026-09-22T00:59:52.000Z</time>
        <extensions>
          <ns3:TrackPointExtension>
            <ns3:hr>121</ns3:hr>
          </ns3:TrackPointExtension>
        </extensions>
      </trkpt>
      <trkpt lat="48.103164620697498321533203125" lon="-122.7723872847855091094970703125">
        <ele>-4.400000095367431640625</ele>
        <time>2026-09-22T00:59:53.000Z</time>
        <extensions>
          <ns3:TrackPointExtension>
            <ns3:hr>121</ns3:hr>
          </ns3:TrackPointExtension>
        </extensions>
      </trkpt>
      <trkpt lat="48.103157244622707366943359375" lon="-122.77242676354944705963134765625">
        <ele>-4</ele>
        <time>2026-09-22T00:59:56.000Z</time>
        <extensions>
          <ns3:TrackPointExtension>
            <ns3:hr>121</ns3:hr>
          </ns3:TrackPointExtension>
        </extensions>
      </trkpt>
      <trkpt lat="48.103150539100170135498046875" lon="-122.77246414683759212493896484375">
        <ele>-3.599999904632568359375</ele>
        <time>2026-09-22T00:59:58.000Z</time>
        <extensions>
          <ns3:TrackPointExtension>
            <ns3:hr>120</ns3:hr>
          </ns3:TrackPointExtension>
        </extensions>
      </trkpt>
      <trkpt lat="48.10313201509416103363037109375" lon="-122.77258333750069141387939453125">
        <ele>-3.400000095367431640625</ele>
        <time>2026-09-22T01:00:04.000Z</time>
        <extensions>
          <ns3:TrackPointExtension>
            <ns3:hr>123</ns3:hr>
          </ns3:TrackPointExtension>
        </extensions>
      </trkpt>
      <trkpt lat="48.1031275726854801177978515625" lon="-122.7726431004703044891357421875">
        <ele>-3.400000095367431640625</ele>
        <time>2026-09-22T01:00:07.000Z</time>
        <extensions>
          <ns3:TrackPointExtension>
            <ns3:hr>126</ns3:hr>
          </ns3:TrackPointExtension>
        </extensions>
      </trkpt>
      <trkpt lat="48.10312547720968723297119140625" lon="-122.7726793102920055389404296875">
        <ele>-3.400000095367431640625</ele>
        <time>2026-09-22T01:00:09.000Z</time>
        <extensions>
          <ns3:TrackPointExtension>
            <ns3:hr>125</ns3:hr>
          </ns3:TrackPointExtension>
        </extensions>
      </trkpt>
      <trkpt lat="48.103115670382976531982421875" lon="-122.772758938372135162353515625">
        <ele>-3.400000095367431640625</ele>
        <time>2026-09-22T01:00:13.000Z</time>
        <extensions>
          <ns3:TrackPointExtension>
            <ns3:hr>129</ns3:hr>
          </ns3:TrackPointExtension>
        </extensions>
      </trkpt>
      <trkpt lat="48.1031074561178684234619140625" lon="-122.7728097327053546905517578125">
        <ele>-3.400000095367431640625</ele>
        <time>2026-09-22T01:00:16.000Z</time>
        <extensions>
          <ns3:TrackPointExtension>
            <ns3:hr>133</ns3:hr>
          </ns3:TrackPointExtension>
        </extensions>
      </trkpt>
      <trkpt lat="48.10310368426144123077392578125" lon="-122.772855497896671295166015625">
        <ele>-3.400000095367431640625</ele>
        <time>2026-09-22T01:00:19.000Z</time>
        <extensions>
          <ns3:TrackPointExtension>
            <ns3:hr>130</ns3:hr>
          </ns3:TrackPointExtension>
        </extensions>
      </trkpt>
      <trkpt lat="48.10310200788080692291259765625" lon="-122.77286924421787261962890625">
        <ele>-3.400000095367431640625</ele>
        <time>2026-09-22T01:00:20.000Z</time>
        <extensions>
          <ns3:TrackPointExtension>
            <ns3:hr>124</ns3:hr>
          </ns3:TrackPointExtension>
        </extensions>
      </trkpt>
      <trkpt lat="48.103101253509521484375" lon="-122.77288290672004222869873046875">
        <ele>-3.400000095367431640625</ele>
        <time>2026-09-22T01:00:21.000Z</time>
        <extensions>
          <ns3:TrackPointExtension>
            <ns3:hr>121</ns3:hr>
          </ns3:TrackPointExtension>
        </extensions>
      </trkpt>
      <trkpt lat="48.10309899039566516876220703125" lon="-122.77289581485092639923095703125">
        <ele>-3.400000095367431640625</ele>
        <time>2026-09-22T01:00:22.000Z</time>
        <extensions>
          <ns3:TrackPointExtension>
            <ns3:hr>116</ns3:hr>
          </ns3:TrackPointExtension>
        </extensions>
      </trkpt>
      <trkpt lat="48.10309496708214282989501953125" lon="-122.7729116566479206085205078125">
        <ele>-3.400000095367431640625</ele>
        <time>2026-09-22T01:00:23.000Z</time>
        <extensions>
          <ns3:TrackPointExtension>
            <ns3:hr>116</ns3:hr>
          </ns3:TrackPointExtension>
        </extensions>
      </trkpt>
      <trkpt lat="48.10308826155960559844970703125" lon="-122.77295297943055629730224609375">
        <ele>-3.400000095367431640625</ele>
        <time>2026-09-22T01:00:25.000Z</time>
        <extensions>
          <ns3:TrackPointExtension>
            <ns3:hr>119</ns3:hr>
          </ns3:TrackPointExtension>
        </extensions>
      </trkpt>
      <trkpt lat="48.1030819751322269439697265625" lon="-122.77300092391669750213623046875">
        <ele>-3.400000095367431640625</ele>
        <time>2026-09-22T01:00:27.000Z</time>
        <extensions>
          <ns3:TrackPointExtension>
            <ns3:hr>122</ns3:hr>
          </ns3:TrackPointExtension>
        </extensions>
      </trkpt>
      <trkpt lat="48.10306571424007415771484375" lon="-122.773091532289981842041015625">
        <ele>-3.400000095367431640625</ele>
        <time>2026-09-22T01:00:31.000Z</time>
        <extensions>
          <ns3:TrackPointExtension>
            <ns3:hr>119</ns3:hr>
          </ns3:TrackPointExtension>
        </extensions>
      </trkpt>
      <trkpt lat="48.10305230319499969482421875" lon="-122.773304767906665802001953125">
        <ele>-3.2000000476837158203125</ele>
        <time>2026-09-22T01:00:40.000Z</time>
        <extensions>
          <ns3:TrackPointExtension>
            <ns3:hr>119</ns3:hr>
          </ns3:TrackPointExtension>
        </extensions>
      </trkpt>
      <trkpt lat="48.10306177474558353424072265625" lon="-122.773308120667934417724609375">
        <ele>-3.400000095367431640625</ele>
        <time>2026-09-22T01:00:41.000Z</time>
        <extensions>
          <ns3:TrackPointExtension>
            <ns3:hr>119</ns3:hr>
          </ns3:TrackPointExtension>
        </extensions>
      </trkpt>
      <trkpt lat="48.1030725874006748199462890625" lon="-122.7733056060969829559326171875">
        <ele>-3.2000000476837158203125</ele>
        <time>2026-09-22T01:00:42.000Z</time>
        <extensions>
          <ns3:TrackPointExtension>
            <ns3:hr>118</ns3:hr>
          </ns3:TrackPointExtension>
        </extensions>
      </trkpt>
      <trkpt lat="48.10311667621135711669921875" lon="-122.77331507764756679534912109375">
        <ele>-3.400000095367431640625</ele>
        <time>2026-09-22T01:00:45.000Z</time>
        <extensions>
          <ns3:TrackPointExtension>
            <ns3:hr>117</ns3:hr>
          </ns3:TrackPointExtension>
        </extensions>
      </trkpt>
      <trkpt lat="48.10316185466945171356201171875" lon="-122.77335631661117076873779296875">
        <ele>-3.599999904632568359375</ele>
        <time>2026-09-22T01:00:51.000Z</time>
        <extensions>
          <ns3:TrackPointExtension>
            <ns3:hr>115</ns3:hr>
          </ns3:TrackPointExtension>
        </extensions>
      </trkpt>
      <trkpt lat="48.1031621061265468597412109375" lon="-122.77336469851434230804443359375">
        <ele>-3.599999904632568359375</ele>
        <time>2026-09-22T01:00:52.000Z</time>
        <extensions>
          <ns3:TrackPointExtension>
            <ns3:hr>116</ns3:hr>
          </ns3:TrackPointExtension>
        </extensions>
      </trkpt>
      <trkpt lat="48.10315079055726528167724609375" lon="-122.77340828441083431243896484375">
        <ele>-3.400000095367431640625</ele>
        <time>2026-09-22T01:00:56.000Z</time>
        <extensions>
          <ns3:TrackPointExtension>
            <ns3:hr>120</ns3:hr>
          </ns3:TrackPointExtension>
        </extensions>
      </trkpt>
      <trkpt lat="48.103144504129886627197265625" lon="-122.7734279818832874298095703125">
        <ele>-3.400000095367431640625</ele>
        <time>2026-09-22T01:00:57.000Z</time>
        <extensions>
          <ns3:TrackPointExtension>
            <ns3:hr>120</ns3:hr>
          </ns3:TrackPointExtension>
        </extensions>
      </trkpt>
      <trkpt lat="48.10313754715025424957275390625" lon="-122.77345262467861175537109375">
        <ele>-3.2000000476837158203125</ele>
        <time>2026-09-22T01:00:58.000Z</time>
        <extensions>
          <ns3:TrackPointExtension>
            <ns3:hr>121</ns3:hr>
          </ns3:TrackPointExtension>
        </extensions>
      </trkpt>
      <trkpt lat="48.1030789576470851898193359375" lon="-122.77356100268661975860595703125">
        <ele>-3.599999904632568359375</ele>
        <time>2026-09-22T01:01:03.000Z</time>
        <extensions>
          <ns3:TrackPointExtension>
            <ns3:hr>122</ns3:hr>
          </ns3:TrackPointExtension>
        </extensions>
      </trkpt>
      <trkpt lat="48.103062026202678680419921875" lon="-122.7735620923340320587158203125">
        <ele>-3.7999999523162841796875</ele>
        <time>2026-09-22T01:01:04.000Z</time>
        <extensions>
          <ns3:TrackPointExtension>
            <ns3:hr>123</ns3:hr>
          </ns3:TrackPointExtension>
        </extensions>
      </trkpt>
      <trkpt lat="48.102984912693500518798828125" lon="-122.7734635211527347564697265625">
        <ele>-4</ele>
        <time>2026-09-22T01:01:09.000Z</time>
        <extensions>
          <ns3:TrackPointExtension>
            <ns3:hr>124</ns3:hr>
          </ns3:TrackPointExtension>
        </extensions>
      </trkpt>
      <trkpt lat="48.10296337120234966278076171875" lon="-122.77341373264789581298828125">
        <ele>-4</ele>
        <time>2026-09-22T01:01:11.000Z</time>
        <extensions>
          <ns3:TrackPointExtension>
            <ns3:hr>119</ns3:hr>
          </ns3:TrackPointExtension>
        </extensions>
      </trkpt>
      <trkpt lat="48.10291425324976444244384765625" lon="-122.7732740901410579681396484375">
        <ele>-4.19999980926513671875</ele>
        <time>2026-09-22T01:01:16.000Z</time>
        <extensions>
          <ns3:TrackPointExtension>
            <ns3:hr>122</ns3:hr>
          </ns3:TrackPointExtension>
        </extensions>
      </trkpt>
      <trkpt lat="48.1029049493372440338134765625" lon="-122.7732130698859691619873046875">
        <ele>-4.19999980926513671875</ele>
        <time>2026-09-22T01:01:18.000Z</time>
        <extensions>
          <ns3:TrackPointExtension>
            <ns3:hr>125</ns3:hr>
          </ns3:TrackPointExtension>
        </extensions>
      </trkpt>
      <trkpt lat="48.1029029376804828643798828125" lon="-122.77318197302520275115966796875">
        <ele>-4.19999980926513671875</ele>
        <time>2026-09-22T01:01:19.000Z</time>
        <extensions>
          <ns3:TrackPointExtension>
            <ns3:hr>126</ns3:hr>
          </ns3:TrackPointExtension>
        </extensions>
      </trkpt>
      <trkpt lat="48.10290553607046604156494140625" lon="-122.77312329970300197601318359375">
        <ele>-4.19999980926513671875</ele>
        <time>2026-09-22T01:01:21.000Z</time>
        <extensions>
          <ns3:TrackPointExtension>
            <ns3:hr>129</ns3:hr>
          </ns3:TrackPointExtension>
        </extensions>
      </trkpt>
      <trkpt lat="48.1029096432030200958251953125" lon="-122.77294568717479705810546875">
        <ele>-4.400000095367431640625</ele>
        <time>2026-09-22T01:01:27.000Z</time>
        <extensions>
          <ns3:TrackPointExtension>
            <ns3:hr>132</ns3:hr>
          </ns3:TrackPointExtension>
        </extensions>
      </trkpt>
      <trkpt lat="48.10291039757430553436279296875" lon="-122.77291676960885524749755859375">
        <ele>-4.400000095367431640625</ele>
        <time>2026-09-22T01:01:28.000Z</time>
        <extensions>
          <ns3:TrackPointExtension>
            <ns3:hr>132</ns3:hr>
          </ns3:TrackPointExtension>
        </extensions>
      </trkpt>
      <trkpt lat="48.10291341505944728851318359375" lon="-122.7725834213197231292724609375">
        <ele>-4.400000095367431640625</ele>
        <time>2026-09-22T01:01:40.000Z</time>
        <extensions>
          <ns3:TrackPointExtension>
            <ns3:hr>130</ns3:hr>
          </ns3:TrackPointExtension>
        </extensions>
      </trkpt>
      <trkpt lat="48.102916516363620758056640625" lon="-122.77248275466263294219970703125">
        <ele>-4.400000095367431640625</ele>
        <time>2026-09-22T01:01:44.000Z</time>
        <extensions>
          <ns3:TrackPointExtension>
            <ns3:hr>127</ns3:hr>
          </ns3:TrackPointExtension>
        </extensions>
      </trkpt>
      <trkpt lat="48.10291953384876251220703125" lon="-122.7724318765103816986083984375">
        <ele>-4.400000095367431640625</ele>
        <time>2026-09-22T01:01:46.000Z</time>
        <extensions>
          <ns3:TrackPointExtension>
            <ns3:hr>123</ns3:hr>
          </ns3:TrackPointExtension>
        </extensions>
      </trkpt>
      <trkpt lat="48.102921545505523681640625" lon="-122.77240664698183536529541015625">
        <ele>-4.400000095367431640625</ele>
        <time>2026-09-22T01:01:47.000Z</time>
        <extensions>
          <ns3:TrackPointExtension>
            <ns3:hr>115</ns3:hr>
          </ns3:TrackPointExtension>
        </extensions>
      </trkpt>
      <trkpt lat="48.1029223836958408355712890625" lon="-122.7723819203674793243408203125">
        <ele>-4.400000095367431640625</ele>
        <time>2026-09-22T01:01:48.000Z</time>
        <extensions>
          <ns3:TrackPointExtension>
            <ns3:hr>108</ns3:hr>
          </ns3:TrackPointExtension>
        </extensions>
      </trkpt>
      <trkpt lat="48.1029247306287288665771484375" lon="-122.77235467918217182159423828125">
        <ele>-4.400000095367431640625</ele>
        <time>2026-09-22T01:01:49.000Z</time>
        <extensions>
          <ns3:TrackPointExtension>
            <ns3:hr>104</ns3:hr>
          </ns3:TrackPointExtension>
        </extensions>
      </trkpt>
      <trkpt lat="48.1029260717332363128662109375" lon="-122.772326432168483734130859375">
        <ele>-8.6000003814697265625</ele>
        <time>2026-09-22T01:01:50.000Z</time>
        <extensions>
          <ns3:TrackPointExtension>
            <ns3:hr>104</ns3:hr>
          </ns3:TrackPointExtension>
        </extensions>
      </trkpt>
      <trkpt lat="48.1029267422854900360107421875" lon="-122.77229600585997104644775390625">
        <ele>-26</ele>
        <time>2026-09-22T01:01:51.000Z</time>
        <extensions>
          <ns3:TrackPointExtension>
            <ns3:hr>105</ns3:hr>
          </ns3:TrackPointExtension>
        </extensions>
      </trkpt>
      <trkpt lat="48.10292900539934635162353515625" lon="-122.77226700447499752044677734375">
        <ele>-61.40000152587890625</ele>
        <time>2026-09-22T01:01:52.000Z</time>
        <extensions>
          <ns3:TrackPointExtension>
            <ns3:hr>104</ns3:hr>
          </ns3:TrackPointExtension>
        </extensions>
      </trkpt>
      <trkpt lat="48.10293219052255153656005859375" lon="-122.77224018238484859466552734375">
        <ele>-80.1999969482421875</ele>
        <time>2026-09-22T01:01:53.000Z</time>
        <extensions>
          <ns3:TrackPointExtension>
            <ns3:hr>104</ns3:hr>
          </ns3:TrackPointExtension>
        </extensions>
      </trkpt>
      <trkpt lat="48.1029351241886615753173828125" lon="-122.77221201919019222259521484375">
        <ele>-87</ele>
        <time>2026-09-22T01:01:54.000Z</time>
        <extensions>
          <ns3:TrackPointExtension>
            <ns3:hr>103</ns3:hr>
          </ns3:TrackPointExtension>
        </extensions>
      </trkpt>
      <trkpt lat="48.10293990187346935272216796875" lon="-122.77209601365029811859130859375">
        <ele>-37.200000762939453125</ele>
        <time>2026-09-22T01:01:58.000Z</time>
        <extensions>
          <ns3:TrackPointExtension>
            <ns3:hr>103</ns3:hr>
          </ns3:TrackPointExtension>
        </extensions>
      </trkpt>
      <trkpt lat="48.1029401533305644989013671875" lon="-122.77206667698919773101806640625">
        <ele>-14</ele>
        <time>2026-09-22T01:01:59.000Z</time>
        <extensions>
          <ns3:TrackPointExtension>
            <ns3:hr>103</ns3:hr>
          </ns3:TrackPointExtension>
        </extensions>
      </trkpt>
      <trkpt lat="48.1029378063976764678955078125" lon="-122.77203910052776336669921875">
        <ele>-6.80000019073486328125</ele>
        <time>2026-09-22T01:02:00.000Z</time>
        <extensions>
          <ns3:TrackPointExtension>
            <ns3:hr>103</ns3:hr>
          </ns3:TrackPointExtension>
        </extensions>
      </trkpt>
      <trkpt lat="48.10293219052255153656005859375" lon="-122.77201286517083644866943359375">
        <ele>-4.80000019073486328125</ele>
        <time>2026-09-22T01:02:01.000Z</time>
        <extensions>
          <ns3:TrackPointExtension>
            <ns3:hr>104</ns3:hr>
          </ns3:TrackPointExtension>
        </extensions>
      </trkpt>
      <trkpt lat="48.10291542671620845794677734375" lon="-122.771958969533443450927734375">
        <ele>-4.19999980926513671875</ele>
        <time>2026-09-22T01:02:03.000Z</time>
        <extensions>
          <ns3:TrackPointExtension>
            <ns3:hr>103</ns3:hr>
          </ns3:TrackPointExtension>
        </extensions>
      </trkpt>
      <trkpt lat="48.10282825492322444915771484375" lon="-122.77170139364898204803466796875">
        <ele>-4.19999980926513671875</ele>
        <time>2026-09-22T01:02:13.000Z</time>
        <extensions>
          <ns3:TrackPointExtension>
            <ns3:hr>106</ns3:hr>
          </ns3:TrackPointExtension>
        </extensions>
      </trkpt>
      <trkpt lat="48.102811239659786224365234375" lon="-122.77164992876350879669189453125">
        <ele>-4.19999980926513671875</ele>
        <time>2026-09-22T01:02:15.000Z</time>
        <extensions>
          <ns3:TrackPointExtension>
            <ns3:hr>109</ns3:hr>
          </ns3:TrackPointExtension>
        </extensions>
      </trkpt>
      <trkpt lat="48.102805875241756439208984375" lon="-122.77162310667335987091064453125">
        <ele>-4</ele>
        <time>2026-09-22T01:02:16.000Z</time>
        <extensions>
          <ns3:TrackPointExtension>
            <ns3:hr>110</ns3:hr>
          </ns3:TrackPointExtension>
        </extensions>
      </trkpt>
      <trkpt lat="48.10273186303675174713134765625" lon="-122.77137550525367259979248046875">
        <ele>-4</ele>
        <time>2026-09-22T01:02:26.000Z</time>
        <extensions>
          <ns3:TrackPointExtension>
            <ns3:hr>115</ns3:hr>
          </ns3:TrackPointExtension>
        </extensions>
      </trkpt>
      <trkpt lat="48.10263882391154766082763671875" lon="-122.77127190493047237396240234375">
        <ele>-3.599999904632568359375</ele>
        <time>2026-09-22T01:02:33.000Z</time>
        <extensions>
          <ns3:TrackPointExtension>
            <ns3:hr>116</ns3:hr>
          </ns3:TrackPointExtension>
        </extensions>
      </trkpt>
      <trkpt lat="48.10256858356297016143798828125" lon="-122.77133560739457607269287109375">
        <ele>-3.2000000476837158203125</ele>
        <time>2026-09-22T01:02:39.000Z</time>
        <extensions>
          <ns3:TrackPointExtension>
            <ns3:hr>114</ns3:hr>
          </ns3:TrackPointExtension>
        </extensions>
      </trkpt>
      <trkpt lat="48.10249499045312404632568359375" lon="-122.77146955020725727081298828125">
        <ele>-3.2000000476837158203125</ele>
        <time>2026-09-22T01:02:48.000Z</time>
        <extensions>
          <ns3:TrackPointExtension>
            <ns3:hr>113</ns3:hr>
          </ns3:TrackPointExtension>
        </extensions>
      </trkpt>
      <trkpt lat="48.10245819389820098876953125" lon="-122.7715609967708587646484375">
        <ele>-3.2000000476837158203125</ele>
        <time>2026-09-22T01:02:54.000Z</time>
        <extensions>
          <ns3:TrackPointExtension>
            <ns3:hr>117</ns3:hr>
          </ns3:TrackPointExtension>
        </extensions>
      </trkpt>
      <trkpt lat="48.102449811995029449462890625" lon="-122.77157851494848728179931640625">
        <ele>-3.400000095367431640625</ele>
        <time>2026-09-22T01:02:55.000Z</time>
        <extensions>
          <ns3:TrackPointExtension>
            <ns3:hr>117</ns3:hr>
          </ns3:TrackPointExtension>
        </extensions>
      </trkpt>
      <trkpt lat="48.10237370431423187255859375" lon="-122.7717546187341213226318359375">
        <ele>-3.2000000476837158203125</ele>
        <time>2026-09-22T01:03:05.000Z</time>
        <extensions>
          <ns3:TrackPointExtension>
            <ns3:hr>123</ns3:hr>
          </ns3:TrackPointExtension>
        </extensions>
      </trkpt>
      <trkpt lat="48.1023732014000415802001953125" lon="-122.77177297510206699371337890625">
        <ele>-3.2000000476837158203125</ele>
        <time>2026-09-22T01:03:06.000Z</time>
        <extensions>
          <ns3:TrackPointExtension>
            <ns3:hr>126</ns3:hr>
          </ns3:TrackPointExtension>
        </extensions>
      </trkpt>
      <trkpt lat="48.10238217003643512725830078125" lon="-122.77179996483027935028076171875">
        <ele>-3.2000000476837158203125</ele>
        <time>2026-09-22T01:03:08.000Z</time>
        <extensions>
          <ns3:TrackPointExtension>
            <ns3:hr>125</ns3:hr>
          </ns3:TrackPointExtension>
        </extensions>
      </trkpt>
      <trkpt lat="48.10240278951823711395263671875" lon="-122.771801054477691650390625">
        <ele>-4.19999980926513671875</ele>
        <time>2026-09-22T01:03:10.000Z</time>
        <extensions>
          <ns3:TrackPointExtension>
            <ns3:hr>124</ns3:hr>
          </ns3:TrackPointExtension>
        </extensions>
      </trkpt>
      <trkpt lat="48.1024134345352649688720703125" lon="-122.77179342694580554962158203125">
        <ele>-4.19999980926513671875</ele>
        <time>2026-09-22T01:03:11.000Z</time>
        <extensions>
          <ns3:TrackPointExtension>
            <ns3:hr>123</ns3:hr>
          </ns3:TrackPointExtension>
        </extensions>
      </trkpt>
      <trkpt lat="48.10244805179536342620849609375" lon="-122.7717864699661731719970703125">
        <ele>-4.400000095367431640625</ele>
        <time>2026-09-22T01:03:13.000Z</time>
        <extensions>
          <ns3:TrackPointExtension>
            <ns3:hr>120</ns3:hr>
          </ns3:TrackPointExtension>
        </extensions>
      </trkpt>
      <trkpt lat="48.10247990302741527557373046875" lon="-122.77179099619388580322265625">
        <ele>-4.599999904632568359375</ele>
        <time>2026-09-22T01:03:15.000Z</time>
        <extensions>
          <ns3:TrackPointExtension>
            <ns3:hr>117</ns3:hr>
          </ns3:TrackPointExtension>
        </extensions>
      </trkpt>
      <trkpt lat="48.1024937331676483154296875" lon="-122.7717975340783596038818359375">
        <ele>-4.400000095367431640625</ele>
        <time>2026-09-22T01:03:16.000Z</time>
        <extensions>
          <ns3:TrackPointExtension>
            <ns3:hr>116</ns3:hr>
          </ns3:TrackPointExtension>
        </extensions>
      </trkpt>
      <trkpt lat="48.10255835764110088348388671875" lon="-122.77179996483027935028076171875">
        <ele>-4</ele>
        <time>2026-09-22T01:03:21.000Z</time>
        <extensions>
          <ns3:TrackPointExtension>
            <ns3:hr>121</ns3:hr>
          </ns3:TrackPointExtension>
        </extensions>
      </trkpt>
      <trkpt lat="48.1025715172290802001953125" lon="-122.77179745025932788848876953125">
        <ele>-4</ele>
        <time>2026-09-22T01:03:22.000Z</time>
        <extensions>
          <ns3:TrackPointExtension>
            <ns3:hr>128</ns3:hr>
          </ns3:TrackPointExtension>
        </extensions>
      </trkpt>
      <trkpt lat="48.10258367098867893218994140625" lon="-122.77179610915482044219970703125">
        <ele>-4</ele>
        <time>2026-09-22T01:03:23.000Z</time>
        <extensions>
          <ns3:TrackPointExtension>
            <ns3:hr>133</ns3:hr>
          </ns3:TrackPointExtension>
        </extensions>
      </trkpt>
      <trkpt lat="48.10259507037699222564697265625" lon="-122.77179392985999584197998046875">
        <ele>-4</ele>
        <time>2026-09-22T01:03:24.000Z</time>
        <extensions>
          <ns3:TrackPointExtension>
            <ns3:hr>137</ns3:hr>
          </ns3:TrackPointExtension>
        </extensions>
      </trkpt>
      <trkpt lat="48.10260646976530551910400390625" lon="-122.77178990654647350311279296875">
        <ele>-4.19999980926513671875</ele>
        <time>2026-09-22T01:03:25.000Z</time>
        <extensions>
          <ns3:TrackPointExtension>
            <ns3:hr>137</ns3:hr>
          </ns3:TrackPointExtension>
        </extensions>
      </trkpt>
      <trkpt lat="48.1026189588010311126708984375" lon="-122.7717817761003971099853515625">
        <ele>-4.400000095367431640625</ele>
        <time>2026-09-22T01:03:26.000Z</time>
        <extensions>
          <ns3:TrackPointExtension>
            <ns3:hr>137</ns3:hr>
          </ns3:TrackPointExtension>
        </extensions>
      </trkpt>
      <trkpt lat="48.10263211838901042938232421875" lon="-122.77177398093044757843017578125">
        <ele>-4.599999904632568359375</ele>
        <time>2026-09-22T01:03:27.000Z</time>
        <extensions>
          <ns3:TrackPointExtension>
            <ns3:hr>137</ns3:hr>
          </ns3:TrackPointExtension>
        </extensions>
      </trkpt>
      <trkpt lat="48.10271342284977436065673828125" lon="-122.7716842107474803924560546875">
        <ele>-4.400000095367431640625</ele>
        <time>2026-09-22T01:03:32.000Z</time>
        <extensions>
          <ns3:TrackPointExtension>
            <ns3:hr>135</ns3:hr>
          </ns3:TrackPointExtension>
        </extensions>
      </trkpt>
      <trkpt lat="48.10284309089183807373046875" lon="-122.7715279720723628997802734375">
        <ele>-3.7999999523162841796875</ele>
        <time>2026-09-22T01:03:39.000Z</time>
        <extensions>
          <ns3:TrackPointExtension>
            <ns3:hr>134</ns3:hr>
          </ns3:TrackPointExtension>
        </extensions>
      </trkpt>
      <trkpt lat="48.10288843698799610137939453125" lon="-122.7714974619448184967041015625">
        <ele>-3.599999904632568359375</ele>
        <time>2026-09-22T01:03:41.000Z</time>
        <extensions>
          <ns3:TrackPointExtension>
            <ns3:hr>133</ns3:hr>
          </ns3:TrackPointExtension>
        </extensions>
      </trkpt>
      <trkpt lat="48.10297393240034580230712890625" lon="-122.77143250219523906707763671875">
        <ele>-3.599999904632568359375</ele>
        <time>2026-09-22T01:03:45.000Z</time>
        <extensions>
          <ns3:TrackPointExtension>
            <ns3:hr>131</ns3:hr>
          </ns3:TrackPointExtension>
        </extensions>
      </trkpt>
      <trkpt lat="48.1030776165425777435302734375" lon="-122.771322615444660186767578125">
        <ele>-3.7999999523162841796875</ele>
        <time>2026-09-22T01:03:51.000Z</time>
        <extensions>
          <ns3:TrackPointExtension>
            <ns3:hr>132</ns3:hr>
          </ns3:TrackPointExtension>
        </extensions>
      </trkpt>
      <trkpt lat="48.103086836636066436767578125" lon="-122.77132638730108737945556640625">
        <ele>-3.7999999523162841796875</ele>
        <time>2026-09-22T01:03:52.000Z</time>
        <extensions>
          <ns3:TrackPointExtension>
            <ns3:hr>132</ns3:hr>
          </ns3:TrackPointExtension>
        </extensions>
      </trkpt>
      <trkpt lat="48.10309010557830333709716796875" lon="-122.77133527211844921112060546875">
        <ele>-3.7999999523162841796875</ele>
        <time>2026-09-22T01:03:53.000Z</time>
        <extensions>
          <ns3:TrackPointExtension>
            <ns3:hr>132</ns3:hr>
          </ns3:TrackPointExtension>
        </extensions>
      </trkpt>
      <trkpt lat="48.103072084486484527587890625" lon="-122.771366536617279052734375">
        <ele>-3.400000095367431640625</ele>
        <time>2026-09-22T01:03:56.000Z</time>
        <extensions>
          <ns3:TrackPointExtension>
            <ns3:hr>132</ns3:hr>
          </ns3:TrackPointExtension>
        </extensions>
      </trkpt>
      <trkpt lat="48.1029378063976764678955078125" lon="-122.7714562229812145233154296875">
        <ele>-3.599999904632568359375</ele>
        <time>2026-09-22T01:04:03.000Z</time>
        <extensions>
          <ns3:TrackPointExtension>
            <ns3:hr>134</ns3:hr>
          </ns3:TrackPointExtension>
        </extensions>
      </trkpt>
      <trkpt lat="48.10282423160970211029052734375" lon="-122.77142814360558986663818359375">
        <ele>-3.7999999523162841796875</ele>
        <time>2026-09-22T01:04:08.000Z</time>
        <extensions>
          <ns3:TrackPointExtension>
            <ns3:hr>135</ns3:hr>
          </ns3:TrackPointExtension>
        </extensions>
      </trkpt>
      <trkpt lat="48.10277176089584827423095703125" lon="-122.771332673728466033935546875">
        <ele>-3.7999999523162841796875</ele>
        <time>2026-09-22T01:04:12.000Z</time>
        <extensions>
          <ns3:TrackPointExtension>
            <ns3:hr>132</ns3:hr>
          </ns3:TrackPointExtension>
        </extensions>
      </trkpt>
      <trkpt lat="48.10276723466813564300537109375" lon="-122.771287746727466583251953125">
        <ele>-3.599999904632568359375</ele>
        <time>2026-09-22T01:04:14.000Z</time>
        <extensions>
          <ns3:TrackPointExtension>
            <ns3:hr>131</ns3:hr>
          </ns3:TrackPointExtension>
        </extensions>
      </trkpt>
      <trkpt lat="48.1027855910360813140869140625" lon="-122.771260254085063934326171875">
        <ele>-3.599999904632568359375</ele>
        <time>2026-09-22T01:04:16.000Z</time>
        <extensions>
          <ns3:TrackPointExtension>
            <ns3:hr>131</ns3:hr>
          </ns3:TrackPointExtension>
        </extensions>
      </trkpt>
      <trkpt lat="48.102815262973308563232421875" lon="-122.77124960906803607940673828125">
        <ele>-3.599999904632568359375</ele>
        <time>2026-09-22T01:04:18.000Z</time>
        <extensions>
          <ns3:TrackPointExtension>
            <ns3:hr>131</ns3:hr>
          </ns3:TrackPointExtension>
        </extensions>
      </trkpt>
      <trkpt lat="48.10293168760836124420166015625" lon="-122.77117752470076084136962890625">
        <ele>-3.599999904632568359375</ele>
        <time>2026-09-22T01:04:26.000Z</time>
        <extensions>
          <ns3:TrackPointExtension>
            <ns3:hr>132</ns3:hr>
          </ns3:TrackPointExtension>
        </extensions>
      </trkpt>
      <trkpt lat="48.10301248915493488311767578125" lon="-122.77103603817522525787353515625">
        <ele>-3.7999999523162841796875</ele>
        <time>2026-09-22T01:04:32.000Z</time>
        <extensions>
          <ns3:TrackPointExtension>
            <ns3:hr>133</ns3:hr>
          </ns3:TrackPointExtension>
        </extensions>
      </trkpt>
      <trkpt lat="48.10306965373456478118896484375" lon="-122.77097803540527820587158203125">
        <ele>-4</ele>
        <time>2026-09-22T01:04:38.000Z</time>
        <extensions>
          <ns3:TrackPointExtension>
            <ns3:hr>132</ns3:hr>
          </ns3:TrackPointExtension>
        </extensions>
      </trkpt>
      <trkpt lat="48.1030355393886566162109375" lon="-122.77101072482764720916748046875">
        <ele>-3.2000000476837158203125</ele>
        <time>2026-09-22T01:04:43.000Z</time>
        <extensions>
          <ns3:TrackPointExtension>
            <ns3:hr>131</ns3:hr>
          </ns3:TrackPointExtension>
        </extensions>
      </trkpt>
      <trkpt lat="48.102953396737575531005859375" lon="-122.77109320275485515594482421875">
        <ele>-3.400000095367431640625</ele>
        <time>2026-09-22T01:04:48.000Z</time>
        <extensions>
          <ns3:TrackPointExtension>
            <ns3:hr>127</ns3:hr>
          </ns3:TrackPointExtension>
        </extensions>
      </trkpt>
      <trkpt lat="48.1029361300170421600341796875" lon="-122.7711075358092784881591796875">
        <ele>-3.400000095367431640625</ele>
        <time>2026-09-22T01:04:49.000Z</time>
        <extensions>
          <ns3:TrackPointExtension>
            <ns3:hr>127</ns3:hr>
          </ns3:TrackPointExtension>
        </extensions>
      </trkpt>
      <trkpt lat="48.10289581306278705596923828125" lon="-122.77112782001495361328125">
        <ele>-3.400000095367431640625</ele>
        <time>2026-09-22T01:04:51.000Z</time>
        <extensions>
          <ns3:TrackPointExtension>
            <ns3:hr>130</ns3:hr>
          </ns3:TrackPointExtension>
        </extensions>
      </trkpt>
      <trkpt lat="48.10284937731921672821044921875" lon="-122.77113812975585460662841796875">
        <ele>-3.400000095367431640625</ele>
        <time>2026-09-22T01:04:53.000Z</time>
        <extensions>
          <ns3:TrackPointExtension>
            <ns3:hr>137</ns3:hr>
          </ns3:TrackPointExtension>
        </extensions>
      </trkpt>
      <trkpt lat="48.1027995049953460693359375" lon="-122.77114114724099636077880859375">
        <ele>-3.599999904632568359375</ele>
        <time>2026-09-22T01:04:55.000Z</time>
        <extensions>
          <ns3:TrackPointExtension>
            <ns3:hr>140</ns3:hr>
          </ns3:TrackPointExtension>
        </extensions>
      </trkpt>
      <trkpt lat="48.10275617055594921112060546875" lon="-122.77114718221127986907958984375">
        <ele>-3.599999904632568359375</ele>
        <time>2026-09-22T01:04:57.000Z</time>
        <extensions>
          <ns3:TrackPointExtension>
            <ns3:hr>140</ns3:hr>
          </ns3:TrackPointExtension>
        </extensions>
      </trkpt>
      <trkpt lat="48.1026400811970233917236328125" lon="-122.77111239731311798095703125">
        <ele>-3.7999999523162841796875</ele>
        <time>2026-09-22T01:05:03.000Z</time>
        <extensions>
          <ns3:TrackPointExtension>
            <ns3:hr>139</ns3:hr>
          </ns3:TrackPointExtension>
        </extensions>
      </trkpt>
      <trkpt lat="48.10263932682573795318603515625" lon="-122.77103972621262073516845703125">
        <ele>-4</ele>
        <time>2026-09-22T01:05:06.000Z</time>
        <extensions>
          <ns3:TrackPointExtension>
            <ns3:hr>142</ns3:hr>
          </ns3:TrackPointExtension>
        </extensions>
      </trkpt>
      <trkpt lat="48.1026487983763217926025390625" lon="-122.7710103057324886322021484375">
        <ele>-4</ele>
        <time>2026-09-22T01:05:07.000Z</time>
        <extensions>
          <ns3:TrackPointExtension>
            <ns3:hr>145</ns3:hr>
          </ns3:TrackPointExtension>
        </extensions>
      </trkpt>
      <trkpt lat="48.1027463637292385101318359375" lon="-122.7708681486546993255615234375">
        <ele>-3.7999999523162841796875</ele>
        <time>2026-09-22T01:05:13.000Z</time>
        <extensions>
          <ns3:TrackPointExtension>
            <ns3:hr>145</ns3:hr>
          </ns3:TrackPointExtension>
        </extensions>
      </trkpt>
      <trkpt lat="48.1028456054627895355224609375" lon="-122.77072456665337085723876953125">
        <ele>-3.7999999523162841796875</ele>
        <time>2026-09-22T01:05:19.000Z</time>
        <extensions>
          <ns3:TrackPointExtension>
            <ns3:hr>148</ns3:hr>
          </ns3:TrackPointExtension>
        </extensions>
      </trkpt>
      <trkpt lat="48.10286178253591060638427734375" lon="-122.77071484364569187164306640625">
        <ele>-4</ele>
        <time>2026-09-22T01:05:20.000Z</time>
        <extensions>
          <ns3:TrackPointExtension>
            <ns3:hr>149</ns3:hr>
          </ns3:TrackPointExtension>
        </extensions>
      </trkpt>
      <trkpt lat="48.102893047034740447998046875" lon="-122.77073378674685955047607421875">
        <ele>-4</ele>
        <time>2026-09-22T01:05:24.000Z</time>
        <extensions>
          <ns3:TrackPointExtension>
            <ns3:hr>149</ns3:hr>
          </ns3:TrackPointExtension>
        </extensions>
      </trkpt>
      <trkpt lat="48.1028995849192142486572265625" lon="-122.77079782448709011077880859375">
        <ele>-3.7999999523162841796875</ele>
        <time>2026-09-22T01:05:31.000Z</time>
        <extensions>
          <ns3:TrackPointExtension>
            <ns3:hr>149</ns3:hr>
          </ns3:TrackPointExtension>
        </extensions>
      </trkpt>
      <trkpt lat="48.10291173867881298065185546875" lon="-122.77079581283032894134521484375">
        <ele>-3.7999999523162841796875</ele>
        <time>2026-09-22T01:05:35.000Z</time>
        <extensions>
          <ns3:TrackPointExtension>
            <ns3:hr>149</ns3:hr>
          </ns3:TrackPointExtension>
        </extensions>
      </trkpt>
      <trkpt lat="48.10291928239166736602783203125" lon="-122.7708044461905956268310546875">
        <ele>-3.7999999523162841796875</ele>
        <time>2026-09-22T01:05:39.000Z</time>
        <extensions>
          <ns3:TrackPointExtension>
            <ns3:hr>153</ns3:hr>
          </ns3:TrackPointExtension>
        </extensions>
      </trkpt>
      <trkpt lat="48.10292129404842853546142578125" lon="-122.770800925791263580322265625">
        <ele>-3.7999999523162841796875</ele>
        <time>2026-09-22T01:05:41.000Z</time>
        <extensions>
          <ns3:TrackPointExtension>
            <ns3:hr>156</ns3:hr>
          </ns3:TrackPointExtension>
        </extensions>
      </trkpt>
      <trkpt lat="48.10289539396762847900390625" lon="-122.7708272449672222137451171875">
        <ele>-3.7999999523162841796875</ele>
        <time>2026-09-22T01:05:46.000Z</time>
        <extensions>
          <ns3:TrackPointExtension>
            <ns3:hr>153</ns3:hr>
          </ns3:TrackPointExtension>
        </extensions>
      </trkpt>
      <trkpt lat="48.10287552885711193084716796875" lon="-122.77085364796221256256103515625">
        <ele>-3.7999999523162841796875</ele>
        <time>2026-09-22T01:05:48.000Z</time>
        <extensions>
          <ns3:TrackPointExtension>
            <ns3:hr>152</ns3:hr>
          </ns3:TrackPointExtension>
        </extensions>
      </trkpt>
      <trkpt lat="48.10278785414993762969970703125" lon="-122.770937047898769378662109375">
        <ele>-3.599999904632568359375</ele>
        <time>2026-09-22T01:05:53.000Z</time>
        <extensions>
          <ns3:TrackPointExtension>
            <ns3:hr>149</ns3:hr>
          </ns3:TrackPointExtension>
        </extensions>
      </trkpt>
      <trkpt lat="48.1027691625058650970458984375" lon="-122.7709536440670490264892578125">
        <ele>-3.400000095367431640625</ele>
        <time>2026-09-22T01:05:54.000Z</time>
        <extensions>
          <ns3:TrackPointExtension>
            <ns3:hr>148</ns3:hr>
          </ns3:TrackPointExtension>
        </extensions>
      </trkpt>
      <trkpt lat="48.1026672385632991790771484375" lon="-122.77110091410577297210693359375">
        <ele>-3.2000000476837158203125</ele>
        <time>2026-09-22T01:06:01.000Z</time>
        <extensions>
          <ns3:TrackPointExtension>
            <ns3:hr>146</ns3:hr>
          </ns3:TrackPointExtension>
        </extensions>
      </trkpt>
      <trkpt lat="48.10260613448917865753173828125" lon="-122.77126067318022251129150390625">
        <ele>-3.2000000476837158203125</ele>
        <time>2026-09-22T01:06:08.000Z</time>
        <extensions>
          <ns3:TrackPointExtension>
            <ns3:hr>146</ns3:hr>
          </ns3:TrackPointExtension>
        </extensions>
      </trkpt>
      <trkpt lat="48.10258752666413784027099609375" lon="-122.77130308561027050018310546875">
        <ele>-3.400000095367431640625</ele>
        <time>2026-09-22T01:06:10.000Z</time>
        <extensions>
          <ns3:TrackPointExtension>
            <ns3:hr>150</ns3:hr>
          </ns3:TrackPointExtension>
        </extensions>
      </trkpt>
      <trkpt lat="48.10257847420871257781982421875" lon="-122.77132487855851650238037109375">
        <ele>-3.400000095367431640625</ele>
        <time>2026-09-22T01:06:11.000Z</time>
        <extensions>
          <ns3:TrackPointExtension>
            <ns3:hr>157</ns3:hr>
          </ns3:TrackPointExtension>
        </extensions>
      </trkpt>
      <trkpt lat="48.10253103263676166534423828125" lon="-122.771450690925121307373046875">
        <ele>-3.2000000476837158203125</ele>
        <time>2026-09-22T01:06:17.000Z</time>
        <extensions>
          <ns3:TrackPointExtension>
            <ns3:hr>154</ns3:hr>
          </ns3:TrackPointExtension>
        </extensions>
      </trkpt>
      <trkpt lat="48.10250722803175449371337890625" lon="-122.7715169079601764678955078125">
        <ele>-3.2000000476837158203125</ele>
        <time>2026-09-22T01:06:20.000Z</time>
        <extensions>
          <ns3:TrackPointExtension>
            <ns3:hr>150</ns3:hr>
          </ns3:TrackPointExtension>
        </extensions>
      </trkpt>
      <trkpt lat="48.10249800793826580047607421875" lon="-122.7715454064309597015380859375">
        <ele>-3.2000000476837158203125</ele>
        <time>2026-09-22T01:06:21.000Z</time>
        <extensions>
          <ns3:TrackPointExtension>
            <ns3:hr>147</ns3:hr>
          </ns3:TrackPointExtension>
        </extensions>
      </trkpt>
      <trkpt lat="48.1024214811623096466064453125" lon="-122.77175470255315303802490234375">
        <ele>-3.599999904632568359375</ele>
        <time>2026-09-22T01:06:28.000Z</time>
        <extensions>
          <ns3:TrackPointExtension>
            <ns3:hr>147</ns3:hr>
          </ns3:TrackPointExtension>
        </extensions>
      </trkpt>
      <trkpt lat="48.10234160162508487701416015625" lon="-122.77194513939321041107177734375">
        <ele>-3.400000095367431640625</ele>
        <time>2026-09-22T01:06:35.000Z</time>
        <extensions>
          <ns3:TrackPointExtension>
            <ns3:hr>144</ns3:hr>
          </ns3:TrackPointExtension>
        </extensions>
      </trkpt>
      <trkpt lat="48.10229114256799221038818359375" lon="-122.77207522653043270111083984375">
        <ele>-3.400000095367431640625</ele>
        <time>2026-09-22T01:06:40.000Z</time>
        <extensions>
          <ns3:TrackPointExtension>
            <ns3:hr>143</ns3:hr>
          </ns3:TrackPointExtension>
        </extensions>
      </trkpt>
      <trkpt lat="48.10214227996766567230224609375" lon="-122.772329784929752349853515625">
        <ele>-3.7999999523162841796875</ele>
        <time>2026-09-22T01:06:49.000Z</time>
        <extensions>
          <ns3:TrackPointExtension>
            <ns3:hr>141</ns3:hr>
          </ns3:TrackPointExtension>
        </extensions>
      </trkpt>
      <trkpt lat="48.10205611400306224822998046875" lon="-122.77245576493442058563232421875">
        <ele>-3.7999999523162841796875</ele>
        <time>2026-09-22T01:06:54.000Z</time>
        <extensions>
          <ns3:TrackPointExtension>
            <ns3:hr>140</ns3:hr>
          </ns3:TrackPointExtension>
        </extensions>
      </trkpt>
      <trkpt lat="48.1020592153072357177734375" lon="-122.7724724449217319488525390625">
        <ele>-3.7999999523162841796875</ele>
        <time>2026-09-22T01:06:55.000Z</time>
        <extensions>
          <ns3:TrackPointExtension>
            <ns3:hr>141</ns3:hr>
          </ns3:TrackPointExtension>
        </extensions>
      </trkpt>
      <trkpt lat="48.10212551616132259368896484375" lon="-122.772482670843601226806640625">
        <ele>-3.599999904632568359375</ele>
        <time>2026-09-22T01:07:00.000Z</time>
        <extensions>
          <ns3:TrackPointExtension>
            <ns3:hr>140</ns3:hr>
          </ns3:TrackPointExtension>
        </extensions>
      </trkpt>
      <trkpt lat="48.10227588750422000885009765625" lon="-122.7725493907928466796875">
        <ele>-3.599999904632568359375</ele>
        <time>2026-09-22T01:07:08.000Z</time>
        <extensions>
          <ns3:TrackPointExtension>
            <ns3:hr>142</ns3:hr>
          </ns3:TrackPointExtension>
        </extensions>
      </trkpt>
      <trkpt lat="48.10242759995162487030029296875" lon="-122.77258769609034061431884765625">
        <ele>-4</ele>
        <time>2026-09-22T01:07:15.000Z</time>
        <extensions>
          <ns3:TrackPointExtension>
            <ns3:hr>151</ns3:hr>
          </ns3:TrackPointExtension>
        </extensions>
      </trkpt>
      <trkpt lat="48.10248074121773242950439453125" lon="-122.7726035378873348236083984375">
        <ele>-3.599999904632568359375</ele>
        <time>2026-09-22T01:07:17.000Z</time>
        <extensions>
          <ns3:TrackPointExtension>
            <ns3:hr>155</ns3:hr>
          </ns3:TrackPointExtension>
        </extensions>
      </trkpt>
      <trkpt lat="48.10273488052189350128173828125" lon="-122.77268551290035247802734375">
        <ele>-4.19999980926513671875</ele>
        <time>2026-09-22T01:07:27.000Z</time>
        <extensions>
          <ns3:TrackPointExtension>
            <ns3:hr>153</ns3:hr>
          </ns3:TrackPointExtension>
        </extensions>
      </trkpt>
      <trkpt lat="48.10289137065410614013671875" lon="-122.77274326421320438385009765625">
        <ele>-4.19999980926513671875</ele>
        <time>2026-09-22T01:07:33.000Z</time>
        <extensions>
          <ns3:TrackPointExtension>
            <ns3:hr>150</ns3:hr>
          </ns3:TrackPointExtension>
        </extensions>
      </trkpt>
      <trkpt lat="48.10301215387880802154541015625" lon="-122.77278341352939605712890625">
        <ele>-4.19999980926513671875</ele>
        <time>2026-09-22T01:07:38.000Z</time>
        <extensions>
          <ns3:TrackPointExtension>
            <ns3:hr>146</ns3:hr>
          </ns3:TrackPointExtension>
        </extensions>
      </trkpt>
      <trkpt lat="48.10303595848381519317626953125" lon="-122.7727902866899967193603515625">
        <ele>-4.19999980926513671875</ele>
        <time>2026-09-22T01:07:39.000Z</time>
        <extensions>
          <ns3:TrackPointExtension>
            <ns3:hr>146</ns3:hr>
          </ns3:TrackPointExtension>
        </extensions>
      </trkpt>
      <trkpt lat="48.10325623489916324615478515625" lon="-122.77288525365293025970458984375">
        <ele>-4</ele>
        <time>2026-09-22T01:07:49.000Z</time>
        <extensions>
          <ns3:TrackPointExtension>
            <ns3:hr>143</ns3:hr>
          </ns3:TrackPointExtension>
        </extensions>
      </trkpt>
      <trkpt lat="48.1033045984804630279541015625" lon="-122.772914506494998931884765625">
        <ele>-4</ele>
        <time>2026-09-22T01:07:51.000Z</time>
        <extensions>
          <ns3:TrackPointExtension>
            <ns3:hr>139</ns3:hr>
          </ns3:TrackPointExtension>
        </extensions>
      </trkpt>
      <trkpt lat="48.10333636589348316192626953125" lon="-122.7729817293584346771240234375">
        <ele>-4.19999980926513671875</ele>
        <time>2026-09-22T01:07:55.000Z</time>
        <extensions>
          <ns3:TrackPointExtension>
            <ns3:hr>140</ns3:hr>
          </ns3:TrackPointExtension>
        </extensions>
      </trkpt>
      <trkpt lat="48.10329311527311801910400390625" lon="-122.77307870797812938690185546875">
        <ele>-3.599999904632568359375</ele>
        <time>2026-09-22T01:08:01.000Z</time>
        <extensions>
          <ns3:TrackPointExtension>
            <ns3:hr>140</ns3:hr>
          </ns3:TrackPointExtension>
        </extensions>
      </trkpt>
      <trkpt lat="48.10327894985675811767578125" lon="-122.77311793528497219085693359375">
        <ele>-3.599999904632568359375</ele>
        <time>2026-09-22T01:08:03.000Z</time>
        <extensions>
          <ns3:TrackPointExtension>
            <ns3:hr>137</ns3:hr>
          </ns3:TrackPointExtension>
        </extensions>
      </trkpt>
      <trkpt lat="48.1032613478600978851318359375" lon="-122.77316671796143054962158203125">
        <ele>-3.599999904632568359375</ele>
        <time>2026-09-22T01:08:05.000Z</time>
        <extensions>
          <ns3:TrackPointExtension>
            <ns3:hr>133</ns3:hr>
          </ns3:TrackPointExtension>
        </extensions>
      </trkpt>
      <trkpt lat="48.10322421602904796600341796875" lon="-122.77327601797878742218017578125">
        <ele>-3.7999999523162841796875</ele>
        <time>2026-09-22T01:08:10.000Z</time>
        <extensions>
          <ns3:TrackPointExtension>
            <ns3:hr>137</ns3:hr>
          </ns3:TrackPointExtension>
        </extensions>
      </trkpt>
      <trkpt lat="48.10321583412587642669677734375" lon="-122.773296050727367401123046875">
        <ele>-4</ele>
        <time>2026-09-22T01:08:11.000Z</time>
        <extensions>
          <ns3:TrackPointExtension>
            <ns3:hr>136</ns3:hr>
          </ns3:TrackPointExtension>
        </extensions>
      </trkpt>
      <trkpt lat="48.10319135896861553192138671875" lon="-122.77334759943187236785888671875">
        <ele>-4</ele>
        <time>2026-09-22T01:08:14.000Z</time>
        <extensions>
          <ns3:TrackPointExtension>
            <ns3:hr>140</ns3:hr>
          </ns3:TrackPointExtension>
        </extensions>
      </trkpt>
      <trkpt lat="48.103092871606349945068359375" lon="-122.77354474179446697235107421875">
        <ele>-3.599999904632568359375</ele>
        <time>2026-09-22T01:08:24.000Z</time>
        <extensions>
          <ns3:TrackPointExtension>
            <ns3:hr>141</ns3:hr>
          </ns3:TrackPointExtension>
        </extensions>
      </trkpt>
      <trkpt lat="48.10306009836494922637939453125" lon="-122.77355882339179515838623046875">
        <ele>-3.7999999523162841796875</ele>
        <time>2026-09-22T01:08:26.000Z</time>
        <extensions>
          <ns3:TrackPointExtension>
            <ns3:hr>141</ns3:hr>
          </ns3:TrackPointExtension>
        </extensions>
      </trkpt>
      <trkpt lat="48.10299840755760669708251953125" lon="-122.77351289056241512298583984375">
        <ele>-4.19999980926513671875</ele>
        <time>2026-09-22T01:08:29.000Z</time>
        <extensions>
          <ns3:TrackPointExtension>
            <ns3:hr>142</ns3:hr>
          </ns3:TrackPointExtension>
        </extensions>
      </trkpt>
      <trkpt lat="48.1029213778674602508544921875" lon="-122.77332714758813381195068359375">
        <ele>-4.400000095367431640625</ele>
        <time>2026-09-22T01:08:35.000Z</time>
        <extensions>
          <ns3:TrackPointExtension>
            <ns3:hr>139</ns3:hr>
          </ns3:TrackPointExtension>
        </extensions>
      </trkpt>
      <trkpt lat="48.10291173867881298065185546875" lon="-122.7732965536415576934814453125">
        <ele>-4.599999904632568359375</ele>
        <time>2026-09-22T01:08:36.000Z</time>
        <extensions>
          <ns3:TrackPointExtension>
            <ns3:hr>139</ns3:hr>
          </ns3:TrackPointExtension>
        </extensions>
      </trkpt>
      <trkpt lat="48.10288709588348865509033203125" lon="-122.77320452034473419189453125">
        <ele>-4.599999904632568359375</ele>
        <time>2026-09-22T01:08:39.000Z</time>
        <extensions>
          <ns3:TrackPointExtension>
            <ns3:hr>142</ns3:hr>
          </ns3:TrackPointExtension>
        </extensions>
      </trkpt>
      <trkpt lat="48.102880306541919708251953125" lon="-122.77316822670400142669677734375">
        <ele>-4.599999904632568359375</ele>
        <time>2026-09-22T01:08:40.000Z</time>
        <extensions>
          <ns3:TrackPointExtension>
            <ns3:hr>144</ns3:hr>
          </ns3:TrackPointExtension>
        </extensions>
      </trkpt>
      <trkpt lat="48.10287368483841419219970703125" lon="-122.773126401007175445556640625">
        <ele>-4.599999904632568359375</ele>
        <time>2026-09-22T01:08:41.000Z</time>
        <extensions>
          <ns3:TrackPointExtension>
            <ns3:hr>147</ns3:hr>
          </ns3:TrackPointExtension>
        </extensions>
      </trkpt>
      <trkpt lat="48.10286186635494232177734375" lon="-122.7730507962405681610107421875">
        <ele>-4.599999904632568359375</ele>
        <time>2026-09-22T01:08:43.000Z</time>
        <extensions>
          <ns3:TrackPointExtension>
            <ns3:hr>151</ns3:hr>
          </ns3:TrackPointExtension>
        </extensions>
      </trkpt>
      <trkpt lat="48.10285407118499279022216796875" lon="-122.77295264415442943572998046875">
        <ele>-4.599999904632568359375</ele>
        <time>2026-09-22T01:08:46.000Z</time>
        <extensions>
          <ns3:TrackPointExtension>
            <ns3:hr>153</ns3:hr>
          </ns3:TrackPointExtension>
        </extensions>
      </trkpt>
      <trkpt lat="48.10282238759100437164306640625" lon="-122.77266682125627994537353515625">
        <ele>-4.599999904632568359375</ele>
        <time>2026-09-22T01:08:54.000Z</time>
        <extensions>
          <ns3:TrackPointExtension>
            <ns3:hr>153</ns3:hr>
          </ns3:TrackPointExtension>
        </extensions>
      </trkpt>
      <trkpt lat="48.10280042700469493865966796875" lon="-122.77251997031271457672119140625">
        <ele>-4.599999904632568359375</ele>
        <time>2026-09-22T01:08:58.000Z</time>
        <extensions>
          <ns3:TrackPointExtension>
            <ns3:hr>150</ns3:hr>
          </ns3:TrackPointExtension>
        </extensions>
      </trkpt>
      <trkpt lat="48.1027859263122081756591796875" lon="-122.7723468840122222900390625">
        <ele>-4.599999904632568359375</ele>
        <time>2026-09-22T01:09:03.000Z</time>
        <extensions>
          <ns3:TrackPointExtension>
            <ns3:hr>148</ns3:hr>
          </ns3:TrackPointExtension>
        </extensions>
      </trkpt>
      <trkpt lat="48.10274695046246051788330078125" lon="-122.771889902651309967041015625">
        <ele>-4.599999904632568359375</ele>
        <time>2026-09-22T01:09:16.000Z</time>
        <extensions>
          <ns3:TrackPointExtension>
            <ns3:hr>145</ns3:hr>
          </ns3:TrackPointExtension>
        </extensions>
      </trkpt>
      <trkpt lat="48.102718032896518707275390625" lon="-122.7714763395488262176513671875">
        <ele>-4.80000019073486328125</ele>
        <time>2026-09-22T01:09:28.000Z</time>
        <extensions>
          <ns3:TrackPointExtension>
            <ns3:hr>143</ns3:hr>
          </ns3:TrackPointExtension>
        </extensions>
      </trkpt>
      <trkpt lat="48.10270068235695362091064453125" lon="-122.77121658436954021453857421875">
        <ele>-4.80000019073486328125</ele>
        <time>2026-09-22T01:09:37.000Z</time>
        <extensions>
          <ns3:TrackPointExtension>
            <ns3:hr>142</ns3:hr>
          </ns3:TrackPointExtension>
        </extensions>
      </trkpt>
      <trkpt lat="48.10274410061538219451904296875" lon="-122.77114986442029476165771484375">
        <ele>-4.80000019073486328125</ele>
        <time>2026-09-22T01:09:42.000Z</time>
        <extensions>
          <ns3:TrackPointExtension>
            <ns3:hr>142</ns3:hr>
          </ns3:TrackPointExtension>
        </extensions>
      </trkpt>
      <trkpt lat="48.102756254374980926513671875" lon="-122.7711541391909122467041015625">
        <ele>-4.400000095367431640625</ele>
        <time>2026-09-22T01:09:48.000Z</time>
        <extensions>
          <ns3:TrackPointExtension>
            <ns3:hr>142</ns3:hr>
          </ns3:TrackPointExtension>
        </extensions>
      </trkpt>
      <trkpt lat="48.10273689217865467071533203125" lon="-122.77114517055451869964599609375">
        <ele>-4.19999980926513671875</ele>
        <time>2026-09-22T01:09:55.000Z</time>
        <extensions>
          <ns3:TrackPointExtension>
            <ns3:hr>143</ns3:hr>
          </ns3:TrackPointExtension>
        </extensions>
      </trkpt>
      <trkpt lat="48.10272817499935626983642578125" lon="-122.77114785276353359222412109375">
        <ele>-4.19999980926513671875</ele>
        <time>2026-09-22T01:09:56.000Z</time>
        <extensions>
          <ns3:TrackPointExtension>
            <ns3:hr>144</ns3:hr>
          </ns3:TrackPointExtension>
        </extensions>
      </trkpt>
      <trkpt lat="48.10263681225478649139404296875" lon="-122.771144919097423553466796875">
        <ele>-4</ele>
        <time>2026-09-22T01:10:01.000Z</time>
        <extensions>
          <ns3:TrackPointExtension>
            <ns3:hr>145</ns3:hr>
          </ns3:TrackPointExtension>
        </extensions>
      </trkpt>
      <trkpt lat="48.102569840848445892333984375" lon="-122.77104265987873077392578125">
        <ele>-4.599999904632568359375</ele>
        <time>2026-09-22T01:10:05.000Z</time>
        <extensions>
          <ns3:TrackPointExtension>
            <ns3:hr>143</ns3:hr>
          </ns3:TrackPointExtension>
        </extensions>
      </trkpt>
      <trkpt lat="48.1025354750454425811767578125" lon="-122.77074451558291912078857421875">
        <ele>-4.80000019073486328125</ele>
        <time>2026-09-22T01:10:13.000Z</time>
        <extensions>
          <ns3:TrackPointExtension>
            <ns3:hr>143</ns3:hr>
          </ns3:TrackPointExtension>
        </extensions>
      </trkpt>
      <trkpt lat="48.1025324575603008270263671875" lon="-122.7703903801739215850830078125">
        <ele>-4.80000019073486328125</ele>
        <time>2026-09-22T01:10:22.000Z</time>
        <extensions>
          <ns3:TrackPointExtension>
            <ns3:hr>143</ns3:hr>
          </ns3:TrackPointExtension>
        </extensions>
      </trkpt>
      <trkpt lat="48.10253254137933254241943359375" lon="-122.77002551592886447906494140625">
        <ele>-4.80000019073486328125</ele>
        <time>2026-09-22T01:10:32.000Z</time>
        <extensions>
          <ns3:TrackPointExtension>
            <ns3:hr>143</ns3:hr>
          </ns3:TrackPointExtension>
        </extensions>
      </trkpt>
      <trkpt lat="48.10255249030888080596923828125" lon="-122.76967900805175304412841796875">
        <ele>-4.80000019073486328125</ele>
        <time>2026-09-22T01:10:42.000Z</time>
        <extensions>
          <ns3:TrackPointExtension>
            <ns3:hr>143</ns3:hr>
          </ns3:TrackPointExtension>
        </extensions>
      </trkpt>
      <trkpt lat="48.10254829935729503631591796875" lon="-122.76950919069349765777587890625">
        <ele>-5.599999904632568359375</ele>
        <time>2026-09-22T01:10:47.000Z</time>
        <extensions>
          <ns3:TrackPointExtension>
            <ns3:hr>140</ns3:hr>
          </ns3:TrackPointExtension>
        </extensions>
      </trkpt>
      <trkpt lat="48.1025351397693157196044921875" lon="-122.7694978751242160797119140625">
        <ele>-5.599999904632568359375</ele>
        <time>2026-09-22T01:10:48.000Z</time>
        <extensions>
          <ns3:TrackPointExtension>
            <ns3:hr>139</ns3:hr>
          </ns3:TrackPointExtension>
        </extensions>
      </trkpt>
      <trkpt lat="48.10244536958634853363037109375" lon="-122.76952922344207763671875">
        <ele>-4.19999980926513671875</ele>
        <time>2026-09-22T01:10:53.000Z</time>
        <extensions>
          <ns3:TrackPointExtension>
            <ns3:hr>139</ns3:hr>
          </ns3:TrackPointExtension>
        </extensions>
      </trkpt>
      <trkpt lat="48.10240848921239376068115234375" lon="-122.76959988288581371307373046875">
        <ele>-4</ele>
        <time>2026-09-22T01:10:57.000Z</time>
        <extensions>
          <ns3:TrackPointExtension>
            <ns3:hr>142</ns3:hr>
          </ns3:TrackPointExtension>
        </extensions>
      </trkpt>
      <trkpt lat="48.10239113867282867431640625" lon="-122.7696343325078487396240234375">
        <ele>-4</ele>
        <time>2026-09-22T01:10:59.000Z</time>
        <extensions>
          <ns3:TrackPointExtension>
            <ns3:hr>142</ns3:hr>
          </ns3:TrackPointExtension>
        </extensions>
      </trkpt>
      <trkpt lat="48.10234964825212955474853515625" lon="-122.76974723674356937408447265625">
        <ele>-3.599999904632568359375</ele>
        <time>2026-09-22T01:11:05.000Z</time>
        <extensions>
          <ns3:TrackPointExtension>
            <ns3:hr>142</ns3:hr>
          </ns3:TrackPointExtension>
        </extensions>
      </trkpt>
      <trkpt lat="48.1023403443396091461181640625" lon="-122.76979518122971057891845703125">
        <ele>-3.599999904632568359375</ele>
        <time>2026-09-22T01:11:08.000Z</time>
        <extensions>
          <ns3:TrackPointExtension>
            <ns3:hr>142</ns3:hr>
          </ns3:TrackPointExtension>
        </extensions>
      </trkpt>
      <trkpt lat="48.1023282743990421295166015625" lon="-122.76984765194356441497802734375">
        <ele>-3.7999999523162841796875</ele>
        <time>2026-09-22T01:11:11.000Z</time>
        <extensions>
          <ns3:TrackPointExtension>
            <ns3:hr>145</ns3:hr>
          </ns3:TrackPointExtension>
        </extensions>
      </trkpt>
      <trkpt lat="48.1023155339062213897705078125" lon="-122.7699109353125095367431640625">
        <ele>-3.7999999523162841796875</ele>
        <time>2026-09-22T01:11:15.000Z</time>
        <extensions>
          <ns3:TrackPointExtension>
            <ns3:hr>147</ns3:hr>
          </ns3:TrackPointExtension>
        </extensions>
      </trkpt>
      <trkpt lat="48.10232366435229778289794921875" lon="-122.76992878876626491546630859375">
        <ele>-3.7999999523162841796875</ele>
        <time>2026-09-22T01:11:17.000Z</time>
        <extensions>
          <ns3:TrackPointExtension>
            <ns3:hr>145</ns3:hr>
          </ns3:TrackPointExtension>
        </extensions>
      </trkpt>
      <trkpt lat="48.10233724303543567657470703125" lon="-122.7699380926787853240966796875">
        <ele>-3.7999999523162841796875</ele>
        <time>2026-09-22T01:11:20.000Z</time>
        <extensions>
          <ns3:TrackPointExtension>
            <ns3:hr>144</ns3:hr>
          </ns3:TrackPointExtension>
        </extensions>
      </trkpt>
      <trkpt lat="48.1023416854441165924072265625" lon="-122.76993867941200733184814453125">
        <ele>-5</ele>
        <time>2026-09-22T01:11:21.000Z</time>
        <extensions>
          <ns3:TrackPointExtension>
            <ns3:hr>144</ns3:hr>
          </ns3:TrackPointExtension>
        </extensions>
      </trkpt>
      <trkpt lat="48.1023805774748325347900390625" lon="-122.76992443017661571502685546875">
        <ele>-4.400000095367431640625</ele>
        <time>2026-09-22T01:11:28.000Z</time>
        <extensions>
          <ns3:TrackPointExtension>
            <ns3:hr>144</ns3:hr>
          </ns3:TrackPointExtension>
        </extensions>
      </trkpt>
      <trkpt lat="48.10238686390221118927001953125" lon="-122.769919820129871368408203125">
        <ele>-4.400000095367431640625</ele>
        <time>2026-09-22T01:11:29.000Z</time>
        <extensions>
          <ns3:TrackPointExtension>
            <ns3:hr>140</ns3:hr>
          </ns3:TrackPointExtension>
        </extensions>
      </trkpt>
      <trkpt lat="48.10239457525312900543212890625" lon="-122.7699159644544124603271484375">
        <ele>-4.19999980926513671875</ele>
        <time>2026-09-22T01:11:30.000Z</time>
        <extensions>
          <ns3:TrackPointExtension>
            <ns3:hr>130</ns3:hr>
          </ns3:TrackPointExtension>
        </extensions>
      </trkpt>
      <trkpt lat="48.1024020351469516754150390625" lon="-122.76991521008312702178955078125">
        <ele>-4.19999980926513671875</ele>
        <time>2026-09-22T01:11:31.000Z</time>
        <extensions>
          <ns3:TrackPointExtension>
            <ns3:hr>126</ns3:hr>
          </ns3:TrackPointExtension>
        </extensions>
      </trkpt>
      <trkpt lat="48.1024079024791717529296875" lon="-122.76991420425474643707275390625">
        <ele>-4.19999980926513671875</ele>
        <time>2026-09-22T01:11:32.000Z</time>
        <extensions>
          <ns3:TrackPointExtension>
            <ns3:hr>119</ns3:hr>
          </ns3:TrackPointExtension>
        </extensions>
      </trkpt>
      <trkpt lat="48.10241527855396270751953125" lon="-122.76991319842636585235595703125">
        <ele>-4.19999980926513671875</ele>
        <time>2026-09-22T01:11:33.000Z</time>
        <extensions>
          <ns3:TrackPointExtension>
            <ns3:hr>119</ns3:hr>
          </ns3:TrackPointExtension>
        </extensions>
      </trkpt>
      <trkpt lat="48.10242458246648311614990234375" lon="-122.7699119411408901214599609375">
        <ele>-4</ele>
        <time>2026-09-22T01:11:34.000Z</time>
        <extensions>
          <ns3:TrackPointExtension>
            <ns3:hr>126</ns3:hr>
          </ns3:TrackPointExtension>
        </extensions>
      </trkpt>
      <trkpt lat="48.10242894105613231658935546875" lon="-122.76991479098796844482421875">
        <ele>-4</ele>
        <time>2026-09-22T01:11:35.000Z</time>
        <extensions>
          <ns3:TrackPointExtension>
            <ns3:hr>133</ns3:hr>
          </ns3:TrackPointExtension>
        </extensions>
      </trkpt>
      <trkpt lat="48.10243648476898670196533203125" lon="-122.76991571299731731414794921875">
        <ele>-4</ele>
        <time>2026-09-22T01:11:36.000Z</time>
        <extensions>
          <ns3:TrackPointExtension>
            <ns3:hr>136</ns3:hr>
          </ns3:TrackPointExtension>
        </extensions>
      </trkpt>
      <trkpt lat="48.10244344174861907958984375" lon="-122.7699179761111736297607421875">
        <ele>-4</ele>
        <time>2026-09-22T01:11:37.000Z</time>
        <extensions>
          <ns3:TrackPointExtension>
            <ns3:hr>139</ns3:hr>
          </ns3:TrackPointExtension>
        </extensions>
      </trkpt>
      <trkpt lat="48.1024493090808391571044921875" lon="-122.76991747319698333740234375">
        <ele>-4</ele>
        <time>2026-09-22T01:11:38.000Z</time>
        <extensions>
          <ns3:TrackPointExtension>
            <ns3:hr>139</ns3:hr>
          </ns3:TrackPointExtension>
        </extensions>
      </trkpt>
      <trkpt lat="48.10246867127716541290283203125" lon="-122.76991135440766811370849609375">
        <ele>-4</ele>
        <time>2026-09-22T01:11:40.000Z</time>
        <extensions>
          <ns3:TrackPointExtension>
            <ns3:hr>139</ns3:hr>
          </ns3:TrackPointExtension>
        </extensions>
      </trkpt>
      <trkpt lat="48.10253522358834743499755859375" lon="-122.76986827142536640167236328125">
        <ele>-2.7999999523162841796875</ele>
        <time>2026-09-22T01:11:44.000Z</time>
        <extensions>
          <ns3:TrackPointExtension>
            <ns3:hr>140</ns3:hr>
          </ns3:TrackPointExtension>
        </extensions>
      </trkpt>
      <trkpt lat="48.10261568985879421234130859375" lon="-122.7697664313018321990966796875">
        <ele>-1.2000000476837158203125</ele>
        <time>2026-09-22T01:11:48.000Z</time>
        <extensions>
          <ns3:TrackPointExtension>
            <ns3:hr>141</ns3:hr>
          </ns3:TrackPointExtension>
        </extensions>
      </trkpt>
      <trkpt lat="48.1026350520551204681396484375" lon="-122.769730053842067718505859375">
        <ele>-1.2000000476837158203125</ele>
        <time>2026-09-22T01:11:49.000Z</time>
        <extensions>
          <ns3:TrackPointExtension>
            <ns3:hr>141</ns3:hr>
          </ns3:TrackPointExtension>
        </extensions>
      </trkpt>
      <trkpt lat="48.10267386026680469512939453125" lon="-122.7696142159402370452880859375">
        <ele>-2.7999999523162841796875</ele>
        <time>2026-09-22T01:11:52.000Z</time>
        <extensions>
          <ns3:TrackPointExtension>
            <ns3:hr>141</ns3:hr>
          </ns3:TrackPointExtension>
        </extensions>
      </trkpt>
      <trkpt lat="48.1026994250714778900146484375" lon="-122.76954120956361293792724609375">
        <ele>-4.19999980926513671875</ele>
        <time>2026-09-22T01:11:54.000Z</time>
        <extensions>
          <ns3:TrackPointExtension>
            <ns3:hr>141</ns3:hr>
          </ns3:TrackPointExtension>
        </extensions>
      </trkpt>
      <trkpt lat="48.10271375812590122222900390625" lon="-122.76950567029416561126708984375">
        <ele>-4.599999904632568359375</ele>
        <time>2026-09-22T01:11:55.000Z</time>
        <extensions>
          <ns3:TrackPointExtension>
            <ns3:hr>140</ns3:hr>
          </ns3:TrackPointExtension>
        </extensions>
      </trkpt>
      <trkpt lat="48.10276773758232593536376953125" lon="-122.76933987624943256378173828125">
        <ele>-4.599999904632568359375</ele>
        <time>2026-09-22T01:12:00.000Z</time>
        <extensions>
          <ns3:TrackPointExtension>
            <ns3:hr>136</ns3:hr>
          </ns3:TrackPointExtension>
        </extensions>
      </trkpt>
      <trkpt lat="48.10277779586613178253173828125" lon="-122.76930986903607845306396484375">
        <ele>-4.599999904632568359375</ele>
        <time>2026-09-22T01:12:01.000Z</time>
        <extensions>
          <ns3:TrackPointExtension>
            <ns3:hr>136</ns3:hr>
          </ns3:TrackPointExtension>
        </extensions>
      </trkpt>
      <trkpt lat="48.10281685553491115570068359375" lon="-122.76921984739601612091064453125">
        <ele>-4.599999904632568359375</ele>
        <time>2026-09-22T01:12:04.000Z</time>
        <extensions>
          <ns3:TrackPointExtension>
            <ns3:hr>134</ns3:hr>
          </ns3:TrackPointExtension>
        </extensions>
      </trkpt>
      <trkpt lat="48.1028985790908336639404296875" lon="-122.76907551102340221405029296875">
        <ele>-4.599999904632568359375</ele>
        <time>2026-09-22T01:12:10.000Z</time>
        <extensions>
          <ns3:TrackPointExtension>
            <ns3:hr>131</ns3:hr>
          </ns3:TrackPointExtension>
        </extensions>
      </trkpt>
      <trkpt lat="48.10295364819467067718505859375" lon="-122.76897844858467578887939453125">
        <ele>-4.599999904632568359375</ele>
        <time>2026-09-22T01:12:14.000Z</time>
        <extensions>
          <ns3:TrackPointExtension>
            <ns3:hr>128</ns3:hr>
          </ns3:TrackPointExtension>
        </extensions>
      </trkpt>
      <trkpt lat="48.10301902703940868377685546875" lon="-122.76889630593359470367431640625">
        <ele>-4.599999904632568359375</ele>
        <time>2026-09-22T01:12:18.000Z</time>
        <extensions>
          <ns3:TrackPointExtension>
            <ns3:hr>125</ns3:hr>
          </ns3:TrackPointExtension>
        </extensions>
      </trkpt>
      <trkpt lat="48.1030994094908237457275390625" lon="-122.7687921188771724700927734375">
        <ele>-4.599999904632568359375</ele>
        <time>2026-09-22T01:12:23.000Z</time>
        <extensions>
          <ns3:TrackPointExtension>
            <ns3:hr>125</ns3:hr>
          </ns3:TrackPointExtension>
        </extensions>
      </trkpt>
      <trkpt lat="48.10314877890050411224365234375" lon="-122.76879739947617053985595703125">
        <ele>-3.400000095367431640625</ele>
        <time>2026-09-22T01:12:27.000Z</time>
        <extensions>
          <ns3:TrackPointExtension>
            <ns3:hr>122</ns3:hr>
          </ns3:TrackPointExtension>
        </extensions>
      </trkpt>
      <trkpt lat="48.1031589210033416748046875" lon="-122.7687991596758365631103515625">
        <ele>-3.400000095367431640625</ele>
        <time>2026-09-22T01:12:28.000Z</time>
        <extensions>
          <ns3:TrackPointExtension>
            <ns3:hr>122</ns3:hr>
          </ns3:TrackPointExtension>
        </extensions>
      </trkpt>
      <trkpt lat="48.10317995958030223846435546875" lon="-122.76881642639636993408203125">
        <ele>-3.599999904632568359375</ele>
        <time>2026-09-22T01:12:33.000Z</time>
        <extensions>
          <ns3:TrackPointExtension>
            <ns3:hr>124</ns3:hr>
          </ns3:TrackPointExtension>
        </extensions>
      </trkpt>
      <trkpt lat="48.103157915174961090087890625" lon="-122.7688407339155673980712890625">
        <ele>-3.599999904632568359375</ele>
        <time>2026-09-22T01:12:37.000Z</time>
        <extensions>
          <ns3:TrackPointExtension>
            <ns3:hr>120</ns3:hr>
          </ns3:TrackPointExtension>
        </extensions>
      </trkpt>
      <trkpt lat="48.10314752161502838134765625" lon="-122.7688450925052165985107421875">
        <ele>-3.599999904632568359375</ele>
        <time>2026-09-22T01:12:38.000Z</time>
        <extensions>
          <ns3:TrackPointExtension>
            <ns3:hr>117</ns3:hr>
          </ns3:TrackPointExtension>
        </extensions>
      </trkpt>
      <trkpt lat="48.103132434189319610595703125" lon="-122.76884869672358036041259765625">
        <ele>-3.599999904632568359375</ele>
        <time>2026-09-22T01:12:39.000Z</time>
        <extensions>
          <ns3:TrackPointExtension>
            <ns3:hr>121</ns3:hr>
          </ns3:TrackPointExtension>
        </extensions>
      </trkpt>
      <trkpt lat="48.102992288768291473388671875" lon="-122.76890720240771770477294921875">
        <ele>-3.7999999523162841796875</ele>
        <time>2026-09-22T01:12:46.000Z</time>
        <extensions>
          <ns3:TrackPointExtension>
            <ns3:hr>119</ns3:hr>
          </ns3:TrackPointExtension>
        </extensions>
      </trkpt>
      <trkpt lat="48.10281316749751567840576171875" lon="-122.7689305879175662994384765625">
        <ele>-4</ele>
        <time>2026-09-22T01:12:55.000Z</time>
        <extensions>
          <ns3:TrackPointExtension>
            <ns3:hr>116</ns3:hr>
          </ns3:TrackPointExtension>
        </extensions>
      </trkpt>
      <trkpt lat="48.10279238037765026092529296875" lon="-122.768930755555629730224609375">
        <ele>-4</ele>
        <time>2026-09-22T01:12:56.000Z</time>
        <extensions>
          <ns3:TrackPointExtension>
            <ns3:hr>117</ns3:hr>
          </ns3:TrackPointExtension>
        </extensions>
      </trkpt>
      <trkpt lat="48.102753572165966033935546875" lon="-122.76893368922173976898193359375">
        <ele>-4</ele>
        <time>2026-09-22T01:12:58.000Z</time>
        <extensions>
          <ns3:TrackPointExtension>
            <ns3:hr>120</ns3:hr>
          </ns3:TrackPointExtension>
        </extensions>
      </trkpt>
      <trkpt lat="48.10269112698733806610107421875" lon="-122.7689356170594692230224609375">
        <ele>-4</ele>
        <time>2026-09-22T01:13:01.000Z</time>
        <extensions>
          <ns3:TrackPointExtension>
            <ns3:hr>124</ns3:hr>
          </ns3:TrackPointExtension>
        </extensions>
      </trkpt>
      <trkpt lat="48.1026498042047023773193359375" lon="-122.7689386345446109771728515625">
        <ele>-4</ele>
        <time>2026-09-22T01:13:03.000Z</time>
        <extensions>
          <ns3:TrackPointExtension>
            <ns3:hr>128</ns3:hr>
          </ns3:TrackPointExtension>
        </extensions>
      </trkpt>
      <trkpt lat="48.1026109121739864349365234375" lon="-122.76894492097198963165283203125">
        <ele>-4</ele>
        <time>2026-09-22T01:13:05.000Z</time>
        <extensions>
          <ns3:TrackPointExtension>
            <ns3:hr>131</ns3:hr>
          </ns3:TrackPointExtension>
        </extensions>
      </trkpt>
      <trkpt lat="48.102555759251117706298828125" lon="-122.76895321905612945556640625">
        <ele>-4</ele>
        <time>2026-09-22T01:13:08.000Z</time>
        <extensions>
          <ns3:TrackPointExtension>
            <ns3:hr>133</ns3:hr>
          </ns3:TrackPointExtension>
        </extensions>
      </trkpt>
      <trkpt lat="48.10239784419536590576171875" lon="-122.76898079551756381988525390625">
        <ele>-3.7999999523162841796875</ele>
        <time>2026-09-22T01:13:17.000Z</time>
        <extensions>
          <ns3:TrackPointExtension>
            <ns3:hr>131</ns3:hr>
          </ns3:TrackPointExtension>
        </extensions>
      </trkpt>
      <trkpt lat="48.10236138291656970977783203125" lon="-122.76901801116764545440673828125">
        <ele>-3.400000095367431640625</ele>
        <time>2026-09-22T01:13:20.000Z</time>
        <extensions>
          <ns3:TrackPointExtension>
            <ns3:hr>127</ns3:hr>
          </ns3:TrackPointExtension>
        </extensions>
      </trkpt>
      <trkpt lat="48.102352917194366455078125" lon="-122.7690385468304157257080078125">
        <ele>-3.400000095367431640625</ele>
        <time>2026-09-22T01:13:21.000Z</time>
        <extensions>
          <ns3:TrackPointExtension>
            <ns3:hr>123</ns3:hr>
          </ns3:TrackPointExtension>
        </extensions>
      </trkpt>
      <trkpt lat="48.102342523634433746337890625" lon="-122.76905975304543972015380859375">
        <ele>-3.400000095367431640625</ele>
        <time>2026-09-22T01:13:22.000Z</time>
        <extensions>
          <ns3:TrackPointExtension>
            <ns3:hr>116</ns3:hr>
          </ns3:TrackPointExtension>
        </extensions>
      </trkpt>
      <trkpt lat="48.10233405791223049163818359375" lon="-122.7690764330327510833740234375">
        <ele>-3.2000000476837158203125</ele>
        <time>2026-09-22T01:13:23.000Z</time>
        <extensions>
          <ns3:TrackPointExtension>
            <ns3:hr>109</ns3:hr>
          </ns3:TrackPointExtension>
        </extensions>
      </trkpt>
      <trkpt lat="48.10232408344745635986328125" lon="-122.76909411884844303131103515625">
        <ele>-3.2000000476837158203125</ele>
        <time>2026-09-22T01:13:24.000Z</time>
        <extensions>
          <ns3:TrackPointExtension>
            <ns3:hr>106</ns3:hr>
          </ns3:TrackPointExtension>
        </extensions>
      </trkpt>
      <trkpt lat="48.1023111753165721893310546875" lon="-122.769134603440761566162109375">
        <ele>-3</ele>
        <time>2026-09-22T01:13:26.000Z</time>
        <extensions>
          <ns3:TrackPointExtension>
            <ns3:hr>102</ns3:hr>
          </ns3:TrackPointExtension>
        </extensions>
      </trkpt>
      <trkpt lat="48.10226507484912872314453125" lon="-122.7692511118948459625244140625">
        <ele>-3</ele>
        <time>2026-09-22T01:13:31.000Z</time>
        <extensions>
          <ns3:TrackPointExtension>
            <ns3:hr>108</ns3:hr>
          </ns3:TrackPointExtension>
        </extensions>
      </trkpt>
      <trkpt lat="48.10225426219403743743896484375" lon="-122.7692725695669651031494140625">
        <ele>-3</ele>
        <time>2026-09-22T01:13:32.000Z</time>
        <extensions>
          <ns3:TrackPointExtension>
            <ns3:hr>111</ns3:hr>
          </ns3:TrackPointExtension>
        </extensions>
      </trkpt>
      <trkpt lat="48.1022333912551403045654296875" lon="-122.7693185023963451385498046875">
        <ele>-3</ele>
        <time>2026-09-22T01:13:34.000Z</time>
        <extensions>
          <ns3:TrackPointExtension>
            <ns3:hr>114</ns3:hr>
          </ns3:TrackPointExtension>
        </extensions>
      </trkpt>
      <trkpt lat="48.102221153676509857177734375" lon="-122.76934289373457431793212890625">
        <ele>-3</ele>
        <time>2026-09-22T01:13:35.000Z</time>
        <extensions>
          <ns3:TrackPointExtension>
            <ns3:hr>118</ns3:hr>
          </ns3:TrackPointExtension>
        </extensions>
      </trkpt>
      <trkpt lat="48.10220874845981597900390625" lon="-122.76936988346278667449951171875">
        <ele>-3</ele>
        <time>2026-09-22T01:13:36.000Z</time>
        <extensions>
          <ns3:TrackPointExtension>
            <ns3:hr>121</ns3:hr>
          </ns3:TrackPointExtension>
        </extensions>
      </trkpt>
      <trkpt lat="48.10218720696866512298583984375" lon="-122.76941447518765926361083984375">
        <ele>-3</ele>
        <time>2026-09-22T01:13:38.000Z</time>
        <extensions>
          <ns3:TrackPointExtension>
            <ns3:hr>124</ns3:hr>
          </ns3:TrackPointExtension>
        </extensions>
      </trkpt>
      <trkpt lat="48.10216239653527736663818359375" lon="-122.76946191675961017608642578125">
        <ele>-3</ele>
        <time>2026-09-22T01:13:40.000Z</time>
        <extensions>
          <ns3:TrackPointExtension>
            <ns3:hr>124</ns3:hr>
          </ns3:TrackPointExtension>
        </extensions>
      </trkpt>
      <trkpt lat="48.10210590250790119171142578125" lon="-122.7695548720657825469970703125">
        <ele>-3.400000095367431640625</ele>
        <time>2026-09-22T01:13:44.000Z</time>
        <extensions>
          <ns3:TrackPointExtension>
            <ns3:hr>121</ns3:hr>
          </ns3:TrackPointExtension>
        </extensions>
      </trkpt>
      <trkpt lat="48.10205410234630107879638671875" lon="-122.7696306444704532623291015625">
        <ele>-3.400000095367431640625</ele>
        <time>2026-09-22T01:13:48.000Z</time>
        <extensions>
          <ns3:TrackPointExtension>
            <ns3:hr>121</ns3:hr>
          </ns3:TrackPointExtension>
        </extensions>
      </trkpt>
      <trkpt lat="48.10197405517101287841796875" lon="-122.7697265334427356719970703125">
        <ele>-3.599999904632568359375</ele>
        <time>2026-09-22T01:13:53.000Z</time>
        <extensions>
          <ns3:TrackPointExtension>
            <ns3:hr>124</ns3:hr>
          </ns3:TrackPointExtension>
        </extensions>
      </trkpt>
      <trkpt lat="48.10194530524313449859619140625" lon="-122.769764252007007598876953125">
        <ele>-3.599999904632568359375</ele>
        <time>2026-09-22T01:13:55.000Z</time>
        <extensions>
          <ns3:TrackPointExtension>
            <ns3:hr>127</ns3:hr>
          </ns3:TrackPointExtension>
        </extensions>
      </trkpt>
      <trkpt lat="48.10188420116901397705078125" lon="-122.76983792893588542938232421875">
        <ele>-3.400000095367431640625</ele>
        <time>2026-09-22T01:13:59.000Z</time>
        <extensions>
          <ns3:TrackPointExtension>
            <ns3:hr>129</ns3:hr>
          </ns3:TrackPointExtension>
        </extensions>
      </trkpt>
      <trkpt lat="48.10180918313562870025634765625" lon="-122.76996114291250705718994140625">
        <ele>-3.599999904632568359375</ele>
        <time>2026-09-22T01:14:04.000Z</time>
        <extensions>
          <ns3:TrackPointExtension>
            <ns3:hr>132</ns3:hr>
          </ns3:TrackPointExtension>
        </extensions>
      </trkpt>
      <trkpt lat="48.1017941795289516448974609375" lon="-122.76998679153621196746826171875">
        <ele>-3.599999904632568359375</ele>
        <time>2026-09-22T01:14:05.000Z</time>
        <extensions>
          <ns3:TrackPointExtension>
            <ns3:hr>135</ns3:hr>
          </ns3:TrackPointExtension>
        </extensions>
      </trkpt>
      <trkpt lat="48.10177850537002086639404296875" lon="-122.77001344598829746246337890625">
        <ele>-3.599999904632568359375</ele>
        <time>2026-09-22T01:14:06.000Z</time>
        <extensions>
          <ns3:TrackPointExtension>
            <ns3:hr>143</ns3:hr>
          </ns3:TrackPointExtension>
        </extensions>
      </trkpt>
      <trkpt lat="48.101694099605083465576171875" lon="-122.77017169632017612457275390625">
        <ele>-3.400000095367431640625</ele>
        <time>2026-09-22T01:14:12.000Z</time>
        <extensions>
          <ns3:TrackPointExtension>
            <ns3:hr>143</ns3:hr>
          </ns3:TrackPointExtension>
        </extensions>
      </trkpt>
      <trkpt lat="48.10160684399306774139404296875" lon="-122.77033531107008457183837890625">
        <ele>-3.400000095367431640625</ele>
        <time>2026-09-22T01:14:18.000Z</time>
        <extensions>
          <ns3:TrackPointExtension>
            <ns3:hr>140</ns3:hr>
          </ns3:TrackPointExtension>
        </extensions>
      </trkpt>
      <trkpt lat="48.10156091116368770599365234375" lon="-122.77041879482567310333251953125">
        <ele>-3.400000095367431640625</ele>
        <time>2026-09-22T01:14:21.000Z</time>
        <extensions>
          <ns3:TrackPointExtension>
            <ns3:hr>136</ns3:hr>
          </ns3:TrackPointExtension>
        </extensions>
      </trkpt>
      <trkpt lat="48.10148631222546100616455078125" lon="-122.77054309844970703125">
        <ele>-3.400000095367431640625</ele>
        <time>2026-09-22T01:14:26.000Z</time>
        <extensions>
          <ns3:TrackPointExtension>
            <ns3:hr>133</ns3:hr>
          </ns3:TrackPointExtension>
        </extensions>
      </trkpt>
      <trkpt lat="48.10146971605718135833740234375" lon="-122.770566903054714202880859375">
        <ele>-3.400000095367431640625</ele>
        <time>2026-09-22T01:14:27.000Z</time>
        <extensions>
          <ns3:TrackPointExtension>
            <ns3:hr>133</ns3:hr>
          </ns3:TrackPointExtension>
        </extensions>
      </trkpt>
      <trkpt lat="48.10135890729725360870361328125" lon="-122.77071802876889705657958984375">
        <ele>-3.599999904632568359375</ele>
        <time>2026-09-22T01:14:34.000Z</time>
        <extensions>
          <ns3:TrackPointExtension>
            <ns3:hr>130</ns3:hr>
          </ns3:TrackPointExtension>
        </extensions>
      </trkpt>
      <trkpt lat="48.101302497088909149169921875" lon="-122.77079857885837554931640625">
        <ele>-3.400000095367431640625</ele>
        <time>2026-09-22T01:14:38.000Z</time>
        <extensions>
          <ns3:TrackPointExtension>
            <ns3:hr>129</ns3:hr>
          </ns3:TrackPointExtension>
        </extensions>
      </trkpt>
      <trkpt lat="48.10118037275969982147216796875" lon="-122.7710384689271450042724609375">
        <ele>-3.2000000476837158203125</ele>
        <time>2026-09-22T01:14:47.000Z</time>
        <extensions>
          <ns3:TrackPointExtension>
            <ns3:hr>128</ns3:hr>
          </ns3:TrackPointExtension>
        </extensions>
      </trkpt>
      <trkpt lat="48.1010589189827442169189453125" lon="-122.77132689021527767181396484375">
        <ele>-3.2000000476837158203125</ele>
        <time>2026-09-22T01:14:57.000Z</time>
        <extensions>
          <ns3:TrackPointExtension>
            <ns3:hr>127</ns3:hr>
          </ns3:TrackPointExtension>
        </extensions>
      </trkpt>
      <trkpt lat="48.100956492125988006591796875" lon="-122.77161153964698314666748046875">
        <ele>-3.2000000476837158203125</ele>
        <time>2026-09-22T01:15:07.000Z</time>
        <extensions>
          <ns3:TrackPointExtension>
            <ns3:hr>128</ns3:hr>
          </ns3:TrackPointExtension>
        </extensions>
      </trkpt>
      <trkpt lat="48.100898154079914093017578125" lon="-122.771784625947475433349609375">
        <ele>-3.2000000476837158203125</ele>
        <time>2026-09-22T01:15:14.000Z</time>
        <extensions>
          <ns3:TrackPointExtension>
            <ns3:hr>128</ns3:hr>
          </ns3:TrackPointExtension>
        </extensions>
      </trkpt>
      <trkpt lat="48.10091265477240085601806640625" lon="-122.7718112803995609283447265625">
        <ele>-3.2000000476837158203125</ele>
        <time>2026-09-22T01:15:16.000Z</time>
        <extensions>
          <ns3:TrackPointExtension>
            <ns3:hr>128</ns3:hr>
          </ns3:TrackPointExtension>
        </extensions>
      </trkpt>
      <trkpt lat="48.1009254790842533111572265625" lon="-122.7718169800937175750732421875">
        <ele>-3.2000000476837158203125</ele>
        <time>2026-09-22T01:15:17.000Z</time>
        <extensions>
          <ns3:TrackPointExtension>
            <ns3:hr>127</ns3:hr>
          </ns3:TrackPointExtension>
        </extensions>
      </trkpt>
      <trkpt lat="48.10099110938608646392822265625" lon="-122.7718267031013965606689453125">
        <ele>-3.599999904632568359375</ele>
        <time>2026-09-22T01:15:21.000Z</time>
        <extensions>
          <ns3:TrackPointExtension>
            <ns3:hr>127</ns3:hr>
          </ns3:TrackPointExtension>
        </extensions>
      </trkpt>
      <trkpt lat="48.10111097060143947601318359375" lon="-122.77186148799955844879150390625">
        <ele>-3.2000000476837158203125</ele>
        <time>2026-09-22T01:15:27.000Z</time>
        <extensions>
          <ns3:TrackPointExtension>
            <ns3:hr>134</ns3:hr>
          </ns3:TrackPointExtension>
        </extensions>
      </trkpt>
      <trkpt lat="48.10113309882581233978271484375" lon="-122.77186810970306396484375">
        <ele>-3.2000000476837158203125</ele>
        <time>2026-09-22T01:15:28.000Z</time>
        <extensions>
          <ns3:TrackPointExtension>
            <ns3:hr>137</ns3:hr>
          </ns3:TrackPointExtension>
        </extensions>
      </trkpt>
      <trkpt lat="48.1011807918548583984375" lon="-122.77188797481358051300048828125">
        <ele>-3.2000000476837158203125</ele>
        <time>2026-09-22T01:15:30.000Z</time>
        <extensions>
          <ns3:TrackPointExtension>
            <ns3:hr>141</ns3:hr>
          </ns3:TrackPointExtension>
        </extensions>
      </trkpt>
      <trkpt lat="48.101280368864536285400390625" lon="-122.77192083187401294708251953125">
        <ele>-3.400000095367431640625</ele>
        <time>2026-09-22T01:15:34.000Z</time>
        <extensions>
          <ns3:TrackPointExtension>
            <ns3:hr>142</ns3:hr>
          </ns3:TrackPointExtension>
        </extensions>
      </trkpt>
      <trkpt lat="48.10135270468890666961669921875" lon="-122.77194530703127384185791015625">
        <ele>-3.599999904632568359375</ele>
        <time>2026-09-22T01:15:37.000Z</time>
        <extensions>
          <ns3:TrackPointExtension>
            <ns3:hr>139</ns3:hr>
          </ns3:TrackPointExtension>
        </extensions>
      </trkpt>
      <trkpt lat="48.1016084365546703338623046875" lon="-122.77200649492442607879638671875">
        <ele>-4</ele>
        <time>2026-09-22T01:15:48.000Z</time>
        <extensions>
          <ns3:TrackPointExtension>
            <ns3:hr>141</ns3:hr>
          </ns3:TrackPointExtension>
        </extensions>
      </trkpt>
      <trkpt lat="48.10182561166584491729736328125" lon="-122.77204044163227081298828125">
        <ele>-3.7999999523162841796875</ele>
        <time>2026-09-22T01:15:59.000Z</time>
        <extensions>
          <ns3:TrackPointExtension>
            <ns3:hr>137</ns3:hr>
          </ns3:TrackPointExtension>
        </extensions>
      </trkpt>
      <trkpt lat="48.10186735354363918304443359375" lon="-122.77204756624996662139892578125">
        <ele>-4</ele>
        <time>2026-09-22T01:16:01.000Z</time>
        <extensions>
          <ns3:TrackPointExtension>
            <ns3:hr>132</ns3:hr>
          </ns3:TrackPointExtension>
        </extensions>
      </trkpt>
      <trkpt lat="48.1020275317132472991943359375" lon="-122.7720821835100650787353515625">
        <ele>-4</ele>
        <time>2026-09-22T01:16:09.000Z</time>
        <extensions>
          <ns3:TrackPointExtension>
            <ns3:hr>129</ns3:hr>
          </ns3:TrackPointExtension>
        </extensions>
      </trkpt>
      <trkpt lat="48.10206592082977294921875" lon="-122.77208805084228515625">
        <ele>-4</ele>
        <time>2026-09-22T01:16:11.000Z</time>
        <extensions>
          <ns3:TrackPointExtension>
            <ns3:hr>129</ns3:hr>
          </ns3:TrackPointExtension>
        </extensions>
      </trkpt>
      <trkpt lat="48.10218603350222110748291015625" lon="-122.77211110107600688934326171875">
        <ele>-4</ele>
        <time>2026-09-22T01:16:17.000Z</time>
        <extensions>
          <ns3:TrackPointExtension>
            <ns3:hr>126</ns3:hr>
          </ns3:TrackPointExtension>
        </extensions>
      </trkpt>
      <trkpt lat="48.10223867185413837432861328125" lon="-122.7721204049885272979736328125">
        <ele>-4</ele>
        <time>2026-09-22T01:16:20.000Z</time>
        <extensions>
          <ns3:TrackPointExtension>
            <ns3:hr>121</ns3:hr>
          </ns3:TrackPointExtension>
        </extensions>
      </trkpt>
      <trkpt lat="48.1022561900317668914794921875" lon="-122.77212350629270076751708984375">
        <ele>-4</ele>
        <time>2026-09-22T01:16:21.000Z</time>
        <extensions>
          <ns3:TrackPointExtension>
            <ns3:hr>118</ns3:hr>
          </ns3:TrackPointExtension>
        </extensions>
      </trkpt>
      <trkpt lat="48.1023514084517955780029296875" lon="-122.77213431894779205322265625">
        <ele>-4</ele>
        <time>2026-09-22T01:16:26.000Z</time>
        <extensions>
          <ns3:TrackPointExtension>
            <ns3:hr>117</ns3:hr>
          </ns3:TrackPointExtension>
        </extensions>
      </trkpt>
      <trkpt lat="48.10251988470554351806640625" lon="-122.7721941657364368438720703125">
        <ele>-4</ele>
        <time>2026-09-22T01:16:37.000Z</time>
        <extensions>
          <ns3:TrackPointExtension>
            <ns3:hr>118</ns3:hr>
          </ns3:TrackPointExtension>
        </extensions>
      </trkpt>
      <trkpt lat="48.1025150232017040252685546875" lon="-122.77220539748668670654296875">
        <ele>-4</ele>
        <time>2026-09-22T01:16:38.000Z</time>
        <extensions>
          <ns3:TrackPointExtension>
            <ns3:hr>118</ns3:hr>
          </ns3:TrackPointExtension>
        </extensions>
      </trkpt>
      <trkpt lat="48.10241259634494781494140625" lon="-122.77233473025262355804443359375">
        <ele>-3.400000095367431640625</ele>
        <time>2026-09-22T01:16:47.000Z</time>
        <extensions>
          <ns3:TrackPointExtension>
            <ns3:hr>118</ns3:hr>
          </ns3:TrackPointExtension>
        </extensions>
      </trkpt>
      <trkpt lat="48.10234311036765575408935546875" lon="-122.772424332797527313232421875">
        <ele>-3.400000095367431640625</ele>
        <time>2026-09-22T01:16:52.000Z</time>
        <extensions>
          <ns3:TrackPointExtension>
            <ns3:hr>124</ns3:hr>
          </ns3:TrackPointExtension>
        </extensions>
      </trkpt>
      <trkpt lat="48.1023302860558032989501953125" lon="-122.77244453318417072296142578125">
        <ele>-3.400000095367431640625</ele>
        <time>2026-09-22T01:16:53.000Z</time>
        <extensions>
          <ns3:TrackPointExtension>
            <ns3:hr>129</ns3:hr>
          </ns3:TrackPointExtension>
        </extensions>
      </trkpt>
      <trkpt lat="48.102313019335269927978515625" lon="-122.7724620513617992401123046875">
        <ele>-3.599999904632568359375</ele>
        <time>2026-09-22T01:16:54.000Z</time>
        <extensions>
          <ns3:TrackPointExtension>
            <ns3:hr>133</ns3:hr>
          </ns3:TrackPointExtension>
        </extensions>
      </trkpt>
      <trkpt lat="48.10227521695196628570556640625" lon="-122.772490717470645904541015625">
        <ele>-3.7999999523162841796875</ele>
        <time>2026-09-22T01:16:56.000Z</time>
        <extensions>
          <ns3:TrackPointExtension>
            <ns3:hr>134</ns3:hr>
          </ns3:TrackPointExtension>
        </extensions>
      </trkpt>
      <trkpt lat="48.10221017338335514068603515625" lon="-122.77254578657448291778564453125">
        <ele>-3.7999999523162841796875</ele>
        <time>2026-09-22T01:17:00.000Z</time>
        <extensions>
          <ns3:TrackPointExtension>
            <ns3:hr>131</ns3:hr>
          </ns3:TrackPointExtension>
        </extensions>
      </trkpt>
      <trkpt lat="48.10213523916900157928466796875" lon="-122.772604711353778839111328125">
        <ele>-4</ele>
        <time>2026-09-22T01:17:04.000Z</time>
        <extensions>
          <ns3:TrackPointExtension>
            <ns3:hr>127</ns3:hr>
          </ns3:TrackPointExtension>
        </extensions>
      </trkpt>
      <trkpt lat="48.10204890556633472442626953125" lon="-122.772662378847599029541015625">
        <ele>-3.7999999523162841796875</ele>
        <time>2026-09-22T01:17:09.000Z</time>
        <extensions>
          <ns3:TrackPointExtension>
            <ns3:hr>128</ns3:hr>
          </ns3:TrackPointExtension>
        </extensions>
      </trkpt>
      <trkpt lat="48.10191571712493896484375" lon="-122.772737480700016021728515625">
        <ele>-3.7999999523162841796875</ele>
        <time>2026-09-22T01:17:18.000Z</time>
        <extensions>
          <ns3:TrackPointExtension>
            <ns3:hr>126</ns3:hr>
          </ns3:TrackPointExtension>
        </extensions>
      </trkpt>
      <trkpt lat="48.101885877549648284912109375" lon="-122.772748880088329315185546875">
        <ele>-3.7999999523162841796875</ele>
        <time>2026-09-22T01:17:20.000Z</time>
        <extensions>
          <ns3:TrackPointExtension>
            <ns3:hr>119</ns3:hr>
          </ns3:TrackPointExtension>
        </extensions>
      </trkpt>
      <trkpt lat="48.10185377486050128936767578125" lon="-122.7727626264095306396484375">
        <ele>-3.599999904632568359375</ele>
        <time>2026-09-22T01:17:22.000Z</time>
        <extensions>
          <ns3:TrackPointExtension>
            <ns3:hr>114</ns3:hr>
          </ns3:TrackPointExtension>
        </extensions>
      </trkpt>
      <trkpt lat="48.10183801688253879547119140625" lon="-122.772773690521717071533203125">
        <ele>-3.599999904632568359375</ele>
        <time>2026-09-22T01:17:23.000Z</time>
        <extensions>
          <ns3:TrackPointExtension>
            <ns3:hr>118</ns3:hr>
          </ns3:TrackPointExtension>
        </extensions>
      </trkpt>
      <trkpt lat="48.101767189800739288330078125" lon="-122.77284921146929264068603515625">
        <ele>-3.2000000476837158203125</ele>
        <time>2026-09-22T01:17:27.000Z</time>
        <extensions>
          <ns3:TrackPointExtension>
            <ns3:hr>121</ns3:hr>
          </ns3:TrackPointExtension>
        </extensions>
      </trkpt>
      <trkpt lat="48.1017060019075870513916015625" lon="-122.772945351898670196533203125">
        <ele>-3.2000000476837158203125</ele>
        <time>2026-09-22T01:17:30.000Z</time>
        <extensions>
          <ns3:TrackPointExtension>
            <ns3:hr>124</ns3:hr>
          </ns3:TrackPointExtension>
        </extensions>
      </trkpt>
      <trkpt lat="48.10162411071360111236572265625" lon="-122.7730950526893138885498046875">
        <ele>-3</ele>
        <time>2026-09-22T01:17:35.000Z</time>
        <extensions>
          <ns3:TrackPointExtension>
            <ns3:hr>126</ns3:hr>
          </ns3:TrackPointExtension>
        </extensions>
      </trkpt>
      <trkpt lat="48.10160659253597259521484375" lon="-122.7731845714151859283447265625">
        <ele>-3</ele>
        <time>2026-09-22T01:17:38.000Z</time>
        <extensions>
          <ns3:TrackPointExtension>
            <ns3:hr>129</ns3:hr>
          </ns3:TrackPointExtension>
        </extensions>
      </trkpt>
      <trkpt lat="48.10160818509757518768310546875" lon="-122.77320074848830699920654296875">
        <ele>-3</ele>
        <time>2026-09-22T01:17:39.000Z</time>
        <extensions>
          <ns3:TrackPointExtension>
            <ns3:hr>127</ns3:hr>
          </ns3:TrackPointExtension>
        </extensions>
      </trkpt>
      <trkpt lat="48.1016164831817150115966796875" lon="-122.77321265079081058502197265625">
        <ele>-3</ele>
        <time>2026-09-22T01:17:40.000Z</time>
        <extensions>
          <ns3:TrackPointExtension>
            <ns3:hr>127</ns3:hr>
          </ns3:TrackPointExtension>
        </extensions>
      </trkpt>
      <trkpt lat="48.1017462350428104400634765625" lon="-122.7732553146779537200927734375">
        <ele>-3.400000095367431640625</ele>
        <time>2026-09-22T01:17:47.000Z</time>
        <extensions>
          <ns3:TrackPointExtension>
            <ns3:hr>127</ns3:hr>
          </ns3:TrackPointExtension>
        </extensions>
      </trkpt>
      <trkpt lat="48.101869113743305206298828125" lon="-122.7732854895293712615966796875">
        <ele>-3.7999999523162841796875</ele>
        <time>2026-09-22T01:17:52.000Z</time>
        <extensions>
          <ns3:TrackPointExtension>
            <ns3:hr>131</ns3:hr>
          </ns3:TrackPointExtension>
        </extensions>
      </trkpt>
      <trkpt lat="48.10189803130924701690673828125" lon="-122.7732875011861324310302734375">
        <ele>-3.7999999523162841796875</ele>
        <time>2026-09-22T01:17:53.000Z</time>
        <extensions>
          <ns3:TrackPointExtension>
            <ns3:hr>134</ns3:hr>
          </ns3:TrackPointExtension>
        </extensions>
      </trkpt>
      <trkpt lat="48.10198076069355010986328125" lon="-122.77329060249030590057373046875">
        <ele>-3.599999904632568359375</ele>
        <time>2026-09-22T01:17:56.000Z</time>
        <extensions>
          <ns3:TrackPointExtension>
            <ns3:hr>137</ns3:hr>
          </ns3:TrackPointExtension>
        </extensions>
      </trkpt>
      <trkpt lat="48.10200716368854045867919921875" lon="-122.77329211123287677764892578125">
        <ele>-3.599999904632568359375</ele>
        <time>2026-09-22T01:17:57.000Z</time>
        <extensions>
          <ns3:TrackPointExtension>
            <ns3:hr>141</ns3:hr>
          </ns3:TrackPointExtension>
        </extensions>
      </trkpt>
      <trkpt lat="48.10205829329788684844970703125" lon="-122.77329613454639911651611328125">
        <ele>-3.599999904632568359375</ele>
        <time>2026-09-22T01:17:59.000Z</time>
        <extensions>
          <ns3:TrackPointExtension>
            <ns3:hr>144</ns3:hr>
          </ns3:TrackPointExtension>
        </extensions>
      </trkpt>
      <trkpt lat="48.10216390527784824371337890625" lon="-122.77332765050232410430908203125">
        <ele>-3.7999999523162841796875</ele>
        <time>2026-09-22T01:18:04.000Z</time>
        <extensions>
          <ns3:TrackPointExtension>
            <ns3:hr>144</ns3:hr>
          </ns3:TrackPointExtension>
        </extensions>
      </trkpt>
      <trkpt lat="48.1023581139743328094482421875" lon="-122.77337140403687953948974609375">
        <ele>-4.19999980926513671875</ele>
        <time>2026-09-22T01:18:14.000Z</time>
        <extensions>
          <ns3:TrackPointExtension>
            <ns3:hr>144</ns3:hr>
          </ns3:TrackPointExtension>
        </extensions>
      </trkpt>
      <trkpt lat="48.10240949504077434539794921875" lon="-122.7733763493597507476806640625">
        <ele>-4.19999980926513671875</ele>
        <time>2026-09-22T01:18:17.000Z</time>
        <extensions>
          <ns3:TrackPointExtension>
            <ns3:hr>141</ns3:hr>
          </ns3:TrackPointExtension>
        </extensions>
      </trkpt>
      <trkpt lat="48.10242332518100738525390625" lon="-122.773378193378448486328125">
        <ele>-4.19999980926513671875</ele>
        <time>2026-09-22T01:18:18.000Z</time>
        <extensions>
          <ns3:TrackPointExtension>
            <ns3:hr>138</ns3:hr>
          </ns3:TrackPointExtension>
        </extensions>
      </trkpt>
      <trkpt lat="48.102492392063140869140625" lon="-122.77338800020515918731689453125">
        <ele>-4.19999980926513671875</ele>
        <time>2026-09-22T01:18:22.000Z</time>
        <extensions>
          <ns3:TrackPointExtension>
            <ns3:hr>136</ns3:hr>
          </ns3:TrackPointExtension>
        </extensions>
      </trkpt>
      <trkpt lat="48.102543018758296966552734375" lon="-122.77339504100382328033447265625">
        <ele>-4</ele>
        <time>2026-09-22T01:18:25.000Z</time>
        <extensions>
          <ns3:TrackPointExtension>
            <ns3:hr>133</ns3:hr>
          </ns3:TrackPointExtension>
        </extensions>
      </trkpt>
      <trkpt lat="48.10256053693592548370361328125" lon="-122.77339587919414043426513671875">
        <ele>-4</ele>
        <time>2026-09-22T01:18:26.000Z</time>
        <extensions>
          <ns3:TrackPointExtension>
            <ns3:hr>133</ns3:hr>
          </ns3:TrackPointExtension>
        </extensions>
      </trkpt>
      <trkpt lat="48.1026223115622997283935546875" lon="-122.77340929023921489715576171875">
        <ele>-4</ele>
        <time>2026-09-22T01:18:29.000Z</time>
        <extensions>
          <ns3:TrackPointExtension>
            <ns3:hr>130</ns3:hr>
          </ns3:TrackPointExtension>
        </extensions>
      </trkpt>
      <trkpt lat="48.10267101041972637176513671875" lon="-122.77341800741851329803466796875">
        <ele>-4.19999980926513671875</ele>
        <time>2026-09-22T01:18:32.000Z</time>
        <extensions>
          <ns3:TrackPointExtension>
            <ns3:hr>127</ns3:hr>
          </ns3:TrackPointExtension>
        </extensions>
      </trkpt>
      <trkpt lat="48.10270084999501705169677734375" lon="-122.77342387475073337554931640625">
        <ele>-4.19999980926513671875</ele>
        <time>2026-09-22T01:18:34.000Z</time>
        <extensions>
          <ns3:TrackPointExtension>
            <ns3:hr>123</ns3:hr>
          </ns3:TrackPointExtension>
        </extensions>
      </trkpt>
      <trkpt lat="48.10273177921772003173828125" lon="-122.7734279818832874298095703125">
        <ele>-4</ele>
        <time>2026-09-22T01:18:36.000Z</time>
        <extensions>
          <ns3:TrackPointExtension>
            <ns3:hr>119</ns3:hr>
          </ns3:TrackPointExtension>
        </extensions>
      </trkpt>
      <trkpt lat="48.10277109034359455108642578125" lon="-122.77343929745256900787353515625">
        <ele>-4</ele>
        <time>2026-09-22T01:18:39.000Z</time>
        <extensions>
          <ns3:TrackPointExtension>
            <ns3:hr>117</ns3:hr>
          </ns3:TrackPointExtension>
        </extensions>
      </trkpt>
      <trkpt lat="48.10290771536529064178466796875" lon="-122.7734859846532344818115234375">
        <ele>-4.19999980926513671875</ele>
        <time>2026-09-22T01:18:48.000Z</time>
        <extensions>
          <ns3:TrackPointExtension>
            <ns3:hr>121</ns3:hr>
          </ns3:TrackPointExtension>
        </extensions>
      </trkpt>
      <trkpt lat="48.1029247306287288665771484375" lon="-122.773490510880947113037109375">
        <ele>-4.19999980926513671875</ele>
        <time>2026-09-22T01:18:49.000Z</time>
        <extensions>
          <ns3:TrackPointExtension>
            <ns3:hr>124</ns3:hr>
          </ns3:TrackPointExtension>
        </extensions>
      </trkpt>
      <trkpt lat="48.102941326797008514404296875" lon="-122.77349512092769145965576171875">
        <ele>-4.19999980926513671875</ele>
        <time>2026-09-22T01:18:50.000Z</time>
        <extensions>
          <ns3:TrackPointExtension>
            <ns3:hr>125</ns3:hr>
          </ns3:TrackPointExtension>
        </extensions>
      </trkpt>
      <trkpt lat="48.10314374975860118865966796875" lon="-122.7735573984682559967041015625">
        <ele>-3.7999999523162841796875</ele>
        <time>2026-09-22T01:19:00.000Z</time>
        <extensions>
          <ns3:TrackPointExtension>
            <ns3:hr>122</ns3:hr>
          </ns3:TrackPointExtension>
        </extensions>
      </trkpt>
      <trkpt lat="48.1033922731876373291015625" lon="-122.77354960329830646514892578125">
        <ele>-4</ele>
        <time>2026-09-22T01:19:09.000Z</time>
        <extensions>
          <ns3:TrackPointExtension>
            <ns3:hr>123</ns3:hr>
          </ns3:TrackPointExtension>
        </extensions>
      </trkpt>
      <trkpt lat="48.1035744957625865936279296875" lon="-122.77350836433470249176025390625">
        <ele>-4</ele>
        <time>2026-09-22T01:19:16.000Z</time>
        <extensions>
          <ns3:TrackPointExtension>
            <ns3:hr>127</ns3:hr>
          </ns3:TrackPointExtension>
        </extensions>
      </trkpt>
      <trkpt lat="48.103684969246387481689453125" lon="-122.77347098104655742645263671875">
        <ele>-4</ele>
        <time>2026-09-22T01:19:21.000Z</time>
        <extensions>
          <ns3:TrackPointExtension>
            <ns3:hr>126</ns3:hr>
          </ns3:TrackPointExtension>
        </extensions>
      </trkpt>
      <trkpt lat="48.10380105860531330108642578125" lon="-122.7734521217644214630126953125">
        <ele>-3.599999904632568359375</ele>
        <time>2026-09-22T01:19:26.000Z</time>
        <extensions>
          <ns3:TrackPointExtension>
            <ns3:hr>123</ns3:hr>
          </ns3:TrackPointExtension>
        </extensions>
      </trkpt>
      <trkpt lat="48.1039151363074779510498046875" lon="-122.77341834269464015960693359375">
        <ele>-3.7999999523162841796875</ele>
        <time>2026-09-22T01:19:31.000Z</time>
        <extensions>
          <ns3:TrackPointExtension>
            <ns3:hr>121</ns3:hr>
          </ns3:TrackPointExtension>
        </extensions>
      </trkpt>
      <trkpt lat="48.10408252291381359100341796875" lon="-122.7733833901584148406982421875">
        <ele>-4</ele>
        <time>2026-09-22T01:19:39.000Z</time>
        <extensions>
          <ns3:TrackPointExtension>
            <ns3:hr>117</ns3:hr>
          </ns3:TrackPointExtension>
        </extensions>
      </trkpt>
      <trkpt lat="48.10418746434152126312255859375" lon="-122.773355059325695037841796875">
        <ele>-4</ele>
        <time>2026-09-22T01:19:44.000Z</time>
        <extensions>
          <ns3:TrackPointExtension>
            <ns3:hr>120</ns3:hr>
          </ns3:TrackPointExtension>
        </extensions>
      </trkpt>
      <trkpt lat="48.10420439578592777252197265625" lon="-122.7733498625457286834716796875">
        <ele>-4.19999980926513671875</ele>
        <time>2026-09-22T01:19:45.000Z</time>
        <extensions>
          <ns3:TrackPointExtension>
            <ns3:hr>121</ns3:hr>
          </ns3:TrackPointExtension>
        </extensions>
      </trkpt>
      <trkpt lat="48.1042956747114658355712890625" lon="-122.7733263932168483734130859375">
        <ele>-4.19999980926513671875</ele>
        <time>2026-09-22T01:19:50.000Z</time>
        <extensions>
          <ns3:TrackPointExtension>
            <ns3:hr>116</ns3:hr>
          </ns3:TrackPointExtension>
        </extensions>
      </trkpt>
      <trkpt lat="48.10449692420661449432373046875" lon="-122.77328096330165863037109375">
        <ele>-4.19999980926513671875</ele>
        <time>2026-09-22T01:20:00.000Z</time>
        <extensions>
          <ns3:TrackPointExtension>
            <ns3:hr>116</ns3:hr>
          </ns3:TrackPointExtension>
        </extensions>
      </trkpt>
      <trkpt lat="48.1046343035995960235595703125" lon="-122.7732496149837970733642578125">
        <ele>-4.19999980926513671875</ele>
        <time>2026-09-22T01:20:07.000Z</time>
        <extensions>
          <ns3:TrackPointExtension>
            <ns3:hr>112</ns3:hr>
          </ns3:TrackPointExtension>
        </extensions>
      </trkpt>
      <trkpt lat="48.10475282371044158935546875" lon="-122.7732293307781219482421875">
        <ele>-4</ele>
        <time>2026-09-22T01:20:13.000Z</time>
        <extensions>
          <ns3:TrackPointExtension>
            <ns3:hr>110</ns3:hr>
          </ns3:TrackPointExtension>
        </extensions>
      </trkpt>
      <trkpt lat="48.10489221476018428802490234375" lon="-122.7731785364449024200439453125">
        <ele>-4.19999980926513671875</ele>
        <time>2026-09-22T01:20:19.000Z</time>
        <extensions>
          <ns3:TrackPointExtension>
            <ns3:hr>115</ns3:hr>
          </ns3:TrackPointExtension>
        </extensions>
      </trkpt>
      <trkpt lat="48.10494217090308666229248046875" lon="-122.77315950952470302581787109375">
        <ele>-4.19999980926513671875</ele>
        <time>2026-09-22T01:20:21.000Z</time>
        <extensions>
          <ns3:TrackPointExtension>
            <ns3:hr>116</ns3:hr>
          </ns3:TrackPointExtension>
        </extensions>
      </trkpt>
      <trkpt lat="48.1051248125731945037841796875" lon="-122.77300410903990268707275390625">
        <ele>-3.7999999523162841796875</ele>
        <time>2026-09-22T01:20:30.000Z</time>
        <extensions>
          <ns3:TrackPointExtension>
            <ns3:hr>116</ns3:hr>
          </ns3:TrackPointExtension>
        </extensions>
      </trkpt>
      <trkpt lat="48.10527141205966472625732421875" lon="-122.7728459425270557403564453125">
        <ele>-3.7999999523162841796875</ele>
        <time>2026-09-22T01:20:37.000Z</time>
        <extensions>
          <ns3:TrackPointExtension>
            <ns3:hr>115</ns3:hr>
          </ns3:TrackPointExtension>
        </extensions>
      </trkpt>
      <trkpt lat="48.10531147755682468414306640625" lon="-122.772797159850597381591796875">
        <ele>-4</ele>
        <time>2026-09-22T01:20:39.000Z</time>
        <extensions>
          <ns3:TrackPointExtension>
            <ns3:hr>119</ns3:hr>
          </ns3:TrackPointExtension>
        </extensions>
      </trkpt>
      <trkpt lat="48.10548783279955387115478515625" lon="-122.7725721895694732666015625">
        <ele>-4.19999980926513671875</ele>
        <time>2026-09-22T01:20:49.000Z</time>
        <extensions>
          <ns3:TrackPointExtension>
            <ns3:hr>120</ns3:hr>
          </ns3:TrackPointExtension>
        </extensions>
      </trkpt>
      <trkpt lat="48.10561942867934703826904296875" lon="-122.77241251431405544281005859375">
        <ele>-4.19999980926513671875</ele>
        <time>2026-09-22T01:20:57.000Z</time>
        <extensions>
          <ns3:TrackPointExtension>
            <ns3:hr>120</ns3:hr>
          </ns3:TrackPointExtension>
        </extensions>
      </trkpt>
      <trkpt lat="48.10574247501790523529052734375" lon="-122.77226432226598262786865234375">
        <ele>-4.19999980926513671875</ele>
        <time>2026-09-22T01:21:04.000Z</time>
        <extensions>
          <ns3:TrackPointExtension>
            <ns3:hr>122</ns3:hr>
          </ns3:TrackPointExtension>
        </extensions>
      </trkpt>
      <trkpt lat="48.10579343698918819427490234375" lon="-122.772197015583515167236328125">
        <ele>-4.19999980926513671875</ele>
        <time>2026-09-22T01:21:07.000Z</time>
        <extensions>
          <ns3:TrackPointExtension>
            <ns3:hr>119</ns3:hr>
          </ns3:TrackPointExtension>
        </extensions>
      </trkpt>
      <trkpt lat="48.10582361184060573577880859375" lon="-122.772154100239276885986328125">
        <ele>-4.19999980926513671875</ele>
        <time>2026-09-22T01:21:09.000Z</time>
        <extensions>
          <ns3:TrackPointExtension>
            <ns3:hr>114</ns3:hr>
          </ns3:TrackPointExtension>
        </extensions>
      </trkpt>
      <trkpt lat="48.1058456562459468841552734375" lon="-122.772108502686023712158203125">
        <ele>-4.19999980926513671875</ele>
        <time>2026-09-22T01:21:11.000Z</time>
        <extensions>
          <ns3:TrackPointExtension>
            <ns3:hr>111</ns3:hr>
          </ns3:TrackPointExtension>
        </extensions>
      </trkpt>
      <trkpt lat="48.1058610789477825164794921875" lon="-122.77208603918552398681640625">
        <ele>-4.19999980926513671875</ele>
        <time>2026-09-22T01:21:12.000Z</time>
        <extensions>
          <ns3:TrackPointExtension>
            <ns3:hr>111</ns3:hr>
          </ns3:TrackPointExtension>
        </extensions>
      </trkpt>
      <trkpt lat="48.10598085634410381317138671875" lon="-122.7719085104763507843017578125">
        <ele>-4.19999980926513671875</ele>
        <time>2026-09-22T01:21:21.000Z</time>
        <extensions>
          <ns3:TrackPointExtension>
            <ns3:hr>111</ns3:hr>
          </ns3:TrackPointExtension>
        </extensions>
      </trkpt>
      <trkpt lat="48.10609795153141021728515625" lon="-122.771744392812252044677734375">
        <ele>-4.19999980926513671875</ele>
        <time>2026-09-22T01:21:30.000Z</time>
        <extensions>
          <ns3:TrackPointExtension>
            <ns3:hr>112</ns3:hr>
          </ns3:TrackPointExtension>
        </extensions>
      </trkpt>
      <trkpt lat="48.106140196323394775390625" lon="-122.77168312110006809234619140625">
        <ele>-4.19999980926513671875</ele>
        <time>2026-09-22T01:21:33.000Z</time>
        <extensions>
          <ns3:TrackPointExtension>
            <ns3:hr>118</ns3:hr>
          </ns3:TrackPointExtension>
        </extensions>
      </trkpt>
      <trkpt lat="48.10624438337981700897216796875" lon="-122.7715095318853855133056640625">
        <ele>-4.400000095367431640625</ele>
        <time>2026-09-22T01:21:42.000Z</time>
        <extensions>
          <ns3:TrackPointExtension>
            <ns3:hr>115</ns3:hr>
          </ns3:TrackPointExtension>
        </extensions>
      </trkpt>
      <trkpt lat="48.10627908445894718170166015625" lon="-122.77144691906869411468505859375">
        <ele>-4.400000095367431640625</ele>
        <time>2026-09-22T01:21:45.000Z</time>
        <extensions>
          <ns3:TrackPointExtension>
            <ns3:hr>112</ns3:hr>
          </ns3:TrackPointExtension>
        </extensions>
      </trkpt>
      <trkpt lat="48.1063012965023517608642578125" lon="-122.77140878140926361083984375">
        <ele>-4.400000095367431640625</ele>
        <time>2026-09-22T01:21:47.000Z</time>
        <extensions>
          <ns3:TrackPointExtension>
            <ns3:hr>109</ns3:hr>
          </ns3:TrackPointExtension>
        </extensions>
      </trkpt>
      <trkpt lat="48.10639542527496814727783203125" lon="-122.7712342701852321624755859375">
        <ele>-4.19999980926513671875</ele>
        <time>2026-09-22T01:21:55.000Z</time>
        <extensions>
          <ns3:TrackPointExtension>
            <ns3:hr>107</ns3:hr>
          </ns3:TrackPointExtension>
        </extensions>
      </trkpt>
      <trkpt lat="48.10643465258181095123291015625" lon="-122.77116000652313232421875">
        <ele>-4.19999980926513671875</ele>
        <time>2026-09-22T01:21:58.000Z</time>
        <extensions>
          <ns3:TrackPointExtension>
            <ns3:hr>110</ns3:hr>
          </ns3:TrackPointExtension>
        </extensions>
      </trkpt>
      <trkpt lat="48.106554262340068817138671875" lon="-122.77093059383332729339599609375">
        <ele>-4.400000095367431640625</ele>
        <time>2026-09-22T01:22:08.000Z</time>
        <extensions>
          <ns3:TrackPointExtension>
            <ns3:hr>111</ns3:hr>
          </ns3:TrackPointExtension>
        </extensions>
      </trkpt>
      <trkpt lat="48.10665995813906192779541015625" lon="-122.7707658894360065460205078125">
        <ele>-4.400000095367431640625</ele>
        <time>2026-09-22T01:22:17.000Z</time>
        <extensions>
          <ns3:TrackPointExtension>
            <ns3:hr>113</ns3:hr>
          </ns3:TrackPointExtension>
        </extensions>
      </trkpt>
      <trkpt lat="48.10668963007628917694091796875" lon="-122.7707400731742382049560546875">
        <ele>-4.599999904632568359375</ele>
        <time>2026-09-22T01:22:19.000Z</time>
        <extensions>
          <ns3:TrackPointExtension>
            <ns3:hr>116</ns3:hr>
          </ns3:TrackPointExtension>
        </extensions>
      </trkpt>
      <trkpt lat="48.10680982656776905059814453125" lon="-122.770606465637683868408203125">
        <ele>-4.400000095367431640625</ele>
        <time>2026-09-22T01:22:28.000Z</time>
        <extensions>
          <ns3:TrackPointExtension>
            <ns3:hr>115</ns3:hr>
          </ns3:TrackPointExtension>
        </extensions>
      </trkpt>
      <trkpt lat="48.10682491399347782135009765625" lon="-122.77059665881097316741943359375">
        <ele>-4.400000095367431640625</ele>
        <time>2026-09-22T01:22:29.000Z</time>
        <extensions>
          <ns3:TrackPointExtension>
            <ns3:hr>111</ns3:hr>
          </ns3:TrackPointExtension>
        </extensions>
      </trkpt>
      <trkpt lat="48.10692264698445796966552734375" lon="-122.77049590833485126495361328125">
        <ele>-4.400000095367431640625</ele>
        <time>2026-09-22T01:22:38.000Z</time>
        <extensions>
          <ns3:TrackPointExtension>
            <ns3:hr>110</ns3:hr>
          </ns3:TrackPointExtension>
        </extensions>
      </trkpt>
      <trkpt lat="48.1069497205317020416259765625" lon="-122.770461626350879669189453125">
        <ele>-4.400000095367431640625</ele>
        <time>2026-09-22T01:22:41.000Z</time>
        <extensions>
          <ns3:TrackPointExtension>
            <ns3:hr>113</ns3:hr>
          </ns3:TrackPointExtension>
        </extensions>
      </trkpt>
      <trkpt lat="48.10708089731633663177490234375" lon="-122.77039482258260250091552734375">
        <ele>-4.400000095367431640625</ele>
        <time>2026-09-22T01:22:50.000Z</time>
        <extensions>
          <ns3:TrackPointExtension>
            <ns3:hr>114</ns3:hr>
          </ns3:TrackPointExtension>
        </extensions>
      </trkpt>
      <trkpt lat="48.10717217624187469482421875" lon="-122.77039230801165103912353515625">
        <ele>-4.400000095367431640625</ele>
        <time>2026-09-22T01:22:57.000Z</time>
        <extensions>
          <ns3:TrackPointExtension>
            <ns3:hr>117</ns3:hr>
          </ns3:TrackPointExtension>
        </extensions>
      </trkpt>
      <trkpt lat="48.1072129122912883758544921875" lon="-122.77039297856390476226806640625">
        <ele>-4.400000095367431640625</ele>
        <time>2026-09-22T01:23:01.000Z</time>
        <extensions>
          <ns3:TrackPointExtension>
            <ns3:hr>118</ns3:hr>
          </ns3:TrackPointExtension>
        </extensions>
      </trkpt>
      <trkpt lat="48.1072420813143253326416015625" lon="-122.770363055169582366943359375">
        <ele>-4.400000095367431640625</ele>
        <time>2026-09-22T01:23:08.000Z</time>
        <extensions>
          <ns3:TrackPointExtension>
            <ns3:hr>115</ns3:hr>
          </ns3:TrackPointExtension>
        </extensions>
      </trkpt>
      <trkpt lat="48.1072653830051422119140625" lon="-122.7703350596129894256591796875">
        <ele>-4.19999980926513671875</ele>
        <time>2026-09-22T01:23:12.000Z</time>
        <extensions>
          <ns3:TrackPointExtension>
            <ns3:hr>114</ns3:hr>
          </ns3:TrackPointExtension>
        </extensions>
      </trkpt>
      <trkpt lat="48.1072987429797649383544921875" lon="-122.770305387675762176513671875">
        <ele>-4.19999980926513671875</ele>
        <time>2026-09-22T01:23:16.000Z</time>
        <extensions>
          <ns3:TrackPointExtension>
            <ns3:hr>113</ns3:hr>
          </ns3:TrackPointExtension>
        </extensions>
      </trkpt>
      <trkpt lat="48.10734543018043041229248046875" lon="-122.77026725001633167266845703125">
        <ele>-4.19999980926513671875</ele>
        <time>2026-09-22T01:23:20.000Z</time>
        <extensions>
          <ns3:TrackPointExtension>
            <ns3:hr>109</ns3:hr>
          </ns3:TrackPointExtension>
        </extensions>
      </trkpt>
      <trkpt lat="48.1074476055800914764404296875" lon="-122.77021561749279499053955078125">
        <ele>-4.599999904632568359375</ele>
        <time>2026-09-22T01:23:26.000Z</time>
        <extensions>
          <ns3:TrackPointExtension>
            <ns3:hr>107</ns3:hr>
          </ns3:TrackPointExtension>
        </extensions>
      </trkpt>
      <trkpt lat="48.107600323855876922607421875" lon="-122.77018561027944087982177734375">
        <ele>-4.599999904632568359375</ele>
        <time>2026-09-22T01:23:33.000Z</time>
        <extensions>
          <ns3:TrackPointExtension>
            <ns3:hr>107</ns3:hr>
          </ns3:TrackPointExtension>
        </extensions>
      </trkpt>
      <trkpt lat="48.10763091780245304107666015625" lon="-122.7701989375054836273193359375">
        <ele>-4.599999904632568359375</ele>
        <time>2026-09-22T01:23:35.000Z</time>
        <extensions>
          <ns3:TrackPointExtension>
            <ns3:hr>108</ns3:hr>
          </ns3:TrackPointExtension>
        </extensions>
      </trkpt>
      <trkpt lat="48.10764214955270290374755859375" lon="-122.77023724280297756195068359375">
        <ele>-4.400000095367431640625</ele>
        <time>2026-09-22T01:23:38.000Z</time>
        <extensions>
          <ns3:TrackPointExtension>
            <ns3:hr>109</ns3:hr>
          </ns3:TrackPointExtension>
        </extensions>
      </trkpt>
      <trkpt lat="48.10763644985854625701904296875" lon="-122.77026523835957050323486328125">
        <ele>-3.7999999523162841796875</ele>
        <time>2026-09-22T01:23:40.000Z</time>
        <extensions>
          <ns3:TrackPointExtension>
            <ns3:hr>109</ns3:hr>
          </ns3:TrackPointExtension>
        </extensions>
      </trkpt>
      <trkpt lat="48.1076068617403507232666015625" lon="-122.77037235908210277557373046875">
        <ele>-3.599999904632568359375</ele>
        <time>2026-09-22T01:23:45.000Z</time>
        <extensions>
          <ns3:TrackPointExtension>
            <ns3:hr>110</ns3:hr>
          </ns3:TrackPointExtension>
        </extensions>
      </trkpt>
      <trkpt lat="48.107570819556713104248046875" lon="-122.77055961079895496368408203125">
        <ele>-3.400000095367431640625</ele>
        <time>2026-09-22T01:23:52.000Z</time>
        <extensions>
          <ns3:TrackPointExtension>
            <ns3:hr>108</ns3:hr>
          </ns3:TrackPointExtension>
        </extensions>
      </trkpt>
      <trkpt lat="48.10748239047825336456298828125" lon="-122.7707992494106292724609375">
        <ele>-3.400000095367431640625</ele>
        <time>2026-09-22T01:24:00.000Z</time>
        <extensions>
          <ns3:TrackPointExtension>
            <ns3:hr>105</ns3:hr>
          </ns3:TrackPointExtension>
        </extensions>
      </trkpt>
      <trkpt lat="48.107429333031177520751953125" lon="-122.7708983235061168670654296875">
        <ele>-4</ele>
        <time>2026-09-22T01:24:04.000Z</time>
        <extensions>
          <ns3:TrackPointExtension>
            <ns3:hr>105</ns3:hr>
          </ns3:TrackPointExtension>
        </extensions>
      </trkpt>
      <trkpt lat="48.1074080429971218109130859375" lon="-122.7709284983575344085693359375">
        <ele>-4.19999980926513671875</ele>
        <time>2026-09-22T01:24:06.000Z</time>
        <extensions>
          <ns3:TrackPointExtension>
            <ns3:hr>102</ns3:hr>
          </ns3:TrackPointExtension>
        </extensions>
      </trkpt>
      <trkpt lat="48.10737912543118000030517578125" lon="-122.77099865488708019256591796875">
        <ele>-4</ele>
        <time>2026-09-22T01:24:10.000Z</time>
        <extensions>
          <ns3:TrackPointExtension>
            <ns3:hr>101</ns3:hr>
          </ns3:TrackPointExtension>
        </extensions>
      </trkpt>
      <trkpt lat="48.1073476932942867279052734375" lon="-122.77104743756353855133056640625">
        <ele>-4.19999980926513671875</ele>
        <time>2026-09-22T01:24:14.000Z</time>
        <extensions>
          <ns3:TrackPointExtension>
            <ns3:hr>105</ns3:hr>
          </ns3:TrackPointExtension>
        </extensions>
      </trkpt>
      <trkpt lat="48.10733654536306858062744140625" lon="-122.7710716612637042999267578125">
        <ele>-4.19999980926513671875</ele>
        <time>2026-09-22T01:24:16.000Z</time>
        <extensions>
          <ns3:TrackPointExtension>
            <ns3:hr>110</ns3:hr>
          </ns3:TrackPointExtension>
        </extensions>
      </trkpt>
      <trkpt lat="48.10731793753802776336669921875" lon="-122.77109588496387004852294921875">
        <ele>-4</ele>
        <time>2026-09-22T01:24:18.000Z</time>
        <extensions>
          <ns3:TrackPointExtension>
            <ns3:hr>114</ns3:hr>
          </ns3:TrackPointExtension>
        </extensions>
      </trkpt>
      <trkpt lat="48.10729865916073322296142578125" lon="-122.771145589649677276611328125">
        <ele>-4</ele>
        <time>2026-09-22T01:24:21.000Z</time>
        <extensions>
          <ns3:TrackPointExtension>
            <ns3:hr>117</ns3:hr>
          </ns3:TrackPointExtension>
        </extensions>
      </trkpt>
      <trkpt lat="48.1072950549423694610595703125" lon="-122.77116310782730579376220703125">
        <ele>-4</ele>
        <time>2026-09-22T01:24:22.000Z</time>
        <extensions>
          <ns3:TrackPointExtension>
            <ns3:hr>118</ns3:hr>
          </ns3:TrackPointExtension>
        </extensions>
      </trkpt>
      <trkpt lat="48.10726940631866455078125" lon="-122.771254889667034149169921875">
        <ele>-3.599999904632568359375</ele>
        <time>2026-09-22T01:24:28.000Z</time>
        <extensions>
          <ns3:TrackPointExtension>
            <ns3:hr>114</ns3:hr>
          </ns3:TrackPointExtension>
        </extensions>
      </trkpt>
      <trkpt lat="48.10726412571966648101806640625" lon="-122.77126905508339405059814453125">
        <ele>-3.599999904632568359375</ele>
        <time>2026-09-22T01:24:29.000Z</time>
        <extensions>
          <ns3:TrackPointExtension>
            <ns3:hr>111</ns3:hr>
          </ns3:TrackPointExtension>
        </extensions>
      </trkpt>
      <trkpt lat="48.107262365520000457763671875" lon="-122.771285064518451690673828125">
        <ele>-3.599999904632568359375</ele>
        <time>2026-09-22T01:24:30.000Z</time>
        <extensions>
          <ns3:TrackPointExtension>
            <ns3:hr>111</ns3:hr>
          </ns3:TrackPointExtension>
        </extensions>
      </trkpt>
      <trkpt lat="48.1072588451206684112548828125" lon="-122.77134164236485958099365234375">
        <ele>-3.599999904632568359375</ele>
        <time>2026-09-22T01:24:33.000Z</time>
        <extensions>
          <ns3:TrackPointExtension>
            <ns3:hr>113</ns3:hr>
          </ns3:TrackPointExtension>
        </extensions>
      </trkpt>
      <trkpt lat="48.1072350405156612396240234375" lon="-122.77142009697854518890380859375">
        <ele>-3.7999999523162841796875</ele>
        <time>2026-09-22T01:24:38.000Z</time>
        <extensions>
          <ns3:TrackPointExtension>
            <ns3:hr>116</ns3:hr>
          </ns3:TrackPointExtension>
        </extensions>
      </trkpt>
      <trkpt lat="48.107213079929351806640625" lon="-122.77147675864398479461669921875">
        <ele>-4</ele>
        <time>2026-09-22T01:24:42.000Z</time>
        <extensions>
          <ns3:TrackPointExtension>
            <ns3:hr>116</ns3:hr>
          </ns3:TrackPointExtension>
        </extensions>
      </trkpt>
      <trkpt lat="48.10716622509062290191650390625" lon="-122.77160148136317729949951171875">
        <ele>-4</ele>
        <time>2026-09-22T01:24:52.000Z</time>
        <extensions>
          <ns3:TrackPointExtension>
            <ns3:hr>119</ns3:hr>
          </ns3:TrackPointExtension>
        </extensions>
      </trkpt>
      <trkpt lat="48.1071532331407070159912109375" lon="-122.771651186048984527587890625">
        <ele>-4</ele>
        <time>2026-09-22T01:24:55.000Z</time>
        <extensions>
          <ns3:TrackPointExtension>
            <ns3:hr>123</ns3:hr>
          </ns3:TrackPointExtension>
        </extensions>
      </trkpt>
      <trkpt lat="48.10714979656040668487548828125" lon="-122.77166434563696384429931640625">
        <ele>-4</ele>
        <time>2026-09-22T01:24:56.000Z</time>
        <extensions>
          <ns3:TrackPointExtension>
            <ns3:hr>126</ns3:hr>
          </ns3:TrackPointExtension>
        </extensions>
      </trkpt>
      <trkpt lat="48.1071460247039794921875" lon="-122.77167641557753086090087890625">
        <ele>-4</ele>
        <time>2026-09-22T01:24:57.000Z</time>
        <extensions>
          <ns3:TrackPointExtension>
            <ns3:hr>129</ns3:hr>
          </ns3:TrackPointExtension>
        </extensions>
      </trkpt>
      <trkpt lat="48.1071307696402072906494140625" lon="-122.7717096917331218719482421875">
        <ele>-4</ele>
        <time>2026-09-22T01:25:00.000Z</time>
        <extensions>
          <ns3:TrackPointExtension>
            <ns3:hr>132</ns3:hr>
          </ns3:TrackPointExtension>
        </extensions>
      </trkpt>
      <trkpt lat="48.10712632723152637481689453125" lon="-122.77172016911208629608154296875">
        <ele>-4</ele>
        <time>2026-09-22T01:25:01.000Z</time>
        <extensions>
          <ns3:TrackPointExtension>
            <ns3:hr>133</ns3:hr>
          </ns3:TrackPointExtension>
        </extensions>
      </trkpt>
      <trkpt lat="48.10707888565957546234130859375" lon="-122.77185377664864063262939453125">
        <ele>-4</ele>
        <time>2026-09-22T01:25:11.000Z</time>
        <extensions>
          <ns3:TrackPointExtension>
            <ns3:hr>134</ns3:hr>
          </ns3:TrackPointExtension>
        </extensions>
      </trkpt>
      <trkpt lat="48.10699188150465488433837890625" lon="-122.7720939181745052337646484375">
        <ele>-4.400000095367431640625</ele>
        <time>2026-09-22T01:25:24.000Z</time>
        <extensions>
          <ns3:TrackPointExtension>
            <ns3:hr>132</ns3:hr>
          </ns3:TrackPointExtension>
        </extensions>
      </trkpt>
      <trkpt lat="48.1069500558078289031982421875" lon="-122.772182263433933258056640625">
        <ele>-4.400000095367431640625</ele>
        <time>2026-09-22T01:25:31.000Z</time>
        <extensions>
          <ns3:TrackPointExtension>
            <ns3:hr>127</ns3:hr>
          </ns3:TrackPointExtension>
        </extensions>
      </trkpt>
      <trkpt lat="48.10693505220115184783935546875" lon="-122.7721998654305934906005859375">
        <ele>-4.19999980926513671875</ele>
        <time>2026-09-22T01:25:33.000Z</time>
        <extensions>
          <ns3:TrackPointExtension>
            <ns3:hr>124</ns3:hr>
          </ns3:TrackPointExtension>
        </extensions>
      </trkpt>
      <trkpt lat="48.10692935250699520111083984375" lon="-122.77221084572374820709228515625">
        <ele>-4.19999980926513671875</ele>
        <time>2026-09-22T01:25:34.000Z</time>
        <extensions>
          <ns3:TrackPointExtension>
            <ns3:hr>123</ns3:hr>
          </ns3:TrackPointExtension>
        </extensions>
      </trkpt>
      <trkpt lat="48.10692767612636089324951171875" lon="-122.77223515324294567108154296875">
        <ele>-4.19999980926513671875</ele>
        <time>2026-09-22T01:25:36.000Z</time>
        <extensions>
          <ns3:TrackPointExtension>
            <ns3:hr>121</ns3:hr>
          </ns3:TrackPointExtension>
        </extensions>
      </trkpt>
      <trkpt lat="48.1069467030465602874755859375" lon="-122.7722449600696563720703125">
        <ele>-4.400000095367431640625</ele>
        <time>2026-09-22T01:25:39.000Z</time>
        <extensions>
          <ns3:TrackPointExtension>
            <ns3:hr>119</ns3:hr>
          </ns3:TrackPointExtension>
        </extensions>
      </trkpt>
      <trkpt lat="48.10701669193804264068603515625" lon="-122.77226365171372890472412109375">
        <ele>-4.599999904632568359375</ele>
        <time>2026-09-22T01:25:46.000Z</time>
        <extensions>
          <ns3:TrackPointExtension>
            <ns3:hr>125</ns3:hr>
          </ns3:TrackPointExtension>
        </extensions>
      </trkpt>
      <trkpt lat="48.10702733695507049560546875" lon="-122.772266753017902374267578125">
        <ele>-4.599999904632568359375</ele>
        <time>2026-09-22T01:25:47.000Z</time>
        <extensions>
          <ns3:TrackPointExtension>
            <ns3:hr>131</ns3:hr>
          </ns3:TrackPointExtension>
        </extensions>
      </trkpt>
      <trkpt lat="48.1070389039814472198486328125" lon="-122.77227287180721759796142578125">
        <ele>-4.599999904632568359375</ele>
        <time>2026-09-22T01:25:48.000Z</time>
        <extensions>
          <ns3:TrackPointExtension>
            <ns3:hr>135</ns3:hr>
          </ns3:TrackPointExtension>
        </extensions>
      </trkpt>
      <trkpt lat="48.1070523150265216827392578125" lon="-122.77228125371038913726806640625">
        <ele>-4.400000095367431640625</ele>
        <time>2026-09-22T01:25:49.000Z</time>
        <extensions>
          <ns3:TrackPointExtension>
            <ns3:hr>138</ns3:hr>
          </ns3:TrackPointExtension>
        </extensions>
      </trkpt>
      <trkpt lat="48.10708240605890750885009765625" lon="-122.77229449711740016937255859375">
        <ele>-4.19999980926513671875</ele>
        <time>2026-09-22T01:25:51.000Z</time>
        <extensions>
          <ns3:TrackPointExtension>
            <ns3:hr>142</ns3:hr>
          </ns3:TrackPointExtension>
        </extensions>
      </trkpt>
      <trkpt lat="48.1071339547634124755859375" lon="-122.77233959175646305084228515625">
        <ele>-4.19999980926513671875</ele>
        <time>2026-09-22T01:25:56.000Z</time>
        <extensions>
          <ns3:TrackPointExtension>
            <ns3:hr>138</ns3:hr>
          </ns3:TrackPointExtension>
        </extensions>
      </trkpt>
      <trkpt lat="48.1071374751627445220947265625" lon="-122.77235166169703006744384765625">
        <ele>-4.19999980926513671875</ele>
        <time>2026-09-22T01:25:57.000Z</time>
        <extensions>
          <ns3:TrackPointExtension>
            <ns3:hr>135</ns3:hr>
          </ns3:TrackPointExtension>
        </extensions>
      </trkpt>
      <trkpt lat="48.1071311049163341522216796875" lon="-122.772376053035259246826171875">
        <ele>-4.19999980926513671875</ele>
        <time>2026-09-22T01:25:59.000Z</time>
        <extensions>
          <ns3:TrackPointExtension>
            <ns3:hr>132</ns3:hr>
          </ns3:TrackPointExtension>
        </extensions>
      </trkpt>
      <trkpt lat="48.10710704885423183441162109375" lon="-122.772433720529079437255859375">
        <ele>-4.19999980926513671875</ele>
        <time>2026-09-22T01:26:02.000Z</time>
        <extensions>
          <ns3:TrackPointExtension>
            <ns3:hr>129</ns3:hr>
          </ns3:TrackPointExtension>
        </extensions>
      </trkpt>
      <trkpt lat="48.1070781312882900238037109375" lon="-122.77248837053775787353515625">
        <ele>-4</ele>
        <time>2026-09-22T01:26:04.000Z</time>
        <extensions>
          <ns3:TrackPointExtension>
            <ns3:hr>123</ns3:hr>
          </ns3:TrackPointExtension>
        </extensions>
      </trkpt>
      <trkpt lat="48.1070630438625812530517578125" lon="-122.77251720428466796875">
        <ele>-4</ele>
        <time>2026-09-22T01:26:05.000Z</time>
        <extensions>
          <ns3:TrackPointExtension>
            <ns3:hr>122</ns3:hr>
          </ns3:TrackPointExtension>
        </extensions>
      </trkpt>
      <trkpt lat="48.10695701278746128082275390625" lon="-122.772710658609867095947265625">
        <ele>-4.400000095367431640625</ele>
        <time>2026-09-22T01:26:12.000Z</time>
        <extensions>
          <ns3:TrackPointExtension>
            <ns3:hr>128</ns3:hr>
          </ns3:TrackPointExtension>
        </extensions>
      </trkpt>
      <trkpt lat="48.10694016516208648681640625" lon="-122.772734463214874267578125">
        <ele>-4.400000095367431640625</ele>
        <time>2026-09-22T01:26:13.000Z</time>
        <extensions>
          <ns3:TrackPointExtension>
            <ns3:hr>129</ns3:hr>
          </ns3:TrackPointExtension>
        </extensions>
      </trkpt>
      <trkpt lat="48.10692482627928256988525390625" lon="-122.7727584354579448699951171875">
        <ele>-4.400000095367431640625</ele>
        <time>2026-09-22T01:26:14.000Z</time>
        <extensions>
          <ns3:TrackPointExtension>
            <ns3:hr>132</ns3:hr>
          </ns3:TrackPointExtension>
        </extensions>
      </trkpt>
      <trkpt lat="48.10691208578646183013916015625" lon="-122.77278165332973003387451171875">
        <ele>-4.400000095367431640625</ele>
        <time>2026-09-22T01:26:15.000Z</time>
        <extensions>
          <ns3:TrackPointExtension>
            <ns3:hr>135</ns3:hr>
          </ns3:TrackPointExtension>
        </extensions>
      </trkpt>
      <trkpt lat="48.10689817182719707489013671875" lon="-122.7728033624589443206787109375">
        <ele>-4.400000095367431640625</ele>
        <time>2026-09-22T01:26:16.000Z</time>
        <extensions>
          <ns3:TrackPointExtension>
            <ns3:hr>130</ns3:hr>
          </ns3:TrackPointExtension>
        </extensions>
      </trkpt>
      <trkpt lat="48.1068860180675983428955078125" lon="-122.77282406575977802276611328125">
        <ele>-4.400000095367431640625</ele>
        <time>2026-09-22T01:26:17.000Z</time>
        <extensions>
          <ns3:TrackPointExtension>
            <ns3:hr>127</ns3:hr>
          </ns3:TrackPointExtension>
        </extensions>
      </trkpt>
      <trkpt lat="48.10687243938446044921875" lon="-122.7728446014225482940673828125">
        <ele>-4.400000095367431640625</ele>
        <time>2026-09-22T01:26:18.000Z</time>
        <extensions>
          <ns3:TrackPointExtension>
            <ns3:hr>131</ns3:hr>
          </ns3:TrackPointExtension>
        </extensions>
      </trkpt>
      <trkpt lat="48.1068013608455657958984375" lon="-122.77297963388264179229736328125">
        <ele>-4.400000095367431640625</ele>
        <time>2026-09-22T01:26:24.000Z</time>
        <extensions>
          <ns3:TrackPointExtension>
            <ns3:hr>129</ns3:hr>
          </ns3:TrackPointExtension>
        </extensions>
      </trkpt>
      <trkpt lat="48.106766156852245330810546875" lon="-122.7730803005397319793701171875">
        <ele>-4.599999904632568359375</ele>
        <time>2026-09-22T01:26:28.000Z</time>
        <extensions>
          <ns3:TrackPointExtension>
            <ns3:hr>126</ns3:hr>
          </ns3:TrackPointExtension>
        </extensions>
      </trkpt>
      <trkpt lat="48.1067334674298763275146484375" lon="-122.77314207516610622406005859375">
        <ele>-4.599999904632568359375</ele>
        <time>2026-09-22T01:26:31.000Z</time>
        <extensions>
          <ns3:TrackPointExtension>
            <ns3:hr>118</ns3:hr>
          </ns3:TrackPointExtension>
        </extensions>
      </trkpt>
      <trkpt lat="48.10672290623188018798828125" lon="-122.77315649203956127166748046875">
        <ele>-4.599999904632568359375</ele>
        <time>2026-09-22T01:26:32.000Z</time>
        <extensions>
          <ns3:TrackPointExtension>
            <ns3:hr>114</ns3:hr>
          </ns3:TrackPointExtension>
        </extensions>
      </trkpt>
      <trkpt lat="48.106711171567440032958984375" lon="-122.773174010217189788818359375">
        <ele>-4.599999904632568359375</ele>
        <time>2026-09-22T01:26:33.000Z</time>
        <extensions>
          <ns3:TrackPointExtension>
            <ns3:hr>113</ns3:hr>
          </ns3:TrackPointExtension>
        </extensions>
      </trkpt>
      <trkpt lat="48.10667957179248332977294921875" lon="-122.7732254751026630401611328125">
        <ele>-4</ele>
        <time>2026-09-22T01:26:36.000Z</time>
        <extensions>
          <ns3:TrackPointExtension>
            <ns3:hr>116</ns3:hr>
          </ns3:TrackPointExtension>
        </extensions>
      </trkpt>
      <trkpt lat="48.10664780437946319580078125" lon="-122.773298732936382293701171875">
        <ele>-4</ele>
        <time>2026-09-22T01:26:39.000Z</time>
        <extensions>
          <ns3:TrackPointExtension>
            <ns3:hr>112</ns3:hr>
          </ns3:TrackPointExtension>
        </extensions>
      </trkpt>
      <trkpt lat="48.10662223957479000091552734375" lon="-122.7733542211353778839111328125">
        <ele>-4</ele>
        <time>2026-09-22T01:26:41.000Z</time>
        <extensions>
          <ns3:TrackPointExtension>
            <ns3:hr>117</ns3:hr>
          </ns3:TrackPointExtension>
        </extensions>
      </trkpt>
      <trkpt lat="48.10661025345325469970703125" lon="-122.77338515035808086395263671875">
        <ele>-4</ele>
        <time>2026-09-22T01:26:42.000Z</time>
        <extensions>
          <ns3:TrackPointExtension>
            <ns3:hr>121</ns3:hr>
          </ns3:TrackPointExtension>
        </extensions>
      </trkpt>
      <trkpt lat="48.1065975129604339599609375" lon="-122.77341566048562526702880859375">
        <ele>-4</ele>
        <time>2026-09-22T01:26:43.000Z</time>
        <extensions>
          <ns3:TrackPointExtension>
            <ns3:hr>127</ns3:hr>
          </ns3:TrackPointExtension>
        </extensions>
      </trkpt>
      <trkpt lat="48.10658502392470836639404296875" lon="-122.77344591915607452392578125">
        <ele>-4</ele>
        <time>2026-09-22T01:26:44.000Z</time>
        <extensions>
          <ns3:TrackPointExtension>
            <ns3:hr>130</ns3:hr>
          </ns3:TrackPointExtension>
        </extensions>
      </trkpt>
      <trkpt lat="48.10650271363556385040283203125" lon="-122.77365370653569698333740234375">
        <ele>-4.19999980926513671875</ele>
        <time>2026-09-22T01:26:52.000Z</time>
        <extensions>
          <ns3:TrackPointExtension>
            <ns3:hr>130</ns3:hr>
          </ns3:TrackPointExtension>
        </extensions>
      </trkpt>
      <trkpt lat="48.10648418962955474853515625" lon="-122.77376644313335418701171875">
        <ele>-3.7999999523162841796875</ele>
        <time>2026-09-22T01:26:56.000Z</time>
        <extensions>
          <ns3:TrackPointExtension>
            <ns3:hr>127</ns3:hr>
          </ns3:TrackPointExtension>
        </extensions>
      </trkpt>
      <trkpt lat="48.10645476914942264556884765625" lon="-122.7738953568041324615478515625">
        <ele>-3.7999999523162841796875</ele>
        <time>2026-09-22T01:27:00.000Z</time>
        <extensions>
          <ns3:TrackPointExtension>
            <ns3:hr>131</ns3:hr>
          </ns3:TrackPointExtension>
        </extensions>
      </trkpt>
      <trkpt lat="48.1064494885504245758056640625" lon="-122.7739221788942813873291015625">
        <ele>-3.7999999523162841796875</ele>
        <time>2026-09-22T01:27:01.000Z</time>
        <extensions>
          <ns3:TrackPointExtension>
            <ns3:hr>132</ns3:hr>
          </ns3:TrackPointExtension>
        </extensions>
      </trkpt>
      <trkpt lat="48.106459043920040130615234375" lon="-122.77396920137107372283935546875">
        <ele>-4</ele>
        <time>2026-09-22T01:27:03.000Z</time>
        <extensions>
          <ns3:TrackPointExtension>
            <ns3:hr>134</ns3:hr>
          </ns3:TrackPointExtension>
        </extensions>
      </trkpt>
      <trkpt lat="48.10648075304925441741943359375" lon="-122.7739818580448627471923828125">
        <ele>-4.19999980926513671875</ele>
        <time>2026-09-22T01:27:05.000Z</time>
        <extensions>
          <ns3:TrackPointExtension>
            <ns3:hr>135</ns3:hr>
          </ns3:TrackPointExtension>
        </extensions>
      </trkpt>
      <trkpt lat="48.106609247624874114990234375" lon="-122.7740071713924407958984375">
        <ele>-4.599999904632568359375</ele>
        <time>2026-09-22T01:27:12.000Z</time>
        <extensions>
          <ns3:TrackPointExtension>
            <ns3:hr>135</ns3:hr>
          </ns3:TrackPointExtension>
        </extensions>
      </trkpt>
      <trkpt lat="48.10671930201351642608642578125" lon="-122.7740385197103023529052734375">
        <ele>-4.400000095367431640625</ele>
        <time>2026-09-22T01:27:19.000Z</time>
        <extensions>
          <ns3:TrackPointExtension>
            <ns3:hr>128</ns3:hr>
          </ns3:TrackPointExtension>
        </extensions>
      </trkpt>
      <trkpt lat="48.10673774220049381256103515625" lon="-122.7740391902625560760498046875">
        <ele>-4.400000095367431640625</ele>
        <time>2026-09-22T01:27:20.000Z</time>
        <extensions>
          <ns3:TrackPointExtension>
            <ns3:hr>121</ns3:hr>
          </ns3:TrackPointExtension>
        </extensions>
      </trkpt>
      <trkpt lat="48.1067602895200252532958984375" lon="-122.774043045938014984130859375">
        <ele>-4.400000095367431640625</ele>
        <time>2026-09-22T01:27:21.000Z</time>
        <extensions>
          <ns3:TrackPointExtension>
            <ns3:hr>122</ns3:hr>
          </ns3:TrackPointExtension>
        </extensions>
      </trkpt>
      <trkpt lat="48.1068836711347103118896484375" lon="-122.77409174479544162750244140625">
        <ele>-4.400000095367431640625</ele>
        <time>2026-09-22T01:27:27.000Z</time>
        <extensions>
          <ns3:TrackPointExtension>
            <ns3:hr>128</ns3:hr>
          </ns3:TrackPointExtension>
        </extensions>
      </trkpt>
      <trkpt lat="48.1069453619420528411865234375" lon="-122.7741233445703983306884765625">
        <ele>-4.400000095367431640625</ele>
        <time>2026-09-22T01:27:30.000Z</time>
        <extensions>
          <ns3:TrackPointExtension>
            <ns3:hr>134</ns3:hr>
          </ns3:TrackPointExtension>
        </extensions>
      </trkpt>
      <trkpt lat="48.10696564614772796630859375" lon="-122.774134241044521331787109375">
        <ele>-4.400000095367431640625</ele>
        <time>2026-09-22T01:27:31.000Z</time>
        <extensions>
          <ns3:TrackPointExtension>
            <ns3:hr>137</ns3:hr>
          </ns3:TrackPointExtension>
        </extensions>
      </trkpt>
      <trkpt lat="48.1070446036756038665771484375" lon="-122.77418126352131366729736328125">
        <ele>-4.599999904632568359375</ele>
        <time>2026-09-22T01:27:35.000Z</time>
        <extensions>
          <ns3:TrackPointExtension>
            <ns3:hr>140</ns3:hr>
          </ns3:TrackPointExtension>
        </extensions>
      </trkpt>
      <trkpt lat="48.10715734027326107025146484375" lon="-122.7742708660662174224853515625">
        <ele>-4.80000019073486328125</ele>
        <time>2026-09-22T01:27:42.000Z</time>
        <extensions>
          <ns3:TrackPointExtension>
            <ns3:hr>139</ns3:hr>
          </ns3:TrackPointExtension>
        </extensions>
      </trkpt>
      <trkpt lat="48.10718198306858539581298828125" lon="-122.77429006062448024749755859375">
        <ele>-4.80000019073486328125</ele>
        <time>2026-09-22T01:27:44.000Z</time>
        <extensions>
          <ns3:TrackPointExtension>
            <ns3:hr>136</ns3:hr>
          </ns3:TrackPointExtension>
        </extensions>
      </trkpt>
      <trkpt lat="48.10721576213836669921875" lon="-122.77432425878942012786865234375">
        <ele>-4.80000019073486328125</ele>
        <time>2026-09-22T01:27:48.000Z</time>
        <extensions>
          <ns3:TrackPointExtension>
            <ns3:hr>133</ns3:hr>
          </ns3:TrackPointExtension>
        </extensions>
      </trkpt>
      <trkpt lat="48.10725205577909946441650390625" lon="-122.7743573673069477081298828125">
        <ele>-4.80000019073486328125</ele>
        <time>2026-09-22T01:27:52.000Z</time>
        <extensions>
          <ns3:TrackPointExtension>
            <ns3:hr>134</ns3:hr>
          </ns3:TrackPointExtension>
        </extensions>
      </trkpt>
      <trkpt lat="48.10728482902050018310546875" lon="-122.77438662014901638031005859375">
        <ele>-4.80000019073486328125</ele>
        <time>2026-09-22T01:27:55.000Z</time>
        <extensions>
          <ns3:TrackPointExtension>
            <ns3:hr>132</ns3:hr>
          </ns3:TrackPointExtension>
        </extensions>
      </trkpt>
      <trkpt lat="48.10737133026123046875" lon="-122.77451955713331699371337890625">
        <ele>-4.400000095367431640625</ele>
        <time>2026-09-22T01:28:06.000Z</time>
        <extensions>
          <ns3:TrackPointExtension>
            <ns3:hr>130</ns3:hr>
          </ns3:TrackPointExtension>
        </extensions>
      </trkpt>
      <trkpt lat="48.10739907436072826385498046875" lon="-122.77458191849291324615478515625">
        <ele>-4.400000095367431640625</ele>
        <time>2026-09-22T01:28:11.000Z</time>
        <extensions>
          <ns3:TrackPointExtension>
            <ns3:hr>127</ns3:hr>
          </ns3:TrackPointExtension>
        </extensions>
      </trkpt>
      <trkpt lat="48.10740544460713863372802734375" lon="-122.774588204920291900634765625">
        <ele>-4.400000095367431640625</ele>
        <time>2026-09-22T01:28:12.000Z</time>
        <extensions>
          <ns3:TrackPointExtension>
            <ns3:hr>126</ns3:hr>
          </ns3:TrackPointExtension>
        </extensions>
      </trkpt>
      <trkpt lat="48.1074221245944499969482421875" lon="-122.7745947428047657012939453125">
        <ele>-4.400000095367431640625</ele>
        <time>2026-09-22T01:28:14.000Z</time>
        <extensions>
          <ns3:TrackPointExtension>
            <ns3:hr>125</ns3:hr>
          </ns3:TrackPointExtension>
        </extensions>
      </trkpt>
      <trkpt lat="48.10744953341782093048095703125" lon="-122.77461812831461429595947265625">
        <ele>-4.400000095367431640625</ele>
        <time>2026-09-22T01:28:18.000Z</time>
        <extensions>
          <ns3:TrackPointExtension>
            <ns3:hr>129</ns3:hr>
          </ns3:TrackPointExtension>
        </extensions>
      </trkpt>
      <trkpt lat="48.10745422728359699249267578125" lon="-122.77462583966553211212158203125">
        <ele>-4.400000095367431640625</ele>
        <time>2026-09-22T01:28:19.000Z</time>
        <extensions>
          <ns3:TrackPointExtension>
            <ns3:hr>132</ns3:hr>
          </ns3:TrackPointExtension>
        </extensions>
      </trkpt>
      <trkpt lat="48.10746009461581707000732421875" lon="-122.77463254518806934356689453125">
        <ele>-4.400000095367431640625</ele>
        <time>2026-09-22T01:28:20.000Z</time>
        <extensions>
          <ns3:TrackPointExtension>
            <ns3:hr>132</ns3:hr>
          </ns3:TrackPointExtension>
        </extensions>
      </trkpt>
      <trkpt lat="48.1074878387153148651123046875" lon="-122.77464964427053928375244140625">
        <ele>-4.400000095367431640625</ele>
        <time>2026-09-22T01:28:23.000Z</time>
        <extensions>
          <ns3:TrackPointExtension>
            <ns3:hr>132</ns3:hr>
          </ns3:TrackPointExtension>
        </extensions>
      </trkpt>
      <trkpt lat="48.10752346180379390716552734375" lon="-122.77472558431327342987060546875">
        <ele>-4.400000095367431640625</ele>
        <time>2026-09-22T01:28:32.000Z</time>
        <extensions>
          <ns3:TrackPointExtension>
            <ns3:hr>128</ns3:hr>
          </ns3:TrackPointExtension>
        </extensions>
      </trkpt>
      <trkpt lat="48.10752689838409423828125" lon="-122.7747322060167789459228515625">
        <ele>-4.400000095367431640625</ele>
        <time>2026-09-22T01:28:33.000Z</time>
        <extensions>
          <ns3:TrackPointExtension>
            <ns3:hr>127</ns3:hr>
          </ns3:TrackPointExtension>
        </extensions>
      </trkpt>
      <trkpt lat="48.107532598078250885009765625" lon="-122.7747804857790470123291015625">
        <ele>-4.80000019073486328125</ele>
        <time>2026-09-22T01:28:40.000Z</time>
        <extensions>
          <ns3:TrackPointExtension>
            <ns3:hr>129</ns3:hr>
          </ns3:TrackPointExtension>
        </extensions>
      </trkpt>
      <trkpt lat="48.10753352008759975433349609375" lon="-122.77481107972562313079833984375">
        <ele>-4.400000095367431640625</ele>
        <time>2026-09-22T01:28:48.000Z</time>
        <extensions>
          <ns3:TrackPointExtension>
            <ns3:hr>132</ns3:hr>
          </ns3:TrackPointExtension>
        </extensions>
      </trkpt>
      <trkpt lat="48.10753519646823406219482421875" lon="-122.774816863238811492919921875">
        <ele>-4.19999980926513671875</ele>
        <time>2026-09-22T01:28:50.000Z</time>
        <extensions>
          <ns3:TrackPointExtension>
            <ns3:hr>133</ns3:hr>
          </ns3:TrackPointExtension>
        </extensions>
      </trkpt>
      <trkpt lat="48.10754290781915187835693359375" lon="-122.7748173661530017852783203125">
        <ele>-4.19999980926513671875</ele>
        <time>2026-09-22T01:28:58.000Z</time>
        <extensions>
          <ns3:TrackPointExtension>
            <ns3:hr>130</ns3:hr>
          </ns3:TrackPointExtension>
        </extensions>
      </trkpt>
      <trkpt lat="48.10754290781915187835693359375" lon="-122.7748173661530017852783203125">
        <ele>-4.19999980926513671875</ele>
        <time>2026-09-22T01:28:59.000Z</time>
        <extensions>
          <ns3:TrackPointExtension>
            <ns3:hr>130</ns3:hr>
          </ns3:TrackPointExtension>
        </extensions>
      </trkpt>
      <trkpt lat="48.1075421534478664398193359375" lon="-122.77481694705784320831298828125">
        <ele>-4.19999980926513671875</ele>
        <time>2026-09-22T01:29:12.000Z</time>
        <extensions>
          <ns3:TrackPointExtension>
            <ns3:hr>133</ns3:hr>
          </ns3:TrackPointExtension>
        </extensions>
      </trkpt>
      <trkpt lat="48.107541985809803009033203125" lon="-122.774816863238811492919921875">
        <ele>-4.19999980926513671875</ele>
        <time>2026-09-22T01:29:13.000Z</time>
        <extensions>
          <ns3:TrackPointExtension>
            <ns3:hr>136</ns3:hr>
          </ns3:TrackPointExtension>
        </extensions>
      </trkpt>
      <trkpt lat="48.1075411476194858551025390625" lon="-122.77481644414365291595458984375">
        <ele>-4.19999980926513671875</ele>
        <time>2026-09-22T01:29:17.000Z</time>
        <extensions>
          <ns3:TrackPointExtension>
            <ns3:hr>139</ns3:hr>
          </ns3:TrackPointExtension>
        </extensions>
      </trkpt>
      <trkpt lat="48.1075431592762470245361328125" lon="-122.7748116664588451385498046875">
        <ele>-4</ele>
        <time>2026-09-22T01:29:34.000Z</time>
        <extensions>
          <ns3:TrackPointExtension>
            <ns3:hr>136</ns3:hr>
          </ns3:TrackPointExtension>
        </extensions>
      </trkpt>
      <trkpt lat="48.1075548939406871795654296875" lon="-122.77479196898639202117919921875">
        <ele>-4</ele>
        <time>2026-09-22T01:29:42.000Z</time>
        <extensions>
          <ns3:TrackPointExtension>
            <ns3:hr>133</ns3:hr>
          </ns3:TrackPointExtension>
        </extensions>
      </trkpt>
      <trkpt lat="48.10755514539778232574462890625" lon="-122.77479046024382114410400390625">
        <ele>-4</ele>
        <time>2026-09-22T01:29:44.000Z</time>
        <extensions>
          <ns3:TrackPointExtension>
            <ns3:hr>129</ns3:hr>
          </ns3:TrackPointExtension>
        </extensions>
      </trkpt>
      <trkpt lat="48.10755514539778232574462890625" lon="-122.7747876942157745361328125">
        <ele>-4.19999980926513671875</ele>
        <time>2026-09-22T01:29:46.000Z</time>
        <extensions>
          <ns3:TrackPointExtension>
            <ns3:hr>126</ns3:hr>
          </ns3:TrackPointExtension>
        </extensions>
      </trkpt>
      <trkpt lat="48.10755514539778232574462890625" lon="-122.77478693984448909759521484375">
        <ele>-4.19999980926513671875</ele>
        <time>2026-09-22T01:29:47.000Z</time>
        <extensions>
          <ns3:TrackPointExtension>
            <ns3:hr>123</ns3:hr>
          </ns3:TrackPointExtension>
        </extensions>
      </trkpt>
      <trkpt lat="48.10755514539778232574462890625" lon="-122.77478392235934734344482421875">
        <ele>-4.19999980926513671875</ele>
        <time>2026-09-22T01:29:49.000Z</time>
        <extensions>
          <ns3:TrackPointExtension>
            <ns3:hr>133</ns3:hr>
          </ns3:TrackPointExtension>
        </extensions>
      </trkpt>
      <trkpt lat="48.10755514539778232574462890625" lon="-122.7747831679880619049072265625">
        <ele>-4</ele>
        <time>2026-09-22T01:29:50.000Z</time>
        <extensions>
          <ns3:TrackPointExtension>
            <ns3:hr>151</ns3:hr>
          </ns3:TrackPointExtension>
        </extensions>
      </trkpt>
      <trkpt lat="48.10755514539778232574462890625" lon="-122.77478107251226902008056640625">
        <ele>-4</ele>
        <time>2026-09-22T01:29:51.000Z</time>
        <extensions>
          <ns3:TrackPointExtension>
            <ns3:hr>150</ns3:hr>
          </ns3:TrackPointExtension>
        </extensions>
      </trkpt>
      <trkpt lat="48.1075532175600528717041015625" lon="-122.77477361261844635009765625">
        <ele>-3.7999999523162841796875</ele>
        <time>2026-09-22T01:30:03.000Z</time>
        <extensions>
          <ns3:TrackPointExtension>
            <ns3:hr>154</ns3:hr>
          </ns3:TrackPointExtension>
        </extensions>
      </trkpt>
      <trkpt lat="48.1075532175600528717041015625" lon="-122.77477361261844635009765625">
        <ele>-3.7999999523162841796875</ele>
        <time>2026-09-22T01:30:04.000Z</time>
        <extensions>
          <ns3:TrackPointExtension>
            <ns3:hr>154</ns3:hr>
          </ns3:TrackPointExtension>
        </extensions>
      </trkpt>
      <trkpt lat="48.1075532175600528717041015625" lon="-122.77477361261844635009765625">
        <ele>-3.7999999523162841796875</ele>
        <time>2026-09-22T01:30:06.000Z</time>
        <extensions>
          <ns3:TrackPointExtension>
            <ns3:hr>157</ns3:hr>
          </ns3:TrackPointExtension>
        </extensions>
      </trkpt>
      <trkpt lat="48.1075572408735752105712890625" lon="-122.77477805502712726593017578125">
        <ele>-3.599999904632568359375</ele>
        <time>2026-09-22T01:30:16.000Z</time>
        <extensions>
          <ns3:TrackPointExtension>
            <ns3:hr>160</ns3:hr>
          </ns3:TrackPointExtension>
        </extensions>
      </trkpt>
      <trkpt lat="48.10755799524486064910888671875" lon="-122.7747794799506664276123046875">
        <ele>-3.599999904632568359375</ele>
        <time>2026-09-22T01:30:19.000Z</time>
        <extensions>
          <ns3:TrackPointExtension>
            <ns3:hr>156</ns3:hr>
          </ns3:TrackPointExtension>
        </extensions>
      </trkpt>
      <trkpt lat="48.10755833052098751068115234375" lon="-122.7747796475887298583984375">
        <ele>-3.400000095367431640625</ele>
        <time>2026-09-22T01:30:20.000Z</time>
        <extensions>
          <ns3:TrackPointExtension>
            <ns3:hr>153</ns3:hr>
          </ns3:TrackPointExtension>
        </extensions>
      </trkpt>
      <trkpt lat="48.10755883343517780303955078125" lon="-122.77478165924549102783203125">
        <ele>-3.2000000476837158203125</ele>
        <time>2026-09-22T01:30:25.000Z</time>
        <extensions>
          <ns3:TrackPointExtension>
            <ns3:hr>152</ns3:hr>
          </ns3:TrackPointExtension>
        </extensions>
      </trkpt>
      <trkpt lat="48.10755908489227294921875" lon="-122.7747841738164424896240234375">
        <ele>-3.2000000476837158203125</ele>
        <time>2026-09-22T01:30:28.000Z</time>
        <extensions>
          <ns3:TrackPointExtension>
            <ns3:hr>148</ns3:hr>
          </ns3:TrackPointExtension>
        </extensions>
      </trkpt>
      <trkpt lat="48.10755950398743152618408203125" lon="-122.7747855149209499359130859375">
        <ele>-4</ele>
        <time>2026-09-22T01:30:36.000Z</time>
        <extensions>
          <ns3:TrackPointExtension>
            <ns3:hr>145</ns3:hr>
          </ns3:TrackPointExtension>
        </extensions>
      </trkpt>
      <trkpt lat="48.1075595878064632415771484375" lon="-122.7747855149209499359130859375">
        <ele>-4</ele>
        <time>2026-09-22T01:30:37.000Z</time>
        <extensions>
          <ns3:TrackPointExtension>
            <ns3:hr>140</ns3:hr>
          </ns3:TrackPointExtension>
        </extensions>
      </trkpt>
      <trkpt lat="48.10755975544452667236328125" lon="-122.7747855149209499359130859375">
        <ele>-4</ele>
        <time>2026-09-22T01:30:38.000Z</time>
        <extensions>
          <ns3:TrackPointExtension>
            <ns3:hr>135</ns3:hr>
          </ns3:TrackPointExtension>
        </extensions>
      </trkpt>
      <trkpt lat="48.1075599230825901031494140625" lon="-122.7747855149209499359130859375">
        <ele>-4</ele>
        <time>2026-09-22T01:30:39.000Z</time>
        <extensions>
          <ns3:TrackPointExtension>
            <ns3:hr>132</ns3:hr>
          </ns3:TrackPointExtension>
        </extensions>
      </trkpt>
      <trkpt lat="48.10756050981581211090087890625" lon="-122.7747855149209499359130859375">
        <ele>-4</ele>
        <time>2026-09-22T01:30:41.000Z</time>
        <extensions>
          <ns3:TrackPointExtension>
            <ns3:hr>127</ns3:hr>
          </ns3:TrackPointExtension>
        </extensions>
      </trkpt>
      <trkpt lat="48.107560761272907257080078125" lon="-122.774781323969364166259765625">
        <ele>-3.7999999523162841796875</ele>
        <time>2026-09-22T01:30:51.000Z</time>
        <extensions>
          <ns3:TrackPointExtension>
            <ns3:hr>131</ns3:hr>
          </ns3:TrackPointExtension>
        </extensions>
      </trkpt>
      <trkpt lat="48.10755631886422634124755859375" lon="-122.7747811563313007354736328125">
        <ele>-3.400000095367431640625</ele>
        <time>2026-09-22T01:31:03.000Z</time>
        <extensions>
          <ns3:TrackPointExtension>
            <ns3:hr>128</ns3:hr>
          </ns3:TrackPointExtension>
        </extensions>
      </trkpt>
      <trkpt lat="48.10757693834602832794189453125" lon="-122.774836309254169464111328125">
        <ele>-2.400000095367431640625</ele>
        <time>2026-09-22T01:31:10.000Z</time>
        <extensions>
          <ns3:TrackPointExtension>
            <ns3:hr>131</ns3:hr>
          </ns3:TrackPointExtension>
        </extensions>
      </trkpt>
      <trkpt lat="48.10760409571230411529541015625" lon="-122.7748854272067546844482421875">
        <ele>-2.400000095367431640625</ele>
        <time>2026-09-22T01:31:14.000Z</time>
        <extensions>
          <ns3:TrackPointExtension>
            <ns3:hr>135</ns3:hr>
          </ns3:TrackPointExtension>
        </extensions>
      </trkpt>
      <trkpt lat="48.10761163942515850067138671875" lon="-122.77489590458571910858154296875">
        <ele>-2.400000095367431640625</ele>
        <time>2026-09-22T01:31:15.000Z</time>
        <extensions>
          <ns3:TrackPointExtension>
            <ns3:hr>139</ns3:hr>
          </ns3:TrackPointExtension>
        </extensions>
      </trkpt>
      <trkpt lat="48.10762169770896434783935546875" lon="-122.77490864507853984832763671875">
        <ele>-2.400000095367431640625</ele>
        <time>2026-09-22T01:31:16.000Z</time>
        <extensions>
          <ns3:TrackPointExtension>
            <ns3:hr>142</ns3:hr>
          </ns3:TrackPointExtension>
        </extensions>
      </trkpt>
      <trkpt lat="48.107650615274906158447265625" lon="-122.77492859400808811187744140625">
        <ele>-2.400000095367431640625</ele>
        <time>2026-09-22T01:31:19.000Z</time>
        <extensions>
          <ns3:TrackPointExtension>
            <ns3:hr>144</ns3:hr>
          </ns3:TrackPointExtension>
        </extensions>
      </trkpt>
      <trkpt lat="48.10768271796405315399169921875" lon="-122.77495156042277812957763671875">
        <ele>-2.2000000476837158203125</ele>
        <time>2026-09-22T01:31:23.000Z</time>
        <extensions>
          <ns3:TrackPointExtension>
            <ns3:hr>143</ns3:hr>
          </ns3:TrackPointExtension>
        </extensions>
      </trkpt>
      <trkpt lat="48.10772580094635486602783203125" lon="-122.77498726733028888702392578125">
        <ele>-1.60000002384185791015625</ele>
        <time>2026-09-22T01:31:28.000Z</time>
        <extensions>
          <ns3:TrackPointExtension>
            <ns3:hr>142</ns3:hr>
          </ns3:TrackPointExtension>
        </extensions>
      </trkpt>
      <trkpt lat="48.1077714823186397552490234375" lon="-122.77503185905516147613525390625">
        <ele>-1</ele>
        <time>2026-09-22T01:31:33.000Z</time>
        <extensions>
          <ns3:TrackPointExtension>
            <ns3:hr>144</ns3:hr>
          </ns3:TrackPointExtension>
        </extensions>
      </trkpt>
      <trkpt lat="48.10779939405620098114013671875" lon="-122.77505314908921718597412109375">
        <ele>-0.60000002384185791015625</ele>
        <time>2026-09-22T01:31:36.000Z</time>
        <extensions>
          <ns3:TrackPointExtension>
            <ns3:hr>146</ns3:hr>
          </ns3:TrackPointExtension>
        </extensions>
      </trkpt>
      <trkpt lat="48.10782152228057384490966796875" lon="-122.77505566366016864776611328125">
        <ele>-0.60000002384185791015625</ele>
        <time>2026-09-22T01:31:38.000Z</time>
        <extensions>
          <ns3:TrackPointExtension>
            <ns3:hr>146</ns3:hr>
          </ns3:TrackPointExtension>
        </extensions>
      </trkpt>
      <trkpt lat="48.1078747473657131195068359375" lon="-122.77502842247486114501953125">
        <ele>-1</ele>
        <time>2026-09-22T01:31:43.000Z</time>
        <extensions>
          <ns3:TrackPointExtension>
            <ns3:hr>146</ns3:hr>
          </ns3:TrackPointExtension>
        </extensions>
      </trkpt>
      <trkpt lat="48.1079122982919216156005859375" lon="-122.77500386349856853485107421875">
        <ele>-1.2000000476837158203125</ele>
        <time>2026-09-22T01:31:47.000Z</time>
        <extensions>
          <ns3:TrackPointExtension>
            <ns3:hr>147</ns3:hr>
          </ns3:TrackPointExtension>
        </extensions>
      </trkpt>
    </trkseg>
  </trk>
</gpx>
