<?xml version="1.0" encoding="UTF-8"?>
<gpx xmlns:xsi="http://www.w3.org/2001/XMLSchema-instance" xmlns="http://www.topografix.com/GPX/1/1" xsi:schemaLocation="http://www.topografix.com/GPX/1/1 http://www.topografix.com/GPX/1/1/gpx.xsd" version="1.1" creator="Open GPX Tracker for watchOS">
	<trk>
		<trkseg>
			<trkpt lat="48.10707776084924" lon="-122.7740710061037">
				<ele>1.667116834749205</ele>
				<time>2026-09-21T23:32:22Z</time>
			</trkpt>
			<trkpt lat="48.10705973940896" lon="-122.77407127438501">
				<ele>1.3844629425305008</ele>
				<time>2026-09-21T23:32:28Z</time>
			</trkpt>
			<trkpt lat="48.10704287177411" lon="-122.77408260133868">
				<ele>1.5461685059910515</ele>
				<time>2026-09-21T23:32:32Z</time>
			</trkpt>
			<trkpt lat="48.107020681037426" lon="-122.77408775000602">
				<ele>1.7222336782665373</ele>
				<time>2026-09-21T23:32:36Z</time>
			</trkpt>
			<trkpt lat="48.10699707924783" lon="-122.77408876128071">
				<ele>1.7004946057443746</ele>
				<time>2026-09-21T23:32:40Z</time>
			</trkpt>
			<trkpt lat="48.10697388002463" lon="-122.77409222320354">
				<ele>1.691485759247115</ele>
				<time>2026-09-21T23:32:44Z</time>
			</trkpt>
			<trkpt lat="48.10695338765072" lon="-122.77409289807562">
				<ele>1.6377267928014163</ele>
				<time>2026-09-21T23:32:47Z</time>
			</trkpt>
			<trkpt lat="48.10693057644321" lon="-122.77409003583166">
				<ele>1.5689809633285812</ele>
				<time>2026-09-21T23:32:50Z</time>
			</trkpt>
			<trkpt lat="48.10690617770683" lon="-122.77408893109018">
				<ele>1.5051093030282132</ele>
				<time>2026-09-21T23:32:53Z</time>
			</trkpt>
			<trkpt lat="48.10688177607449" lon="-122.77408582634334">
				<ele>1.4729757260555942</ele>
				<time>2026-09-21T23:32:56Z</time>
			</trkpt>
			<trkpt lat="48.106858890865084" lon="-122.77408272026261">
				<ele>1.4556770736651075</ele>
				<time>2026-09-21T23:32:59Z</time>
			</trkpt>
			<trkpt lat="48.106834510825514" lon="-122.77407912338028">
				<ele>1.460067414134926</ele>
				<time>2026-09-21T23:33:02Z</time>
			</trkpt>
			<trkpt lat="48.106808227683274" lon="-122.7740710423582">
				<ele>1.5832098767741662</ele>
				<time>2026-09-21T23:33:05Z</time>
			</trkpt>
			<trkpt lat="48.106788842890644" lon="-122.77406919680837">
				<ele>1.2159783177698493</ele>
				<time>2026-09-21T23:33:08Z</time>
			</trkpt>
			<trkpt lat="48.10676786720281" lon="-122.77406309723081">
				<ele>1.3388695063569358</ele>
				<time>2026-09-21T23:33:10Z</time>
			</trkpt>
			<trkpt lat="48.10674730801907" lon="-122.7740594023959">
				<ele>1.3710194715103903</ele>
				<time>2026-09-21T23:33:12Z</time>
			</trkpt>
			<trkpt lat="48.10672654899656" lon="-122.77405585745306">
				<ele>1.4203368612486607</ele>
				<time>2026-09-21T23:33:14Z</time>
			</trkpt>
			<trkpt lat="48.1067063880117" lon="-122.77405156031149">
				<ele>1.395042953923891</ele>
				<time>2026-09-21T23:33:16Z</time>
			</trkpt>
			<trkpt lat="48.106684924793015" lon="-122.7740457937148">
				<ele>1.386780735032044</ele>
				<time>2026-09-21T23:33:18Z</time>
			</trkpt>
			<trkpt lat="48.10666393597732" lon="-122.77403897858278">
				<ele>1.3789337995776805</ele>
				<time>2026-09-21T23:33:20Z</time>
			</trkpt>
			<trkpt lat="48.106642683906614" lon="-122.7740346484679">
				<ele>1.3090936912101512</ele>
				<time>2026-09-21T23:33:22Z</time>
			</trkpt>
			<trkpt lat="48.106622544251124" lon="-122.77403163864027">
				<ele>1.2691439023916047</ele>
				<time>2026-09-21T23:33:24Z</time>
			</trkpt>
			<trkpt lat="48.106600564147" lon="-122.77402569656738">
				<ele>1.3475977069342306</ele>
				<time>2026-09-21T23:33:26Z</time>
			</trkpt>
			<trkpt lat="48.106578707073695" lon="-122.77402129376658">
				<ele>1.2388063519450974</ele>
				<time>2026-09-21T23:33:28Z</time>
			</trkpt>
			<trkpt lat="48.10655928722327" lon="-122.77401873300633">
				<ele>1.0590805431770143</ele>
				<time>2026-09-21T23:33:30Z</time>
			</trkpt>
			<trkpt lat="48.10654037459097" lon="-122.77401585802322">
				<ele>1.1861268403358025</ele>
				<time>2026-09-21T23:33:32Z</time>
			</trkpt>
			<trkpt lat="48.10652262241662" lon="-122.77400741219519">
				<ele>1.1994044364525038</ele>
				<time>2026-09-21T23:33:34Z</time>
			</trkpt>
			<trkpt lat="48.106505542227254" lon="-122.7739975995246">
				<ele>1.044983771549159</ele>
				<time>2026-09-21T23:33:36Z</time>
			</trkpt>
			<trkpt lat="48.10648871724292" lon="-122.77398153058455">
				<ele>1.086559486475906</ele>
				<time>2026-09-21T23:33:38Z</time>
			</trkpt>
			<trkpt lat="48.106467569577475" lon="-122.77395952876417">
				<ele>1.187006692232444</ele>
				<time>2026-09-21T23:33:41Z</time>
			</trkpt>
			<trkpt lat="48.10645016862047" lon="-122.77393358964567">
				<ele>1.2363509532009118</ele>
				<time>2026-09-21T23:33:44Z</time>
			</trkpt>
			<trkpt lat="48.10643620148139" lon="-122.77390689864049">
				<ele>1.2091167251280979</ele>
				<time>2026-09-21T23:33:47Z</time>
			</trkpt>
			<trkpt lat="48.10642291848206" lon="-122.7738785746212">
				<ele>1.180056822533242</ele>
				<time>2026-09-21T23:33:50Z</time>
			</trkpt>
			<trkpt lat="48.10640925497082" lon="-122.77385065034446">
				<ele>1.1893600642133961</ele>
				<time>2026-09-21T23:33:53Z</time>
			</trkpt>
			<trkpt lat="48.10639602642108" lon="-122.77382516048674">
				<ele>1.1679224712762135</ele>
				<time>2026-09-21T23:33:56Z</time>
			</trkpt>
			<trkpt lat="48.10637932723575" lon="-122.77379909190822">
				<ele>1.1748441502456721</ele>
				<time>2026-09-21T23:33:59Z</time>
			</trkpt>
			<trkpt lat="48.10636333105818" lon="-122.77376945598958">
				<ele>1.2281298521413255</ele>
				<time>2026-09-21T23:34:02Z</time>
			</trkpt>
			<trkpt lat="48.10635252365634" lon="-122.77374756263809">
				<ele>1.2185638490034272</ele>
				<time>2026-09-21T23:34:04Z</time>
			</trkpt>
			<trkpt lat="48.10633842007313" lon="-122.77371730919893">
				<ele>1.2243468817969934</ele>
				<time>2026-09-21T23:34:07Z</time>
			</trkpt>
			<trkpt lat="48.10632469985948" lon="-122.773685960942">
				<ele>1.2520285270725537</ele>
				<time>2026-09-21T23:34:10Z</time>
			</trkpt>
			<trkpt lat="48.10631854568783" lon="-122.77365590164705">
				<ele>1.4688617358582583</ele>
				<time>2026-09-21T23:34:13Z</time>
			</trkpt>
			<trkpt lat="48.10632903848197" lon="-122.77362940040861">
				<ele>1.5516740209436612</ele>
				<time>2026-09-21T23:34:17Z</time>
			</trkpt>
			<trkpt lat="48.106348902714394" lon="-122.77362392228041">
				<ele>1.639058882336041</ele>
				<time>2026-09-21T23:34:21Z</time>
			</trkpt>
			<trkpt lat="48.10637319793021" lon="-122.77362745270509">
				<ele>1.522509082002081</ele>
				<time>2026-09-21T23:34:25Z</time>
			</trkpt>
			<trkpt lat="48.106397105582715" lon="-122.77363393314859">
				<ele>1.4705381297259272</ele>
				<time>2026-09-21T23:34:28Z</time>
			</trkpt>
			<trkpt lat="48.10642172138218" lon="-122.77362810976298">
				<ele>1.440901694661413</ele>
				<time>2026-09-21T23:34:31Z</time>
			</trkpt>
			<trkpt lat="48.106439525387145" lon="-122.77361996715791">
				<ele>1.4345293970092499</ele>
				<time>2026-09-21T23:34:33Z</time>
			</trkpt>
			<trkpt lat="48.10645977607787" lon="-122.77360100767245">
				<ele>1.5103137632037544</ele>
				<time>2026-09-21T23:34:36Z</time>
			</trkpt>
			<trkpt lat="48.106476821887576" lon="-122.77358481166243">
				<ele>1.3677001012444556</ele>
				<time>2026-09-21T23:34:38Z</time>
			</trkpt>
			<trkpt lat="48.10649681461588" lon="-122.77356453089502">
				<ele>1.3386035286818476</ele>
				<time>2026-09-21T23:34:41Z</time>
			</trkpt>
			<trkpt lat="48.106517149578075" lon="-122.77353761217441">
				<ele>1.3798278950529337</ele>
				<time>2026-09-21T23:34:44Z</time>
			</trkpt>
			<trkpt lat="48.10652989463262" lon="-122.77351671251452">
				<ele>1.3411590095778898</ele>
				<time>2026-09-21T23:34:46Z</time>
			</trkpt>
			<trkpt lat="48.10654796294939" lon="-122.77349503130506">
				<ele>1.3850946887079338</ele>
				<time>2026-09-21T23:34:49Z</time>
			</trkpt>
			<trkpt lat="48.10656383989888" lon="-122.77348037331845">
				<ele>1.4310000315426308</ele>
				<time>2026-09-21T23:34:51Z</time>
			</trkpt>
			<trkpt lat="48.1065845140225" lon="-122.77346436864497">
				<ele>1.5485862930918337</ele>
				<time>2026-09-21T23:34:53Z</time>
			</trkpt>
			<trkpt lat="48.10660200018569" lon="-122.77344594407302">
				<ele>1.4646985260732563</ele>
				<time>2026-09-21T23:34:55Z</time>
			</trkpt>
			<trkpt lat="48.10662416816606" lon="-122.77341784143024">
				<ele>1.10824742721341</ele>
				<time>2026-09-21T23:34:57Z</time>
			</trkpt>
			<trkpt lat="48.10664390836784" lon="-122.77339462321504">
				<ele>1.191702306256829</ele>
				<time>2026-09-21T23:34:59Z</time>
			</trkpt>
			<trkpt lat="48.106664271871644" lon="-122.77337206735562">
				<ele>1.2889446491881102</ele>
				<time>2026-09-21T23:35:01Z</time>
			</trkpt>
			<trkpt lat="48.106685083760745" lon="-122.77334660176734">
				<ele>1.3185978976292638</ele>
				<time>2026-09-21T23:35:03Z</time>
			</trkpt>
			<trkpt lat="48.10670410549242" lon="-122.7733198536514">
				<ele>1.338617821478735</ele>
				<time>2026-09-21T23:35:05Z</time>
			</trkpt>
			<trkpt lat="48.106721496881214" lon="-122.77329234084665">
				<ele>1.3486545475200842</ele>
				<time>2026-09-21T23:35:07Z</time>
			</trkpt>
			<trkpt lat="48.106739270467514" lon="-122.77326570404414">
				<ele>1.4446851029924979</ele>
				<time>2026-09-21T23:35:09Z</time>
			</trkpt>
			<trkpt lat="48.10675409757256" lon="-122.77323868645992">
				<ele>1.2571122209405488</ele>
				<time>2026-09-21T23:35:11Z</time>
			</trkpt>
			<trkpt lat="48.106771852365675" lon="-122.77321091929186">
				<ele>1.3370214718312674</ele>
				<time>2026-09-21T23:35:13Z</time>
			</trkpt>
			<trkpt lat="48.10678960115074" lon="-122.77318921076991">
				<ele>1.501960646599354</ele>
				<time>2026-09-21T23:35:15Z</time>
			</trkpt>
			<trkpt lat="48.10680760141712" lon="-122.77316103233213">
				<ele>1.5078669929414765</ele>
				<time>2026-09-21T23:35:17Z</time>
			</trkpt>
			<trkpt lat="48.106827774185355" lon="-122.77312908606545">
				<ele>1.559911283791557</ele>
				<time>2026-09-21T23:35:19Z</time>
			</trkpt>
			<trkpt lat="48.10684784167207" lon="-122.77309515296919">
				<ele>1.5965330135128006</ele>
				<time>2026-09-21T23:35:21Z</time>
			</trkpt>
			<trkpt lat="48.106867632373906" lon="-122.77305912704132">
				<ele>1.522427626374391</ele>
				<time>2026-09-21T23:35:23Z</time>
			</trkpt>
			<trkpt lat="48.10688624803714" lon="-122.77302535679378">
				<ele>1.521904654716053</ele>
				<time>2026-09-21T23:35:25Z</time>
			</trkpt>
			<trkpt lat="48.106902693110705" lon="-122.77299255939965">
				<ele>1.6258587328039162</ele>
				<time>2026-09-21T23:35:27Z</time>
			</trkpt>
			<trkpt lat="48.10692259989796" lon="-122.77295744763586">
				<ele>1.7348935005574653</ele>
				<time>2026-09-21T23:35:29Z</time>
			</trkpt>
			<trkpt lat="48.10694153060801" lon="-122.77292779232629">
				<ele>1.7247537124840875</ele>
				<time>2026-09-21T23:35:31Z</time>
			</trkpt>
			<trkpt lat="48.10696069053264" lon="-122.77289790648207">
				<ele>1.6986475986942189</ele>
				<time>2026-09-21T23:35:33Z</time>
			</trkpt>
			<trkpt lat="48.106979495702156" lon="-122.77286859546052">
				<ele>1.7063100807872722</ele>
				<time>2026-09-21T23:35:35Z</time>
			</trkpt>
			<trkpt lat="48.10699874882092" lon="-122.77283832766953">
				<ele>1.649940179994445</ele>
				<time>2026-09-21T23:35:37Z</time>
			</trkpt>
			<trkpt lat="48.10701832237825" lon="-122.77280863077453">
				<ele>1.6601606704167935</ele>
				<time>2026-09-21T23:35:39Z</time>
			</trkpt>
			<trkpt lat="48.107037893489455" lon="-122.77278042316873">
				<ele>1.5973653514447292</ele>
				<time>2026-09-21T23:35:41Z</time>
			</trkpt>
			<trkpt lat="48.10705777084814" lon="-122.77275098822048">
				<ele>1.5821372249417536</ele>
				<time>2026-09-21T23:35:43Z</time>
			</trkpt>
			<trkpt lat="48.10707846002581" lon="-122.77272096054807">
				<ele>1.5695879898058251</ele>
				<time>2026-09-21T23:35:45Z</time>
			</trkpt>
			<trkpt lat="48.10709960134459" lon="-122.77269074724623">
				<ele>1.5334338255044955</ele>
				<time>2026-09-21T23:35:47Z</time>
			</trkpt>
			<trkpt lat="48.1071206283772" lon="-122.77266109909692">
				<ele>1.5082468237664983</ele>
				<time>2026-09-21T23:35:49Z</time>
			</trkpt>
			<trkpt lat="48.107143302785566" lon="-122.77263137533694">
				<ele>1.5114349871450656</ele>
				<time>2026-09-21T23:35:51Z</time>
			</trkpt>
			<trkpt lat="48.107164822705876" lon="-122.77260162733745">
				<ele>1.539824151275532</ele>
				<time>2026-09-21T23:35:53Z</time>
			</trkpt>
			<trkpt lat="48.10719006152096" lon="-122.77256704005084">
				<ele>1.5895996616535975</ele>
				<time>2026-09-21T23:35:55Z</time>
			</trkpt>
			<trkpt lat="48.10721309332278" lon="-122.77253335661348">
				<ele>1.5178454387772398</ele>
				<time>2026-09-21T23:35:57Z</time>
			</trkpt>
			<trkpt lat="48.10723641027875" lon="-122.77250007658216">
				<ele>1.500864090866866</ele>
				<time>2026-09-21T23:35:59Z</time>
			</trkpt>
			<trkpt lat="48.10725973853876" lon="-122.77246767602271">
				<ele>1.4660831038482698</ele>
				<time>2026-09-21T23:36:01Z</time>
			</trkpt>
			<trkpt lat="48.107284296692846" lon="-122.7724349488356">
				<ele>1.5358302725386856</ele>
				<time>2026-09-21T23:36:03Z</time>
			</trkpt>
			<trkpt lat="48.10730980304785" lon="-122.7724048466677">
				<ele>1.6558627615541113</ele>
				<time>2026-09-21T23:36:05Z</time>
			</trkpt>
			<trkpt lat="48.1073145493183" lon="-122.77236136604245">
				<ele>1.6308481912021264</ele>
				<time>2026-09-21T23:36:07Z</time>
			</trkpt>
			<trkpt lat="48.107294041549906" lon="-122.77234053565331">
				<ele>1.4024276587895237</ele>
				<time>2026-09-21T23:36:09Z</time>
			</trkpt>
			<trkpt lat="48.107275581918685" lon="-122.77231420855097">
				<ele>1.4086588165138245</ele>
				<time>2026-09-21T23:36:11Z</time>
			</trkpt>
			<trkpt lat="48.10725913399674" lon="-122.77228867664499">
				<ele>1.4157519630101802</ele>
				<time>2026-09-21T23:36:13Z</time>
			</trkpt>
			<trkpt lat="48.107243352673294" lon="-122.77226670349778">
				<ele>1.40737562761349</ele>
				<time>2026-09-21T23:36:15Z</time>
			</trkpt>
			<trkpt lat="48.10722767130283" lon="-122.77224105259809">
				<ele>1.4361496228167674</ele>
				<time>2026-09-21T23:36:17Z</time>
			</trkpt>
			<trkpt lat="48.10721103028446" lon="-122.77222485101014">
				<ele>1.4148250530491921</ele>
				<time>2026-09-21T23:36:19Z</time>
			</trkpt>
			<trkpt lat="48.10719178068651" lon="-122.77221294527595">
				<ele>1.3789883803207026</ele>
				<time>2026-09-21T23:36:21Z</time>
			</trkpt>
			<trkpt lat="48.10717130558017" lon="-122.77219994981164">
				<ele>1.321881831489101</ele>
				<time>2026-09-21T23:36:23Z</time>
			</trkpt>
			<trkpt lat="48.10715205041309" lon="-122.77218040812404">
				<ele>1.3692251957566057</ele>
				<time>2026-09-21T23:36:25Z</time>
			</trkpt>
			<trkpt lat="48.1071334985577" lon="-122.77216055744027">
				<ele>1.3710043482026144</ele>
				<time>2026-09-21T23:36:27Z</time>
			</trkpt>
			<trkpt lat="48.10711507004423" lon="-122.77213938947651">
				<ele>1.358831089684628</ele>
				<time>2026-09-21T23:36:29Z</time>
			</trkpt>
			<trkpt lat="48.10709741916942" lon="-122.77212016769899">
				<ele>1.3898379909447875</ele>
				<time>2026-09-21T23:36:31Z</time>
			</trkpt>
			<trkpt lat="48.107081115894495" lon="-122.77210183741991">
				<ele>1.39163917633498</ele>
				<time>2026-09-21T23:36:33Z</time>
			</trkpt>
			<trkpt lat="48.10706580092722" lon="-122.7720829522263">
				<ele>1.4295590756534402</ele>
				<time>2026-09-21T23:36:35Z</time>
			</trkpt>
			<trkpt lat="48.107048759289015" lon="-122.77206245350536">
				<ele>1.5112148757503583</ele>
				<time>2026-09-21T23:36:38Z</time>
			</trkpt>
			<trkpt lat="48.10705441524703" lon="-122.77203615403427">
				<ele>1.6902468112910825</ele>
				<time>2026-09-21T23:36:41Z</time>
			</trkpt>
			<trkpt lat="48.10706913166751" lon="-122.7720202151271">
				<ele>1.8057808347676243</ele>
				<time>2026-09-21T23:36:44Z</time>
			</trkpt>
			<trkpt lat="48.10709036385826" lon="-122.77201163735285">
				<ele>1.6843059696492588</ele>
				<time>2026-09-21T23:36:48Z</time>
			</trkpt>
			<trkpt lat="48.10710604443164" lon="-122.77199783151484">
				<ele>1.7425241029928458</ele>
				<time>2026-09-21T23:36:52Z</time>
			</trkpt>
			<trkpt lat="48.10712574390851" lon="-122.77198536760339">
				<ele>1.766674781585568</ele>
				<time>2026-09-21T23:36:56Z</time>
			</trkpt>
			<trkpt lat="48.10714383168036" lon="-122.77196594294699">
				<ele>1.729626532288929</ele>
				<time>2026-09-21T23:37:00Z</time>
			</trkpt>
			<trkpt lat="48.10716237281542" lon="-122.77195881243973">
				<ele>1.5108443770611615</ele>
				<time>2026-09-21T23:37:03Z</time>
			</trkpt>
			<trkpt lat="48.10718552401054" lon="-122.77195922210545">
				<ele>1.6576407188366886</ele>
				<time>2026-09-21T23:37:06Z</time>
			</trkpt>
			<trkpt lat="48.1072048023292" lon="-122.77196217198413">
				<ele>1.5602929206104434</ele>
				<time>2026-09-21T23:37:08Z</time>
			</trkpt>
			<trkpt lat="48.10722694086663" lon="-122.77195463534574">
				<ele>1.476005414201989</ele>
				<time>2026-09-21T23:37:11Z</time>
			</trkpt>
			<trkpt lat="48.1072439512561" lon="-122.77193914861544">
				<ele>1.2840122366797608</ele>
				<time>2026-09-21T23:37:13Z</time>
			</trkpt>
			<trkpt lat="48.107266429219905" lon="-122.77191288575821">
				<ele>1.8641140649138634</ele>
				<time>2026-09-21T23:37:16Z</time>
			</trkpt>
			<trkpt lat="48.1072835246665" lon="-122.77188743353484">
				<ele>1.640891284439217</ele>
				<time>2026-09-21T23:37:18Z</time>
			</trkpt>
			<trkpt lat="48.10729986770687" lon="-122.77186968914249">
				<ele>1.6924247129159546</ele>
				<time>2026-09-21T23:37:21Z</time>
			</trkpt>
			<trkpt lat="48.1073109406495" lon="-122.77184669743399">
				<ele>1.7551486740119664</ele>
				<time>2026-09-21T23:37:23Z</time>
			</trkpt>
			<trkpt lat="48.10732424268702" lon="-122.77182116268786">
				<ele>1.7957019934464746</ele>
				<time>2026-09-21T23:37:25Z</time>
			</trkpt>
			<trkpt lat="48.10733809869188" lon="-122.77179268144823">
				<ele>1.8193370582483794</ele>
				<time>2026-09-21T23:37:27Z</time>
			</trkpt>
			<trkpt lat="48.10735313498855" lon="-122.77176330735838">
				<ele>1.789427689685649</ele>
				<time>2026-09-21T23:37:29Z</time>
			</trkpt>
			<trkpt lat="48.10736768515281" lon="-122.77173415865512">
				<ele>1.7410775827824096</ele>
				<time>2026-09-21T23:37:31Z</time>
			</trkpt>
			<trkpt lat="48.10738431158821" lon="-122.77170441617028">
				<ele>1.7276124508708577</ele>
				<time>2026-09-21T23:37:33Z</time>
			</trkpt>
			<trkpt lat="48.107401126774654" lon="-122.77167431423426">
				<ele>1.7211852716103628</ele>
				<time>2026-09-21T23:37:35Z</time>
			</trkpt>
			<trkpt lat="48.10741900124856" lon="-122.77164426635588">
				<ele>1.7116035893590293</ele>
				<time>2026-09-21T23:37:37Z</time>
			</trkpt>
			<trkpt lat="48.107436902927375" lon="-122.77161453043223">
				<ele>1.7000711980626235</ele>
				<time>2026-09-21T23:37:39Z</time>
			</trkpt>
			<trkpt lat="48.10745401359761" lon="-122.77158479437448">
				<ele>1.7385289505907942</ele>
				<time>2026-09-21T23:37:41Z</time>
			</trkpt>
			<trkpt lat="48.10747040525607" lon="-122.77155448149202">
				<ele>1.6997710075493444</ele>
				<time>2026-09-21T23:37:43Z</time>
			</trkpt>
			<trkpt lat="48.10748517269143" lon="-122.7715266960609">
				<ele>1.782801251863468</ele>
				<time>2026-09-21T23:37:45Z</time>
			</trkpt>
			<trkpt lat="48.107493714065335" lon="-122.77149539095493">
				<ele>1.6301296731571497</ele>
				<time>2026-09-21T23:37:47Z</time>
			</trkpt>
			<trkpt lat="48.107506012383915" lon="-122.77146919006874">
				<ele>1.6424071506430273</ele>
				<time>2026-09-21T23:37:49Z</time>
			</trkpt>
			<trkpt lat="48.10752038043937" lon="-122.77144184307951">
				<ele>1.648167225180888</ele>
				<time>2026-09-21T23:37:51Z</time>
			</trkpt>
			<trkpt lat="48.107532445932414" lon="-122.77141176470968">
				<ele>1.6376542981827313</ele>
				<time>2026-09-21T23:37:53Z</time>
			</trkpt>
			<trkpt lat="48.107545709611536" lon="-122.77138389637152">
				<ele>1.6092385821995485</ele>
				<time>2026-09-21T23:37:55Z</time>
			</trkpt>
			<trkpt lat="48.107559176038635" lon="-122.77135666286614">
				<ele>1.5950652992674321</ele>
				<time>2026-09-21T23:37:57Z</time>
			</trkpt>
			<trkpt lat="48.107573124908875" lon="-122.77133145204503">
				<ele>1.5775089497307313</ele>
				<time>2026-09-21T23:37:59Z</time>
			</trkpt>
			<trkpt lat="48.10758659339946" lon="-122.77130638888435">
				<ele>1.572079208163892</ele>
				<time>2026-09-21T23:38:01Z</time>
			</trkpt>
			<trkpt lat="48.10759948925442" lon="-122.77128090705838">
				<ele>1.5507606062891597</ele>
				<time>2026-09-21T23:38:03Z</time>
			</trkpt>
			<trkpt lat="48.10761404101593" lon="-122.77125636291072">
				<ele>1.541361825130707</ele>
				<time>2026-09-21T23:38:05Z</time>
			</trkpt>
			<trkpt lat="48.10763061824751" lon="-122.77123265878637">
				<ele>1.4754680240474833</ele>
				<time>2026-09-21T23:38:07Z</time>
			</trkpt>
			<trkpt lat="48.107648289805105" lon="-122.7712102070443">
				<ele>1.4342494585923653</ele>
				<time>2026-09-21T23:38:09Z</time>
			</trkpt>
			<trkpt lat="48.10766647934796" lon="-122.77118731393456">
				<ele>1.4563084586747337</ele>
				<time>2026-09-21T23:38:11Z</time>
			</trkpt>
			<trkpt lat="48.10768409070802" lon="-122.77116357821849">
				<ele>1.4610700518790551</ele>
				<time>2026-09-21T23:38:13Z</time>
			</trkpt>
			<trkpt lat="48.107703370189114" lon="-122.77113934723506">
				<ele>1.4972269079058123</ele>
				<time>2026-09-21T23:38:15Z</time>
			</trkpt>
			<trkpt lat="48.10772157903305" lon="-122.7711146167107">
				<ele>1.429984968314482</ele>
				<time>2026-09-21T23:38:17Z</time>
			</trkpt>
			<trkpt lat="48.1077405262148" lon="-122.77108973344652">
				<ele>1.4461229063517536</ele>
				<time>2026-09-21T23:38:19Z</time>
			</trkpt>
			<trkpt lat="48.107761257105736" lon="-122.77106542925834">
				<ele>1.4307937444068664</ele>
				<time>2026-09-21T23:38:21Z</time>
			</trkpt>
			<trkpt lat="48.10778004503918" lon="-122.77103966977869">
				<ele>1.4219179543475384</ele>
				<time>2026-09-21T23:38:23Z</time>
			</trkpt>
			<trkpt lat="48.10779977704652" lon="-122.77101472851278">
				<ele>1.415830287652735</ele>
				<time>2026-09-21T23:38:25Z</time>
			</trkpt>
			<trkpt lat="48.1078189988348" lon="-122.77098869833802">
				<ele>1.3659941584088884</ele>
				<time>2026-09-21T23:38:27Z</time>
			</trkpt>
			<trkpt lat="48.107838987538045" lon="-122.7709629441794">
				<ele>1.3579075918504486</ele>
				<time>2026-09-21T23:38:29Z</time>
			</trkpt>
			<trkpt lat="48.10785981829021" lon="-122.7709376842702">
				<ele>1.373246137637782</ele>
				<time>2026-09-21T23:38:31Z</time>
			</trkpt>
			<trkpt lat="48.10788036940635" lon="-122.7709108719496">
				<ele>1.359168271520005</ele>
				<time>2026-09-21T23:38:33Z</time>
			</trkpt>
			<trkpt lat="48.10790118041464" lon="-122.77088395520173">
				<ele>1.3436180079244018</ele>
				<time>2026-09-21T23:38:35Z</time>
			</trkpt>
			<trkpt lat="48.10792096179219" lon="-122.77085887459387">
				<ele>1.3191041998007833</ele>
				<time>2026-09-21T23:38:37Z</time>
			</trkpt>
			<trkpt lat="48.1079415915466" lon="-122.77083442064108">
				<ele>1.2886932400140338</ele>
				<time>2026-09-21T23:38:39Z</time>
			</trkpt>
			<trkpt lat="48.107960592871606" lon="-122.77081096617978">
				<ele>1.2481389699034722</ele>
				<time>2026-09-21T23:38:41Z</time>
			</trkpt>
			<trkpt lat="48.10797954480453" lon="-122.77078876139372">
				<ele>1.314346166251383</ele>
				<time>2026-09-21T23:38:43Z</time>
			</trkpt>
			<trkpt lat="48.10800346391782" lon="-122.77077248476101">
				<ele>1.3035982257367635</ele>
				<time>2026-09-21T23:38:45Z</time>
			</trkpt>
			<trkpt lat="48.108027169203424" lon="-122.77075291464008">
				<ele>1.3682921862371664</ele>
				<time>2026-09-21T23:38:47Z</time>
			</trkpt>
			<trkpt lat="48.10805304683698" lon="-122.77073300482155">
				<ele>1.415759142162866</ele>
				<time>2026-09-21T23:38:49Z</time>
			</trkpt>
			<trkpt lat="48.10808058918705" lon="-122.77071245578513">
				<ele>1.3720530154297066</ele>
				<time>2026-09-21T23:38:51Z</time>
			</trkpt>
			<trkpt lat="48.10810682065964" lon="-122.77068987402363">
				<ele>1.3668167466556262</ele>
				<time>2026-09-21T23:38:53Z</time>
			</trkpt>
			<trkpt lat="48.108131240165655" lon="-122.77066687785877">
				<ele>1.4248150379030342</ele>
				<time>2026-09-21T23:38:55Z</time>
			</trkpt>
			<trkpt lat="48.10815636842941" lon="-122.77064609011683">
				<ele>1.448533647786551</ele>
				<time>2026-09-21T23:38:57Z</time>
			</trkpt>
			<trkpt lat="48.108182374569466" lon="-122.77062656490024">
				<ele>1.4954067100969866</ele>
				<time>2026-09-21T23:38:59Z</time>
			</trkpt>
			<trkpt lat="48.108209155811416" lon="-122.77060568465834">
				<ele>1.4265291948289835</ele>
				<time>2026-09-21T23:39:01Z</time>
			</trkpt>
			<trkpt lat="48.10823586872341" lon="-122.77058499615161">
				<ele>1.3930585242344158</ele>
				<time>2026-09-21T23:39:03Z</time>
			</trkpt>
			<trkpt lat="48.10826307313197" lon="-122.77056428142899">
				<ele>1.469284387220405</ele>
				<time>2026-09-21T23:39:05Z</time>
			</trkpt>
			<trkpt lat="48.10828965382528" lon="-122.77054142029355">
				<ele>1.4294493101760573</ele>
				<time>2026-09-21T23:39:07Z</time>
			</trkpt>
			<trkpt lat="48.1083145102841" lon="-122.770517153978">
				<ele>1.3898447249163404</ele>
				<time>2026-09-21T23:39:09Z</time>
			</trkpt>
			<trkpt lat="48.108333741368966" lon="-122.77048979506877">
				<ele>1.1502595471819532</ele>
				<time>2026-09-21T23:39:11Z</time>
			</trkpt>
			<trkpt lat="48.108352030648724" lon="-122.77045812639052">
				<ele>1.1486546758620655</ele>
				<time>2026-09-21T23:39:13Z</time>
			</trkpt>
			<trkpt lat="48.10836598931827" lon="-122.7704274053894">
				<ele>1.1707194523412774</ele>
				<time>2026-09-21T23:39:15Z</time>
			</trkpt>
			<trkpt lat="48.10837597734959" lon="-122.77039939206762">
				<ele>1.142592874237959</ele>
				<time>2026-09-21T23:39:17Z</time>
			</trkpt>
			<trkpt lat="48.10838558498011" lon="-122.77037456172403">
				<ele>1.1749083232301345</ele>
				<time>2026-09-21T23:39:19Z</time>
			</trkpt>
			<trkpt lat="48.10840151261945" lon="-122.7703463960809">
				<ele>1.7643667419727898</ele>
				<time>2026-09-21T23:39:21Z</time>
			</trkpt>
			<trkpt lat="48.10841707385332" lon="-122.7703209898574">
				<ele>1.6383219913110096</ele>
				<time>2026-09-21T23:39:23Z</time>
			</trkpt>
			<trkpt lat="48.10843186599435" lon="-122.7703012213423">
				<ele>1.3577697619372913</ele>
				<time>2026-09-21T23:39:25Z</time>
			</trkpt>
			<trkpt lat="48.1084493168016" lon="-122.77027842089412">
				<ele>1.3623637695196926</ele>
				<time>2026-09-21T23:39:27Z</time>
			</trkpt>
			<trkpt lat="48.10846899878192" lon="-122.77025231475258">
				<ele>1.3120701232692156</ele>
				<time>2026-09-21T23:39:29Z</time>
			</trkpt>
			<trkpt lat="48.10849119237836" lon="-122.77022449784855">
				<ele>1.2887177703042134</ele>
				<time>2026-09-21T23:39:31Z</time>
			</trkpt>
			<trkpt lat="48.108512273818654" lon="-122.77019704528765">
				<ele>1.273971219812939</ele>
				<time>2026-09-21T23:39:33Z</time>
			</trkpt>
			<trkpt lat="48.10853433450429" lon="-122.77016890401437">
				<ele>1.2421895892017396</ele>
				<time>2026-09-21T23:39:35Z</time>
			</trkpt>
			<trkpt lat="48.10855625480334" lon="-122.77013514950266">
				<ele>1.2565407702679714</ele>
				<time>2026-09-21T23:39:37Z</time>
			</trkpt>
			<trkpt lat="48.10857758266025" lon="-122.77010038808537">
				<ele>1.201222885874273</ele>
				<time>2026-09-21T23:39:39Z</time>
			</trkpt>
			<trkpt lat="48.10860079222265" lon="-122.77006670834763">
				<ele>1.1944271085252431</ele>
				<time>2026-09-21T23:39:41Z</time>
			</trkpt>
			<trkpt lat="48.108624124065585" lon="-122.7700365857892">
				<ele>1.1305477259859948</ele>
				<time>2026-09-21T23:39:43Z</time>
			</trkpt>
			<trkpt lat="48.10864806741526" lon="-122.77000842456901">
				<ele>1.119870770867351</ele>
				<time>2026-09-21T23:39:45Z</time>
			</trkpt>
			<trkpt lat="48.108671417884636" lon="-122.76997510652583">
				<ele>0.8932712097636504</ele>
				<time>2026-09-21T23:39:47Z</time>
			</trkpt>
			<trkpt lat="48.10866756063917" lon="-122.76994572419622">
				<ele>0.9935275844803293</ele>
				<time>2026-09-21T23:39:49Z</time>
			</trkpt>
			<trkpt lat="48.10864412198726" lon="-122.76991820615746">
				<ele>1.66094681666058</ele>
				<time>2026-09-21T23:39:52Z</time>
			</trkpt>
			<trkpt lat="48.10861889275772" lon="-122.76989843135034">
				<ele>1.5880244796386584</ele>
				<time>2026-09-21T23:39:54Z</time>
			</trkpt>
			<trkpt lat="48.10860015789284" lon="-122.76987414662784">
				<ele>1.410528194601902</ele>
				<time>2026-09-21T23:39:56Z</time>
			</trkpt>
			<trkpt lat="48.10858336493281" lon="-122.76984899977143">
				<ele>1.3966091557890508</ele>
				<time>2026-09-21T23:39:58Z</time>
			</trkpt>
			<trkpt lat="48.10856391824157" lon="-122.76982431284566">
				<ele>1.3648620681918615</ele>
				<time>2026-09-21T23:40:00Z</time>
			</trkpt>
			<trkpt lat="48.108545137759954" lon="-122.76980205734215">
				<ele>1.3504199813640128</ele>
				<time>2026-09-21T23:40:02Z</time>
			</trkpt>
			<trkpt lat="48.10852552239823" lon="-122.76977745281707">
				<ele>1.3025403564111393</ele>
				<time>2026-09-21T23:40:04Z</time>
			</trkpt>
			<trkpt lat="48.10850544325407" lon="-122.7697507701491">
				<ele>1.2697441527002553</ele>
				<time>2026-09-21T23:40:06Z</time>
			</trkpt>
			<trkpt lat="48.10848541474437" lon="-122.76972572664333">
				<ele>1.2532712570144895</ele>
				<time>2026-09-21T23:40:08Z</time>
			</trkpt>
			<trkpt lat="48.10846448665435" lon="-122.76969920392982">
				<ele>1.2141628195877772</ele>
				<time>2026-09-21T23:40:10Z</time>
			</trkpt>
			<trkpt lat="48.108446487846365" lon="-122.76967169446809">
				<ele>1.2110584775175823</ele>
				<time>2026-09-21T23:40:12Z</time>
			</trkpt>
			<trkpt lat="48.10843050129281" lon="-122.76964330437596">
				<ele>1.1990552238673686</ele>
				<time>2026-09-21T23:40:14Z</time>
			</trkpt>
			<trkpt lat="48.10841404026126" lon="-122.76961643598196">
				<ele>1.2050530100321737</ele>
				<time>2026-09-21T23:40:16Z</time>
			</trkpt>
			<trkpt lat="48.10839743737815" lon="-122.7695916033657">
				<ele>1.1957228594682654</ele>
				<time>2026-09-21T23:40:18Z</time>
			</trkpt>
			<trkpt lat="48.10838012387057" lon="-122.76956908512311">
				<ele>1.227701468808803</ele>
				<time>2026-09-21T23:40:20Z</time>
			</trkpt>
			<trkpt lat="48.10836274555602" lon="-122.76954652881949">
				<ele>1.1878300492624128</ele>
				<time>2026-09-21T23:40:22Z</time>
			</trkpt>
			<trkpt lat="48.108346347481074" lon="-122.7695262030871">
				<ele>1.2080750648721583</ele>
				<time>2026-09-21T23:40:24Z</time>
			</trkpt>
			<trkpt lat="48.10833055469816" lon="-122.76950462391093">
				<ele>1.1750843572783296</ele>
				<time>2026-09-21T23:40:26Z</time>
			</trkpt>
			<trkpt lat="48.10831428863662" lon="-122.76948425462349">
				<ele>1.1665707056039594</ele>
				<time>2026-09-21T23:40:28Z</time>
			</trkpt>
			<trkpt lat="48.108298118455174" lon="-122.76946326096287">
				<ele>1.1716576590728067</ele>
				<time>2026-09-21T23:40:30Z</time>
			</trkpt>
			<trkpt lat="48.108282242755116" lon="-122.76944227884256">
				<ele>1.213314946076867</ele>
				<time>2026-09-21T23:40:32Z</time>
			</trkpt>
			<trkpt lat="48.108265983915295" lon="-122.76942254474656">
				<ele>1.1976039729156156</ele>
				<time>2026-09-21T23:40:34Z</time>
			</trkpt>
			<trkpt lat="48.10824773766851" lon="-122.76940069482329">
				<ele>1.1648567075181049</ele>
				<time>2026-09-21T23:40:36Z</time>
			</trkpt>
			<trkpt lat="48.10822833689473" lon="-122.76937801568015">
				<ele>1.119874127227444</ele>
				<time>2026-09-21T23:40:38Z</time>
			</trkpt>
			<trkpt lat="48.10820870358473" lon="-122.76935524348109">
				<ele>1.1254605192727496</ele>
				<time>2026-09-21T23:40:40Z</time>
			</trkpt>
			<trkpt lat="48.10818979938522" lon="-122.76933091582885">
				<ele>1.1320445915830746</ele>
				<time>2026-09-21T23:40:42Z</time>
			</trkpt>
			<trkpt lat="48.10817099733079" lon="-122.76930705196564">
				<ele>1.1175543602580227</ele>
				<time>2026-09-21T23:40:44Z</time>
			</trkpt>
			<trkpt lat="48.108151744673876" lon="-122.76928130540342">
				<ele>1.1012475891218791</ele>
				<time>2026-09-21T23:40:46Z</time>
			</trkpt>
			<trkpt lat="48.108132474909084" lon="-122.76925458423129">
				<ele>1.1435849639493831</ele>
				<time>2026-09-21T23:40:48Z</time>
			</trkpt>
			<trkpt lat="48.10811577383646" lon="-122.7692261309714">
				<ele>1.2074987568310682</ele>
				<time>2026-09-21T23:40:50Z</time>
			</trkpt>
			<trkpt lat="48.10809875165242" lon="-122.76919790626658">
				<ele>1.2419388618143543</ele>
				<time>2026-09-21T23:40:52Z</time>
			</trkpt>
			<trkpt lat="48.10808268820012" lon="-122.76916838432032">
				<ele>1.2179373304486916</ele>
				<time>2026-09-21T23:40:54Z</time>
			</trkpt>
			<trkpt lat="48.10806707760723" lon="-122.76913965427745">
				<ele>1.163689683182131</ele>
				<time>2026-09-21T23:40:56Z</time>
			</trkpt>
			<trkpt lat="48.108051729659785" lon="-122.76911057419662">
				<ele>1.1547327116756847</ele>
				<time>2026-09-21T23:40:58Z</time>
			</trkpt>
			<trkpt lat="48.108037357186106" lon="-122.76908152897072">
				<ele>1.1315338544572349</ele>
				<time>2026-09-21T23:41:00Z</time>
			</trkpt>
			<trkpt lat="48.1080234258683" lon="-122.76905318867607">
				<ele>1.1284467999171</ele>
				<time>2026-09-21T23:41:02Z</time>
			</trkpt>
			<trkpt lat="48.10800956891267" lon="-122.76902864501172">
				<ele>1.1376915509786016</ele>
				<time>2026-09-21T23:41:04Z</time>
			</trkpt>
			<trkpt lat="48.107993368683985" lon="-122.76900473730734">
				<ele>1.1401470310770314</ele>
				<time>2026-09-21T23:41:06Z</time>
			</trkpt>
			<trkpt lat="48.107976722159414" lon="-122.76898096690965">
				<ele>1.084553634441484</ele>
				<time>2026-09-21T23:41:08Z</time>
			</trkpt>
			<trkpt lat="48.107960472555725" lon="-122.76895508966317">
				<ele>1.0760109664764101</ele>
				<time>2026-09-21T23:41:10Z</time>
			</trkpt>
			<trkpt lat="48.107943749044786" lon="-122.76892920421491">
				<ele>1.096577296578083</ele>
				<time>2026-09-21T23:41:12Z</time>
			</trkpt>
			<trkpt lat="48.107926712528496" lon="-122.7689033759412">
				<ele>1.1156072105161314</ele>
				<time>2026-09-21T23:41:14Z</time>
			</trkpt>
			<trkpt lat="48.10791042238522" lon="-122.7688776541391">
				<ele>1.1330445590968026</ele>
				<time>2026-09-21T23:41:16Z</time>
			</trkpt>
			<trkpt lat="48.10789455651996" lon="-122.7688512204753">
				<ele>1.1146525829299279</ele>
				<time>2026-09-21T23:41:18Z</time>
			</trkpt>
			<trkpt lat="48.107879265027215" lon="-122.76882408581264">
				<ele>1.0575509423243865</ele>
				<time>2026-09-21T23:41:20Z</time>
			</trkpt>
			<trkpt lat="48.1078647844103" lon="-122.76879632726651">
				<ele>1.0740038491097437</ele>
				<time>2026-09-21T23:41:22Z</time>
			</trkpt>
			<trkpt lat="48.10784996669915" lon="-122.76876744714451">
				<ele>1.0736738376127946</ele>
				<time>2026-09-21T23:41:24Z</time>
			</trkpt>
			<trkpt lat="48.10783482205246" lon="-122.76873860490244">
				<ele>1.1043412071192549</ele>
				<time>2026-09-21T23:41:26Z</time>
			</trkpt>
			<trkpt lat="48.107819649136154" lon="-122.76871099180191">
				<ele>1.1109899985197806</ele>
				<time>2026-09-21T23:41:28Z</time>
			</trkpt>
			<trkpt lat="48.10780433890643" lon="-122.76868328774201">
				<ele>1.1133559517209939</ele>
				<time>2026-09-21T23:41:30Z</time>
			</trkpt>
			<trkpt lat="48.10779017981166" lon="-122.7686564811191">
				<ele>1.1021141937223007</ele>
				<time>2026-09-21T23:41:32Z</time>
			</trkpt>
			<trkpt lat="48.1077759884861" lon="-122.76862894852283">
				<ele>1.1494426565057196</ele>
				<time>2026-09-21T23:41:34Z</time>
			</trkpt>
			<trkpt lat="48.10776214031567" lon="-122.76860098335119">
				<ele>1.0935244909262742</ele>
				<time>2026-09-21T23:41:36Z</time>
			</trkpt>
			<trkpt lat="48.107749491531635" lon="-122.76857392187229">
				<ele>1.1088455183865058</ele>
				<time>2026-09-21T23:41:38Z</time>
			</trkpt>
			<trkpt lat="48.10773715178186" lon="-122.76854822905449">
				<ele>1.1235614039981634</ele>
				<time>2026-09-21T23:41:40Z</time>
			</trkpt>
			<trkpt lat="48.1077250945938" lon="-122.76852159175075">
				<ele>1.084944903432394</ele>
				<time>2026-09-21T23:41:42Z</time>
			</trkpt>
			<trkpt lat="48.10771316666587" lon="-122.76849641499425">
				<ele>1.1091359477007927</ele>
				<time>2026-09-21T23:41:44Z</time>
			</trkpt>
			<trkpt lat="48.10770043168406" lon="-122.76847125375294">
				<ele>1.082922085521563</ele>
				<time>2026-09-21T23:41:46Z</time>
			</trkpt>
			<trkpt lat="48.10768747595471" lon="-122.7684465743632">
				<ele>1.0853227135406662</ele>
				<time>2026-09-21T23:41:48Z</time>
			</trkpt>
			<trkpt lat="48.107674761156446" lon="-122.7684214789117">
				<ele>1.0904075389399779</ele>
				<time>2026-09-21T23:41:50Z</time>
			</trkpt>
			<trkpt lat="48.10766175258492" lon="-122.76839702371205">
				<ele>1.1072669002451931</ele>
				<time>2026-09-21T23:41:52Z</time>
			</trkpt>
			<trkpt lat="48.10764786325776" lon="-122.76837171482471">
				<ele>1.0889325167731165</ele>
				<time>2026-09-21T23:41:54Z</time>
			</trkpt>
			<trkpt lat="48.1076360679242" lon="-122.76834384334977">
				<ele>1.1532043439644397</ele>
				<time>2026-09-21T23:41:56Z</time>
			</trkpt>
			<trkpt lat="48.10762191301431" lon="-122.76831744381553">
				<ele>1.2844659305389747</ele>
				<time>2026-09-21T23:41:58Z</time>
			</trkpt>
			<trkpt lat="48.10761062347006" lon="-122.76828906034031">
				<ele>1.2838422491490213</ele>
				<time>2026-09-21T23:42:00Z</time>
			</trkpt>
			<trkpt lat="48.107599304633546" lon="-122.76826163712137">
				<ele>1.1913028370828904</ele>
				<time>2026-09-21T23:42:02Z</time>
			</trkpt>
			<trkpt lat="48.107587485964885" lon="-122.76823346409681">
				<ele>1.2098128183539032</ele>
				<time>2026-09-21T23:42:04Z</time>
			</trkpt>
			<trkpt lat="48.10757612154197" lon="-122.76820499492788">
				<ele>1.2131128328731329</ele>
				<time>2026-09-21T23:42:06Z</time>
			</trkpt>
			<trkpt lat="48.10756461418188" lon="-122.76817636075901">
				<ele>1.1860581174701572</ele>
				<time>2026-09-21T23:42:08Z</time>
			</trkpt>
			<trkpt lat="48.10755336511297" lon="-122.7681465179229">
				<ele>1.2179770251726616</ele>
				<time>2026-09-21T23:42:10Z</time>
			</trkpt>
			<trkpt lat="48.10754291510664" lon="-122.76811569755583">
				<ele>1.181469508738484</ele>
				<time>2026-09-21T23:42:12Z</time>
			</trkpt>
			<trkpt lat="48.10753341811504" lon="-122.76808411743214">
				<ele>1.3702859625452781</ele>
				<time>2026-09-21T23:42:14Z</time>
			</trkpt>
			<trkpt lat="48.107522245769594" lon="-122.76805339012851">
				<ele>1.3875446233385738</ele>
				<time>2026-09-21T23:42:16Z</time>
			</trkpt>
			<trkpt lat="48.107510249875816" lon="-122.76802172283786">
				<ele>1.3392694961937828</ele>
				<time>2026-09-21T23:42:18Z</time>
			</trkpt>
			<trkpt lat="48.107496950474506" lon="-122.76799068088279">
				<ele>1.3729133529886433</ele>
				<time>2026-09-21T23:42:20Z</time>
			</trkpt>
			<trkpt lat="48.107483064245976" lon="-122.76796022643687">
				<ele>1.392452302860928</ele>
				<time>2026-09-21T23:42:22Z</time>
			</trkpt>
			<trkpt lat="48.10746794880402" lon="-122.76792954484752">
				<ele>1.379284727812852</ele>
				<time>2026-09-21T23:42:24Z</time>
			</trkpt>
			<trkpt lat="48.107452225113" lon="-122.76789577573044">
				<ele>1.37301542528375</ele>
				<time>2026-09-21T23:42:26Z</time>
			</trkpt>
			<trkpt lat="48.10743597738945" lon="-122.76786193803399">
				<ele>1.3556066599268597</ele>
				<time>2026-09-21T23:42:28Z</time>
			</trkpt>
			<trkpt lat="48.107418807521064" lon="-122.76782754064972">
				<ele>1.3307900423624552</ele>
				<time>2026-09-21T23:42:30Z</time>
			</trkpt>
			<trkpt lat="48.107401666067716" lon="-122.76779296958074">
				<ele>1.3293954583360517</ele>
				<time>2026-09-21T23:42:32Z</time>
			</trkpt>
			<trkpt lat="48.10738412477038" lon="-122.76775773299835">
				<ele>1.3192567775549087</ele>
				<time>2026-09-21T23:42:34Z</time>
			</trkpt>
			<trkpt lat="48.10736696904499" lon="-122.76772282056706">
				<ele>1.2663533770264657</ele>
				<time>2026-09-21T23:42:36Z</time>
			</trkpt>
			<trkpt lat="48.10735103470076" lon="-122.76768829771969">
				<ele>1.5416436687456034</ele>
				<time>2026-09-21T23:42:38Z</time>
			</trkpt>
			<trkpt lat="48.107334814148835" lon="-122.76765515844278">
				<ele>1.4610748733357148</ele>
				<time>2026-09-21T23:42:40Z</time>
			</trkpt>
			<trkpt lat="48.107323031705164" lon="-122.76762217224046">
				<ele>1.2403247223670597</ele>
				<time>2026-09-21T23:42:42Z</time>
			</trkpt>
			<trkpt lat="48.10731419904258" lon="-122.76758995202516">
				<ele>1.2566432567261963</ele>
				<time>2026-09-21T23:42:44Z</time>
			</trkpt>
			<trkpt lat="48.10730422494287" lon="-122.76755985731765">
				<ele>1.2721549352291</ele>
				<time>2026-09-21T23:42:46Z</time>
			</trkpt>
			<trkpt lat="48.107289742979326" lon="-122.76753643308496">
				<ele>1.3351917188366649</ele>
				<time>2026-09-21T23:42:48Z</time>
			</trkpt>
			<trkpt lat="48.10727637026283" lon="-122.76751093539585">
				<ele>1.2112326523485955</ele>
				<time>2026-09-21T23:42:50Z</time>
			</trkpt>
			<trkpt lat="48.10726396506081" lon="-122.76748583486032">
				<ele>1.2073096688549185</ele>
				<time>2026-09-21T23:42:52Z</time>
			</trkpt>
			<trkpt lat="48.107250980916845" lon="-122.76746106079486">
				<ele>1.150862747764048</ele>
				<time>2026-09-21T23:42:54Z</time>
			</trkpt>
			<trkpt lat="48.107239702091825" lon="-122.76743525593689">
				<ele>1.1073586463462775</ele>
				<time>2026-09-21T23:42:56Z</time>
			</trkpt>
			<trkpt lat="48.10722676292473" lon="-122.76740825748385">
				<ele>1.1347096043678064</ele>
				<time>2026-09-21T23:42:58Z</time>
			</trkpt>
			<trkpt lat="48.107214274101025" lon="-122.76738307644541">
				<ele>1.14858903644312</ele>
				<time>2026-09-21T23:43:00Z</time>
			</trkpt>
			<trkpt lat="48.10720223710406" lon="-122.76735578296241">
				<ele>1.125427654820168</ele>
				<time>2026-09-21T23:43:02Z</time>
			</trkpt>
			<trkpt lat="48.1071909064282" lon="-122.7673287663808">
				<ele>1.1209981909250182</ele>
				<time>2026-09-21T23:43:04Z</time>
			</trkpt>
			<trkpt lat="48.10717997349125" lon="-122.76729968541753">
				<ele>1.1375375323740222</ele>
				<time>2026-09-21T23:43:06Z</time>
			</trkpt>
			<trkpt lat="48.10716983717178" lon="-122.76727591093247">
				<ele>1.1337029291328555</ele>
				<time>2026-09-21T23:43:08Z</time>
			</trkpt>
			<trkpt lat="48.1071584823026" lon="-122.76725147104406">
				<ele>1.158083940269787</ele>
				<time>2026-09-21T23:43:10Z</time>
			</trkpt>
			<trkpt lat="48.107148821520305" lon="-122.76722617734922">
				<ele>1.1737477108132879</ele>
				<time>2026-09-21T23:43:12Z</time>
			</trkpt>
			<trkpt lat="48.10713958349054" lon="-122.76720104847584">
				<ele>1.118147979757591</ele>
				<time>2026-09-21T23:43:14Z</time>
			</trkpt>
			<trkpt lat="48.107134598306374" lon="-122.76717415369274">
				<ele>1.14399309344655</ele>
				<time>2026-09-21T23:43:16Z</time>
			</trkpt>
			<trkpt lat="48.107133058825106" lon="-122.76714601650434">
				<ele>1.2599557193871647</ele>
				<time>2026-09-21T23:43:18Z</time>
			</trkpt>
			<trkpt lat="48.10713051793352" lon="-122.76711819110864">
				<ele>1.2540854793983875</ele>
				<time>2026-09-21T23:43:20Z</time>
			</trkpt>
			<trkpt lat="48.10712820295243" lon="-122.76708896803652">
				<ele>1.2179868182152198</ele>
				<time>2026-09-21T23:43:22Z</time>
			</trkpt>
			<trkpt lat="48.10712568699091" lon="-122.76705011746479">
				<ele>1.2582032828448568</ele>
				<time>2026-09-21T23:43:25Z</time>
			</trkpt>
			<trkpt lat="48.107125784366026" lon="-122.76702142252252">
				<ele>1.1625960935077977</ele>
				<time>2026-09-21T23:43:27Z</time>
			</trkpt>
			<trkpt lat="48.10712527331698" lon="-122.76699334269902">
				<ele>1.1490886827531597</ele>
				<time>2026-09-21T23:43:29Z</time>
			</trkpt>
			<trkpt lat="48.107124374015825" lon="-122.76695524364199">
				<ele>1.063730314462127</ele>
				<time>2026-09-21T23:43:32Z</time>
			</trkpt>
			<trkpt lat="48.1071210038113" lon="-122.76692074698119">
				<ele>0.8793476078015523</ele>
				<time>2026-09-21T23:43:35Z</time>
			</trkpt>
			<trkpt lat="48.10711385485956" lon="-122.76689278374742">
				<ele>0.7934988515014503</ele>
				<time>2026-09-21T23:43:37Z</time>
			</trkpt>
			<trkpt lat="48.107110589730766" lon="-122.7668630632613">
				<ele>0.9886494690780445</ele>
				<time>2026-09-21T23:43:39Z</time>
			</trkpt>
			<trkpt lat="48.10710820825909" lon="-122.76683393773372">
				<ele>0.9821588398072727</ele>
				<time>2026-09-21T23:43:41Z</time>
			</trkpt>
			<trkpt lat="48.107102014314265" lon="-122.76679576982772">
				<ele>1.030681129945524</ele>
				<time>2026-09-21T23:43:43Z</time>
			</trkpt>
			<trkpt lat="48.10709725132081" lon="-122.76675934296149">
				<ele>1.0279135235291257</ele>
				<time>2026-09-21T23:43:45Z</time>
			</trkpt>
			<trkpt lat="48.10709284985431" lon="-122.76672162762823">
				<ele>1.0238129857263978</ele>
				<time>2026-09-21T23:43:47Z</time>
			</trkpt>
			<trkpt lat="48.107087821827214" lon="-122.76668178255542">
				<ele>1.0587802710911056</ele>
				<time>2026-09-21T23:43:49Z</time>
			</trkpt>
			<trkpt lat="48.10708265478323" lon="-122.76664418154719">
				<ele>1.0437465440574591</ele>
				<time>2026-09-21T23:43:51Z</time>
			</trkpt>
			<trkpt lat="48.10707732007801" lon="-122.76660759130561">
				<ele>0.9449053140948855</ele>
				<time>2026-09-21T23:43:53Z</time>
			</trkpt>
			<trkpt lat="48.107072974038005" lon="-122.76657380352479">
				<ele>0.9899988224640701</ele>
				<time>2026-09-21T23:43:55Z</time>
			</trkpt>
			<trkpt lat="48.10707093591537" lon="-122.76653736757623">
				<ele>0.9702280802604761</ele>
				<time>2026-09-21T23:43:57Z</time>
			</trkpt>
			<trkpt lat="48.1070687398885" lon="-122.76650310718867">
				<ele>1.0201083328436837</ele>
				<time>2026-09-21T23:43:59Z</time>
			</trkpt>
			<trkpt lat="48.10706535767143" lon="-122.76646887482397">
				<ele>1.075547761513743</ele>
				<time>2026-09-21T23:44:01Z</time>
			</trkpt>
			<trkpt lat="48.107059500329356" lon="-122.76643544682531">
				<ele>1.0662194551726323</ele>
				<time>2026-09-21T23:44:03Z</time>
			</trkpt>
			<trkpt lat="48.10705297262263" lon="-122.76640335282822">
				<ele>1.0851555314319725</ele>
				<time>2026-09-21T23:44:05Z</time>
			</trkpt>
			<trkpt lat="48.10704982152886" lon="-122.76636895038112">
				<ele>0.7389258885806989</ele>
				<time>2026-09-21T23:44:07Z</time>
			</trkpt>
			<trkpt lat="48.10704456087937" lon="-122.76633013788705">
				<ele>0.7282933621763803</ele>
				<time>2026-09-21T23:44:09Z</time>
			</trkpt>
			<trkpt lat="48.107041932333175" lon="-122.76628922400681">
				<ele>0.7884353498602437</ele>
				<time>2026-09-21T23:44:11Z</time>
			</trkpt>
			<trkpt lat="48.10703432512228" lon="-122.76625004853493">
				<ele>0.7945250346524304</ele>
				<time>2026-09-21T23:44:13Z</time>
			</trkpt>
			<trkpt lat="48.10703142198126" lon="-122.76621360727474">
				<ele>0.8315123509897049</ele>
				<time>2026-09-21T23:44:15Z</time>
			</trkpt>
			<trkpt lat="48.107028101364726" lon="-122.76617726955993">
				<ele>0.8295218466462053</ele>
				<time>2026-09-21T23:44:17Z</time>
			</trkpt>
			<trkpt lat="48.107024764646184" lon="-122.76614235476714">
				<ele>0.9010112290088372</ele>
				<time>2026-09-21T23:44:19Z</time>
			</trkpt>
			<trkpt lat="48.1070214095871" lon="-122.7661081189549">
				<ele>0.8972876732368178</ele>
				<time>2026-09-21T23:44:21Z</time>
			</trkpt>
			<trkpt lat="48.10701738229372" lon="-122.7660752791185">
				<ele>0.9461469393807889</ele>
				<time>2026-09-21T23:44:23Z</time>
			</trkpt>
			<trkpt lat="48.107011878174255" lon="-122.76604186014241">
				<ele>0.9418114027267279</ele>
				<time>2026-09-21T23:44:25Z</time>
			</trkpt>
			<trkpt lat="48.10700681637981" lon="-122.7660060647228">
				<ele>0.9493341051016593</ele>
				<time>2026-09-21T23:44:27Z</time>
			</trkpt>
			<trkpt lat="48.10700115486512" lon="-122.76597380566072">
				<ele>0.9596605381187899</ele>
				<time>2026-09-21T23:44:29Z</time>
			</trkpt>
			<trkpt lat="48.106996019435876" lon="-122.76594158350505">
				<ele>1.0258019412635093</ele>
				<time>2026-09-21T23:44:31Z</time>
			</trkpt>
			<trkpt lat="48.106991698263485" lon="-122.7659089960175">
				<ele>1.1356238511663435</ele>
				<time>2026-09-21T23:44:33Z</time>
			</trkpt>
			<trkpt lat="48.10698645589606" lon="-122.76587571385254">
				<ele>1.1252295803397594</ele>
				<time>2026-09-21T23:44:35Z</time>
			</trkpt>
			<trkpt lat="48.10698198909778" lon="-122.76584285902211">
				<ele>1.1180547550958728</ele>
				<time>2026-09-21T23:44:37Z</time>
			</trkpt>
			<trkpt lat="48.10697831298777" lon="-122.7658072797257">
				<ele>1.130135116905226</ele>
				<time>2026-09-21T23:44:39Z</time>
			</trkpt>
			<trkpt lat="48.10697641773935" lon="-122.76577129163489">
				<ele>1.085923829234396</ele>
				<time>2026-09-21T23:44:41Z</time>
			</trkpt>
			<trkpt lat="48.10697318648269" lon="-122.76573813761057">
				<ele>1.1392661554251688</ele>
				<time>2026-09-21T23:44:43Z</time>
			</trkpt>
			<trkpt lat="48.10697136227046" lon="-122.76570649611038">
				<ele>1.1366989157879317</ele>
				<time>2026-09-21T23:44:45Z</time>
			</trkpt>
			<trkpt lat="48.10696691679524" lon="-122.7656719452926">
				<ele>1.1882875225018452</ele>
				<time>2026-09-21T23:44:47Z</time>
			</trkpt>
			<trkpt lat="48.10696796769237" lon="-122.76563507513217">
				<ele>1.0672541139065252</ele>
				<time>2026-09-21T23:44:49Z</time>
			</trkpt>
			<trkpt lat="48.10696511891324" lon="-122.76560101953041">
				<ele>0.9712071406861931</ele>
				<time>2026-09-21T23:44:51Z</time>
			</trkpt>
			<trkpt lat="48.106959866247486" lon="-122.7655650323256">
				<ele>0.9880398751956427</ele>
				<time>2026-09-21T23:44:53Z</time>
			</trkpt>
			<trkpt lat="48.1069529783251" lon="-122.76552656741018">
				<ele>0.9815031404158034</ele>
				<time>2026-09-21T23:44:55Z</time>
			</trkpt>
			<trkpt lat="48.106950549699015" lon="-122.76548684113502">
				<ele>0.6913740578143894</ele>
				<time>2026-09-21T23:44:57Z</time>
			</trkpt>
			<trkpt lat="48.10695625839069" lon="-122.76545476538394">
				<ele>0.6985560623735978</ele>
				<time>2026-09-21T23:44:59Z</time>
			</trkpt>
			<trkpt lat="48.106970825408055" lon="-122.7654329860986">
				<ele>0.9028773501654506</ele>
				<time>2026-09-21T23:45:02Z</time>
			</trkpt>
			<trkpt lat="48.10699074620704" lon="-122.76542176431295">
				<ele>0.8915863708023757</ele>
				<time>2026-09-21T23:45:04Z</time>
			</trkpt>
			<trkpt lat="48.107015024665166" lon="-122.76540500745674">
				<ele>0.9195724610563509</ele>
				<time>2026-09-21T23:45:06Z</time>
			</trkpt>
			<trkpt lat="48.10703806455542" lon="-122.76538961938837">
				<ele>0.9493651652585804</ele>
				<time>2026-09-21T23:45:08Z</time>
			</trkpt>
			<trkpt lat="48.1070588552288" lon="-122.76537531678493">
				<ele>1.0464408966252314</ele>
				<time>2026-09-21T23:45:10Z</time>
			</trkpt>
			<trkpt lat="48.10708181387797" lon="-122.76536155006188">
				<ele>0.9107935580128803</ele>
				<time>2026-09-21T23:45:12Z</time>
			</trkpt>
			<trkpt lat="48.107102172983936" lon="-122.76534387181938">
				<ele>0.9056740049196641</ele>
				<time>2026-09-21T23:45:14Z</time>
			</trkpt>
			<trkpt lat="48.10712761115226" lon="-122.76532165685478">
				<ele>0.9132571131919924</ele>
				<time>2026-09-21T23:45:16Z</time>
			</trkpt>
			<trkpt lat="48.10714654355431" lon="-122.76529908873115">
				<ele>0.9927197365093825</ele>
				<time>2026-09-21T23:45:18Z</time>
			</trkpt>
			<trkpt lat="48.10716748404031" lon="-122.76527889697925">
				<ele>1.0161076738974586</ele>
				<time>2026-09-21T23:45:20Z</time>
			</trkpt>
			<trkpt lat="48.10718784054366" lon="-122.76525966441268">
				<ele>1.0278230828510324</ele>
				<time>2026-09-21T23:45:22Z</time>
			</trkpt>
			<trkpt lat="48.107210277332115" lon="-122.76524149204604">
				<ele>1.0448897986559764</ele>
				<time>2026-09-21T23:45:24Z</time>
			</trkpt>
			<trkpt lat="48.10723067083075" lon="-122.76522465280803">
				<ele>1.0629616227900485</ele>
				<time>2026-09-21T23:45:26Z</time>
			</trkpt>
			<trkpt lat="48.107251278002735" lon="-122.76520819469488">
				<ele>1.050153254346128</ele>
				<time>2026-09-21T23:45:28Z</time>
			</trkpt>
			<trkpt lat="48.10727136077147" lon="-122.76519361261265">
				<ele>1.067390870819949</ele>
				<time>2026-09-21T23:45:30Z</time>
			</trkpt>
			<trkpt lat="48.10729069249176" lon="-122.76517967228058">
				<ele>1.1210492890202985</ele>
				<time>2026-09-21T23:45:32Z</time>
			</trkpt>
			<trkpt lat="48.107310342532465" lon="-122.76516487976974">
				<ele>1.1248313874952736</ele>
				<time>2026-09-21T23:45:34Z</time>
			</trkpt>
			<trkpt lat="48.10732948971866" lon="-122.76514977551875">
				<ele>1.0568302708007309</ele>
				<time>2026-09-21T23:45:36Z</time>
			</trkpt>
			<trkpt lat="48.107350091910185" lon="-122.76513725845834">
				<ele>1.0825220851426103</ele>
				<time>2026-09-21T23:45:38Z</time>
			</trkpt>
			<trkpt lat="48.107371034012374" lon="-122.76512599533493">
				<ele>1.0932922323404384</ele>
				<time>2026-09-21T23:45:40Z</time>
			</trkpt>
			<trkpt lat="48.10738757649459" lon="-122.76510978345749">
				<ele>1.1099008656571847</ele>
				<time>2026-09-21T23:45:42Z</time>
			</trkpt>
			<trkpt lat="48.1074056889798" lon="-122.76509597949375">
				<ele>1.0406460199660792</ele>
				<time>2026-09-21T23:45:44Z</time>
			</trkpt>
			<trkpt lat="48.107424639364545" lon="-122.76508927645675">
				<ele>1.0945581027984872</ele>
				<time>2026-09-21T23:45:46Z</time>
			</trkpt>
			<trkpt lat="48.10744487652566" lon="-122.76508189694333">
				<ele>1.0464787393898582</ele>
				<time>2026-09-21T23:45:48Z</time>
			</trkpt>
			<trkpt lat="48.10746539517332" lon="-122.76507517271668">
				<ele>1.0171201091249173</ele>
				<time>2026-09-21T23:45:50Z</time>
			</trkpt>
			<trkpt lat="48.107484211432464" lon="-122.76506404292682">
				<ele>1.021356850997858</ele>
				<time>2026-09-21T23:45:52Z</time>
			</trkpt>
			<trkpt lat="48.107502752729864" lon="-122.76505926083465">
				<ele>1.0049288876735822</ele>
				<time>2026-09-21T23:45:54Z</time>
			</trkpt>
			<trkpt lat="48.10752203840966" lon="-122.76505739402138">
				<ele>0.97067870796932</ele>
				<time>2026-09-21T23:45:56Z</time>
			</trkpt>
			<trkpt lat="48.10754076648641" lon="-122.76505790185357">
				<ele>0.9848088954524705</ele>
				<time>2026-09-21T23:45:58Z</time>
			</trkpt>
			<trkpt lat="48.10756379936408" lon="-122.76505896074451">
				<ele>0.7332925303941522</ele>
				<time>2026-09-21T23:46:00Z</time>
			</trkpt>
			<trkpt lat="48.10758560168204" lon="-122.7650594490492">
				<ele>0.6772285554003616</ele>
				<time>2026-09-21T23:46:02Z</time>
			</trkpt>
			<trkpt lat="48.107605477561414" lon="-122.76505945736263">
				<ele>0.7757813204452901</ele>
				<time>2026-09-21T23:46:04Z</time>
			</trkpt>
			<trkpt lat="48.10762514023905" lon="-122.76505768325316">
				<ele>0.8295699736025739</ele>
				<time>2026-09-21T23:46:06Z</time>
			</trkpt>
			<trkpt lat="48.107645081128474" lon="-122.76505984062939">
				<ele>0.7536764432128571</ele>
				<time>2026-09-21T23:46:08Z</time>
			</trkpt>
			<trkpt lat="48.10766559267828" lon="-122.76506272525812">
				<ele>0.7759390755498963</ele>
				<time>2026-09-21T23:46:10Z</time>
			</trkpt>
			<trkpt lat="48.107686772056965" lon="-122.76506285759577">
				<ele>0.7430302868318819</ele>
				<time>2026-09-21T23:46:12Z</time>
			</trkpt>
			<trkpt lat="48.10770806330467" lon="-122.76506154078706">
				<ele>0.7724562302714979</ele>
				<time>2026-09-21T23:46:14Z</time>
			</trkpt>
			<trkpt lat="48.10772871947418" lon="-122.76506013144248">
				<ele>0.7638462137026565</ele>
				<time>2026-09-21T23:46:16Z</time>
			</trkpt>
			<trkpt lat="48.10774870473134" lon="-122.76505765106182">
				<ele>0.7691693581646071</ele>
				<time>2026-09-21T23:46:18Z</time>
			</trkpt>
			<trkpt lat="48.1077666204421" lon="-122.76505291991302">
				<ele>0.8507733111764288</ele>
				<time>2026-09-21T23:46:20Z</time>
			</trkpt>
			<trkpt lat="48.107793861675795" lon="-122.76506469860752">
				<ele>0.7216249834922692</ele>
				<time>2026-09-21T23:46:23Z</time>
			</trkpt>
			<trkpt lat="48.107813958722616" lon="-122.765077377173">
				<ele>0.7415805032930933</ele>
				<time>2026-09-21T23:46:25Z</time>
			</trkpt>
			<trkpt lat="48.10783474558802" lon="-122.7650913640438">
				<ele>0.795317540399612</ele>
				<time>2026-09-21T23:46:27Z</time>
			</trkpt>
			<trkpt lat="48.107856202155" lon="-122.76510749259096">
				<ele>0.8651381301358967</ele>
				<time>2026-09-21T23:46:29Z</time>
			</trkpt>
			<trkpt lat="48.10787716534331" lon="-122.76512508283292">
				<ele>0.8903925482586992</ele>
				<time>2026-09-21T23:46:31Z</time>
			</trkpt>
			<trkpt lat="48.107899363690095" lon="-122.76514532112883">
				<ele>0.9219780975431817</ele>
				<time>2026-09-21T23:46:33Z</time>
			</trkpt>
			<trkpt lat="48.10792059397751" lon="-122.76517045544678">
				<ele>0.9809247818573823</ele>
				<time>2026-09-21T23:46:35Z</time>
			</trkpt>
			<trkpt lat="48.107939541279315" lon="-122.76519784848918">
				<ele>0.9473582859871996</ele>
				<time>2026-09-21T23:46:37Z</time>
			</trkpt>
			<trkpt lat="48.107952501387814" lon="-122.76522650346344">
				<ele>0.9674299473192711</ele>
				<time>2026-09-21T23:46:39Z</time>
			</trkpt>
			<trkpt lat="48.10796198561331" lon="-122.76526289498008">
				<ele>0.9746009752352656</ele>
				<time>2026-09-21T23:46:41Z</time>
			</trkpt>
			<trkpt lat="48.107972079148546" lon="-122.76529834252014">
				<ele>1.0001375085601047</ele>
				<time>2026-09-21T23:46:43Z</time>
			</trkpt>
			<trkpt lat="48.107980588418826" lon="-122.7653336529061">
				<ele>0.9613535020614243</ele>
				<time>2026-09-21T23:46:45Z</time>
			</trkpt>
			<trkpt lat="48.107988278786465" lon="-122.76536817196032">
				<ele>0.9813361977937838</ele>
				<time>2026-09-21T23:46:47Z</time>
			</trkpt>
			<trkpt lat="48.107996749828985" lon="-122.76540334767462">
				<ele>1.0010796869281684</ele>
				<time>2026-09-21T23:46:49Z</time>
			</trkpt>
			<trkpt lat="48.10800461395951" lon="-122.76543682915278">
				<ele>1.0152279796971229</ele>
				<time>2026-09-21T23:46:51Z</time>
			</trkpt>
			<trkpt lat="48.10801195036733" lon="-122.76546781566267">
				<ele>1.0301449724030363</ele>
				<time>2026-09-21T23:46:53Z</time>
			</trkpt>
			<trkpt lat="48.108018517588164" lon="-122.7654986143156">
				<ele>1.0040824972811038</ele>
				<time>2026-09-21T23:46:55Z</time>
			</trkpt>
			<trkpt lat="48.10802513149028" lon="-122.76553106313966">
				<ele>0.9783257581742042</ele>
				<time>2026-09-21T23:46:57Z</time>
			</trkpt>
			<trkpt lat="48.108031543706375" lon="-122.76556222336174">
				<ele>0.9522540502491061</ele>
				<time>2026-09-21T23:46:59Z</time>
			</trkpt>
			<trkpt lat="48.10803796176735" lon="-122.76559418432109">
				<ele>1.004658459512303</ele>
				<time>2026-09-21T23:47:01Z</time>
			</trkpt>
			<trkpt lat="48.10804400274308" lon="-122.76562858745432">
				<ele>0.9769674804622461</ele>
				<time>2026-09-21T23:47:03Z</time>
			</trkpt>
			<trkpt lat="48.10805046458791" lon="-122.76566100773383">
				<ele>1.000433812486886</ele>
				<time>2026-09-21T23:47:05Z</time>
			</trkpt>
			<trkpt lat="48.10805781827539" lon="-122.7656953113868">
				<ele>0.999387718988995</ele>
				<time>2026-09-21T23:47:07Z</time>
			</trkpt>
			<trkpt lat="48.10806545912874" lon="-122.76572919579152">
				<ele>1.0290535303092128</ele>
				<time>2026-09-21T23:47:09Z</time>
			</trkpt>
			<trkpt lat="48.108072656776756" lon="-122.76576521627453">
				<ele>1.0302513703138096</ele>
				<time>2026-09-21T23:47:11Z</time>
			</trkpt>
			<trkpt lat="48.10808180944982" lon="-122.76580032445594">
				<ele>0.9876333811451339</ele>
				<time>2026-09-21T23:47:13Z</time>
			</trkpt>
			<trkpt lat="48.108090668848405" lon="-122.76583672699591">
				<ele>1.0022712754813377</ele>
				<time>2026-09-21T23:47:15Z</time>
			</trkpt>
			<trkpt lat="48.10810008193628" lon="-122.76587195217122">
				<ele>1.0647495553087865</ele>
				<time>2026-09-21T23:47:17Z</time>
			</trkpt>
			<trkpt lat="48.10810856743984" lon="-122.76590677726041">
				<ele>1.0499302751888706</ele>
				<time>2026-09-21T23:47:19Z</time>
			</trkpt>
			<trkpt lat="48.108117217178204" lon="-122.76594194133544">
				<ele>1.042562971419997</ele>
				<time>2026-09-21T23:47:21Z</time>
			</trkpt>
			<trkpt lat="48.10812544375211" lon="-122.76597811708686">
				<ele>1.0186957126568927</ele>
				<time>2026-09-21T23:47:23Z</time>
			</trkpt>
			<trkpt lat="48.1081342760955" lon="-122.76601477638899">
				<ele>1.021297437073855</ele>
				<time>2026-09-21T23:47:25Z</time>
			</trkpt>
			<trkpt lat="48.108142825654916" lon="-122.76605247218828">
				<ele>0.8339369544450754</ele>
				<time>2026-09-21T23:47:27Z</time>
			</trkpt>
			<trkpt lat="48.10815474698062" lon="-122.76608963311948">
				<ele>0.9274050657854715</ele>
				<time>2026-09-21T23:47:29Z</time>
			</trkpt>
			<trkpt lat="48.108165945984865" lon="-122.76612661302359">
				<ele>1.0891622600530617</ele>
				<time>2026-09-21T23:47:31Z</time>
			</trkpt>
			<trkpt lat="48.108177360749636" lon="-122.76616362303103">
				<ele>1.0734529614024204</ele>
				<time>2026-09-21T23:47:33Z</time>
			</trkpt>
			<trkpt lat="48.108189936197995" lon="-122.76620374557493">
				<ele>1.0950305482234448</ele>
				<time>2026-09-21T23:47:35Z</time>
			</trkpt>
			<trkpt lat="48.10819862669259" lon="-122.76624684584596">
				<ele>1.075582489387557</ele>
				<time>2026-09-21T23:47:37Z</time>
			</trkpt>
			<trkpt lat="48.10820857402136" lon="-122.76628778609722">
				<ele>1.022987931536715</ele>
				<time>2026-09-21T23:47:39Z</time>
			</trkpt>
			<trkpt lat="48.10822012413791" lon="-122.76632891088765">
				<ele>1.0621658796411388</ele>
				<time>2026-09-21T23:47:41Z</time>
			</trkpt>
			<trkpt lat="48.10822986376242" lon="-122.76636960895223">
				<ele>1.0337880196768303</ele>
				<time>2026-09-21T23:47:43Z</time>
			</trkpt>
			<trkpt lat="48.10823966967949" lon="-122.7664088440133">
				<ele>0.99560696299584</ele>
				<time>2026-09-21T23:47:45Z</time>
			</trkpt>
			<trkpt lat="48.10824783219773" lon="-122.7664490913348">
				<ele>0.9894439500060486</ele>
				<time>2026-09-21T23:47:47Z</time>
			</trkpt>
			<trkpt lat="48.1082535655327" lon="-122.76648790488342">
				<ele>1.0608982613166305</ele>
				<time>2026-09-21T23:47:49Z</time>
			</trkpt>
			<trkpt lat="48.108259321835966" lon="-122.76652496759996">
				<ele>1.023685275444997</ele>
				<time>2026-09-21T23:47:51Z</time>
			</trkpt>
			<trkpt lat="48.10826844644283" lon="-122.76655718544313">
				<ele>0.895260749695062</ele>
				<time>2026-09-21T23:47:53Z</time>
			</trkpt>
			<trkpt lat="48.108256965890526" lon="-122.76659055652422">
				<ele>0.5841513811460821</ele>
				<time>2026-09-21T23:47:55Z</time>
			</trkpt>
			<trkpt lat="48.10824682818894" lon="-122.76661375824821">
				<ele>0.7270942368020457</ele>
				<time>2026-09-21T23:47:57Z</time>
			</trkpt>
			<trkpt lat="48.1082305870132" lon="-122.76662774382598">
				<ele>0.5083136521509672</ele>
				<time>2026-09-21T23:47:59Z</time>
			</trkpt>
			<trkpt lat="48.10821340329914" lon="-122.76663639426197">
				<ele>0.6943132992522436</ele>
				<time>2026-09-21T23:48:01Z</time>
			</trkpt>
			<trkpt lat="48.10820600742921" lon="-122.76667004325003">
				<ele>1.0308398214275662</ele>
				<time>2026-09-21T23:48:04Z</time>
			</trkpt>
			<trkpt lat="48.108201098345404" lon="-122.76670873988436">
				<ele>0.9509930154049471</ele>
				<time>2026-09-21T23:48:07Z</time>
			</trkpt>
			<trkpt lat="48.108203505972924" lon="-122.7667405348373">
				<ele>1.265713267023859</ele>
				<time>2026-09-21T23:48:10Z</time>
			</trkpt>
			<trkpt lat="48.10820468831491" lon="-122.76677364440367">
				<ele>1.132372088190703</ele>
				<time>2026-09-21T23:48:14Z</time>
			</trkpt>
			<trkpt lat="48.10819329150289" lon="-122.76680755121498">
				<ele>1.3769826601422608</ele>
				<time>2026-09-21T23:48:18Z</time>
			</trkpt>
			<trkpt lat="48.108171582691234" lon="-122.76680554559334">
				<ele>1.2517636024020575</ele>
				<time>2026-09-21T23:48:22Z</time>
			</trkpt>
			<trkpt lat="48.10814796340926" lon="-122.76678550863032">
				<ele>1.3250504298861578</ele>
				<time>2026-09-21T23:48:26Z</time>
			</trkpt>
			<trkpt lat="48.10813402238088" lon="-122.7667505766132">
				<ele>0.8701969510061787</ele>
				<time>2026-09-21T23:48:29Z</time>
			</trkpt>
			<trkpt lat="48.108129711732296" lon="-122.76672057275286">
				<ele>1.1879468694915545</ele>
				<time>2026-09-21T23:48:31Z</time>
			</trkpt>
			<trkpt lat="48.108128900374865" lon="-122.7666886519792">
				<ele>1.0494742122705816</ele>
				<time>2026-09-21T23:48:34Z</time>
			</trkpt>
			<trkpt lat="48.10812741436568" lon="-122.76665433657155">
				<ele>1.1367635414595583</ele>
				<time>2026-09-21T23:48:37Z</time>
			</trkpt>
			<trkpt lat="48.10812367954548" lon="-122.76661435240199">
				<ele>1.1733120899818346</ele>
				<time>2026-09-21T23:48:40Z</time>
			</trkpt>
			<trkpt lat="48.10812036965606" lon="-122.76658578726943">
				<ele>1.1483026767909337</ele>
				<time>2026-09-21T23:48:42Z</time>
			</trkpt>
			<trkpt lat="48.10811911536769" lon="-122.76655775667382">
				<ele>0.9379662058803753</ele>
				<time>2026-09-21T23:48:44Z</time>
			</trkpt>
			<trkpt lat="48.1081156891639" lon="-122.76652836466431">
				<ele>1.7480674514392334</ele>
				<time>2026-09-21T23:48:46Z</time>
			</trkpt>
			<trkpt lat="48.108114496252284" lon="-122.76649348790504">
				<ele>1.5481469926846856</ele>
				<time>2026-09-21T23:48:48Z</time>
			</trkpt>
			<trkpt lat="48.10811236500572" lon="-122.76646575993567">
				<ele>1.5159811229412874</ele>
				<time>2026-09-21T23:48:50Z</time>
			</trkpt>
			<trkpt lat="48.10811113346918" lon="-122.7664368935382">
				<ele>1.4665447714342328</ele>
				<time>2026-09-21T23:48:52Z</time>
			</trkpt>
			<trkpt lat="48.10810969820242" lon="-122.76640986612593">
				<ele>1.3826350648253012</ele>
				<time>2026-09-21T23:48:54Z</time>
			</trkpt>
			<trkpt lat="48.108108175552346" lon="-122.76638006189275">
				<ele>1.396421672370952</ele>
				<time>2026-09-21T23:48:56Z</time>
			</trkpt>
			<trkpt lat="48.10810688853524" lon="-122.76635107117639">
				<ele>1.3590909246197143</ele>
				<time>2026-09-21T23:48:58Z</time>
			</trkpt>
			<trkpt lat="48.10810247238387" lon="-122.76631025410552">
				<ele>1.4753672706031402</ele>
				<time>2026-09-21T23:49:01Z</time>
			</trkpt>
			<trkpt lat="48.108094040104035" lon="-122.76628370748647">
				<ele>1.4150585275458596</ele>
				<time>2026-09-21T23:49:03Z</time>
			</trkpt>
			<trkpt lat="48.10808704457717" lon="-122.76625441662586">
				<ele>1.3954571553599102</ele>
				<time>2026-09-21T23:49:05Z</time>
			</trkpt>
			<trkpt lat="48.10808187301758" lon="-122.76622250514028">
				<ele>1.383369864174906</ele>
				<time>2026-09-21T23:49:07Z</time>
			</trkpt>
			<trkpt lat="48.10807732107933" lon="-122.76619152917196">
				<ele>1.3696683699540557</ele>
				<time>2026-09-21T23:49:09Z</time>
			</trkpt>
			<trkpt lat="48.10807376583896" lon="-122.76616097817323">
				<ele>1.3624873781098437</ele>
				<time>2026-09-21T23:49:11Z</time>
			</trkpt>
			<trkpt lat="48.10806972145527" lon="-122.76612826808224">
				<ele>1.3269770473790814</ele>
				<time>2026-09-21T23:49:13Z</time>
			</trkpt>
			<trkpt lat="48.10805949729663" lon="-122.7661019924456">
				<ele>1.2959997861680002</ele>
				<time>2026-09-21T23:49:15Z</time>
			</trkpt>
			<trkpt lat="48.10804103086982" lon="-122.76609169460407">
				<ele>1.1279821219269444</ele>
				<time>2026-09-21T23:49:17Z</time>
			</trkpt>
			<trkpt lat="48.108028926906115" lon="-122.76611660997952">
				<ele>1.145526774052854</ele>
				<time>2026-09-21T23:49:19Z</time>
			</trkpt>
			<trkpt lat="48.10802752423407" lon="-122.76615932412354">
				<ele>1.5455435444563612</ele>
				<time>2026-09-21T23:49:22Z</time>
			</trkpt>
			<trkpt lat="48.108020493262934" lon="-122.76618409899164">
				<ele>1.3933791583405934</ele>
				<time>2026-09-21T23:49:24Z</time>
			</trkpt>
			<trkpt lat="48.108002191885305" lon="-122.76619785437255">
				<ele>1.5627358940769973</ele>
				<time>2026-09-21T23:49:26Z</time>
			</trkpt>
			<trkpt lat="48.107982569499875" lon="-122.7662158238274">
				<ele>1.4894696387502364</ele>
				<time>2026-09-21T23:49:28Z</time>
			</trkpt>
			<trkpt lat="48.10796331724503" lon="-122.76622578450578">
				<ele>1.4019074040621469</ele>
				<time>2026-09-21T23:49:30Z</time>
			</trkpt>
			<trkpt lat="48.107941947562516" lon="-122.76623543574009">
				<ele>1.1805513693088763</ele>
				<time>2026-09-21T23:49:32Z</time>
			</trkpt>
			<trkpt lat="48.1079207974057" lon="-122.76625792401528">
				<ele>1.3583827842637248</ele>
				<time>2026-09-21T23:49:34Z</time>
			</trkpt>
			<trkpt lat="48.10790496235384" lon="-122.7662755152032">
				<ele>1.291969328784539</ele>
				<time>2026-09-21T23:49:36Z</time>
			</trkpt>
			<trkpt lat="48.10789249405036" lon="-122.76629821198354">
				<ele>1.2448718290304015</ele>
				<time>2026-09-21T23:49:38Z</time>
			</trkpt>
			<trkpt lat="48.10788076376148" lon="-122.7663250225377">
				<ele>1.0543750760357575</ele>
				<time>2026-09-21T23:49:40Z</time>
			</trkpt>
			<trkpt lat="48.10786996617977" lon="-122.76635064647863">
				<ele>1.088873114510136</ele>
				<time>2026-09-21T23:49:42Z</time>
			</trkpt>
			<trkpt lat="48.10785690835769" lon="-122.76638111179017">
				<ele>1.0817694539841618</ele>
				<time>2026-09-21T23:49:44Z</time>
			</trkpt>
			<trkpt lat="48.10784846095322" lon="-122.76641769010278">
				<ele>1.0507002548218871</ele>
				<time>2026-09-21T23:49:46Z</time>
			</trkpt>
			<trkpt lat="48.10783680071859" lon="-122.76645324828158">
				<ele>1.5788584779753414</ele>
				<time>2026-09-21T23:49:49Z</time>
			</trkpt>
			<trkpt lat="48.10781963627799" lon="-122.76648697227034">
				<ele>1.386562445715061</ele>
				<time>2026-09-21T23:49:52Z</time>
			</trkpt>
			<trkpt lat="48.10780260945008" lon="-122.76650976823619">
				<ele>1.306372656986543</ele>
				<time>2026-09-21T23:49:54Z</time>
			</trkpt>
			<trkpt lat="48.10778895923727" lon="-122.76653984839382">
				<ele>1.6404063327586087</ele>
				<time>2026-09-21T23:49:57Z</time>
			</trkpt>
			<trkpt lat="48.107775905518054" lon="-122.76656184235554">
				<ele>1.5373685680752054</ele>
				<time>2026-09-21T23:49:59Z</time>
			</trkpt>
			<trkpt lat="48.107758109868136" lon="-122.7665885321592">
				<ele>1.3603738267181456</ele>
				<time>2026-09-21T23:50:02Z</time>
			</trkpt>
			<trkpt lat="48.10773974538383" lon="-122.76661035274796">
				<ele>1.333858254164003</ele>
				<time>2026-09-21T23:50:04Z</time>
			</trkpt>
			<trkpt lat="48.10772128178743" lon="-122.76663767133141">
				<ele>1.193771175131964</ele>
				<time>2026-09-21T23:50:06Z</time>
			</trkpt>
			<trkpt lat="48.1077081509956" lon="-122.76665967986173">
				<ele>1.1620358454186572</ele>
				<time>2026-09-21T23:50:08Z</time>
			</trkpt>
			<trkpt lat="48.10769342350546" lon="-122.76668699696575">
				<ele>1.1924654539023365</ele>
				<time>2026-09-21T23:50:11Z</time>
			</trkpt>
			<trkpt lat="48.10768004056557" lon="-122.76671537848347">
				<ele>1.180480181483972</ele>
				<time>2026-09-21T23:50:14Z</time>
			</trkpt>
			<trkpt lat="48.10767061214041" lon="-122.76674802562019">
				<ele>1.151988883190846</ele>
				<time>2026-09-21T23:50:17Z</time>
			</trkpt>
			<trkpt lat="48.107665643746266" lon="-122.7667825437758">
				<ele>1.273795220828223</ele>
				<time>2026-09-21T23:50:20Z</time>
			</trkpt>
			<trkpt lat="48.10765736528659" lon="-122.76682106303952">
				<ele>1.234242173649033</ele>
				<time>2026-09-21T23:50:23Z</time>
			</trkpt>
			<trkpt lat="48.10765494290703" lon="-122.76685625591288">
				<ele>1.1987605093204756</ele>
				<time>2026-09-21T23:50:26Z</time>
			</trkpt>
			<trkpt lat="48.107653909202625" lon="-122.76689163104">
				<ele>1.2287428134039686</ele>
				<time>2026-09-21T23:50:29Z</time>
			</trkpt>
			<trkpt lat="48.10764661211181" lon="-122.766916503554">
				<ele>1.2519467251575804</ele>
				<time>2026-09-21T23:50:31Z</time>
			</trkpt>
			<trkpt lat="48.107651857690726" lon="-122.76694750861556">
				<ele>1.2119299396428929</ele>
				<time>2026-09-21T23:50:35Z</time>
			</trkpt>
			<trkpt lat="48.10765827482246" lon="-122.76698041892062">
				<ele>0.7994698850080724</ele>
				<time>2026-09-21T23:50:38Z</time>
			</trkpt>
			<trkpt lat="48.10766722982751" lon="-122.76700407710956">
				<ele>0.7188562334308557</ele>
				<time>2026-09-21T23:50:40Z</time>
			</trkpt>
			<trkpt lat="48.10767874265049" lon="-122.76703596218688">
				<ele>0.8521379814385099</ele>
				<time>2026-09-21T23:50:43Z</time>
			</trkpt>
			<trkpt lat="48.107690896935715" lon="-122.7670642459548">
				<ele>0.9042659184259918</ele>
				<time>2026-09-21T23:50:46Z</time>
			</trkpt>
			<trkpt lat="48.107705683911654" lon="-122.76709038843576">
				<ele>0.9593202875755509</ele>
				<time>2026-09-21T23:50:49Z</time>
			</trkpt>
			<trkpt lat="48.10772076688838" lon="-122.76711464654656">
				<ele>0.9803830680780834</ele>
				<time>2026-09-21T23:50:52Z</time>
			</trkpt>
			<trkpt lat="48.10773904640201" lon="-122.76713369077534">
				<ele>0.9900048639149297</ele>
				<time>2026-09-21T23:50:55Z</time>
			</trkpt>
			<trkpt lat="48.107755974636994" lon="-122.7671513842729">
				<ele>1.0853007087113085</ele>
				<time>2026-09-21T23:50:57Z</time>
			</trkpt>
			<trkpt lat="48.10776127440533" lon="-122.76719079594749">
				<ele>1.2829775520048976</ele>
				<time>2026-09-21T23:51:00Z</time>
			</trkpt>
			<trkpt lat="48.10775246422838" lon="-122.76721421401953">
				<ele>1.178939047840334</ele>
				<time>2026-09-21T23:51:02Z</time>
			</trkpt>
			<trkpt lat="48.10774157289498" lon="-122.76724218854578">
				<ele>1.149017047271915</ele>
				<time>2026-09-21T23:51:04Z</time>
			</trkpt>
			<trkpt lat="48.107736424740466" lon="-122.76728156974022">
				<ele>1.1331571102000915</ele>
				<time>2026-09-21T23:51:07Z</time>
			</trkpt>
			<trkpt lat="48.10772768298918" lon="-122.76730913005399">
				<ele>1.1401167242403325</ele>
				<time>2026-09-21T23:51:09Z</time>
			</trkpt>
			<trkpt lat="48.107721093582434" lon="-122.76734245068229">
				<ele>1.1265055112018345</ele>
				<time>2026-09-21T23:51:11Z</time>
			</trkpt>
			<trkpt lat="48.107714398044884" lon="-122.7673770978931">
				<ele>1.1051963331357797</ele>
				<time>2026-09-21T23:51:13Z</time>
			</trkpt>
			<trkpt lat="48.10770876409539" lon="-122.76740792136636">
				<ele>1.117997798692258</ele>
				<time>2026-09-21T23:51:15Z</time>
			</trkpt>
			<trkpt lat="48.10770277907885" lon="-122.76743973603777">
				<ele>1.0779976074571174</ele>
				<time>2026-09-21T23:51:17Z</time>
			</trkpt>
			<trkpt lat="48.10769504042837" lon="-122.76746949990915">
				<ele>1.0965583515360642</ele>
				<time>2026-09-21T23:51:19Z</time>
			</trkpt>
			<trkpt lat="48.10768750426037" lon="-122.76749756786324">
				<ele>1.0478787934508773</ele>
				<time>2026-09-21T23:51:21Z</time>
			</trkpt>
			<trkpt lat="48.10767852699814" lon="-122.76752967640145">
				<ele>1.0619512067688035</ele>
				<time>2026-09-21T23:51:23Z</time>
			</trkpt>
			<trkpt lat="48.10767020456555" lon="-122.76756124439778">
				<ele>1.0911645399129597</ele>
				<time>2026-09-21T23:51:25Z</time>
			</trkpt>
			<trkpt lat="48.107661866512196" lon="-122.76759228816515">
				<ele>1.100404396864331</ele>
				<time>2026-09-21T23:51:27Z</time>
			</trkpt>
			<trkpt lat="48.10765230775239" lon="-122.76762482568414">
				<ele>1.0923035487250985</ele>
				<time>2026-09-21T23:51:29Z</time>
			</trkpt>
			<trkpt lat="48.107643921816425" lon="-122.76765498880505">
				<ele>1.1015235758167492</ele>
				<time>2026-09-21T23:51:31Z</time>
			</trkpt>
			<trkpt lat="48.10763552315766" lon="-122.76768540748733">
				<ele>1.0624293637835969</ele>
				<time>2026-09-21T23:51:33Z</time>
			</trkpt>
			<trkpt lat="48.10762693794404" lon="-122.7677131859594">
				<ele>1.0931642017086602</ele>
				<time>2026-09-21T23:51:35Z</time>
			</trkpt>
			<trkpt lat="48.10761887208667" lon="-122.7677434879478">
				<ele>1.092953959131993</ele>
				<time>2026-09-21T23:51:37Z</time>
			</trkpt>
			<trkpt lat="48.10761266465078" lon="-122.7677711185279">
				<ele>1.0554114581841105</ele>
				<time>2026-09-21T23:51:39Z</time>
			</trkpt>
			<trkpt lat="48.10760464075232" lon="-122.7677976240436">
				<ele>1.0268409035620714</ele>
				<time>2026-09-21T23:51:41Z</time>
			</trkpt>
			<trkpt lat="48.10759544911629" lon="-122.76782119165496">
				<ele>1.054703447559838</ele>
				<time>2026-09-21T23:51:43Z</time>
			</trkpt>
			<trkpt lat="48.107586823165136" lon="-122.7678450402798">
				<ele>1.1232599485505474</ele>
				<time>2026-09-21T23:51:45Z</time>
			</trkpt>
			<trkpt lat="48.1075799304331" lon="-122.76787505042873">
				<ele>1.2658985078871758</ele>
				<time>2026-09-21T23:51:48Z</time>
			</trkpt>
			<trkpt lat="48.107572595297626" lon="-122.76791057198923">
				<ele>1.1599890570806934</ele>
				<time>2026-09-21T23:51:51Z</time>
			</trkpt>
			<trkpt lat="48.10757794276662" lon="-122.76794288526231">
				<ele>1.5480223575916767</ele>
				<time>2026-09-21T23:51:54Z</time>
			</trkpt>
			<trkpt lat="48.107588111908264" lon="-122.76796578503692">
				<ele>1.3467382627293674</ele>
				<time>2026-09-21T23:51:56Z</time>
			</trkpt>
			<trkpt lat="48.10760051339677" lon="-122.76798882201801">
				<ele>1.185187679191401</ele>
				<time>2026-09-21T23:51:59Z</time>
			</trkpt>
			<trkpt lat="48.10761794851806" lon="-122.76800961475459">
				<ele>1.2070575310017908</ele>
				<time>2026-09-21T23:52:01Z</time>
			</trkpt>
			<trkpt lat="48.10762373634988" lon="-122.76804035941846">
				<ele>1.1548629805047064</ele>
				<time>2026-09-21T23:52:03Z</time>
			</trkpt>
			<trkpt lat="48.107642296774934" lon="-122.76806718227948">
				<ele>1.1533227016982188</ele>
				<time>2026-09-21T23:52:07Z</time>
			</trkpt>
			<trkpt lat="48.10766450143013" lon="-122.76807768091626">
				<ele>0.6860890559611867</ele>
				<time>2026-09-21T23:52:09Z</time>
			</trkpt>
			<trkpt lat="48.107682722144276" lon="-122.76808751164792">
				<ele>0.783292722066701</ele>
				<time>2026-09-21T23:52:11Z</time>
			</trkpt>
			<trkpt lat="48.10770342209339" lon="-122.76809323574697">
				<ele>0.9120874717740399</ele>
				<time>2026-09-21T23:52:14Z</time>
			</trkpt>
			<trkpt lat="48.107723915178035" lon="-122.76808616014753">
				<ele>0.898324498594036</ele>
				<time>2026-09-21T23:52:16Z</time>
			</trkpt>
			<trkpt lat="48.10774234925556" lon="-122.76807778185776">
				<ele>1.0768761307063635</ele>
				<time>2026-09-21T23:52:18Z</time>
			</trkpt>
			<trkpt lat="48.10776524505239" lon="-122.76805311114776">
				<ele>0.9962302841172992</ele>
				<time>2026-09-21T23:52:21Z</time>
			</trkpt>
			<trkpt lat="48.10778113584468" lon="-122.76802467733711">
				<ele>1.0366838875044273</ele>
				<time>2026-09-21T23:52:24Z</time>
			</trkpt>
			<trkpt lat="48.10779381082674" lon="-122.76800556435943">
				<ele>1.1218369369723078</ele>
				<time>2026-09-21T23:52:27Z</time>
			</trkpt>
			<trkpt lat="48.10781002039646" lon="-122.76799196419908">
				<ele>1.0606236937769111</ele>
				<time>2026-09-21T23:52:30Z</time>
			</trkpt>
			<trkpt lat="48.107826499213054" lon="-122.76797989291265">
				<ele>1.069141639289949</ele>
				<time>2026-09-21T23:52:33Z</time>
			</trkpt>
			<trkpt lat="48.10784718895372" lon="-122.76796872278626">
				<ele>1.0954412033377885</ele>
				<time>2026-09-21T23:52:36Z</time>
			</trkpt>
			<trkpt lat="48.10787105514764" lon="-122.7679608255781">
				<ele>1.1479532531477652</ele>
				<time>2026-09-21T23:52:39Z</time>
			</trkpt>
			<trkpt lat="48.107895447179295" lon="-122.76795425592162">
				<ele>1.2728588561650795</ele>
				<time>2026-09-21T23:52:42Z</time>
			</trkpt>
			<trkpt lat="48.10791491370883" lon="-122.76795109665964">
				<ele>1.2297793396398546</ele>
				<time>2026-09-21T23:52:44Z</time>
			</trkpt>
			<trkpt lat="48.10794115849822" lon="-122.7679443448005">
				<ele>1.1899801684422648</ele>
				<time>2026-09-21T23:52:47Z</time>
			</trkpt>
			<trkpt lat="48.10795981665122" lon="-122.76794073982306">
				<ele>1.1817242647499633</ele>
				<time>2026-09-21T23:52:49Z</time>
			</trkpt>
			<trkpt lat="48.10798423601271" lon="-122.76793669633656">
				<ele>1.1465165129280948</ele>
				<time>2026-09-21T23:52:52Z</time>
			</trkpt>
			<trkpt lat="48.10800841172015" lon="-122.76793425568553">
				<ele>1.0947004962005948</ele>
				<time>2026-09-21T23:52:55Z</time>
			</trkpt>
			<trkpt lat="48.10803341638824" lon="-122.76793599680934">
				<ele>1.229967330947499</ele>
				<time>2026-09-21T23:52:58Z</time>
			</trkpt>
			<trkpt lat="48.10806122130133" lon="-122.76794340445126">
				<ele>0.8250490023827197</ele>
				<time>2026-09-21T23:53:01Z</time>
			</trkpt>
			<trkpt lat="48.10807802035506" lon="-122.76792770490349">
				<ele>0.92145558747848</ele>
				<time>2026-09-21T23:53:04Z</time>
			</trkpt>
			<trkpt lat="48.10808557488057" lon="-122.76790213839172">
				<ele>0.9133582732572414</ele>
				<time>2026-09-21T23:53:08Z</time>
			</trkpt>
			<trkpt lat="48.10808093837324" lon="-122.76787425177696">
				<ele>0.6632987733105153</ele>
				<time>2026-09-21T23:53:12Z</time>
			</trkpt>
			<trkpt lat="48.10807092474702" lon="-122.76784691343775">
				<ele>0.7406453254818288</ele>
				<time>2026-09-21T23:53:17Z</time>
			</trkpt>
			<trkpt lat="48.10805729117063" lon="-122.76782220196617">
				<ele>0.9151320344139542</ele>
				<time>2026-09-21T23:53:21Z</time>
			</trkpt>
			<trkpt lat="48.108042372007176" lon="-122.76780279426808">
				<ele>0.963895264818369</ele>
				<time>2026-09-21T23:53:25Z</time>
			</trkpt>
			<trkpt lat="48.10802681597311" lon="-122.76778083274793">
				<ele>1.1187242486115458</ele>
				<time>2026-09-21T23:53:29Z</time>
			</trkpt>
			<trkpt lat="48.108012614076024" lon="-122.76776248785231">
				<ele>1.0985764680367787</ele>
				<time>2026-09-21T23:53:33Z</time>
			</trkpt>
			<trkpt lat="48.10799872361685" lon="-122.767744105715">
				<ele>1.0712776397967367</ele>
				<time>2026-09-21T23:53:38Z</time>
			</trkpt>
			<trkpt lat="48.10798287745114" lon="-122.76772794134699">
				<ele>1.0918795743411707</ele>
				<time>2026-09-21T23:53:43Z</time>
			</trkpt>
			<trkpt lat="48.10796813632737" lon="-122.76770776997678">
				<ele>0.9703836136084654</ele>
				<time>2026-09-21T23:53:49Z</time>
			</trkpt>
			<trkpt lat="48.1079581950494" lon="-122.76768437665253">
				<ele>1.0327578908567752</ele>
				<time>2026-09-21T23:53:54Z</time>
			</trkpt>
			<trkpt lat="48.10795267156837" lon="-122.76765435762529">
				<ele>1.2654491930066705</ele>
				<time>2026-09-21T23:54:00Z</time>
			</trkpt>
			<trkpt lat="48.107944109101446" lon="-122.76762998429696">
				<ele>1.1517686571524237</ele>
				<time>2026-09-21T23:54:07Z</time>
			</trkpt>
			<trkpt lat="48.10792915387754" lon="-122.76761394882483">
				<ele>1.0719624203788634</ele>
				<time>2026-09-21T23:54:13Z</time>
			</trkpt>
			<trkpt lat="48.10791430290633" lon="-122.76759757894342">
				<ele>1.237747045391938</ele>
				<time>2026-09-21T23:54:19Z</time>
			</trkpt>
			<trkpt lat="48.10790185100164" lon="-122.76757717111303">
				<ele>0.8257696199315987</ele>
				<time>2026-09-21T23:54:24Z</time>
			</trkpt>
			<trkpt lat="48.10788889685294" lon="-122.76755358431335">
				<ele>0.9496468812955356</ele>
				<time>2026-09-21T23:54:31Z</time>
			</trkpt>
			<trkpt lat="48.10787708531872" lon="-122.76753045683988">
				<ele>1.0124382068943625</ele>
				<time>2026-09-21T23:54:37Z</time>
			</trkpt>
			<trkpt lat="48.107862612170926" lon="-122.76750861369233">
				<ele>1.127015722836461</ele>
				<time>2026-09-21T23:54:43Z</time>
			</trkpt>
			<trkpt lat="48.10784873893226" lon="-122.76748881532043">
				<ele>1.099551229481122</ele>
				<time>2026-09-21T23:54:49Z</time>
			</trkpt>
			<trkpt lat="48.107831597914014" lon="-122.76747140966752">
				<ele>1.1803785584590436</ele>
				<time>2026-09-21T23:54:56Z</time>
			</trkpt>
			<trkpt lat="48.10781689864247" lon="-122.7674524187319">
				<ele>1.2165568986070028</ele>
				<time>2026-09-21T23:55:02Z</time>
			</trkpt>
			<trkpt lat="48.10780680113624" lon="-122.767429947649">
				<ele>1.2239123951647919</ele>
				<time>2026-09-21T23:55:08Z</time>
			</trkpt>
			<trkpt lat="48.10780183029696" lon="-122.76740398338471">
				<ele>1.193328517681806</ele>
				<time>2026-09-21T23:55:14Z</time>
			</trkpt>
			<trkpt lat="48.10779892694614" lon="-122.76737740031767">
				<ele>1.213244179994117</ele>
				<time>2026-09-21T23:55:19Z</time>
			</trkpt>
			<trkpt lat="48.10779448881334" lon="-122.76734652307722">
				<ele>1.1970857929891174</ele>
				<time>2026-09-21T23:55:25Z</time>
			</trkpt>
			<trkpt lat="48.10778902331286" lon="-122.76731681763329">
				<ele>1.1965372310714244</ele>
				<time>2026-09-21T23:55:31Z</time>
			</trkpt>
			<trkpt lat="48.107782771246995" lon="-122.76728749074118">
				<ele>1.283025034893214</ele>
				<time>2026-09-21T23:55:37Z</time>
			</trkpt>
			<trkpt lat="48.107775334648714" lon="-122.76725849283878">
				<ele>1.1749134139760748</ele>
				<time>2026-09-21T23:55:43Z</time>
			</trkpt>
			<trkpt lat="48.10777050780365" lon="-122.76722843158724">
				<ele>0.8882287805301488</ele>
				<time>2026-09-21T23:55:48Z</time>
			</trkpt>
			<trkpt lat="48.10776450740582" lon="-122.76720193998428">
				<ele>0.7517600410730338</ele>
				<time>2026-09-21T23:55:53Z</time>
			</trkpt>
			<trkpt lat="48.107759780500785" lon="-122.76717153990175">
				<ele>0.8629969489815252</ele>
				<time>2026-09-21T23:55:58Z</time>
			</trkpt>
			<trkpt lat="48.107753390148375" lon="-122.76714142472429">
				<ele>0.8792179452796667</ele>
				<time>2026-09-21T23:56:03Z</time>
			</trkpt>
			<trkpt lat="48.10774788053934" lon="-122.76711061196674">
				<ele>0.8928342573526642</ele>
				<time>2026-09-21T23:56:08Z</time>
			</trkpt>
			<trkpt lat="48.10774504323454" lon="-122.76707983719066">
				<ele>0.9985121405256869</ele>
				<time>2026-09-21T23:56:13Z</time>
			</trkpt>
			<trkpt lat="48.107740847605726" lon="-122.76704857523926">
				<ele>0.9970465028922746</ele>
				<time>2026-09-21T23:56:18Z</time>
			</trkpt>
			<trkpt lat="48.10773907967606" lon="-122.76701573901238">
				<ele>0.8945717232831427</ele>
				<time>2026-09-21T23:56:23Z</time>
			</trkpt>
			<trkpt lat="48.10773720196215" lon="-122.76698428019246">
				<ele>1.0517171226234439</ele>
				<time>2026-09-21T23:56:28Z</time>
			</trkpt>
			<trkpt lat="48.10773464677595" lon="-122.76695184613308">
				<ele>0.9567060091508921</ele>
				<time>2026-09-21T23:56:33Z</time>
			</trkpt>
			<trkpt lat="48.107731967559225" lon="-122.76691912338548">
				<ele>0.9319436596846522</ele>
				<time>2026-09-21T23:56:38Z</time>
			</trkpt>
			<trkpt lat="48.10772415139627" lon="-122.76689101423096">
				<ele>1.0735630000663505</ele>
				<time>2026-09-21T23:56:43Z</time>
			</trkpt>
			<trkpt lat="48.10771309732206" lon="-122.76686672757931">
				<ele>1.0927265782935294</ele>
				<time>2026-09-21T23:56:47Z</time>
			</trkpt>
			<trkpt lat="48.10769056618337" lon="-122.7668553086588">
				<ele>1.0888602034027954</ele>
				<time>2026-09-21T23:56:51Z</time>
			</trkpt>
			<trkpt lat="48.10767091798213" lon="-122.76684259948681">
				<ele>1.0692684324587844</ele>
				<time>2026-09-21T23:56:54Z</time>
			</trkpt>
			<trkpt lat="48.10764829978496" lon="-122.76682585176985">
				<ele>1.1385804306450957</ele>
				<time>2026-09-21T23:56:57Z</time>
			</trkpt>
			<trkpt lat="48.10762668019633" lon="-122.76680872974049">
				<ele>1.2759684377805272</ele>
				<time>2026-09-21T23:57:00Z</time>
			</trkpt>
			<trkpt lat="48.10761185337659" lon="-122.76679257555752">
				<ele>1.215534044880517</ele>
				<time>2026-09-21T23:57:02Z</time>
			</trkpt>
			<trkpt lat="48.107591355090065" lon="-122.76677293187835">
				<ele>1.2372152164677352</ele>
				<time>2026-09-21T23:57:05Z</time>
			</trkpt>
			<trkpt lat="48.1075733699605" lon="-122.76675644467647">
				<ele>1.3559067801891906</ele>
				<time>2026-09-21T23:57:07Z</time>
			</trkpt>
			<trkpt lat="48.107555903905805" lon="-122.76674033930065">
				<ele>1.3238034094120863</ele>
				<time>2026-09-21T23:57:09Z</time>
			</trkpt>
			<trkpt lat="48.107538906439416" lon="-122.76672218851957">
				<ele>1.3021091972674235</ele>
				<time>2026-09-21T23:57:11Z</time>
			</trkpt>
			<trkpt lat="48.10751960859625" lon="-122.76670414414325">
				<ele>1.2615128358519385</ele>
				<time>2026-09-21T23:57:13Z</time>
			</trkpt>
			<trkpt lat="48.10750021823932" lon="-122.766684932075">
				<ele>1.2345319582361114</ele>
				<time>2026-09-21T23:57:15Z</time>
			</trkpt>
			<trkpt lat="48.107482529289086" lon="-122.76666402194807">
				<ele>1.2419131448299225</ele>
				<time>2026-09-21T23:57:17Z</time>
			</trkpt>
			<trkpt lat="48.107463595242756" lon="-122.76664184765184">
				<ele>1.286856198933144</ele>
				<time>2026-09-21T23:57:19Z</time>
			</trkpt>
			<trkpt lat="48.1074438234107" lon="-122.76662091988197">
				<ele>1.273177666439146</ele>
				<time>2026-09-21T23:57:21Z</time>
			</trkpt>
			<trkpt lat="48.10742447313" lon="-122.76660361130229">
				<ele>1.2963697374051257</ele>
				<time>2026-09-21T23:57:23Z</time>
			</trkpt>
			<trkpt lat="48.107402916122055" lon="-122.76658613597314">
				<ele>1.2918471888907028</ele>
				<time>2026-09-21T23:57:25Z</time>
			</trkpt>
			<trkpt lat="48.107380142999354" lon="-122.76656736697699">
				<ele>1.232984162256379</ele>
				<time>2026-09-21T23:57:27Z</time>
			</trkpt>
			<trkpt lat="48.10735814744296" lon="-122.76654854800583">
				<ele>1.223569146707117</ele>
				<time>2026-09-21T23:57:29Z</time>
			</trkpt>
			<trkpt lat="48.10733479477304" lon="-122.76652930986332">
				<ele>1.2102950039468077</ele>
				<time>2026-09-21T23:57:31Z</time>
			</trkpt>
			<trkpt lat="48.107311648637534" lon="-122.76651123094653">
				<ele>1.297933490945013</ele>
				<time>2026-09-21T23:57:33Z</time>
			</trkpt>
			<trkpt lat="48.1072874788027" lon="-122.76649425600633">
				<ele>1.3205831226833205</ele>
				<time>2026-09-21T23:57:35Z</time>
			</trkpt>
			<trkpt lat="48.10726306624067" lon="-122.76647732428815">
				<ele>1.3616321892548768</ele>
				<time>2026-09-21T23:57:37Z</time>
			</trkpt>
			<trkpt lat="48.107238444974655" lon="-122.76645856774235">
				<ele>1.3722373659720155</ele>
				<time>2026-09-21T23:57:39Z</time>
			</trkpt>
			<trkpt lat="48.107214149486026" lon="-122.76643890462948">
				<ele>1.3978226252612735</ele>
				<time>2026-09-21T23:57:41Z</time>
			</trkpt>
			<trkpt lat="48.10719093562488" lon="-122.76642167031254">
				<ele>1.2444632973416425</ele>
				<time>2026-09-21T23:57:43Z</time>
			</trkpt>
			<trkpt lat="48.107170345600714" lon="-122.76639341593015">
				<ele>1.239079531755614</ele>
				<time>2026-09-21T23:57:45Z</time>
			</trkpt>
			<trkpt lat="48.10715570517996" lon="-122.76635761097488">
				<ele>1.1345662157533987</ele>
				<time>2026-09-21T23:57:47Z</time>
			</trkpt>
			<trkpt lat="48.10713677833174" lon="-122.76633659150065">
				<ele>0.9709405376021643</ele>
				<time>2026-09-21T23:57:49Z</time>
			</trkpt>
			<trkpt lat="48.107118944907036" lon="-122.76629668864177">
				<ele>0.9674946724519877</ele>
				<time>2026-09-21T23:57:51Z</time>
			</trkpt>
			<trkpt lat="48.107101221489486" lon="-122.76625720521699">
				<ele>1.2811821441249442</ele>
				<time>2026-09-21T23:57:53Z</time>
			</trkpt>
			<trkpt lat="48.1070830497096" lon="-122.76622212000419">
				<ele>1.4469086540211613</ele>
				<time>2026-09-21T23:57:55Z</time>
			</trkpt>
			<trkpt lat="48.10706501165603" lon="-122.76618818144719">
				<ele>1.7373485079034054</ele>
				<time>2026-09-21T23:57:57Z</time>
			</trkpt>
			<trkpt lat="48.107050477382444" lon="-122.76614909816414">
				<ele>1.7181229312492263</ele>
				<time>2026-09-21T23:57:59Z</time>
			</trkpt>
			<trkpt lat="48.10703683678041" lon="-122.76610996071402">
				<ele>1.594979629346902</ele>
				<time>2026-09-21T23:58:01Z</time>
			</trkpt>
			<trkpt lat="48.10702305943143" lon="-122.76607269659557">
				<ele>1.3601059946366654</ele>
				<time>2026-09-21T23:58:03Z</time>
			</trkpt>
			<trkpt lat="48.10701085794474" lon="-122.76603665170606">
				<ele>1.292491029622294</ele>
				<time>2026-09-21T23:58:05Z</time>
			</trkpt>
			<trkpt lat="48.10699687805321" lon="-122.76600094915588">
				<ele>1.326032906036172</ele>
				<time>2026-09-21T23:58:07Z</time>
			</trkpt>
			<trkpt lat="48.10698321387515" lon="-122.76596799312082">
				<ele>1.2722101706993811</ele>
				<time>2026-09-21T23:58:09Z</time>
			</trkpt>
			<trkpt lat="48.106968213084976" lon="-122.76593303084252">
				<ele>1.2287932157401826</ele>
				<time>2026-09-21T23:58:11Z</time>
			</trkpt>
			<trkpt lat="48.106952371675284" lon="-122.76590325421857">
				<ele>1.1863404814653506</ele>
				<time>2026-09-21T23:58:13Z</time>
			</trkpt>
			<trkpt lat="48.10693997113193" lon="-122.76587282309276">
				<ele>1.0777108835335305</ele>
				<time>2026-09-21T23:58:15Z</time>
			</trkpt>
			<trkpt lat="48.10692778183363" lon="-122.76584308559254">
				<ele>1.0347636580274546</ele>
				<time>2026-09-21T23:58:17Z</time>
			</trkpt>
			<trkpt lat="48.106913550509915" lon="-122.7658159955836">
				<ele>1.060884147268137</ele>
				<time>2026-09-21T23:58:19Z</time>
			</trkpt>
			<trkpt lat="48.1069008828547" lon="-122.76578741285913">
				<ele>1.0974747291129887</ele>
				<time>2026-09-21T23:58:21Z</time>
			</trkpt>
			<trkpt lat="48.10688772882651" lon="-122.76576117237562">
				<ele>1.0609944380828793</ele>
				<time>2026-09-21T23:58:23Z</time>
			</trkpt>
			<trkpt lat="48.10687440532977" lon="-122.76573691507694">
				<ele>1.0608243911478183</ele>
				<time>2026-09-21T23:58:25Z</time>
			</trkpt>
			<trkpt lat="48.10686162133367" lon="-122.76571313235183">
				<ele>1.0146850929772242</ele>
				<time>2026-09-21T23:58:27Z</time>
			</trkpt>
			<trkpt lat="48.10684861517114" lon="-122.76568952711233">
				<ele>1.1127613127857074</ele>
				<time>2026-09-21T23:58:29Z</time>
			</trkpt>
			<trkpt lat="48.106836632179856" lon="-122.7656645132065">
				<ele>1.2017706700575062</ele>
				<time>2026-09-21T23:58:31Z</time>
			</trkpt>
			<trkpt lat="48.10682591931477" lon="-122.76564095529011">
				<ele>1.1794947573088983</ele>
				<time>2026-09-21T23:58:33Z</time>
			</trkpt>
			<trkpt lat="48.10681579782277" lon="-122.76561851845037">
				<ele>1.2071783090977064</ele>
				<time>2026-09-21T23:58:35Z</time>
			</trkpt>
			<trkpt lat="48.10680490380332" lon="-122.76559460311456">
				<ele>1.1648415378823493</ele>
				<time>2026-09-21T23:58:37Z</time>
			</trkpt>
			<trkpt lat="48.10679423963865" lon="-122.76557140632063">
				<ele>1.119190026778174</ele>
				<time>2026-09-21T23:58:39Z</time>
			</trkpt>
			<trkpt lat="48.10678266080282" lon="-122.76554827743419">
				<ele>1.1260279228454024</ele>
				<time>2026-09-21T23:58:41Z</time>
			</trkpt>
			<trkpt lat="48.10677065802903" lon="-122.76552538373946">
				<ele>1.160376744075549</ele>
				<time>2026-09-21T23:58:43Z</time>
			</trkpt>
			<trkpt lat="48.10675403958653" lon="-122.76549355547637">
				<ele>1.1054909350120923</ele>
				<time>2026-09-21T23:58:46Z</time>
			</trkpt>
			<trkpt lat="48.106741180333934" lon="-122.76547303119706">
				<ele>1.1630847610638853</ele>
				<time>2026-09-21T23:58:48Z</time>
			</trkpt>
			<trkpt lat="48.10672928471427" lon="-122.76545281030347">
				<ele>1.1376309065821246</ele>
				<time>2026-09-21T23:58:50Z</time>
			</trkpt>
			<trkpt lat="48.10671619350085" lon="-122.76543367692376">
				<ele>1.105409444184005</ele>
				<time>2026-09-21T23:58:52Z</time>
			</trkpt>
			<trkpt lat="48.10670479175608" lon="-122.7654113996767">
				<ele>1.0715144889041035</ele>
				<time>2026-09-21T23:58:54Z</time>
			</trkpt>
			<trkpt lat="48.106685670674544" lon="-122.7653830497506">
				<ele>1.1917660305979325</ele>
				<time>2026-09-21T23:58:57Z</time>
			</trkpt>
			<trkpt lat="48.106673333139476" lon="-122.7653621745085">
				<ele>1.1700348589317429</ele>
				<time>2026-09-21T23:58:59Z</time>
			</trkpt>
			<trkpt lat="48.10666137672583" lon="-122.76534049601483">
				<ele>1.2565757587775082</ele>
				<time>2026-09-21T23:59:01Z</time>
			</trkpt>
			<trkpt lat="48.10664735281937" lon="-122.76530734395081">
				<ele>1.2825709848852647</ele>
				<time>2026-09-21T23:59:04Z</time>
			</trkpt>
			<trkpt lat="48.10663686285637" lon="-122.76528337050829">
				<ele>1.2772840827726206</ele>
				<time>2026-09-21T23:59:06Z</time>
			</trkpt>
			<trkpt lat="48.10662683988723" lon="-122.76525835286522">
				<ele>1.2596084758753499</ele>
				<time>2026-09-21T23:59:08Z</time>
			</trkpt>
			<trkpt lat="48.10661260082794" lon="-122.76522634567864">
				<ele>1.2195028358294877</ele>
				<time>2026-09-21T23:59:11Z</time>
			</trkpt>
			<trkpt lat="48.10659623163712" lon="-122.76519389014722">
				<ele>1.2373539449600912</ele>
				<time>2026-09-21T23:59:14Z</time>
			</trkpt>
			<trkpt lat="48.10658441033999" lon="-122.76516975338386">
				<ele>1.2332605522647384</ele>
				<time>2026-09-21T23:59:16Z</time>
			</trkpt>
			<trkpt lat="48.106573331719765" lon="-122.76514811269688">
				<ele>1.2034351235311682</ele>
				<time>2026-09-21T23:59:18Z</time>
			</trkpt>
			<trkpt lat="48.10656137081445" lon="-122.76512555781709">
				<ele>1.2101439810991081</ele>
				<time>2026-09-21T23:59:20Z</time>
			</trkpt>
			<trkpt lat="48.106546142474784" lon="-122.76509339202288">
				<ele>1.1993749481533094</ele>
				<time>2026-09-21T23:59:23Z</time>
			</trkpt>
			<trkpt lat="48.106531383170875" lon="-122.7650609955923">
				<ele>1.1594973108366737</ele>
				<time>2026-09-21T23:59:26Z</time>
			</trkpt>
			<trkpt lat="48.106515772065784" lon="-122.76502835084374">
				<ele>1.1625333548136894</ele>
				<time>2026-09-21T23:59:29Z</time>
			</trkpt>
			<trkpt lat="48.10650507761604" lon="-122.76500558132615">
				<ele>1.2103138972706304</ele>
				<time>2026-09-21T23:59:31Z</time>
			</trkpt>
			<trkpt lat="48.10649433256046" lon="-122.7649801274271">
				<ele>1.1950856803967227</ele>
				<time>2026-09-21T23:59:33Z</time>
			</trkpt>
			<trkpt lat="48.10648378433904" lon="-122.76495587425626">
				<ele>1.1238483377051338</ele>
				<time>2026-09-21T23:59:35Z</time>
			</trkpt>
			<trkpt lat="48.10647331129291" lon="-122.76493135782194">
				<ele>1.1917268385769013</ele>
				<time>2026-09-21T23:59:37Z</time>
			</trkpt>
			<trkpt lat="48.10646268376621" lon="-122.76490643893084">
				<ele>1.1638697005735956</ele>
				<time>2026-09-21T23:59:39Z</time>
			</trkpt>
			<trkpt lat="48.10645156964359" lon="-122.76488180483946">
				<ele>1.1934929475439624</ele>
				<time>2026-09-21T23:59:41Z</time>
			</trkpt>
			<trkpt lat="48.106441309185875" lon="-122.76485795386844">
				<ele>1.1475446364097657</ele>
				<time>2026-09-21T23:59:43Z</time>
			</trkpt>
			<trkpt lat="48.10643126445328" lon="-122.76483304186296">
				<ele>1.124282671759321</ele>
				<time>2026-09-21T23:59:45Z</time>
			</trkpt>
			<trkpt lat="48.10642259292207" lon="-122.7648087541029">
				<ele>1.116921925058456</ele>
				<time>2026-09-21T23:59:47Z</time>
			</trkpt>
			<trkpt lat="48.1064133991749" lon="-122.76478544974758">
				<ele>1.106205060851977</ele>
				<time>2026-09-21T23:59:49Z</time>
			</trkpt>
			<trkpt lat="48.10640352906742" lon="-122.76476260199479">
				<ele>1.1414869923609388</ele>
				<time>2026-09-21T23:59:51Z</time>
			</trkpt>
			<trkpt lat="48.1063892935146" lon="-122.7647303587345">
				<ele>1.1420193956562201</ele>
				<time>2026-09-21T23:59:54Z</time>
			</trkpt>
			<trkpt lat="48.106375340451514" lon="-122.76469974881572">
				<ele>1.1321379462421213</ele>
				<time>2026-09-21T23:59:57Z</time>
			</trkpt>
			<trkpt lat="48.10636301345416" lon="-122.76466917208845">
				<ele>1.120596510173506</ele>
				<time>2026-09-22T00:00:00Z</time>
			</trkpt>
			<trkpt lat="48.106352671500304" lon="-122.76463905900444">
				<ele>1.1205317629864098</ele>
				<time>2026-09-22T00:00:03Z</time>
			</trkpt>
			<trkpt lat="48.1063428273268" lon="-122.76461065622613">
				<ele>1.0828129789895442</ele>
				<time>2026-09-22T00:00:06Z</time>
			</trkpt>
			<trkpt lat="48.10633138255959" lon="-122.76458306927503">
				<ele>1.2303394425122178</ele>
				<time>2026-09-22T00:00:09Z</time>
			</trkpt>
			<trkpt lat="48.106321751262925" lon="-122.76455589593162">
				<ele>1.1775014414473368</ele>
				<time>2026-09-22T00:00:12Z</time>
			</trkpt>
			<trkpt lat="48.10631435319791" lon="-122.76452920350354">
				<ele>1.1680221414488479</ele>
				<time>2026-09-22T00:00:15Z</time>
			</trkpt>
			<trkpt lat="48.106310487912914" lon="-122.76449961402068">
				<ele>1.2702058414199051</ele>
				<time>2026-09-22T00:00:18Z</time>
			</trkpt>
			<trkpt lat="48.106303587897095" lon="-122.76447253508064">
				<ele>1.4909957672448257</ele>
				<time>2026-09-22T00:00:21Z</time>
			</trkpt>
			<trkpt lat="48.10629779263759" lon="-122.76444109064522">
				<ele>1.2479400305175048</ele>
				<time>2026-09-22T00:00:25Z</time>
			</trkpt>
			<trkpt lat="48.10629418725181" lon="-122.76441135668992">
				<ele>1.2442718958119414</ele>
				<time>2026-09-22T00:00:28Z</time>
			</trkpt>
			<trkpt lat="48.10629037302524" lon="-122.76438387866726">
				<ele>1.1995874299476306</ele>
				<time>2026-09-22T00:00:31Z</time>
			</trkpt>
			<trkpt lat="48.106285808181156" lon="-122.76435712075">
				<ele>1.1858195719500806</ele>
				<time>2026-09-22T00:00:34Z</time>
			</trkpt>
			<trkpt lat="48.10628062335552" lon="-122.76432968129195">
				<ele>1.1786206074369403</ele>
				<time>2026-09-22T00:00:37Z</time>
			</trkpt>
			<trkpt lat="48.106277330030785" lon="-122.76430252143618">
				<ele>1.198666913274522</ele>
				<time>2026-09-22T00:00:40Z</time>
			</trkpt>
			<trkpt lat="48.106272360927264" lon="-122.76426836177417">
				<ele>1.138654925665044</ele>
				<time>2026-09-22T00:00:44Z</time>
			</trkpt>
			<trkpt lat="48.106267374739176" lon="-122.76423548296644">
				<ele>1.1074736225090192</ele>
				<time>2026-09-22T00:00:48Z</time>
			</trkpt>
			<trkpt lat="48.10626400274291" lon="-122.76420268799758">
				<ele>1.0750370620796765</ele>
				<time>2026-09-22T00:00:52Z</time>
			</trkpt>
			<trkpt lat="48.10625956184546" lon="-122.76417144539022">
				<ele>1.055788430032056</ele>
				<time>2026-09-22T00:00:56Z</time>
			</trkpt>
			<trkpt lat="48.1062540532723" lon="-122.76414178728469">
				<ele>1.2809558841341016</ele>
				<time>2026-09-22T00:01:00Z</time>
			</trkpt>
			<trkpt lat="48.106249859676694" lon="-122.7641152999891">
				<ele>1.2629058976944734</ele>
				<time>2026-09-22T00:01:04Z</time>
			</trkpt>
			<trkpt lat="48.106249012729904" lon="-122.76408648063337">
				<ele>1.3601052379424026</ele>
				<time>2026-09-22T00:01:08Z</time>
			</trkpt>
			<trkpt lat="48.106250611864425" lon="-122.76405928113627">
				<ele>1.3761509224818838</ele>
				<time>2026-09-22T00:01:12Z</time>
			</trkpt>
			<trkpt lat="48.106247326796854" lon="-122.7640283422871">
				<ele>1.2837532368389084</ele>
				<time>2026-09-22T00:01:17Z</time>
			</trkpt>
			<trkpt lat="48.10624021792929" lon="-122.76399947928003">
				<ele>1.2959138379444184</ele>
				<time>2026-09-22T00:01:22Z</time>
			</trkpt>
			<trkpt lat="48.10623522407605" lon="-122.76397252631558">
				<ele>0.672639528148224</ele>
				<time>2026-09-22T00:01:28Z</time>
			</trkpt>
			<trkpt lat="48.106228579429946" lon="-122.76394475382808">
				<ele>0.9304570779350669</ele>
				<time>2026-09-22T00:01:32Z</time>
			</trkpt>
			<trkpt lat="48.10622200149953" lon="-122.76391365278594">
				<ele>0.9513136513770917</ele>
				<time>2026-09-22T00:01:37Z</time>
			</trkpt>
			<trkpt lat="48.106219648752074" lon="-122.7638844893007">
				<ele>0.9703572998341166</ele>
				<time>2026-09-22T00:01:41Z</time>
			</trkpt>
			<trkpt lat="48.106220418141426" lon="-122.76385629305658">
				<ele>0.9914191194371078</ele>
				<time>2026-09-22T00:01:45Z</time>
			</trkpt>
			<trkpt lat="48.10622048924168" lon="-122.76382651601563">
				<ele>0.9920355611226057</ele>
				<time>2026-09-22T00:01:49Z</time>
			</trkpt>
			<trkpt lat="48.10622111015289" lon="-122.76379539264161">
				<ele>1.0052717873487538</ele>
				<time>2026-09-22T00:01:53Z</time>
			</trkpt>
			<trkpt lat="48.10622331615827" lon="-122.7637668121102">
				<ele>0.9737755637195846</ele>
				<time>2026-09-22T00:01:57Z</time>
			</trkpt>
			<trkpt lat="48.10623165254083" lon="-122.7637344326423">
				<ele>1.0083919580055216</ele>
				<time>2026-09-22T00:02:01Z</time>
			</trkpt>
			<trkpt lat="48.1062395389172" lon="-122.76370872080878">
				<ele>1.0663555176664161</ele>
				<time>2026-09-22T00:02:04Z</time>
			</trkpt>
			<trkpt lat="48.1062450560371" lon="-122.76368135795684">
				<ele>1.0984022307537593</ele>
				<time>2026-09-22T00:02:08Z</time>
			</trkpt>
			<trkpt lat="48.10624861548591" lon="-122.76365165696939">
				<ele>1.0605891699604904</ele>
				<time>2026-09-22T00:02:12Z</time>
			</trkpt>
			<trkpt lat="48.10625399149097" lon="-122.76362248454141">
				<ele>1.0813952300539782</ele>
				<time>2026-09-22T00:02:16Z</time>
			</trkpt>
			<trkpt lat="48.106263378999174" lon="-122.76359593373954">
				<ele>0.9620014493474116</ele>
				<time>2026-09-22T00:02:20Z</time>
			</trkpt>
			<trkpt lat="48.10627756849755" lon="-122.7635775111391">
				<ele>0.9897910110624046</ele>
				<time>2026-09-22T00:02:24Z</time>
			</trkpt>
			<trkpt lat="48.10628953262964" lon="-122.76355405900676">
				<ele>1.2469865519432055</ele>
				<time>2026-09-22T00:02:28Z</time>
			</trkpt>
			<trkpt lat="48.10630452548834" lon="-122.76353386038082">
				<ele>0.8564345810469298</ele>
				<time>2026-09-22T00:02:35Z</time>
			</trkpt>
			<trkpt lat="48.10630757602305" lon="-122.76349971140888">
				<ele>0.8880594933108732</ele>
				<time>2026-09-22T00:02:40Z</time>
			</trkpt>
			<trkpt lat="48.106312201017374" lon="-122.76346339890719">
				<ele>0.9305998107549804</ele>
				<time>2026-09-22T00:02:44Z</time>
			</trkpt>
			<trkpt lat="48.1063071223201" lon="-122.76342873483162">
				<ele>1.1466932244798649</ele>
				<time>2026-09-22T00:02:47Z</time>
			</trkpt>
			<trkpt lat="48.106298788944905" lon="-122.76339914506714">
				<ele>1.1255973051549972</ele>
				<time>2026-09-22T00:02:50Z</time>
			</trkpt>
			<trkpt lat="48.10628987636624" lon="-122.76336489322529">
				<ele>1.1435228028052897</ele>
				<time>2026-09-22T00:02:53Z</time>
			</trkpt>
			<trkpt lat="48.10628125349" lon="-122.7633290932273">
				<ele>1.1324728800855333</ele>
				<time>2026-09-22T00:02:56Z</time>
			</trkpt>
			<trkpt lat="48.106277275272284" lon="-122.76329065904046">
				<ele>1.425559190999735</ele>
				<time>2026-09-22T00:02:59Z</time>
			</trkpt>
			<trkpt lat="48.106275272894074" lon="-122.76325405071121">
				<ele>1.3963117736382173</ele>
				<time>2026-09-22T00:03:02Z</time>
			</trkpt>
			<trkpt lat="48.10627795121468" lon="-122.7632272184493">
				<ele>1.4737044655958762</ele>
				<time>2026-09-22T00:03:04Z</time>
			</trkpt>
			<trkpt lat="48.10628047528552" lon="-122.76320017747328">
				<ele>1.4020887836972662</ele>
				<time>2026-09-22T00:03:06Z</time>
			</trkpt>
			<trkpt lat="48.10628565653889" lon="-122.76316269123302">
				<ele>1.2994371844422758</ele>
				<time>2026-09-22T00:03:09Z</time>
			</trkpt>
			<trkpt lat="48.10629064473296" lon="-122.76312676072078">
				<ele>1.1945937535080908</ele>
				<time>2026-09-22T00:03:12Z</time>
			</trkpt>
			<trkpt lat="48.106297937865" lon="-122.76309316902571">
				<ele>1.178818549882184</ele>
				<time>2026-09-22T00:03:15Z</time>
			</trkpt>
			<trkpt lat="48.10630615217949" lon="-122.76306141266376">
				<ele>1.196154339769393</ele>
				<time>2026-09-22T00:03:18Z</time>
			</trkpt>
			<trkpt lat="48.106314908339904" lon="-122.76303035376333">
				<ele>1.2519106022163307</ele>
				<time>2026-09-22T00:03:21Z</time>
			</trkpt>
			<trkpt lat="48.106318561981574" lon="-122.76299540934318">
				<ele>1.174596944428771</ele>
				<time>2026-09-22T00:03:25Z</time>
			</trkpt>
			<trkpt lat="48.10631493467581" lon="-122.76296043450098">
				<ele>1.3063484026098457</ele>
				<time>2026-09-22T00:03:29Z</time>
			</trkpt>
			<trkpt lat="48.1063068171058" lon="-122.76293198992244">
				<ele>1.2447773910333702</ele>
				<time>2026-09-22T00:03:33Z</time>
			</trkpt>
			<trkpt lat="48.10630184338337" lon="-122.76289754166618">
				<ele>1.350024286351708</ele>
				<time>2026-09-22T00:03:37Z</time>
			</trkpt>
			<trkpt lat="48.106296539577905" lon="-122.76287093925498">
				<ele>1.2257188275767206</ele>
				<time>2026-09-22T00:03:41Z</time>
			</trkpt>
			<trkpt lat="48.106290508557464" lon="-122.76284190284457">
				<ele>1.416111388932201</ele>
				<time>2026-09-22T00:03:45Z</time>
			</trkpt>
			<trkpt lat="48.10628285575204" lon="-122.7628132889893">
				<ele>1.355269910458233</ele>
				<time>2026-09-22T00:03:50Z</time>
			</trkpt>
			<trkpt lat="48.10627329605142" lon="-122.7627886602069">
				<ele>1.2676671147609255</ele>
				<time>2026-09-22T00:03:54Z</time>
			</trkpt>
			<trkpt lat="48.10626265684983" lon="-122.76276257289327">
				<ele>1.2536095228185644</ele>
				<time>2026-09-22T00:03:58Z</time>
			</trkpt>
			<trkpt lat="48.10625185374715" lon="-122.76273291349183">
				<ele>1.2285708207356478</ele>
				<time>2026-09-22T00:04:02Z</time>
			</trkpt>
			<trkpt lat="48.10624246317181" lon="-122.76270477791668">
				<ele>1.213395162236857</ele>
				<time>2026-09-22T00:04:06Z</time>
			</trkpt>
			<trkpt lat="48.1062343719735" lon="-122.76267174392032">
				<ele>1.2905370199570463</ele>
				<time>2026-09-22T00:04:10Z</time>
			</trkpt>
			<trkpt lat="48.106228391347486" lon="-122.76264250510529">
				<ele>1.2898378552043681</ele>
				<time>2026-09-22T00:04:13Z</time>
			</trkpt>
			<trkpt lat="48.10621863784687" lon="-122.7626176073746">
				<ele>1.1800642327603832</ele>
				<time>2026-09-22T00:04:16Z</time>
			</trkpt>
			<trkpt lat="48.10620864788463" lon="-122.76258857900682">
				<ele>1.1698745065562761</ele>
				<time>2026-09-22T00:04:19Z</time>
			</trkpt>
			<trkpt lat="48.10620087593978" lon="-122.76256433788262">
				<ele>0.7827071409164432</ele>
				<time>2026-09-22T00:04:22Z</time>
			</trkpt>
			<trkpt lat="48.10619495989953" lon="-122.76253882273805">
				<ele>0.8980465441964789</ele>
				<time>2026-09-22T00:04:24Z</time>
			</trkpt>
			<trkpt lat="48.10618822171909" lon="-122.76251209971983">
				<ele>0.9520473744092506</ele>
				<time>2026-09-22T00:04:26Z</time>
			</trkpt>
			<trkpt lat="48.10617807748247" lon="-122.76248696208556">
				<ele>0.9678431385370132</ele>
				<time>2026-09-22T00:04:28Z</time>
			</trkpt>
			<trkpt lat="48.106167339321935" lon="-122.76246272484902">
				<ele>1.0045255738661432</ele>
				<time>2026-09-22T00:04:30Z</time>
			</trkpt>
			<trkpt lat="48.10615498017701" lon="-122.7624347609485">
				<ele>0.9821895549634654</ele>
				<time>2026-09-22T00:04:32Z</time>
			</trkpt>
			<trkpt lat="48.106144246718" lon="-122.76240394958164">
				<ele>0.9910915949060737</ele>
				<time>2026-09-22T00:04:34Z</time>
			</trkpt>
			<trkpt lat="48.10613493222492" lon="-122.76237730171292">
				<ele>1.0303972013796994</ele>
				<time>2026-09-22T00:04:36Z</time>
			</trkpt>
			<trkpt lat="48.10613030202965" lon="-122.76234567336262">
				<ele>1.04571840404628</ele>
				<time>2026-09-22T00:04:38Z</time>
			</trkpt>
			<trkpt lat="48.106129438090896" lon="-122.76231318662475">
				<ele>1.0074314808837777</ele>
				<time>2026-09-22T00:04:40Z</time>
			</trkpt>
			<trkpt lat="48.106126084022655" lon="-122.76228062569744">
				<ele>1.05282983976441</ele>
				<time>2026-09-22T00:04:42Z</time>
			</trkpt>
			<trkpt lat="48.10612505131741" lon="-122.76224817012026">
				<ele>1.1916349880053687</ele>
				<time>2026-09-22T00:04:44Z</time>
			</trkpt>
			<trkpt lat="48.10612343435481" lon="-122.76221742396102">
				<ele>1.234677960749277</ele>
				<time>2026-09-22T00:04:46Z</time>
			</trkpt>
			<trkpt lat="48.10612224170235" lon="-122.76219042800638">
				<ele>1.2236004715766278</ele>
				<time>2026-09-22T00:04:48Z</time>
			</trkpt>
			<trkpt lat="48.106122354587754" lon="-122.76216343773943">
				<ele>1.1531385575211353</ele>
				<time>2026-09-22T00:04:50Z</time>
			</trkpt>
			<trkpt lat="48.10612236346195" lon="-122.762127170576">
				<ele>1.1342867463778141</ele>
				<time>2026-09-22T00:04:53Z</time>
			</trkpt>
			<trkpt lat="48.106121511305126" lon="-122.76209880212521">
				<ele>1.1814998900931108</ele>
				<time>2026-09-22T00:04:56Z</time>
			</trkpt>
			<trkpt lat="48.10611912781279" lon="-122.76207144035004">
				<ele>1.1719127546101724</ele>
				<time>2026-09-22T00:04:59Z</time>
			</trkpt>
			<trkpt lat="48.106117123692975" lon="-122.76203889702593">
				<ele>1.1399105494813533</ele>
				<time>2026-09-22T00:05:03Z</time>
			</trkpt>
			<trkpt lat="48.106116434743726" lon="-122.76200887118668">
				<ele>1.1822519767158006</ele>
				<time>2026-09-22T00:05:07Z</time>
			</trkpt>
			<trkpt lat="48.10611256776544" lon="-122.76198088851172">
				<ele>1.1804801353292866</ele>
				<time>2026-09-22T00:05:11Z</time>
			</trkpt>
			<trkpt lat="48.1061072790164" lon="-122.76195256248351">
				<ele>1.1291257475489864</ele>
				<time>2026-09-22T00:05:15Z</time>
			</trkpt>
			<trkpt lat="48.106102142554306" lon="-122.76192370024775">
				<ele>1.1913817365140318</ele>
				<time>2026-09-22T00:05:19Z</time>
			</trkpt>
			<trkpt lat="48.10609630616318" lon="-122.76189682636866">
				<ele>1.146854897620866</ele>
				<time>2026-09-22T00:05:23Z</time>
			</trkpt>
			<trkpt lat="48.10609009460044" lon="-122.76186702562207">
				<ele>1.16578573308281</ele>
				<time>2026-09-22T00:05:27Z</time>
			</trkpt>
			<trkpt lat="48.106083695759565" lon="-122.76184086844384">
				<ele>1.218329229105617</ele>
				<time>2026-09-22T00:05:31Z</time>
			</trkpt>
			<trkpt lat="48.10607478619097" lon="-122.76181508111301">
				<ele>1.1835658842648087</ele>
				<time>2026-09-22T00:05:35Z</time>
			</trkpt>
			<trkpt lat="48.1060657205587" lon="-122.76178813173891">
				<ele>1.1144759331709722</ele>
				<time>2026-09-22T00:05:39Z</time>
			</trkpt>
			<trkpt lat="48.10605405982525" lon="-122.76175944490834">
				<ele>1.1188235072024995</ele>
				<time>2026-09-22T00:05:43Z</time>
			</trkpt>
			<trkpt lat="48.10604053408554" lon="-122.76173252250543">
				<ele>1.1649806182272577</ele>
				<time>2026-09-22T00:05:47Z</time>
			</trkpt>
			<trkpt lat="48.106024832038955" lon="-122.76170615637051">
				<ele>1.1355662504230857</ele>
				<time>2026-09-22T00:05:51Z</time>
			</trkpt>
			<trkpt lat="48.10601271392033" lon="-122.76168295003178">
				<ele>1.1384773922243596</ele>
				<time>2026-09-22T00:05:54Z</time>
			</trkpt>
			<trkpt lat="48.10600021665854" lon="-122.76165677590292">
				<ele>1.1675345923509433</ele>
				<time>2026-09-22T00:05:57Z</time>
			</trkpt>
			<trkpt lat="48.10598821618131" lon="-122.76162977659041">
				<ele>1.0841210502677114</ele>
				<time>2026-09-22T00:06:00Z</time>
			</trkpt>
			<trkpt lat="48.10597662617534" lon="-122.76159626958881">
				<ele>0.9435243189403764</ele>
				<time>2026-09-22T00:06:03Z</time>
			</trkpt>
			<trkpt lat="48.10596263801276" lon="-122.76156658892042">
				<ele>0.9515428602603357</ele>
				<time>2026-09-22T00:06:06Z</time>
			</trkpt>
			<trkpt lat="48.10594766403378" lon="-122.76154275042302">
				<ele>0.9249689743507012</ele>
				<time>2026-09-22T00:06:09Z</time>
			</trkpt>
			<trkpt lat="48.10593330614184" lon="-122.76151711721795">
				<ele>0.9045969577902042</ele>
				<time>2026-09-22T00:06:12Z</time>
			</trkpt>
			<trkpt lat="48.10592064288015" lon="-122.76149112216383">
				<ele>0.9258109022665302</ele>
				<time>2026-09-22T00:06:15Z</time>
			</trkpt>
			<trkpt lat="48.105911520450455" lon="-122.76146560994015">
				<ele>0.9584570103181917</ele>
				<time>2026-09-22T00:06:18Z</time>
			</trkpt>
			<trkpt lat="48.105902400610496" lon="-122.76144127260594">
				<ele>1.0019883450052163</ele>
				<time>2026-09-22T00:06:21Z</time>
			</trkpt>
			<trkpt lat="48.10589260929851" lon="-122.76141278599354">
				<ele>0.9913699731027776</ele>
				<time>2026-09-22T00:06:24Z</time>
			</trkpt>
			<trkpt lat="48.1058828107906" lon="-122.76138818758402">
				<ele>0.9667430777016115</ele>
				<time>2026-09-22T00:06:27Z</time>
			</trkpt>
			<trkpt lat="48.10587493710106" lon="-122.76136108931259">
				<ele>0.9878369062267254</ele>
				<time>2026-09-22T00:06:30Z</time>
			</trkpt>
			<trkpt lat="48.10586674781401" lon="-122.76133086595297">
				<ele>1.1403789157564788</ele>
				<time>2026-09-22T00:06:33Z</time>
			</trkpt>
			<trkpt lat="48.105857543801854" lon="-122.76130227698518">
				<ele>1.3060624921636936</ele>
				<time>2026-09-22T00:06:37Z</time>
			</trkpt>
			<trkpt lat="48.1058413444832" lon="-122.76127809519996">
				<ele>1.2663619740990342</ele>
				<time>2026-09-22T00:06:41Z</time>
			</trkpt>
			<trkpt lat="48.10582954465097" lon="-122.7612564014266">
				<ele>1.2756579607862903</ele>
				<time>2026-09-22T00:06:45Z</time>
			</trkpt>
			<trkpt lat="48.10581831009555" lon="-122.76123491615972">
				<ele>1.309978360101148</ele>
				<time>2026-09-22T00:06:49Z</time>
			</trkpt>
			<trkpt lat="48.10580225204725" lon="-122.76121635238609">
				<ele>1.22049039151673</ele>
				<time>2026-09-22T00:06:54Z</time>
			</trkpt>
			<trkpt lat="48.105787828532286" lon="-122.76119156220608">
				<ele>1.183880856073813</ele>
				<time>2026-09-22T00:07:00Z</time>
			</trkpt>
			<trkpt lat="48.105770961329085" lon="-122.76117540871479">
				<ele>1.3631023157640598</ele>
				<time>2026-09-22T00:07:04Z</time>
			</trkpt>
			<trkpt lat="48.105754315172256" lon="-122.76115271088172">
				<ele>1.0878247142376054</ele>
				<time>2026-09-22T00:07:09Z</time>
			</trkpt>
			<trkpt lat="48.10574005478909" lon="-122.76113214628337">
				<ele>1.1358502925336467</ele>
				<time>2026-09-22T00:07:12Z</time>
			</trkpt>
			<trkpt lat="48.10572370845234" lon="-122.76111111424183">
				<ele>1.1822274648996576</ele>
				<time>2026-09-22T00:07:15Z</time>
			</trkpt>
			<trkpt lat="48.10570656899357" lon="-122.76109328944789">
				<ele>1.132792579295451</ele>
				<time>2026-09-22T00:07:18Z</time>
			</trkpt>
			<trkpt lat="48.105689514145666" lon="-122.76108151722231">
				<ele>1.1186759030709439</ele>
				<time>2026-09-22T00:07:21Z</time>
			</trkpt>
			<trkpt lat="48.1056722769151" lon="-122.76106737235924">
				<ele>1.1346272894949898</ele>
				<time>2026-09-22T00:07:24Z</time>
			</trkpt>
			<trkpt lat="48.105654856338674" lon="-122.76104797346287">
				<ele>1.269165068742769</ele>
				<time>2026-09-22T00:07:27Z</time>
			</trkpt>
			<trkpt lat="48.10563658839826" lon="-122.76103363147595">
				<ele>1.413694702436647</ele>
				<time>2026-09-22T00:07:31Z</time>
			</trkpt>
			<trkpt lat="48.105621207139066" lon="-122.76101313431053">
				<ele>1.4020010695785778</ele>
				<time>2026-09-22T00:07:35Z</time>
			</trkpt>
			<trkpt lat="48.10560536393755" lon="-122.7609926964891">
				<ele>1.4685888683163988</ele>
				<time>2026-09-22T00:07:39Z</time>
			</trkpt>
			<trkpt lat="48.10559046400679" lon="-122.76097169186642">
				<ele>1.2121491496239898</ele>
				<time>2026-09-22T00:07:43Z</time>
			</trkpt>
			<trkpt lat="48.10557230258848" lon="-122.76095484799087">
				<ele>1.288763928890706</ele>
				<time>2026-09-22T00:07:47Z</time>
			</trkpt>
			<trkpt lat="48.10555511794445" lon="-122.76094183997982">
				<ele>1.3748253317318486</ele>
				<time>2026-09-22T00:07:52Z</time>
			</trkpt>
			<trkpt lat="48.10553622427045" lon="-122.76093382801817">
				<ele>1.2855188836041336</ele>
				<time>2026-09-22T00:07:58Z</time>
			</trkpt>
			<trkpt lat="48.10551834119516" lon="-122.76092210448708">
				<ele>1.2348726389553057</ele>
				<time>2026-09-22T00:08:04Z</time>
			</trkpt>
			<trkpt lat="48.105500899565506" lon="-122.76091386246866">
				<ele>1.2136968800686603</ele>
				<time>2026-09-22T00:08:12Z</time>
			</trkpt>
			<trkpt lat="48.10551191683763" lon="-122.76093671828558">
				<ele>1.0962504828798707</ele>
				<time>2026-09-22T00:08:41Z</time>
			</trkpt>
			<trkpt lat="48.10552295008096" lon="-122.76096129645946">
				<ele>1.1457745177408043</ele>
				<time>2026-09-22T00:08:52Z</time>
			</trkpt>
			<trkpt lat="48.10553019580244" lon="-122.76098660828701">
				<ele>1.084681867062418</ele>
				<time>2026-09-22T00:09:04Z</time>
			</trkpt>
			<trkpt lat="48.105531993571475" lon="-122.7610149251735">
				<ele>1.3069599689032465</ele>
				<time>2026-09-22T00:09:21Z</time>
			</trkpt>
			<trkpt lat="48.10553611795585" lon="-122.76104294798246">
				<ele>1.293655260370624</ele>
				<time>2026-09-22T00:09:30Z</time>
			</trkpt>
			<trkpt lat="48.10554034193206" lon="-122.76107023641725">
				<ele>1.2699171195903851</ele>
				<time>2026-09-22T00:09:38Z</time>
			</trkpt>
			<trkpt lat="48.10554556362134" lon="-122.76110065021062">
				<ele>1.0931530947720098</ele>
				<time>2026-09-22T00:09:46Z</time>
			</trkpt>
			<trkpt lat="48.105547312005434" lon="-122.76113100062443">
				<ele>1.2170678108571522</ele>
				<time>2026-09-22T00:09:51Z</time>
			</trkpt>
			<trkpt lat="48.1055542221805" lon="-122.7611575038536">
				<ele>1.1619145014322783</ele>
				<time>2026-09-22T00:09:57Z</time>
			</trkpt>
			<trkpt lat="48.10556180297187" lon="-122.76118624159402">
				<ele>1.1724234358906855</ele>
				<time>2026-09-22T00:10:05Z</time>
			</trkpt>
			<trkpt lat="48.10556137951808" lon="-122.76121426373601">
				<ele>1.0675070531548094</ele>
				<time>2026-09-22T00:10:16Z</time>
			</trkpt>
			<trkpt lat="48.10557624564241" lon="-122.76123731993778">
				<ele>1.4303231079691194</ele>
				<time>2026-09-22T00:10:27Z</time>
			</trkpt>
			<trkpt lat="48.10558542616431" lon="-122.76126107311529">
				<ele>1.5291933578794001</ele>
				<time>2026-09-22T00:10:37Z</time>
			</trkpt>
			<trkpt lat="48.105596424724865" lon="-122.76128692027461">
				<ele>1.2682123438900028</ele>
				<time>2026-09-22T00:10:47Z</time>
			</trkpt>
			<trkpt lat="48.1056070481727" lon="-122.76131183102456">
				<ele>0.9602721777518539</ele>
				<time>2026-09-22T00:10:56Z</time>
			</trkpt>
			<trkpt lat="48.10562096886695" lon="-122.76132937124004">
				<ele>0.7393744498799606</ele>
				<time>2026-09-22T00:11:00Z</time>
			</trkpt>
			<trkpt lat="48.10563424369264" lon="-122.76134892128816">
				<ele>0.9754191212940988</ele>
				<time>2026-09-22T00:11:04Z</time>
			</trkpt>
			<trkpt lat="48.10564459119118" lon="-122.7613760382495">
				<ele>1.0135812921818292</ele>
				<time>2026-09-22T00:11:08Z</time>
			</trkpt>
			<trkpt lat="48.10565629527442" lon="-122.76139911445978">
				<ele>1.0807305922071393</ele>
				<time>2026-09-22T00:11:13Z</time>
			</trkpt>
			<trkpt lat="48.105655728432524" lon="-122.76142870042227">
				<ele>1.2326333902067717</ele>
				<time>2026-09-22T00:11:21Z</time>
			</trkpt>
			<trkpt lat="48.10564428899524" lon="-122.76145050280309">
				<ele>1.1544557926688412</ele>
				<time>2026-09-22T00:11:29Z</time>
			</trkpt>
			<trkpt lat="48.10562444476918" lon="-122.76146008139982">
				<ele>1.1141927511906324</ele>
				<time>2026-09-22T00:11:34Z</time>
			</trkpt>
			<trkpt lat="48.1056052319019" lon="-122.76147253164089">
				<ele>1.1667811349610666</ele>
				<time>2026-09-22T00:11:40Z</time>
			</trkpt>
			<trkpt lat="48.10558779371445" lon="-122.76149097120276">
				<ele>1.1117972806897285</ele>
				<time>2026-09-22T00:11:45Z</time>
			</trkpt>
			<trkpt lat="48.10557122397331" lon="-122.76150807194676">
				<ele>1.1115226066672221</ele>
				<time>2026-09-22T00:11:50Z</time>
			</trkpt>
			<trkpt lat="48.10555604293529" lon="-122.76152420806919">
				<ele>1.2383211550357132</ele>
				<time>2026-09-22T00:11:54Z</time>
			</trkpt>
			<trkpt lat="48.10553896244412" lon="-122.76154682160926">
				<ele>1.0483321511462904</ele>
				<time>2026-09-22T00:11:58Z</time>
			</trkpt>
			<trkpt lat="48.105524178101966" lon="-122.76156825667131">
				<ele>1.2499155158583584</ele>
				<time>2026-09-22T00:12:01Z</time>
			</trkpt>
			<trkpt lat="48.105517517419905" lon="-122.76159623477523">
				<ele>0.7782072602286725</ele>
				<time>2026-09-22T00:12:06Z</time>
			</trkpt>
			<trkpt lat="48.10551224130614" lon="-122.76162706707777">
				<ele>1.0012581571803203</ele>
				<time>2026-09-22T00:12:11Z</time>
			</trkpt>
			<trkpt lat="48.105507981920525" lon="-122.76165385074927">
				<ele>1.0457374726520037</ele>
				<time>2026-09-22T00:12:16Z</time>
			</trkpt>
			<trkpt lat="48.10550292020357" lon="-122.76168209684592">
				<ele>1.1544395172006894</ele>
				<time>2026-09-22T00:12:22Z</time>
			</trkpt>
			<trkpt lat="48.105496893188764" lon="-122.76170743375023">
				<ele>1.1249073882524954</ele>
				<time>2026-09-22T00:12:29Z</time>
			</trkpt>
			<trkpt lat="48.105489551346864" lon="-122.76173358595231">
				<ele>1.1238516084075059</ele>
				<time>2026-09-22T00:12:40Z</time>
			</trkpt>
			<trkpt lat="48.10548062768629" lon="-122.76175883078612">
				<ele>1.184899089085146</ele>
				<time>2026-09-22T00:12:58Z</time>
			</trkpt>
			<trkpt lat="48.105487879623894" lon="-122.76178401076517">
				<ele>1.1801816220899894</ele>
				<time>2026-09-22T00:13:13Z</time>
			</trkpt>
			<trkpt lat="48.10550952759398" lon="-122.76180198074368">
				<ele>0.7673244007918001</ele>
				<time>2026-09-22T00:13:17Z</time>
			</trkpt>
			<trkpt lat="48.105518827719074" lon="-122.76182558588648">
				<ele>0.9529925391114737</ele>
				<time>2026-09-22T00:13:23Z</time>
			</trkpt>
			<trkpt lat="48.105532370281274" lon="-122.76184833486276">
				<ele>0.9590308494628808</ele>
				<time>2026-09-22T00:13:29Z</time>
			</trkpt>
			<trkpt lat="48.1055402399091" lon="-122.7618762639647">
				<ele>1.1306841386604418</ele>
				<time>2026-09-22T00:13:34Z</time>
			</trkpt>
			<trkpt lat="48.10554748041841" lon="-122.76190432740903">
				<ele>1.146268223013692</ele>
				<time>2026-09-22T00:13:41Z</time>
			</trkpt>
			<trkpt lat="48.1055494778389" lon="-122.76193423854798">
				<ele>1.2991616658507006</ele>
				<time>2026-09-22T00:13:47Z</time>
			</trkpt>
			<trkpt lat="48.105543737119376" lon="-122.7619602972488">
				<ele>0.6642978057460986</ele>
				<time>2026-09-22T00:14:01Z</time>
			</trkpt>
			<trkpt lat="48.105538603331546" lon="-122.76198685596806">
				<ele>0.9142057775485064</ele>
				<time>2026-09-22T00:14:11Z</time>
			</trkpt>
			<trkpt lat="48.10552708874229" lon="-122.76201612526435">
				<ele>1.0995534008941945</ele>
				<time>2026-09-22T00:14:16Z</time>
			</trkpt>
			<trkpt lat="48.10551363124743" lon="-122.76203718198111">
				<ele>1.1153268358571289</ele>
				<time>2026-09-22T00:14:20Z</time>
			</trkpt>
			<trkpt lat="48.10551103779969" lon="-122.76206665581041">
				<ele>1.253641849567039</ele>
				<time>2026-09-22T00:14:26Z</time>
			</trkpt>
			<trkpt lat="48.10550957663648" lon="-122.76209825788061">
				<ele>1.158347021216489</ele>
				<time>2026-09-22T00:14:32Z</time>
			</trkpt>
			<trkpt lat="48.10550262834921" lon="-122.76212710191584">
				<ele>1.1579263750981639</ele>
				<time>2026-09-22T00:14:38Z</time>
			</trkpt>
			<trkpt lat="48.10549131317104" lon="-122.762151204404">
				<ele>1.2749995921953854</ele>
				<time>2026-09-22T00:14:44Z</time>
			</trkpt>
			<trkpt lat="48.10548363878357" lon="-122.76217908248708">
				<ele>1.2754973362918918</ele>
				<time>2026-09-22T00:14:47Z</time>
			</trkpt>
			<trkpt lat="48.10547346786444" lon="-122.76220485563643">
				<ele>1.5628516296011412</ele>
				<time>2026-09-22T00:14:52Z</time>
			</trkpt>
			<trkpt lat="48.1054729021751" lon="-122.76223358474273">
				<ele>1.4951593987442209</ele>
				<time>2026-09-22T00:14:57Z</time>
			</trkpt>
			<trkpt lat="48.10546093584175" lon="-122.762255143488">
				<ele>1.3315729351179826</ele>
				<time>2026-09-22T00:15:06Z</time>
			</trkpt>
			<trkpt lat="48.10544454638134" lon="-122.76227729929813">
				<ele>1.4206096801875283</ele>
				<time>2026-09-22T00:15:14Z</time>
			</trkpt>
			<trkpt lat="48.105431843725235" lon="-122.76229806274041">
				<ele>1.2509269932899763</ele>
				<time>2026-09-22T00:15:17Z</time>
			</trkpt>
			<trkpt lat="48.10542048456851" lon="-122.7623224410432">
				<ele>1.2345229623480094</ele>
				<time>2026-09-22T00:15:20Z</time>
			</trkpt>
			<trkpt lat="48.10540827631452" lon="-122.76235369905244">
				<ele>1.1780293089174165</ele>
				<time>2026-09-22T00:15:23Z</time>
			</trkpt>
			<trkpt lat="48.10539981028147" lon="-122.76237882891446">
				<ele>1.0670325289356661</ele>
				<time>2026-09-22T00:15:25Z</time>
			</trkpt>
			<trkpt lat="48.10539080571032" lon="-122.76240973359107">
				<ele>1.0607266363028849</ele>
				<time>2026-09-22T00:15:27Z</time>
			</trkpt>
			<trkpt lat="48.1053796743382" lon="-122.76243960689939">
				<ele>1.0878639820025633</ele>
				<time>2026-09-22T00:15:29Z</time>
			</trkpt>
			<trkpt lat="48.10536807889794" lon="-122.76247334547183">
				<ele>1.140141043564146</ele>
				<time>2026-09-22T00:15:31Z</time>
			</trkpt>
			<trkpt lat="48.10535288045372" lon="-122.7625123523637">
				<ele>1.1444725082478477</ele>
				<time>2026-09-22T00:15:33Z</time>
			</trkpt>
			<trkpt lat="48.10534368373861" lon="-122.7625544289553">
				<ele>1.100755195618337</ele>
				<time>2026-09-22T00:15:35Z</time>
			</trkpt>
			<trkpt lat="48.10533607636339" lon="-122.76260345135731">
				<ele>1.126459666173222</ele>
				<time>2026-09-22T00:15:37Z</time>
			</trkpt>
			<trkpt lat="48.10532434888348" lon="-122.76264954335939">
				<ele>1.0309948346859734</ele>
				<time>2026-09-22T00:15:39Z</time>
			</trkpt>
			<trkpt lat="48.10530977385919" lon="-122.76269706818464">
				<ele>1.1362797163391782</ele>
				<time>2026-09-22T00:15:41Z</time>
			</trkpt>
			<trkpt lat="48.10530254264123" lon="-122.76272171293091">
				<ele>1.1491777546875674</ele>
				<time>2026-09-22T00:15:42Z</time>
			</trkpt>
			<trkpt lat="48.105288721504174" lon="-122.76276522966015">
				<ele>1.1060812776331304</ele>
				<time>2026-09-22T00:15:44Z</time>
			</trkpt>
			<trkpt lat="48.10527171318867" lon="-122.76280786312867">
				<ele>1.1786393104904391</ele>
				<time>2026-09-22T00:15:46Z</time>
			</trkpt>
			<trkpt lat="48.105254626741846" lon="-122.7628522103369">
				<ele>1.1712778348535515</ele>
				<time>2026-09-22T00:15:48Z</time>
			</trkpt>
			<trkpt lat="48.105237745189896" lon="-122.76289181791797">
				<ele>1.0942695603824184</ele>
				<time>2026-09-22T00:15:50Z</time>
			</trkpt>
			<trkpt lat="48.105223024503005" lon="-122.76292280493229">
				<ele>1.094498651463418</ele>
				<time>2026-09-22T00:15:52Z</time>
			</trkpt>
			<trkpt lat="48.10521081257062" lon="-122.76294835607061">
				<ele>1.1460278609700332</ele>
				<time>2026-09-22T00:15:53Z</time>
			</trkpt>
			<trkpt lat="48.105199360920345" lon="-122.76298541494688">
				<ele>1.0934751640987805</ele>
				<time>2026-09-22T00:15:55Z</time>
			</trkpt>
			<trkpt lat="48.10518862896589" lon="-122.7630217601873">
				<ele>1.0986287016239196</ele>
				<time>2026-09-22T00:15:57Z</time>
			</trkpt>
			<trkpt lat="48.10517661187457" lon="-122.76306432984">
				<ele>0.9606238212583342</ele>
				<time>2026-09-22T00:15:59Z</time>
			</trkpt>
			<trkpt lat="48.10516484080523" lon="-122.7631052880874">
				<ele>0.9415063204458072</ele>
				<time>2026-09-22T00:16:01Z</time>
			</trkpt>
			<trkpt lat="48.105155851799786" lon="-122.76315246948558">
				<ele>0.9799908907453627</ele>
				<time>2026-09-22T00:16:03Z</time>
			</trkpt>
			<trkpt lat="48.105146253939466" lon="-122.76319868129305">
				<ele>1.0075050082124584</ele>
				<time>2026-09-22T00:16:05Z</time>
			</trkpt>
			<trkpt lat="48.1051392292235" lon="-122.763247545686">
				<ele>0.9657882138041103</ele>
				<time>2026-09-22T00:16:07Z</time>
			</trkpt>
			<trkpt lat="48.105133324467815" lon="-122.76328323749914">
				<ele>1.029622453491811</ele>
				<time>2026-09-22T00:16:09Z</time>
			</trkpt>
			<trkpt lat="48.10512918350677" lon="-122.76331048758288">
				<ele>1.027286474862926</ele>
				<time>2026-09-22T00:16:10Z</time>
			</trkpt>
			<trkpt lat="48.105122868098185" lon="-122.76334740736435">
				<ele>1.0104224588437987</ele>
				<time>2026-09-22T00:16:11Z</time>
			</trkpt>
			<trkpt lat="48.1051117982053" lon="-122.76339276472024">
				<ele>1.0509381840426322</ele>
				<time>2026-09-22T00:16:13Z</time>
			</trkpt>
			<trkpt lat="48.105100384037094" lon="-122.76344129149604">
				<ele>1.071699888927899</ele>
				<time>2026-09-22T00:16:15Z</time>
			</trkpt>
			<trkpt lat="48.105094619215194" lon="-122.76346708007588">
				<ele>1.0367429551598484</ele>
				<time>2026-09-22T00:16:16Z</time>
			</trkpt>
			<trkpt lat="48.10508477514102" lon="-122.76351594089496">
				<ele>1.0643525414735002</ele>
				<time>2026-09-22T00:16:18Z</time>
			</trkpt>
			<trkpt lat="48.10508157907868" lon="-122.76356092547826">
				<ele>1.0168636764655226</ele>
				<time>2026-09-22T00:16:20Z</time>
			</trkpt>
			<trkpt lat="48.10508618134633" lon="-122.76359655279438">
				<ele>1.1126391997344172</ele>
				<time>2026-09-22T00:16:22Z</time>
			</trkpt>
			<trkpt lat="48.105099601862456" lon="-122.76362722500747">
				<ele>1.234303977327297</ele>
				<time>2026-09-22T00:16:24Z</time>
			</trkpt>
			<trkpt lat="48.10511079570381" lon="-122.76365301760273">
				<ele>1.388437523770694</ele>
				<time>2026-09-22T00:16:26Z</time>
			</trkpt>
			<trkpt lat="48.105126261488245" lon="-122.7636844803729">
				<ele>1.3342520343160764</ele>
				<time>2026-09-22T00:16:28Z</time>
			</trkpt>
			<trkpt lat="48.1051402085874" lon="-122.76371556694633">
				<ele>1.2054063171863731</ele>
				<time>2026-09-22T00:16:30Z</time>
			</trkpt>
			<trkpt lat="48.10514924538257" lon="-122.76374891183048">
				<ele>1.1946896699909288</ele>
				<time>2026-09-22T00:16:32Z</time>
			</trkpt>
			<trkpt lat="48.105157011444746" lon="-122.7637809519268">
				<ele>1.1996931338775703</ele>
				<time>2026-09-22T00:16:34Z</time>
			</trkpt>
			<trkpt lat="48.10516424218588" lon="-122.76381367857269">
				<ele>1.3220190303360013</ele>
				<time>2026-09-22T00:16:36Z</time>
			</trkpt>
			<trkpt lat="48.105169722979944" lon="-122.76384521304418">
				<ele>1.315237059261225</ele>
				<time>2026-09-22T00:16:38Z</time>
			</trkpt>
			<trkpt lat="48.105170729926094" lon="-122.76387387069782">
				<ele>1.3308762943555443</ele>
				<time>2026-09-22T00:16:40Z</time>
			</trkpt>
			<trkpt lat="48.10516713760921" lon="-122.76390450327762">
				<ele>1.2740251462693273</ele>
				<time>2026-09-22T00:16:42Z</time>
			</trkpt>
			<trkpt lat="48.10516235956296" lon="-122.76393391980156">
				<ele>1.2354470214071007</ele>
				<time>2026-09-22T00:16:45Z</time>
			</trkpt>
			<trkpt lat="48.105162627301674" lon="-122.7639664648544">
				<ele>1.2319710702763444</ele>
				<time>2026-09-22T00:16:47Z</time>
			</trkpt>
			<trkpt lat="48.1051591020136" lon="-122.76399579723625">
				<ele>1.1750181250632075</ele>
				<time>2026-09-22T00:16:50Z</time>
			</trkpt>
			<trkpt lat="48.1051561806607" lon="-122.76402548933417">
				<ele>1.2297422408326995</ele>
				<time>2026-09-22T00:16:52Z</time>
			</trkpt>
			<trkpt lat="48.10515455808448" lon="-122.76407077804838">
				<ele>1.260461611651973</ele>
				<time>2026-09-22T00:16:55Z</time>
			</trkpt>
			<trkpt lat="48.10515445864101" lon="-122.76409906237731">
				<ele>1.2867373611881732</ele>
				<time>2026-09-22T00:16:58Z</time>
			</trkpt>
			<trkpt lat="48.105154108642594" lon="-122.7641303994102">
				<ele>1.3154211888167957</ele>
				<time>2026-09-22T00:17:02Z</time>
			</trkpt>
			<trkpt lat="48.10515429166104" lon="-122.7641575061278">
				<ele>1.3286843786262033</ele>
				<time>2026-09-22T00:17:06Z</time>
			</trkpt>
			<trkpt lat="48.10515192860326" lon="-122.76418530703052">
				<ele>1.55133537122515</ele>
				<time>2026-09-22T00:17:08Z</time>
			</trkpt>
			<trkpt lat="48.105150709199805" lon="-122.76422068993773">
				<ele>1.513933855975079</ele>
				<time>2026-09-22T00:17:11Z</time>
			</trkpt>
			<trkpt lat="48.10514632173081" lon="-122.76425254195865">
				<ele>1.9190050964847565</ele>
				<time>2026-09-22T00:17:14Z</time>
			</trkpt>
			<trkpt lat="48.105140022724015" lon="-122.76428920595751">
				<ele>1.5983013262087553</ele>
				<time>2026-09-22T00:17:17Z</time>
			</trkpt>
			<trkpt lat="48.10513796467723" lon="-122.76432335182943">
				<ele>1.546987329555428</ele>
				<time>2026-09-22T00:17:19Z</time>
			</trkpt>
			<trkpt lat="48.10513999848526" lon="-122.76435508036046">
				<ele>1.493282466972797</ele>
				<time>2026-09-22T00:17:21Z</time>
			</trkpt>
			<trkpt lat="48.10514493262274" lon="-122.76438558716099">
				<ele>1.5058414336438481</ele>
				<time>2026-09-22T00:17:23Z</time>
			</trkpt>
			<trkpt lat="48.10514563674801" lon="-122.76441425845441">
				<ele>1.547718378068879</ele>
				<time>2026-09-22T00:17:25Z</time>
			</trkpt>
			<trkpt lat="48.10513959442292" lon="-122.76444483446583">
				<ele>1.4960855188840974</ele>
				<time>2026-09-22T00:17:28Z</time>
			</trkpt>
			<trkpt lat="48.10513294438125" lon="-122.76447384160382">
				<ele>1.4961195981922977</ele>
				<time>2026-09-22T00:17:30Z</time>
			</trkpt>
			<trkpt lat="48.105118341222365" lon="-122.76449923610822">
				<ele>1.4758287124565221</ele>
				<time>2026-09-22T00:17:33Z</time>
			</trkpt>
			<trkpt lat="48.105098055283015" lon="-122.76450728910416">
				<ele>1.5657053917406003</ele>
				<time>2026-09-22T00:17:37Z</time>
			</trkpt>
			<trkpt lat="48.105082212574324" lon="-122.76449453118292">
				<ele>1.541733031213166</ele>
				<time>2026-09-22T00:17:40Z</time>
			</trkpt>
			<trkpt lat="48.10506649733875" lon="-122.76447790301926">
				<ele>1.5215342096412918</ele>
				<time>2026-09-22T00:17:42Z</time>
			</trkpt>
			<trkpt lat="48.10504871147394" lon="-122.76445739944175">
				<ele>1.5264010706669744</ele>
				<time>2026-09-22T00:17:44Z</time>
			</trkpt>
			<trkpt lat="48.105032985156775" lon="-122.7644368241687">
				<ele>1.4977713937302113</ele>
				<time>2026-09-22T00:17:46Z</time>
			</trkpt>
			<trkpt lat="48.10501640186025" lon="-122.7644114763425">
				<ele>1.4669672402087528</ele>
				<time>2026-09-22T00:17:48Z</time>
			</trkpt>
			<trkpt lat="48.10500180294791" lon="-122.76438084442947">
				<ele>1.4828464526553269</ele>
				<time>2026-09-22T00:17:50Z</time>
			</trkpt>
			<trkpt lat="48.10499152924863" lon="-122.7643579904777">
				<ele>1.426085314581183</ele>
				<time>2026-09-22T00:17:52Z</time>
			</trkpt>
			<trkpt lat="48.104979400456145" lon="-122.76432399914921">
				<ele>1.4261689806665458</ele>
				<time>2026-09-22T00:17:54Z</time>
			</trkpt>
			<trkpt lat="48.104969187402304" lon="-122.76429189026847">
				<ele>1.4168761090122324</ele>
				<time>2026-09-22T00:17:56Z</time>
			</trkpt>
			<trkpt lat="48.10495840259501" lon="-122.76425284130133">
				<ele>1.4252760575440782</ele>
				<time>2026-09-22T00:17:58Z</time>
			</trkpt>
			<trkpt lat="48.104949501303835" lon="-122.76421864150012">
				<ele>1.438991276752514</ele>
				<time>2026-09-22T00:18:00Z</time>
			</trkpt>
			<trkpt lat="48.104943562325914" lon="-122.76419004516337">
				<ele>1.430280928070701</ele>
				<time>2026-09-22T00:18:02Z</time>
			</trkpt>
			<trkpt lat="48.10494088427963" lon="-122.7641523319711">
				<ele>1.5045590843814267</ele>
				<time>2026-09-22T00:18:05Z</time>
			</trkpt>
			<trkpt lat="48.104942096042976" lon="-122.76411819375109">
				<ele>1.448247453620457</ele>
				<time>2026-09-22T00:18:08Z</time>
			</trkpt>
			<trkpt lat="48.10494686145442" lon="-122.76409062509555">
				<ele>1.4221166121390283</ele>
				<time>2026-09-22T00:18:11Z</time>
			</trkpt>
			<trkpt lat="48.104952928542005" lon="-122.764061549344">
				<ele>1.4586185197124841</ele>
				<time>2026-09-22T00:18:16Z</time>
			</trkpt>
			<trkpt lat="48.104954182861356" lon="-122.76403339520701">
				<ele>1.3788527941209274</ele>
				<time>2026-09-22T00:18:21Z</time>
			</trkpt>
			<trkpt lat="48.104941942932754" lon="-122.76400933242614">
				<ele>1.4943178684972196</ele>
				<time>2026-09-22T00:18:28Z</time>
			</trkpt>
			<trkpt lat="48.10492305225095" lon="-122.76398582907824">
				<ele>1.2064557952786288</ele>
				<time>2026-09-22T00:18:34Z</time>
			</trkpt>
			<trkpt lat="48.104911991298856" lon="-122.76395857274834">
				<ele>1.1732867617230234</ele>
				<time>2026-09-22T00:18:38Z</time>
			</trkpt>
			<trkpt lat="48.10489542905538" lon="-122.76393489264198">
				<ele>1.1278630096868945</ele>
				<time>2026-09-22T00:18:42Z</time>
			</trkpt>
			<trkpt lat="48.10487519187719" lon="-122.76392168223768">
				<ele>1.179100089826271</ele>
				<time>2026-09-22T00:18:47Z</time>
			</trkpt>
			<trkpt lat="48.10485371793554" lon="-122.76391085175855">
				<ele>1.170462211376499</ele>
				<time>2026-09-22T00:18:51Z</time>
			</trkpt>
			<trkpt lat="48.10483249464515" lon="-122.76390068509491">
				<ele>1.1362122950935358</ele>
				<time>2026-09-22T00:18:54Z</time>
			</trkpt>
			<trkpt lat="48.10481014399801" lon="-122.76389408871897">
				<ele>1.251286609980756</ele>
				<time>2026-09-22T00:18:56Z</time>
			</trkpt>
			<trkpt lat="48.10478699789651" lon="-122.7638936226018">
				<ele>1.1499032376645246</ele>
				<time>2026-09-22T00:18:58Z</time>
			</trkpt>
			<trkpt lat="48.10476509771792" lon="-122.76390156526341">
				<ele>1.0533952499117945</ele>
				<time>2026-09-22T00:19:00Z</time>
			</trkpt>
			<trkpt lat="48.10474437474243" lon="-122.76391349426221">
				<ele>1.0966856482271616</ele>
				<time>2026-09-22T00:19:02Z</time>
			</trkpt>
			<trkpt lat="48.10471381861495" lon="-122.76394479791766">
				<ele>1.1270661933561357</ele>
				<time>2026-09-22T00:19:05Z</time>
			</trkpt>
			<trkpt lat="48.104694413461274" lon="-122.76396872760775">
				<ele>1.150996244010777</ele>
				<time>2026-09-22T00:19:07Z</time>
			</trkpt>
			<trkpt lat="48.10467834079008" lon="-122.76399832205519">
				<ele>1.1221748119463584</ele>
				<time>2026-09-22T00:19:09Z</time>
			</trkpt>
			<trkpt lat="48.10466505751586" lon="-122.76403861323396">
				<ele>1.2115468567258993</ele>
				<time>2026-09-22T00:19:11Z</time>
			</trkpt>
			<trkpt lat="48.104654229353656" lon="-122.76407915474365">
				<ele>1.2250927658342512</ele>
				<time>2026-09-22T00:19:13Z</time>
			</trkpt>
			<trkpt lat="48.104646701699394" lon="-122.76412339198818">
				<ele>1.29687646032394</ele>
				<time>2026-09-22T00:19:15Z</time>
			</trkpt>
			<trkpt lat="48.104640311572716" lon="-122.76416531987557">
				<ele>1.201179182174414</ele>
				<time>2026-09-22T00:19:17Z</time>
			</trkpt>
			<trkpt lat="48.10463457966887" lon="-122.76420568746038">
				<ele>1.189325792562844</ele>
				<time>2026-09-22T00:19:19Z</time>
			</trkpt>
			<trkpt lat="48.10463082883267" lon="-122.76425090103444">
				<ele>1.2799675306413008</ele>
				<time>2026-09-22T00:19:21Z</time>
			</trkpt>
			<trkpt lat="48.10462238275587" lon="-122.76428713681676">
				<ele>1.3963094108857703</ele>
				<time>2026-09-22T00:19:23Z</time>
			</trkpt>
			<trkpt lat="48.104613942720285" lon="-122.76432537368984">
				<ele>1.3468739330036392</ele>
				<time>2026-09-22T00:19:25Z</time>
			</trkpt>
			<trkpt lat="48.10460402706478" lon="-122.76436432453556">
				<ele>1.3798048190458339</ele>
				<time>2026-09-22T00:19:27Z</time>
			</trkpt>
			<trkpt lat="48.10459499719323" lon="-122.76440290812819">
				<ele>1.3086737364704426</ele>
				<time>2026-09-22T00:19:29Z</time>
			</trkpt>
			<trkpt lat="48.104588138171465" lon="-122.76444525728552">
				<ele>1.3087409051640293</ele>
				<time>2026-09-22T00:19:31Z</time>
			</trkpt>
			<trkpt lat="48.1045810871633" lon="-122.76448798018214">
				<ele>1.294069338970182</ele>
				<time>2026-09-22T00:19:33Z</time>
			</trkpt>
			<trkpt lat="48.10457747060107" lon="-122.76453320622406">
				<ele>1.2513123713229461</ele>
				<time>2026-09-22T00:19:35Z</time>
			</trkpt>
			<trkpt lat="48.10457680070441" lon="-122.76457864642705">
				<ele>1.2364545260729507</ele>
				<time>2026-09-22T00:19:37Z</time>
			</trkpt>
			<trkpt lat="48.104578175912955" lon="-122.76462127265181">
				<ele>1.248983114232857</ele>
				<time>2026-09-22T00:19:39Z</time>
			</trkpt>
			<trkpt lat="48.10457879162951" lon="-122.76466307308432">
				<ele>1.2999669458498921</ele>
				<time>2026-09-22T00:19:41Z</time>
			</trkpt>
			<trkpt lat="48.1045796770017" lon="-122.76470608777315">
				<ele>1.217398034594602</ele>
				<time>2026-09-22T00:19:43Z</time>
			</trkpt>
			<trkpt lat="48.10458006308296" lon="-122.76474775021646">
				<ele>1.2548542509518548</ele>
				<time>2026-09-22T00:19:45Z</time>
			</trkpt>
			<trkpt lat="48.10458478240844" lon="-122.7647929116595">
				<ele>1.1609324532097673</ele>
				<time>2026-09-22T00:19:47Z</time>
			</trkpt>
			<trkpt lat="48.10459047733644" lon="-122.76483458146052">
				<ele>1.1374798188331283</ele>
				<time>2026-09-22T00:19:49Z</time>
			</trkpt>
			<trkpt lat="48.10459912784926" lon="-122.76487688945946">
				<ele>1.1383416647746927</ele>
				<time>2026-09-22T00:19:51Z</time>
			</trkpt>
			<trkpt lat="48.10460658899896" lon="-122.76491802479475">
				<ele>1.163094226426864</ele>
				<time>2026-09-22T00:19:53Z</time>
			</trkpt>
			<trkpt lat="48.10461485048934" lon="-122.76496231388438">
				<ele>1.100479580184512</ele>
				<time>2026-09-22T00:19:55Z</time>
			</trkpt>
			<trkpt lat="48.10461646765925" lon="-122.76500520738239">
				<ele>1.1594367996421333</ele>
				<time>2026-09-22T00:19:57Z</time>
			</trkpt>
			<trkpt lat="48.10461345119696" lon="-122.76504688004262">
				<ele>1.15503880447271</ele>
				<time>2026-09-22T00:19:59Z</time>
			</trkpt>
			<trkpt lat="48.10461453725853" lon="-122.76508909411407">
				<ele>1.0374956072067079</ele>
				<time>2026-09-22T00:20:01Z</time>
			</trkpt>
			<trkpt lat="48.10461962345979" lon="-122.76513280485057">
				<ele>1.0153955995470412</ele>
				<time>2026-09-22T00:20:03Z</time>
			</trkpt>
			<trkpt lat="48.10462588369958" lon="-122.76517660127448">
				<ele>1.092386835635299</ele>
				<time>2026-09-22T00:20:05Z</time>
			</trkpt>
			<trkpt lat="48.104629824644284" lon="-122.7652205393346">
				<ele>1.0903012329419788</ele>
				<time>2026-09-22T00:20:07Z</time>
			</trkpt>
			<trkpt lat="48.10463085498844" lon="-122.76526409491002">
				<ele>1.1459150450979294</ele>
				<time>2026-09-22T00:20:09Z</time>
			</trkpt>
			<trkpt lat="48.10462811724943" lon="-122.76530805750174">
				<ele>1.1618815268993963</ele>
				<time>2026-09-22T00:20:11Z</time>
			</trkpt>
			<trkpt lat="48.104625510861894" lon="-122.76535135665391">
				<ele>1.14820424393454</ele>
				<time>2026-09-22T00:20:13Z</time>
			</trkpt>
			<trkpt lat="48.10462158292057" lon="-122.76539729249562">
				<ele>1.1776744206338243</ele>
				<time>2026-09-22T00:20:15Z</time>
			</trkpt>
			<trkpt lat="48.104619418676556" lon="-122.76544476385149">
				<ele>1.1529503977480573</ele>
				<time>2026-09-22T00:20:17Z</time>
			</trkpt>
			<trkpt lat="48.10462176914803" lon="-122.76549307567714">
				<ele>1.145424422460195</ele>
				<time>2026-09-22T00:20:19Z</time>
			</trkpt>
			<trkpt lat="48.104628514008375" lon="-122.7655431051648">
				<ele>1.1862245207054514</ele>
				<time>2026-09-22T00:20:21Z</time>
			</trkpt>
			<trkpt lat="48.10463686565997" lon="-122.76558960562767">
				<ele>1.1210530441879278</ele>
				<time>2026-09-22T00:20:23Z</time>
			</trkpt>
			<trkpt lat="48.10464471703292" lon="-122.76563163075109">
				<ele>1.0678321655491239</ele>
				<time>2026-09-22T00:20:25Z</time>
			</trkpt>
			<trkpt lat="48.10465068385929" lon="-122.765669813377">
				<ele>1.0351638448797047</ele>
				<time>2026-09-22T00:20:27Z</time>
			</trkpt>
			<trkpt lat="48.104655607485796" lon="-122.76570502264092">
				<ele>1.0613515205193593</ele>
				<time>2026-09-22T00:20:29Z</time>
			</trkpt>
			<trkpt lat="48.10465712421594" lon="-122.76573620532616">
				<ele>1.1846636518022535</ele>
				<time>2026-09-22T00:20:31Z</time>
			</trkpt>
			<trkpt lat="48.10466169007803" lon="-122.76578144880419">
				<ele>1.2111044579968215</ele>
				<time>2026-09-22T00:20:33Z</time>
			</trkpt>
			<trkpt lat="48.104665346932165" lon="-122.76582211798154">
				<ele>1.212045605218119</ele>
				<time>2026-09-22T00:20:35Z</time>
			</trkpt>
			<trkpt lat="48.10467409552935" lon="-122.76586360040625">
				<ele>1.1587298176053338</ele>
				<time>2026-09-22T00:20:37Z</time>
			</trkpt>
			<trkpt lat="48.10468528111505" lon="-122.76590494266217">
				<ele>1.260672467724273</ele>
				<time>2026-09-22T00:20:39Z</time>
			</trkpt>
			<trkpt lat="48.1046974173215" lon="-122.76594525209696">
				<ele>1.2507745875809668</ele>
				<time>2026-09-22T00:20:41Z</time>
			</trkpt>
			<trkpt lat="48.10471028792112" lon="-122.76598595762852">
				<ele>1.287342905641669</ele>
				<time>2026-09-22T00:20:43Z</time>
			</trkpt>
			<trkpt lat="48.104729804685824" lon="-122.76601931958231">
				<ele>1.0720519242023556</ele>
				<time>2026-09-22T00:20:45Z</time>
			</trkpt>
			<trkpt lat="48.104749139031405" lon="-122.76605159986215">
				<ele>1.2051182192047705</ele>
				<time>2026-09-22T00:20:47Z</time>
			</trkpt>
			<trkpt lat="48.10476832380484" lon="-122.76608677831263">
				<ele>1.0596384546660715</ele>
				<time>2026-09-22T00:20:49Z</time>
			</trkpt>
			<trkpt lat="48.10478586793093" lon="-122.76612663978476">
				<ele>1.0967317737942608</ele>
				<time>2026-09-22T00:20:51Z</time>
			</trkpt>
			<trkpt lat="48.10479376260753" lon="-122.76616203418361">
				<ele>1.142587345481811</ele>
				<time>2026-09-22T00:20:53Z</time>
			</trkpt>
			<trkpt lat="48.10479753550249" lon="-122.76618879023928">
				<ele>1.4961010437586886</ele>
				<time>2026-09-22T00:20:55Z</time>
			</trkpt>
			<trkpt lat="48.10479077110432" lon="-122.76623181759675">
				<ele>1.3741589844006263</ele>
				<time>2026-09-22T00:20:58Z</time>
			</trkpt>
			<trkpt lat="48.10477633844135" lon="-122.76626679607529">
				<ele>1.1861525827355877</ele>
				<time>2026-09-22T00:21:01Z</time>
			</trkpt>
			<trkpt lat="48.10475656430823" lon="-122.76629022302349">
				<ele>0.815129921458265</ele>
				<time>2026-09-22T00:21:04Z</time>
			</trkpt>
			<trkpt lat="48.10474271512268" lon="-122.76631391659598">
				<ele>1.0200320599224426</ele>
				<time>2026-09-22T00:21:07Z</time>
			</trkpt>
			<trkpt lat="48.10473476699157" lon="-122.76633902567815">
				<ele>1.0740575756465098</ele>
				<time>2026-09-22T00:21:09Z</time>
			</trkpt>
			<trkpt lat="48.10471815169439" lon="-122.76636571146496">
				<ele>1.0678117610379765</ele>
				<time>2026-09-22T00:21:11Z</time>
			</trkpt>
			<trkpt lat="48.10469283075276" lon="-122.76637972666781">
				<ele>1.572752174318893</ele>
				<time>2026-09-22T00:21:14Z</time>
			</trkpt>
			<trkpt lat="48.104672370575116" lon="-122.76640182529604">
				<ele>1.3352440311805225</ele>
				<time>2026-09-22T00:21:16Z</time>
			</trkpt>
			<trkpt lat="48.104655074729244" lon="-122.76642762009689">
				<ele>1.384324859023529</ele>
				<time>2026-09-22T00:21:18Z</time>
			</trkpt>
			<trkpt lat="48.10463470994517" lon="-122.76644702327152">
				<ele>1.2556069637275122</ele>
				<time>2026-09-22T00:21:20Z</time>
			</trkpt>
			<trkpt lat="48.10461311762744" lon="-122.76646671434808">
				<ele>1.2911364720124112</ele>
				<time>2026-09-22T00:21:22Z</time>
			</trkpt>
			<trkpt lat="48.10459425152946" lon="-122.76648815848277">
				<ele>1.2525992826722891</ele>
				<time>2026-09-22T00:21:24Z</time>
			</trkpt>
			<trkpt lat="48.10457762236701" lon="-122.76651339657408">
				<ele>1.2848859788061908</ele>
				<time>2026-09-22T00:21:26Z</time>
			</trkpt>
			<trkpt lat="48.104561155021166" lon="-122.76653529922407">
				<ele>1.2654569191273133</ele>
				<time>2026-09-22T00:21:28Z</time>
			</trkpt>
			<trkpt lat="48.10454372124452" lon="-122.76655848680122">
				<ele>1.2790475366547476</ele>
				<time>2026-09-22T00:21:30Z</time>
			</trkpt>
			<trkpt lat="48.10452652290926" lon="-122.76658326625333">
				<ele>1.2573078208435362</ele>
				<time>2026-09-22T00:21:32Z</time>
			</trkpt>
			<trkpt lat="48.10451065768898" lon="-122.76660853733699">
				<ele>1.1769758210735226</ele>
				<time>2026-09-22T00:21:34Z</time>
			</trkpt>
			<trkpt lat="48.10449520780111" lon="-122.76663306466983">
				<ele>1.252080293395199</ele>
				<time>2026-09-22T00:21:36Z</time>
			</trkpt>
			<trkpt lat="48.10448210523542" lon="-122.76665983248584">
				<ele>1.128874554496381</ele>
				<time>2026-09-22T00:21:38Z</time>
			</trkpt>
			<trkpt lat="48.10446823555072" lon="-122.76668925970233">
				<ele>1.1950549953526988</ele>
				<time>2026-09-22T00:21:40Z</time>
			</trkpt>
			<trkpt lat="48.10445713993526" lon="-122.76671489263671">
				<ele>1.297226407652083</ele>
				<time>2026-09-22T00:21:42Z</time>
			</trkpt>
			<trkpt lat="48.10444427733456" lon="-122.7667418525519">
				<ele>1.3564636517847184</ele>
				<time>2026-09-22T00:21:44Z</time>
			</trkpt>
			<trkpt lat="48.10443290771736" lon="-122.76676598823256">
				<ele>1.4303802591969408</ele>
				<time>2026-09-22T00:21:46Z</time>
			</trkpt>
			<trkpt lat="48.104422865675026" lon="-122.76679308821882">
				<ele>1.5606295121821177</ele>
				<time>2026-09-22T00:21:48Z</time>
			</trkpt>
			<trkpt lat="48.1044094710733" lon="-122.76682104214208">
				<ele>1.6060860862780793</ele>
				<time>2026-09-22T00:21:50Z</time>
			</trkpt>
			<trkpt lat="48.104400221632304" lon="-122.76684908806929">
				<ele>1.8477446997994171</ele>
				<time>2026-09-22T00:21:52Z</time>
			</trkpt>
			<trkpt lat="48.104387919247785" lon="-122.76687239304454">
				<ele>1.794477127714309</ele>
				<time>2026-09-22T00:21:54Z</time>
			</trkpt>
			<trkpt lat="48.10437474116656" lon="-122.76689523723442">
				<ele>1.6937834872738584</ele>
				<time>2026-09-22T00:21:56Z</time>
			</trkpt>
			<trkpt lat="48.10436280996409" lon="-122.76691970985974">
				<ele>1.6289569158676898</ele>
				<time>2026-09-22T00:21:58Z</time>
			</trkpt>
			<trkpt lat="48.10435041444195" lon="-122.7669430840931">
				<ele>1.6144011551377702</ele>
				<time>2026-09-22T00:22:00Z</time>
			</trkpt>
			<trkpt lat="48.104335861904964" lon="-122.76696803259954">
				<ele>1.6366974317943104</ele>
				<time>2026-09-22T00:22:02Z</time>
			</trkpt>
			<trkpt lat="48.10432062360564" lon="-122.76699772986626">
				<ele>1.5973880271631735</ele>
				<time>2026-09-22T00:22:04Z</time>
			</trkpt>
			<trkpt lat="48.10430906828213" lon="-122.76702846421038">
				<ele>1.8312618694866494</ele>
				<time>2026-09-22T00:22:06Z</time>
			</trkpt>
			<trkpt lat="48.104296292118875" lon="-122.76707305218524">
				<ele>1.4527643285336893</ele>
				<time>2026-09-22T00:22:08Z</time>
			</trkpt>
			<trkpt lat="48.1042843595856" lon="-122.76710901130475">
				<ele>1.4330359566923256</ele>
				<time>2026-09-22T00:22:10Z</time>
			</trkpt>
			<trkpt lat="48.1042723035501" lon="-122.76714388789023">
				<ele>1.3570491055130525</ele>
				<time>2026-09-22T00:22:12Z</time>
			</trkpt>
			<trkpt lat="48.10425923997715" lon="-122.76717074992831">
				<ele>1.5310210805513087</ele>
				<time>2026-09-22T00:22:14Z</time>
			</trkpt>
			<trkpt lat="48.104242483797485" lon="-122.76720190437126">
				<ele>1.601755428480896</ele>
				<time>2026-09-22T00:22:16Z</time>
			</trkpt>
			<trkpt lat="48.104235936171115" lon="-122.76723998385259">
				<ele>1.566107856837668</ele>
				<time>2026-09-22T00:22:18Z</time>
			</trkpt>
			<trkpt lat="48.10422631528625" lon="-122.76728225701832">
				<ele>1.486378114361841</ele>
				<time>2026-09-22T00:22:20Z</time>
			</trkpt>
			<trkpt lat="48.1042208067349" lon="-122.76732038995542">
				<ele>1.3619478029792695</ele>
				<time>2026-09-22T00:22:22Z</time>
			</trkpt>
			<trkpt lat="48.10421253624365" lon="-122.76735985676477">
				<ele>1.2619837736775743</ele>
				<time>2026-09-22T00:22:24Z</time>
			</trkpt>
			<trkpt lat="48.104202572027866" lon="-122.76739933287338">
				<ele>1.2144500902562</ele>
				<time>2026-09-22T00:22:26Z</time>
			</trkpt>
			<trkpt lat="48.10419484484861" lon="-122.76743821725628">
				<ele>1.1658805788761484</ele>
				<time>2026-09-22T00:22:28Z</time>
			</trkpt>
			<trkpt lat="48.104187385572146" lon="-122.76747391325635">
				<ele>1.19242574957266</ele>
				<time>2026-09-22T00:22:30Z</time>
			</trkpt>
			<trkpt lat="48.104180276083" lon="-122.76750036190312">
				<ele>1.155917281661928</ele>
				<time>2026-09-22T00:22:32Z</time>
			</trkpt>
			<trkpt lat="48.10416992832237" lon="-122.76753640262156">
				<ele>1.3619566004091794</ele>
				<time>2026-09-22T00:22:34Z</time>
			</trkpt>
			<trkpt lat="48.10415768569539" lon="-122.76756970668039">
				<ele>1.342667506984629</ele>
				<time>2026-09-22T00:22:36Z</time>
			</trkpt>
			<trkpt lat="48.10415024070707" lon="-122.76760325424544">
				<ele>1.2318947832248028</ele>
				<time>2026-09-22T00:22:38Z</time>
			</trkpt>
			<trkpt lat="48.104144111911545" lon="-122.76763306963713">
				<ele>1.253084143183667</ele>
				<time>2026-09-22T00:22:40Z</time>
			</trkpt>
			<trkpt lat="48.1041376452547" lon="-122.7676608569961">
				<ele>1.1745249926197268</ele>
				<time>2026-09-22T00:22:42Z</time>
			</trkpt>
			<trkpt lat="48.10413119211624" lon="-122.76768704067266">
				<ele>1.1505575495356695</ele>
				<time>2026-09-22T00:22:44Z</time>
			</trkpt>
			<trkpt lat="48.10412607197196" lon="-122.7677151154549">
				<ele>1.196401445355363</ele>
				<time>2026-09-22T00:22:46Z</time>
			</trkpt>
			<trkpt lat="48.10412276535971" lon="-122.76774156575955">
				<ele>1.1968478188176377</ele>
				<time>2026-09-22T00:22:48Z</time>
			</trkpt>
			<trkpt lat="48.10412065345932" lon="-122.76776969746842">
				<ele>1.2576184026779913</ele>
				<time>2026-09-22T00:22:50Z</time>
			</trkpt>
			<trkpt lat="48.104116265033944" lon="-122.76779663470704">
				<ele>1.2497683463610123</ele>
				<time>2026-09-22T00:22:52Z</time>
			</trkpt>
			<trkpt lat="48.10410775658323" lon="-122.76782226129743">
				<ele>1.2384877838864448</ele>
				<time>2026-09-22T00:22:54Z</time>
			</trkpt>
			<trkpt lat="48.10409793689671" lon="-122.76784904810904">
				<ele>1.4123385463454206</ele>
				<time>2026-09-22T00:22:56Z</time>
			</trkpt>
			<trkpt lat="48.10408518159848" lon="-122.7678753466394">
				<ele>1.3772776397388462</ele>
				<time>2026-09-22T00:22:58Z</time>
			</trkpt>
			<trkpt lat="48.10406835857229" lon="-122.76790219428409">
				<ele>1.361342377147846</ele>
				<time>2026-09-22T00:23:00Z</time>
			</trkpt>
			<trkpt lat="48.10404978393821" lon="-122.76792802575949">
				<ele>1.3277747307352534</ele>
				<time>2026-09-22T00:23:02Z</time>
			</trkpt>
			<trkpt lat="48.10403297542187" lon="-122.76795705961295">
				<ele>1.3810173397088157</ele>
				<time>2026-09-22T00:23:04Z</time>
			</trkpt>
			<trkpt lat="48.10401512039014" lon="-122.76798864479004">
				<ele>1.3814460015432601</ele>
				<time>2026-09-22T00:23:06Z</time>
			</trkpt>
			<trkpt lat="48.10399761364151" lon="-122.76801533140758">
				<ele>1.356818814538304</ele>
				<time>2026-09-22T00:23:08Z</time>
			</trkpt>
			<trkpt lat="48.10397866887439" lon="-122.76804771060071">
				<ele>1.3429841809278429</ele>
				<time>2026-09-22T00:23:10Z</time>
			</trkpt>
			<trkpt lat="48.10396141768423" lon="-122.76807894527894">
				<ele>1.2798856935749967</ele>
				<time>2026-09-22T00:23:12Z</time>
			</trkpt>
			<trkpt lat="48.10394374769824" lon="-122.7681134066278">
				<ele>1.3214241351433493</ele>
				<time>2026-09-22T00:23:14Z</time>
			</trkpt>
			<trkpt lat="48.10392571725988" lon="-122.7681483647257">
				<ele>1.2644858163379773</ele>
				<time>2026-09-22T00:23:16Z</time>
			</trkpt>
			<trkpt lat="48.10391065052794" lon="-122.76818340963607">
				<ele>1.3159910699888755</ele>
				<time>2026-09-22T00:23:18Z</time>
			</trkpt>
			<trkpt lat="48.10389382510164" lon="-122.76822016301644">
				<ele>1.2802430193326622</ele>
				<time>2026-09-22T00:23:20Z</time>
			</trkpt>
			<trkpt lat="48.1038771173023" lon="-122.76825566637994">
				<ele>1.2799482549435375</ele>
				<time>2026-09-22T00:23:22Z</time>
			</trkpt>
			<trkpt lat="48.103859908801056" lon="-122.7682907578187">
				<ele>1.287307609069675</ele>
				<time>2026-09-22T00:23:24Z</time>
			</trkpt>
			<trkpt lat="48.10384137373483" lon="-122.76832489303386">
				<ele>1.3043504796326921</ele>
				<time>2026-09-22T00:23:26Z</time>
			</trkpt>
			<trkpt lat="48.103823269486064" lon="-122.76836073815305">
				<ele>1.2903418103382478</ele>
				<time>2026-09-22T00:23:28Z</time>
			</trkpt>
			<trkpt lat="48.103803442324846" lon="-122.76839909749447">
				<ele>1.3206660008237137</ele>
				<time>2026-09-22T00:23:30Z</time>
			</trkpt>
			<trkpt lat="48.1037855362515" lon="-122.76843530214082">
				<ele>1.230771002277315</ele>
				<time>2026-09-22T00:23:32Z</time>
			</trkpt>
			<trkpt lat="48.103767429246965" lon="-122.76846954254219">
				<ele>1.2612809486267444</ele>
				<time>2026-09-22T00:23:34Z</time>
			</trkpt>
			<trkpt lat="48.1037498304593" lon="-122.76850270776099">
				<ele>1.252792407601362</ele>
				<time>2026-09-22T00:23:36Z</time>
			</trkpt>
			<trkpt lat="48.10373316521728" lon="-122.76853367347734">
				<ele>1.2482588990826002</ele>
				<time>2026-09-22T00:23:38Z</time>
			</trkpt>
			<trkpt lat="48.10371883039005" lon="-122.76856508898487">
				<ele>1.3095262802177068</ele>
				<time>2026-09-22T00:23:40Z</time>
			</trkpt>
			<trkpt lat="48.103709049340544" lon="-122.76859699568189">
				<ele>1.283449209098265</ele>
				<time>2026-09-22T00:23:42Z</time>
			</trkpt>
			<trkpt lat="48.10369891939917" lon="-122.76862584067344">
				<ele>1.268518011044229</ele>
				<time>2026-09-22T00:23:44Z</time>
			</trkpt>
			<trkpt lat="48.103690654418344" lon="-122.76865381440044">
				<ele>1.262134613790007</ele>
				<time>2026-09-22T00:23:46Z</time>
			</trkpt>
			<trkpt lat="48.1036862440743" lon="-122.7686811215433">
				<ele>1.3396762193210385</ele>
				<time>2026-09-22T00:23:48Z</time>
			</trkpt>
			<trkpt lat="48.10367566171301" lon="-122.76870316445618">
				<ele>1.3351071416089297</ele>
				<time>2026-09-22T00:23:50Z</time>
			</trkpt>
			<trkpt lat="48.10366227735916" lon="-122.76872374860561">
				<ele>1.3757337126043758</ele>
				<time>2026-09-22T00:23:52Z</time>
			</trkpt>
			<trkpt lat="48.10364557649289" lon="-122.76874951036463">
				<ele>1.360992517196923</ele>
				<time>2026-09-22T00:23:54Z</time>
			</trkpt>
			<trkpt lat="48.103628124227164" lon="-122.76877895472126">
				<ele>1.47893777863084</ele>
				<time>2026-09-22T00:23:56Z</time>
			</trkpt>
			<trkpt lat="48.10361184584454" lon="-122.76881383090515">
				<ele>1.409425832296936</ele>
				<time>2026-09-22T00:23:58Z</time>
			</trkpt>
			<trkpt lat="48.1035972696499" lon="-122.76884857209848">
				<ele>1.4312696775777418</ele>
				<time>2026-09-22T00:24:00Z</time>
			</trkpt>
			<trkpt lat="48.103582300013805" lon="-122.76888629816246">
				<ele>1.4570452174432766</ele>
				<time>2026-09-22T00:24:02Z</time>
			</trkpt>
			<trkpt lat="48.103565713548385" lon="-122.76892510672796">
				<ele>1.4246346847954783</ele>
				<time>2026-09-22T00:24:04Z</time>
			</trkpt>
			<trkpt lat="48.103547072417314" lon="-122.76896093990369">
				<ele>1.4378780953836632</ele>
				<time>2026-09-22T00:24:06Z</time>
			</trkpt>
			<trkpt lat="48.103526801761355" lon="-122.7689968329853">
				<ele>1.4945843581990736</ele>
				<time>2026-09-22T00:24:08Z</time>
			</trkpt>
			<trkpt lat="48.10350458106487" lon="-122.76903184957277">
				<ele>1.4375998047460534</ele>
				<time>2026-09-22T00:24:10Z</time>
			</trkpt>
			<trkpt lat="48.10348015038073" lon="-122.76906456835925">
				<ele>1.5051728375910436</ele>
				<time>2026-09-22T00:24:12Z</time>
			</trkpt>
			<trkpt lat="48.10345644854623" lon="-122.76909432795945">
				<ele>1.4838445396350295</ele>
				<time>2026-09-22T00:24:14Z</time>
			</trkpt>
			<trkpt lat="48.103434866572165" lon="-122.76913632062566">
				<ele>1.4447021125905337</ele>
				<time>2026-09-22T00:24:16Z</time>
			</trkpt>
			<trkpt lat="48.103421797123175" lon="-122.76915758531266">
				<ele>1.381717721209828</ele>
				<time>2026-09-22T00:24:17Z</time>
			</trkpt>
			<trkpt lat="48.10339534976054" lon="-122.7691961301904">
				<ele>1.2890538009302475</ele>
				<time>2026-09-22T00:24:19Z</time>
			</trkpt>
			<trkpt lat="48.10338515238833" lon="-122.76921826993114">
				<ele>1.2889065085452458</ele>
				<time>2026-09-22T00:24:20Z</time>
			</trkpt>
			<trkpt lat="48.103373519792584" lon="-122.76923908356255">
				<ele>1.361536951638925</ele>
				<time>2026-09-22T00:24:21Z</time>
			</trkpt>
			<trkpt lat="48.10336020758505" lon="-122.76925870382462">
				<ele>1.36406291608645</ele>
				<time>2026-09-22T00:24:22Z</time>
			</trkpt>
			<trkpt lat="48.10333455880758" lon="-122.7692932324698">
				<ele>1.342761162893492</ele>
				<time>2026-09-22T00:24:24Z</time>
			</trkpt>
			<trkpt lat="48.103306815253426" lon="-122.76932347552672">
				<ele>1.3099530712767269</ele>
				<time>2026-09-22T00:24:26Z</time>
			</trkpt>
			<trkpt lat="48.10329290041381" lon="-122.76934084993768">
				<ele>1.2870062868251395</ele>
				<time>2026-09-22T00:24:27Z</time>
			</trkpt>
			<trkpt lat="48.10327744590805" lon="-122.76935787038357">
				<ele>1.2900490034963212</ele>
				<time>2026-09-22T00:24:28Z</time>
			</trkpt>
			<trkpt lat="48.10325029811979" lon="-122.76939195020655">
				<ele>1.272755528256706</ele>
				<time>2026-09-22T00:24:30Z</time>
			</trkpt>
			<trkpt lat="48.103222658450804" lon="-122.7694249827172">
				<ele>1.299874058394586</ele>
				<time>2026-09-22T00:24:32Z</time>
			</trkpt>
			<trkpt lat="48.10320740842148" lon="-122.76944057459373">
				<ele>1.3752937329857104</ele>
				<time>2026-09-22T00:24:33Z</time>
			</trkpt>
			<trkpt lat="48.10319174706203" lon="-122.76945769747574">
				<ele>1.3764348380083717</ele>
				<time>2026-09-22T00:24:34Z</time>
			</trkpt>
			<trkpt lat="48.10317631137513" lon="-122.76947539135972">
				<ele>1.3744655787244113</ele>
				<time>2026-09-22T00:24:35Z</time>
			</trkpt>
			<trkpt lat="48.10316085056461" lon="-122.7694927068527">
				<ele>1.3889371312281256</ele>
				<time>2026-09-22T00:24:36Z</time>
			</trkpt>
			<trkpt lat="48.103146594937556" lon="-122.76950930654603">
				<ele>1.3214634983482973</ele>
				<time>2026-09-22T00:24:37Z</time>
			</trkpt>
			<trkpt lat="48.10313190720881" lon="-122.76952617254278">
				<ele>1.321087362008079</ele>
				<time>2026-09-22T00:24:38Z</time>
			</trkpt>
			<trkpt lat="48.103116707432115" lon="-122.76954346787021">
				<ele>1.3327109780247852</ele>
				<time>2026-09-22T00:24:39Z</time>
			</trkpt>
			<trkpt lat="48.10309933582545" lon="-122.76956229042693">
				<ele>1.3069126974802643</ele>
				<time>2026-09-22T00:24:40Z</time>
			</trkpt>
			<trkpt lat="48.10308293368648" lon="-122.7695827911213">
				<ele>1.3276792819495853</ele>
				<time>2026-09-22T00:24:41Z</time>
			</trkpt>
			<trkpt lat="48.103065904466014" lon="-122.76960458916096">
				<ele>1.3002897947199408</ele>
				<time>2026-09-22T00:24:42Z</time>
			</trkpt>
			<trkpt lat="48.10304820263859" lon="-122.76962732589747">
				<ele>1.2297039828019756</ele>
				<time>2026-09-22T00:24:43Z</time>
			</trkpt>
			<trkpt lat="48.103031080287366" lon="-122.76964819694284">
				<ele>1.243277797867112</ele>
				<time>2026-09-22T00:24:44Z</time>
			</trkpt>
			<trkpt lat="48.10301223043242" lon="-122.76966779901905">
				<ele>1.1883643780007418</ele>
				<time>2026-09-22T00:24:45Z</time>
			</trkpt>
			<trkpt lat="48.10299378497413" lon="-122.76968511569387">
				<ele>1.1797511126472067</ele>
				<time>2026-09-22T00:24:46Z</time>
			</trkpt>
			<trkpt lat="48.1029753313981" lon="-122.76970180497304">
				<ele>1.1876190098966362</ele>
				<time>2026-09-22T00:24:47Z</time>
			</trkpt>
			<trkpt lat="48.10295701612417" lon="-122.76971769598804">
				<ele>1.1620240100672525</ele>
				<time>2026-09-22T00:24:48Z</time>
			</trkpt>
			<trkpt lat="48.10293731947125" lon="-122.7697316683356">
				<ele>1.134191418893483</ele>
				<time>2026-09-22T00:24:49Z</time>
			</trkpt>
			<trkpt lat="48.10291704212434" lon="-122.76974591575501">
				<ele>1.2336205077728657</ele>
				<time>2026-09-22T00:24:50Z</time>
			</trkpt>
			<trkpt lat="48.10289802868994" lon="-122.76976248201848">
				<ele>1.1787117867462698</ele>
				<time>2026-09-22T00:24:51Z</time>
			</trkpt>
			<trkpt lat="48.10287947423609" lon="-122.76977415505574">
				<ele>1.2329497909042821</ele>
				<time>2026-09-22T00:24:52Z</time>
			</trkpt>
			<trkpt lat="48.10286134371001" lon="-122.7697877373259">
				<ele>1.2617388300391177</ele>
				<time>2026-09-22T00:24:53Z</time>
			</trkpt>
			<trkpt lat="48.10284278210002" lon="-122.76980177354666">
				<ele>1.2484512847825648</ele>
				<time>2026-09-22T00:24:54Z</time>
			</trkpt>
			<trkpt lat="48.10282407425643" lon="-122.7698157941695">
				<ele>1.1890347258054277</ele>
				<time>2026-09-22T00:24:55Z</time>
			</trkpt>
			<trkpt lat="48.10280826315097" lon="-122.76982926249009">
				<ele>1.186137243932535</ele>
				<time>2026-09-22T00:24:56Z</time>
			</trkpt>
			<trkpt lat="48.102791852019884" lon="-122.76984352641483">
				<ele>1.3091372397206058</ele>
				<time>2026-09-22T00:24:57Z</time>
			</trkpt>
			<trkpt lat="48.10277363738139" lon="-122.7698600805522">
				<ele>1.3264066608425793</ele>
				<time>2026-09-22T00:24:58Z</time>
			</trkpt>
			<trkpt lat="48.10275858926426" lon="-122.76987977290732">
				<ele>1.3680232128590681</ele>
				<time>2026-09-22T00:24:59Z</time>
			</trkpt>
			<trkpt lat="48.10274769994805" lon="-122.76990425598999">
				<ele>1.3613425029240886</ele>
				<time>2026-09-22T00:25:00Z</time>
			</trkpt>
			<trkpt lat="48.10273597497468" lon="-122.76992909448671">
				<ele>1.3099331673852888</ele>
				<time>2026-09-22T00:25:01Z</time>
			</trkpt>
			<trkpt lat="48.102717300175385" lon="-122.76997180880781">
				<ele>1.2120123530792632</ele>
				<time>2026-09-22T00:25:03Z</time>
			</trkpt>
			<trkpt lat="48.102705707700736" lon="-122.76999350356571">
				<ele>1.224868481501936</ele>
				<time>2026-09-22T00:25:04Z</time>
			</trkpt>
			<trkpt lat="48.10269352671943" lon="-122.77001388531579">
				<ele>1.223152184453543</ele>
				<time>2026-09-22T00:25:05Z</time>
			</trkpt>
			<trkpt lat="48.10267032169324" lon="-122.77004888635307">
				<ele>1.1732309566080197</ele>
				<time>2026-09-22T00:25:07Z</time>
			</trkpt>
			<trkpt lat="48.10264633093962" lon="-122.77008527083062">
				<ele>1.2329296718594271</ele>
				<time>2026-09-22T00:25:09Z</time>
			</trkpt>
			<trkpt lat="48.102622881479" lon="-122.77012344979885">
				<ele>1.2197665942277176</ele>
				<time>2026-09-22T00:25:11Z</time>
			</trkpt>
			<trkpt lat="48.10260899394097" lon="-122.77014094190702">
				<ele>1.156208227466692</ele>
				<time>2026-09-22T00:25:12Z</time>
			</trkpt>
			<trkpt lat="48.102580470833054" lon="-122.77017197454329">
				<ele>1.2053465347546677</ele>
				<time>2026-09-22T00:25:14Z</time>
			</trkpt>
			<trkpt lat="48.10256591720017" lon="-122.77018927145984">
				<ele>1.2208972725702019</ele>
				<time>2026-09-22T00:25:15Z</time>
			</trkpt>
			<trkpt lat="48.10255196086535" lon="-122.77021012533184">
				<ele>1.2441595460457648</ele>
				<time>2026-09-22T00:25:16Z</time>
			</trkpt>
			<trkpt lat="48.10253758446528" lon="-122.77023105779392">
				<ele>1.210191669118533</ele>
				<time>2026-09-22T00:25:17Z</time>
			</trkpt>
			<trkpt lat="48.102523416048406" lon="-122.77025220952677">
				<ele>1.1851359346574668</ele>
				<time>2026-09-22T00:25:18Z</time>
			</trkpt>
			<trkpt lat="48.10251034879081" lon="-122.77027291621229">
				<ele>1.1682771742671783</ele>
				<time>2026-09-22T00:25:19Z</time>
			</trkpt>
			<trkpt lat="48.10249818079477" lon="-122.77029418376011">
				<ele>1.1660942184480874</ele>
				<time>2026-09-22T00:25:20Z</time>
			</trkpt>
			<trkpt lat="48.10248435523249" lon="-122.77031660117953">
				<ele>1.1980189645622268</ele>
				<time>2026-09-22T00:25:21Z</time>
			</trkpt>
			<trkpt lat="48.10246997501816" lon="-122.77033926557517">
				<ele>1.197013687825308</ele>
				<time>2026-09-22T00:25:22Z</time>
			</trkpt>
			<trkpt lat="48.10245585384774" lon="-122.77036150541706">
				<ele>1.2065270859579762</ele>
				<time>2026-09-22T00:25:23Z</time>
			</trkpt>
			<trkpt lat="48.10244169401034" lon="-122.77038070811034">
				<ele>1.1660089632804151</ele>
				<time>2026-09-22T00:25:24Z</time>
			</trkpt>
			<trkpt lat="48.10242838412791" lon="-122.77039891614083">
				<ele>1.1433471962810628</ele>
				<time>2026-09-22T00:25:25Z</time>
			</trkpt>
			<trkpt lat="48.10241362631191" lon="-122.7704169989753">
				<ele>1.137249559813153</ele>
				<time>2026-09-22T00:25:26Z</time>
			</trkpt>
			<trkpt lat="48.1023979741512" lon="-122.77043540684531">
				<ele>1.1469573111830833</ele>
				<time>2026-09-22T00:25:27Z</time>
			</trkpt>
			<trkpt lat="48.10238271640924" lon="-122.77045519362137">
				<ele>1.1599810648750868</ele>
				<time>2026-09-22T00:25:28Z</time>
			</trkpt>
			<trkpt lat="48.10236832074231" lon="-122.77047754059063">
				<ele>1.1406282295779917</ele>
				<time>2026-09-22T00:25:29Z</time>
			</trkpt>
			<trkpt lat="48.10235309748566" lon="-122.77050041388699">
				<ele>1.1128093110631312</ele>
				<time>2026-09-22T00:25:30Z</time>
			</trkpt>
			<trkpt lat="48.10233773850957" lon="-122.77052116379627">
				<ele>1.047313519847453</ele>
				<time>2026-09-22T00:25:31Z</time>
			</trkpt>
			<trkpt lat="48.10232203592713" lon="-122.77054112268452">
				<ele>1.0506372523421241</ele>
				<time>2026-09-22T00:25:32Z</time>
			</trkpt>
			<trkpt lat="48.102304845138114" lon="-122.77056099375896">
				<ele>1.0609421671608636</ele>
				<time>2026-09-22T00:25:33Z</time>
			</trkpt>
			<trkpt lat="48.10228847029614" lon="-122.77058367035214">
				<ele>0.9709978024293413</ele>
				<time>2026-09-22T00:25:34Z</time>
			</trkpt>
			<trkpt lat="48.10227001296984" lon="-122.77060751560013">
				<ele>0.9719230186353727</ele>
				<time>2026-09-22T00:25:35Z</time>
			</trkpt>
			<trkpt lat="48.10225272224352" lon="-122.77063011654897">
				<ele>0.951788256309392</ele>
				<time>2026-09-22T00:25:36Z</time>
			</trkpt>
			<trkpt lat="48.10223342359284" lon="-122.77065042525085">
				<ele>0.9835460701910073</ele>
				<time>2026-09-22T00:25:37Z</time>
			</trkpt>
			<trkpt lat="48.102216448698655" lon="-122.77067100639096">
				<ele>0.990983919219115</ele>
				<time>2026-09-22T00:25:38Z</time>
			</trkpt>
			<trkpt lat="48.10219886409482" lon="-122.77069215744692">
				<ele>0.9385205825492875</ele>
				<time>2026-09-22T00:25:39Z</time>
			</trkpt>
			<trkpt lat="48.102182592710676" lon="-122.77071341225772">
				<ele>1.0243227737808667</ele>
				<time>2026-09-22T00:25:40Z</time>
			</trkpt>
			<trkpt lat="48.102166234118975" lon="-122.77073471016725">
				<ele>1.002546603627021</ele>
				<time>2026-09-22T00:25:41Z</time>
			</trkpt>
			<trkpt lat="48.102150041881536" lon="-122.77075412047037">
				<ele>0.9899252594473502</ele>
				<time>2026-09-22T00:25:42Z</time>
			</trkpt>
			<trkpt lat="48.10213668307633" lon="-122.77077451751785">
				<ele>1.0223531518911528</ele>
				<time>2026-09-22T00:25:43Z</time>
			</trkpt>
			<trkpt lat="48.10212288467341" lon="-122.77079466309348">
				<ele>1.0487441141383904</ele>
				<time>2026-09-22T00:25:44Z</time>
			</trkpt>
			<trkpt lat="48.102106449861864" lon="-122.77081579973628">
				<ele>0.9424521101678387</ele>
				<time>2026-09-22T00:25:45Z</time>
			</trkpt>
			<trkpt lat="48.10209186739967" lon="-122.77083410171569">
				<ele>1.0000756826004427</ele>
				<time>2026-09-22T00:25:46Z</time>
			</trkpt>
			<trkpt lat="48.1020755457152" lon="-122.77085450140625">
				<ele>1.0156703052697758</ele>
				<time>2026-09-22T00:25:47Z</time>
			</trkpt>
			<trkpt lat="48.10205936846227" lon="-122.77087360693021">
				<ele>1.0652518403400428</ele>
				<time>2026-09-22T00:25:48Z</time>
			</trkpt>
			<trkpt lat="48.10204408284766" lon="-122.77089486166773">
				<ele>1.0203756199904213</ele>
				<time>2026-09-22T00:25:49Z</time>
			</trkpt>
			<trkpt lat="48.10202738516678" lon="-122.77091732539326">
				<ele>1.045847027368609</ele>
				<time>2026-09-22T00:25:50Z</time>
			</trkpt>
			<trkpt lat="48.102011043184426" lon="-122.77093822655966">
				<ele>1.0694576855766478</ele>
				<time>2026-09-22T00:25:51Z</time>
			</trkpt>
			<trkpt lat="48.10199314236796" lon="-122.77095933979298">
				<ele>1.0905238403730486</ele>
				<time>2026-09-22T00:25:52Z</time>
			</trkpt>
			<trkpt lat="48.10197462574836" lon="-122.77098017034497">
				<ele>1.035344363994465</ele>
				<time>2026-09-22T00:25:53Z</time>
			</trkpt>
			<trkpt lat="48.101955355153386" lon="-122.77099949229975">
				<ele>1.110098545574882</ele>
				<time>2026-09-22T00:25:54Z</time>
			</trkpt>
			<trkpt lat="48.10193694561854" lon="-122.77101754078738">
				<ele>1.1534379900803877</ele>
				<time>2026-09-22T00:25:55Z</time>
			</trkpt>
			<trkpt lat="48.101916110469844" lon="-122.77102936737967">
				<ele>1.406062073533878</ele>
				<time>2026-09-22T00:25:56Z</time>
			</trkpt>
			<trkpt lat="48.10190449450719" lon="-122.77105005521332">
				<ele>1.1531016619210028</ele>
				<time>2026-09-22T00:25:57Z</time>
			</trkpt>
			<trkpt lat="48.10189459234064" lon="-122.77107899665135">
				<ele>0.9292845989929042</ele>
				<time>2026-09-22T00:25:58Z</time>
			</trkpt>
			<trkpt lat="48.10188640950773" lon="-122.77111026121149">
				<ele>1.0405305464098689</ele>
				<time>2026-09-22T00:25:59Z</time>
			</trkpt>
			<trkpt lat="48.10190547210556" lon="-122.77112724956137">
				<ele>1.1035626397057925</ele>
				<time>2026-09-22T00:26:01Z</time>
			</trkpt>
			<trkpt lat="48.10193740377776" lon="-122.77113804126557">
				<ele>1.1635085882916698</ele>
				<time>2026-09-22T00:26:03Z</time>
			</trkpt>
			<trkpt lat="48.10196038973643" lon="-122.77115487125958">
				<ele>1.1795265191447122</ele>
				<time>2026-09-22T00:26:04Z</time>
			</trkpt>
			<trkpt lat="48.10198102885502" lon="-122.77116775879298">
				<ele>1.1420411360646376</ele>
				<time>2026-09-22T00:26:05Z</time>
			</trkpt>
			<trkpt lat="48.10199992993124" lon="-122.771184434207">
				<ele>0.8657224544854856</ele>
				<time>2026-09-22T00:26:06Z</time>
			</trkpt>
			<trkpt lat="48.10202121920299" lon="-122.77120161898061">
				<ele>0.9466997188472916</ele>
				<time>2026-09-22T00:26:07Z</time>
			</trkpt>
			<trkpt lat="48.10203820279052" lon="-122.77121784843996">
				<ele>0.9663855836061153</ele>
				<time>2026-09-22T00:26:08Z</time>
			</trkpt>
			<trkpt lat="48.10205848345947" lon="-122.77122964614925">
				<ele>0.9431616415242949</ele>
				<time>2026-09-22T00:26:09Z</time>
			</trkpt>
			<trkpt lat="48.10207812181312" lon="-122.77123944115645">
				<ele>0.9488704166598048</ele>
				<time>2026-09-22T00:26:10Z</time>
			</trkpt>
			<trkpt lat="48.10209911214635" lon="-122.77124975332124">
				<ele>0.9787040247110212</ele>
				<time>2026-09-22T00:26:11Z</time>
			</trkpt>
			<trkpt lat="48.10211858718474" lon="-122.77126432411113">
				<ele>1.0265623311813954</ele>
				<time>2026-09-22T00:26:12Z</time>
			</trkpt>
			<trkpt lat="48.102138402974866" lon="-122.77127858708779">
				<ele>1.0337819802511703</ele>
				<time>2026-09-22T00:26:13Z</time>
			</trkpt>
			<trkpt lat="48.1021599245399" lon="-122.77129392669089">
				<ele>1.0304933036789308</ele>
				<time>2026-09-22T00:26:14Z</time>
			</trkpt>
			<trkpt lat="48.1021796325359" lon="-122.77131037608109">
				<ele>1.0653384820730842</ele>
				<time>2026-09-22T00:26:15Z</time>
			</trkpt>
			<trkpt lat="48.1021966193749" lon="-122.7713290883755">
				<ele>0.9786642949304607</ele>
				<time>2026-09-22T00:26:16Z</time>
			</trkpt>
			<trkpt lat="48.10221162459704" lon="-122.77134454949383">
				<ele>1.0055242123902168</ele>
				<time>2026-09-22T00:26:17Z</time>
			</trkpt>
			<trkpt lat="48.10222888834241" lon="-122.77136119794177">
				<ele>1.0262736299654485</ele>
				<time>2026-09-22T00:26:18Z</time>
			</trkpt>
			<trkpt lat="48.10224662478769" lon="-122.77137672100721">
				<ele>1.0482264301907094</ele>
				<time>2026-09-22T00:26:19Z</time>
			</trkpt>
			<trkpt lat="48.10226450903704" lon="-122.77139402107025">
				<ele>1.0427805998253987</ele>
				<time>2026-09-22T00:26:20Z</time>
			</trkpt>
			<trkpt lat="48.10228227043209" lon="-122.77141332947865">
				<ele>1.1476882171463636</ele>
				<time>2026-09-22T00:26:21Z</time>
			</trkpt>
			<trkpt lat="48.10230056894218" lon="-122.77143136342661">
				<ele>1.176760464602392</ele>
				<time>2026-09-22T00:26:22Z</time>
			</trkpt>
			<trkpt lat="48.102317068623535" lon="-122.77145023770275">
				<ele>1.0654141257618583</ele>
				<time>2026-09-22T00:26:23Z</time>
			</trkpt>
			<trkpt lat="48.102333427920186" lon="-122.77146621392177">
				<ele>1.0308820408357988</ele>
				<time>2026-09-22T00:26:24Z</time>
			</trkpt>
			<trkpt lat="48.102351617695206" lon="-122.77148424265664">
				<ele>1.0877468901460787</ele>
				<time>2026-09-22T00:26:25Z</time>
			</trkpt>
			<trkpt lat="48.10236898058759" lon="-122.77150158376388">
				<ele>1.0976609735267466</ele>
				<time>2026-09-22T00:26:26Z</time>
			</trkpt>
			<trkpt lat="48.10238611193046" lon="-122.77151956158157">
				<ele>1.0480500572804239</ele>
				<time>2026-09-22T00:26:27Z</time>
			</trkpt>
			<trkpt lat="48.10240305993019" lon="-122.77153612944603">
				<ele>1.005238899335211</ele>
				<time>2026-09-22T00:26:28Z</time>
			</trkpt>
			<trkpt lat="48.102420854392406" lon="-122.77155175236018">
				<ele>1.0764734614480567</ele>
				<time>2026-09-22T00:26:29Z</time>
			</trkpt>
			<trkpt lat="48.10243935361369" lon="-122.77156832268126">
				<ele>1.0843116033064284</ele>
				<time>2026-09-22T00:26:30Z</time>
			</trkpt>
			<trkpt lat="48.102457760964256" lon="-122.77158463570869">
				<ele>1.029251363381217</ele>
				<time>2026-09-22T00:26:31Z</time>
			</trkpt>
			<trkpt lat="48.10247504298879" lon="-122.77160191450808">
				<ele>1.0527463941835293</ele>
				<time>2026-09-22T00:26:32Z</time>
			</trkpt>
			<trkpt lat="48.10249211979207" lon="-122.77161862490446">
				<ele>1.0512050970502997</ele>
				<time>2026-09-22T00:26:33Z</time>
			</trkpt>
			<trkpt lat="48.102508525280626" lon="-122.77163330133507">
				<ele>1.0159736064774982</ele>
				<time>2026-09-22T00:26:34Z</time>
			</trkpt>
			<trkpt lat="48.1025256388085" lon="-122.77164892669909">
				<ele>0.9135025717902181</ele>
				<time>2026-09-22T00:26:35Z</time>
			</trkpt>
			<trkpt lat="48.10254273359703" lon="-122.77166186166227">
				<ele>0.9386397047143902</ele>
				<time>2026-09-22T00:26:36Z</time>
			</trkpt>
			<trkpt lat="48.10255871575615" lon="-122.77167504175372">
				<ele>0.9511730571592274</ele>
				<time>2026-09-22T00:26:37Z</time>
			</trkpt>
			<trkpt lat="48.102596851571406" lon="-122.77170488394371">
				<ele>1.141526821433274</ele>
				<time>2026-09-22T00:26:39Z</time>
			</trkpt>
			<trkpt lat="48.102615741763934" lon="-122.77172127913548">
				<ele>1.148191029560941</ele>
				<time>2026-09-22T00:26:40Z</time>
			</trkpt>
			<trkpt lat="48.10263281338772" lon="-122.77173463735451">
				<ele>1.124462115408253</ele>
				<time>2026-09-22T00:26:41Z</time>
			</trkpt>
			<trkpt lat="48.102651028638675" lon="-122.77174715036729">
				<ele>1.2280910281386177</ele>
				<time>2026-09-22T00:26:42Z</time>
			</trkpt>
			<trkpt lat="48.10267420480969" lon="-122.77177216372088">
				<ele>1.357309156209201</ele>
				<time>2026-09-22T00:26:44Z</time>
			</trkpt>
			<trkpt lat="48.10268606571816" lon="-122.77179662619217">
				<ele>1.3050939651114426</ele>
				<time>2026-09-22T00:26:45Z</time>
			</trkpt>
			<trkpt lat="48.10271420474844" lon="-122.7718311466037">
				<ele>1.2478322369287156</ele>
				<time>2026-09-22T00:26:47Z</time>
			</trkpt>
			<trkpt lat="48.102733756148766" lon="-122.7718471878063">
				<ele>1.3007143769616718</ele>
				<time>2026-09-22T00:26:48Z</time>
			</trkpt>
			<trkpt lat="48.10275282353212" lon="-122.7718631848367">
				<ele>1.1623806184509817</ele>
				<time>2026-09-22T00:26:49Z</time>
			</trkpt>
			<trkpt lat="48.102770846414074" lon="-122.77187674434742">
				<ele>1.1310888992230481</ele>
				<time>2026-09-22T00:26:50Z</time>
			</trkpt>
			<trkpt lat="48.1027891588951" lon="-122.77189087701126">
				<ele>1.1201778741263624</ele>
				<time>2026-09-22T00:26:51Z</time>
			</trkpt>
			<trkpt lat="48.102806440215275" lon="-122.77190723296118">
				<ele>1.1401921778097268</ele>
				<time>2026-09-22T00:26:52Z</time>
			</trkpt>
			<trkpt lat="48.102824726380916" lon="-122.77191934162393">
				<ele>1.222085182737917</ele>
				<time>2026-09-22T00:26:53Z</time>
			</trkpt>
			<trkpt lat="48.102843493595834" lon="-122.771935462457">
				<ele>1.1576936071436066</ele>
				<time>2026-09-22T00:26:54Z</time>
			</trkpt>
			<trkpt lat="48.102859539462116" lon="-122.77195217547474">
				<ele>1.1601338744577063</ele>
				<time>2026-09-22T00:26:55Z</time>
			</trkpt>
			<trkpt lat="48.102876690161125" lon="-122.77196902901592">
				<ele>1.1515289971319262</ele>
				<time>2026-09-22T00:26:56Z</time>
			</trkpt>
			<trkpt lat="48.10286710109606" lon="-122.77199441404998">
				<ele>1.165087883926681</ele>
				<time>2026-09-22T00:26:59Z</time>
			</trkpt>
			<trkpt lat="48.10284747849528" lon="-122.77201560767884">
				<ele>1.1615829419871666</ele>
				<time>2026-09-22T00:27:01Z</time>
			</trkpt>
			<trkpt lat="48.10283746917657" lon="-122.77203839807376">
				<ele>1.2112797111813052</ele>
				<time>2026-09-22T00:27:02Z</time>
			</trkpt>
			<trkpt lat="48.10282634078907" lon="-122.77206135424136">
				<ele>1.114410365199106</ele>
				<time>2026-09-22T00:27:03Z</time>
			</trkpt>
			<trkpt lat="48.10281000935819" lon="-122.77209643548171">
				<ele>1.1457870809473825</ele>
				<time>2026-09-22T00:27:05Z</time>
			</trkpt>
			<trkpt lat="48.102795640449536" lon="-122.77211923796322">
				<ele>1.3255379938357166</ele>
				<time>2026-09-22T00:27:06Z</time>
			</trkpt>
			<trkpt lat="48.102782798327716" lon="-122.77214146452015">
				<ele>1.1096559605966583</ele>
				<time>2026-09-22T00:27:07Z</time>
			</trkpt>
			<trkpt lat="48.102760014673926" lon="-122.77218357789">
				<ele>1.1186748940165465</ele>
				<time>2026-09-22T00:27:09Z</time>
			</trkpt>
			<trkpt lat="48.10274527444783" lon="-122.77220471464467">
				<ele>1.1318140642649794</ele>
				<time>2026-09-22T00:27:10Z</time>
			</trkpt>
			<trkpt lat="48.10272776699801" lon="-122.77222602650231">
				<ele>1.2273144339890116</ele>
				<time>2026-09-22T00:27:11Z</time>
			</trkpt>
			<trkpt lat="48.10271029954714" lon="-122.77224508648051">
				<ele>1.3547267387522943</ele>
				<time>2026-09-22T00:27:12Z</time>
			</trkpt>
			<trkpt lat="48.102698367627" lon="-122.77226746496879">
				<ele>1.3299105941895668</ele>
				<time>2026-09-22T00:27:13Z</time>
			</trkpt>
			<trkpt lat="48.10268509160867" lon="-122.77228890619371">
				<ele>1.2693537477340726</ele>
				<time>2026-09-22T00:27:14Z</time>
			</trkpt>
			<trkpt lat="48.102660248808135" lon="-122.77233679503254">
				<ele>1.334709559182425</ele>
				<time>2026-09-22T00:27:16Z</time>
			</trkpt>
			<trkpt lat="48.10265070138401" lon="-122.77236296656412">
				<ele>1.6839402853061074</ele>
				<time>2026-09-22T00:27:17Z</time>
			</trkpt>
			<trkpt lat="48.10266874488659" lon="-122.77239241524482">
				<ele>1.1869582189105543</ele>
				<time>2026-09-22T00:27:19Z</time>
			</trkpt>
			<trkpt lat="48.10270490672055" lon="-122.77237984879442">
				<ele>1.4759010765767862</ele>
				<time>2026-09-22T00:27:21Z</time>
			</trkpt>
			<trkpt lat="48.10272592039401" lon="-122.77239005022999">
				<ele>1.6106693216804437</ele>
				<time>2026-09-22T00:27:22Z</time>
			</trkpt>
			<trkpt lat="48.102747438652" lon="-122.77240396555305">
				<ele>1.4791612547517623</ele>
				<time>2026-09-22T00:27:23Z</time>
			</trkpt>
			<trkpt lat="48.10278272727001" lon="-122.77242938707637">
				<ele>1.1772303040605223</ele>
				<time>2026-09-22T00:27:25Z</time>
			</trkpt>
			<trkpt lat="48.10280111618394" lon="-122.77244351580669">
				<ele>1.1446974565478705</ele>
				<time>2026-09-22T00:27:26Z</time>
			</trkpt>
			<trkpt lat="48.1028209376701" lon="-122.7724549140351">
				<ele>1.179507771599166</ele>
				<time>2026-09-22T00:27:27Z</time>
			</trkpt>
			<trkpt lat="48.102859464805825" lon="-122.77247400510683">
				<ele>1.2390237793596235</ele>
				<time>2026-09-22T00:27:29Z</time>
			</trkpt>
			<trkpt lat="48.10288175879988" lon="-122.7724844268442">
				<ele>1.223158373995318</ele>
				<time>2026-09-22T00:27:30Z</time>
			</trkpt>
			<trkpt lat="48.10290101465887" lon="-122.77249412205916">
				<ele>1.157488460660133</ele>
				<time>2026-09-22T00:27:31Z</time>
			</trkpt>
			<trkpt lat="48.10292001305307" lon="-122.77250313062842">
				<ele>1.1985836958751293</ele>
				<time>2026-09-22T00:27:32Z</time>
			</trkpt>
			<trkpt lat="48.102939522001606" lon="-122.77251377170997">
				<ele>1.1417927305196152</ele>
				<time>2026-09-22T00:27:33Z</time>
			</trkpt>
			<trkpt lat="48.102959262205246" lon="-122.77252204800784">
				<ele>1.1516038545273304</ele>
				<time>2026-09-22T00:27:34Z</time>
			</trkpt>
			<trkpt lat="48.10297887274759" lon="-122.77253066541053">
				<ele>1.2011516377377092</ele>
				<time>2026-09-22T00:27:35Z</time>
			</trkpt>
			<trkpt lat="48.10299893956527" lon="-122.77253743753906">
				<ele>1.157575326925734</ele>
				<time>2026-09-22T00:27:36Z</time>
			</trkpt>
			<trkpt lat="48.10302073741629" lon="-122.77251579406264">
				<ele>1.2205018639038023</ele>
				<time>2026-09-22T00:27:37Z</time>
			</trkpt>
			<trkpt lat="48.10303583878589" lon="-122.7725500336637">
				<ele>1.22653025096567</ele>
				<time>2026-09-22T00:27:38Z</time>
			</trkpt>
			<trkpt lat="48.103053549291694" lon="-122.77255911618478">
				<ele>1.1205710017670754</ele>
				<time>2026-09-22T00:27:39Z</time>
			</trkpt>
			<trkpt lat="48.10307302983526" lon="-122.77256821714381">
				<ele>1.177831097400155</ele>
				<time>2026-09-22T00:27:40Z</time>
			</trkpt>
			<trkpt lat="48.10309244279932" lon="-122.77257872950004">
				<ele>1.143496421782615</ele>
				<time>2026-09-22T00:27:41Z</time>
			</trkpt>
			<trkpt lat="48.10311152031568" lon="-122.77258963648477">
				<ele>1.1663388670972452</ele>
				<time>2026-09-22T00:27:42Z</time>
			</trkpt>
			<trkpt lat="48.10312866679924" lon="-122.77259900087446">
				<ele>1.2162254873892202</ele>
				<time>2026-09-22T00:27:43Z</time>
			</trkpt>
			<trkpt lat="48.10314642207615" lon="-122.77260850512138">
				<ele>1.2089453849373442</ele>
				<time>2026-09-22T00:27:44Z</time>
			</trkpt>
			<trkpt lat="48.10316519512418" lon="-122.77261819379154">
				<ele>1.1845782587635334</ele>
				<time>2026-09-22T00:27:45Z</time>
			</trkpt>
			<trkpt lat="48.10318394315298" lon="-122.77262901368428">
				<ele>1.1751876420551852</ele>
				<time>2026-09-22T00:27:46Z</time>
			</trkpt>
			<trkpt lat="48.10320329568772" lon="-122.7726371215279">
				<ele>1.2023470926308732</ele>
				<time>2026-09-22T00:27:47Z</time>
			</trkpt>
			<trkpt lat="48.103221118867076" lon="-122.77264907460157">
				<ele>1.219310965065688</ele>
				<time>2026-09-22T00:27:48Z</time>
			</trkpt>
			<trkpt lat="48.10324012036764" lon="-122.77266008289814">
				<ele>1.2268645881302298</ele>
				<time>2026-09-22T00:27:49Z</time>
			</trkpt>
			<trkpt lat="48.10325850613183" lon="-122.77267163433362">
				<ele>1.3129638115964717</ele>
				<time>2026-09-22T00:27:50Z</time>
			</trkpt>
			<trkpt lat="48.10327525017059" lon="-122.7726844918965">
				<ele>1.3212918454867477</ele>
				<time>2026-09-22T00:27:51Z</time>
			</trkpt>
			<trkpt lat="48.10329217107788" lon="-122.7726968721663">
				<ele>1.3669403036533794</ele>
				<time>2026-09-22T00:27:52Z</time>
			</trkpt>
			<trkpt lat="48.10330762380411" lon="-122.7727110261178">
				<ele>1.315509406480981</ele>
				<time>2026-09-22T00:27:53Z</time>
			</trkpt>
			<trkpt lat="48.10333921542564" lon="-122.77273611583198">
				<ele>1.3414823118605597</ele>
				<time>2026-09-22T00:27:55Z</time>
			</trkpt>
			<trkpt lat="48.10337053282997" lon="-122.77276571491831">
				<ele>1.2379610606682903</ele>
				<time>2026-09-22T00:27:57Z</time>
			</trkpt>
			<trkpt lat="48.10338733049876" lon="-122.77278063879494">
				<ele>1.2277867534542892</ele>
				<time>2026-09-22T00:27:58Z</time>
			</trkpt>
			<trkpt lat="48.103402833286324" lon="-122.77279583180955">
				<ele>1.2286103103429795</ele>
				<time>2026-09-22T00:27:59Z</time>
			</trkpt>
			<trkpt lat="48.103418439449186" lon="-122.77281277830951">
				<ele>1.2433312336973614</ele>
				<time>2026-09-22T00:28:00Z</time>
			</trkpt>
			<trkpt lat="48.10343427900519" lon="-122.7728289865758">
				<ele>1.2606041980532474</ele>
				<time>2026-09-22T00:28:01Z</time>
			</trkpt>
			<trkpt lat="48.10344948365166" lon="-122.77284476608168">
				<ele>1.3619416574601182</ele>
				<time>2026-09-22T00:28:02Z</time>
			</trkpt>
			<trkpt lat="48.103473500503064" lon="-122.77287790252171">
				<ele>1.3058022170695232</ele>
				<time>2026-09-22T00:28:04Z</time>
			</trkpt>
			<trkpt lat="48.103499623372" lon="-122.77291047694553">
				<ele>1.1685832648549805</ele>
				<time>2026-09-22T00:28:06Z</time>
			</trkpt>
			<trkpt lat="48.10352068274767" lon="-122.77294284682748">
				<ele>1.1991189183607247</ele>
				<time>2026-09-22T00:28:08Z</time>
			</trkpt>
			<trkpt lat="48.10353979001549" lon="-122.77296553012874">
				<ele>0.9719004917717768</ele>
				<time>2026-09-22T00:28:10Z</time>
			</trkpt>
			<trkpt lat="48.10355767914598" lon="-122.77299299795581">
				<ele>0.8685933984843075</ele>
				<time>2026-09-22T00:28:12Z</time>
			</trkpt>
			<trkpt lat="48.103577919181575" lon="-122.77301685751797">
				<ele>0.8247184367919473</ele>
				<time>2026-09-22T00:28:14Z</time>
			</trkpt>
			<trkpt lat="48.10359712698933" lon="-122.77304048433031">
				<ele>0.8843441323949364</ele>
				<time>2026-09-22T00:28:16Z</time>
			</trkpt>
			<trkpt lat="48.1036149488541" lon="-122.77306624456574">
				<ele>1.0203944399645906</ele>
				<time>2026-09-22T00:28:18Z</time>
			</trkpt>
			<trkpt lat="48.10359988512071" lon="-122.77308282883992">
				<ele>1.175079825321589</ele>
				<time>2026-09-22T00:28:22Z</time>
			</trkpt>
			<trkpt lat="48.10357708360141" lon="-122.77310299333324">
				<ele>1.3169678614074165</ele>
				<time>2026-09-22T00:28:24Z</time>
			</trkpt>
			<trkpt lat="48.1035537343027" lon="-122.77313090359617">
				<ele>1.3377878816365367</ele>
				<time>2026-09-22T00:28:26Z</time>
			</trkpt>
			<trkpt lat="48.103535762052495" lon="-122.7731232086746">
				<ele>1.1734294081606649</ele>
				<time>2026-09-22T00:28:27Z</time>
			</trkpt>
			<trkpt lat="48.1035107300444" lon="-122.77310012875252">
				<ele>1.1727708700808606</ele>
				<time>2026-09-22T00:28:29Z</time>
			</trkpt>
			<trkpt lat="48.10349276246746" lon="-122.77306619204921">
				<ele>1.1868178964897211</ele>
				<time>2026-09-22T00:28:31Z</time>
			</trkpt>
			<trkpt lat="48.103477481690575" lon="-122.77302949653519">
				<ele>1.1745149186866506</ele>
				<time>2026-09-22T00:28:33Z</time>
			</trkpt>
			<trkpt lat="48.10347217762832" lon="-122.77299248531816">
				<ele>1.188855907546504</ele>
				<time>2026-09-22T00:28:35Z</time>
			</trkpt>
			<trkpt lat="48.10346713252685" lon="-122.77295475815009">
				<ele>1.2930457046658361</ele>
				<time>2026-09-22T00:28:37Z</time>
			</trkpt>
			<trkpt lat="48.103464143742926" lon="-122.77291862613502">
				<ele>1.2478605903484663</ele>
				<time>2026-09-22T00:28:39Z</time>
			</trkpt>
			<trkpt lat="48.10346193218605" lon="-122.77288011379181">
				<ele>1.291485520109184</ele>
				<time>2026-09-22T00:28:41Z</time>
			</trkpt>
			<trkpt lat="48.10346329537007" lon="-122.77284318658509">
				<ele>1.3044797994020065</ele>
				<time>2026-09-22T00:28:43Z</time>
			</trkpt>
			<trkpt lat="48.10346592890574" lon="-122.7728104496679">
				<ele>1.3340106410697956</ele>
				<time>2026-09-22T00:28:45Z</time>
			</trkpt>
			<trkpt lat="48.10346087392708" lon="-122.77277834576081">
				<ele>1.386307969637695</ele>
				<time>2026-09-22T00:28:47Z</time>
			</trkpt>
			<trkpt lat="48.10345306135461" lon="-122.772744594202">
				<ele>1.4209553578407323</ele>
				<time>2026-09-22T00:28:49Z</time>
			</trkpt>
			<trkpt lat="48.103452041854034" lon="-122.77270908701317">
				<ele>1.417886531872579</ele>
				<time>2026-09-22T00:28:51Z</time>
			</trkpt>
			<trkpt lat="48.10344948453061" lon="-122.77267341039509">
				<ele>1.4070631430017215</ele>
				<time>2026-09-22T00:28:53Z</time>
			</trkpt>
			<trkpt lat="48.10344534585069" lon="-122.77263895904838">
				<ele>1.4391678978500053</ele>
				<time>2026-09-22T00:28:55Z</time>
			</trkpt>
			<trkpt lat="48.103443667983655" lon="-122.77260034159622">
				<ele>1.1449200758919922</ele>
				<time>2026-09-22T00:28:57Z</time>
			</trkpt>
			<trkpt lat="48.103442195314216" lon="-122.7725610864791">
				<ele>1.3820731566660527</ele>
				<time>2026-09-22T00:29:00Z</time>
			</trkpt>
			<trkpt lat="48.103464984407616" lon="-122.77253037149626">
				<ele>1.436198453936548</ele>
				<time>2026-09-22T00:29:02Z</time>
			</trkpt>
			<trkpt lat="48.103475337233384" lon="-122.77249355289914">
				<ele>1.3348591226081403</ele>
				<time>2026-09-22T00:29:04Z</time>
			</trkpt>
			<trkpt lat="48.10349730098288" lon="-122.7724628184856">
				<ele>1.159218834224479</ele>
				<time>2026-09-22T00:29:06Z</time>
			</trkpt>
			<trkpt lat="48.10351502690229" lon="-122.77243046119159">
				<ele>0.7262773288545326</ele>
				<time>2026-09-22T00:29:08Z</time>
			</trkpt>
			<trkpt lat="48.10353856024394" lon="-122.77241851187065">
				<ele>1.1380107945854867</ele>
				<time>2026-09-22T00:29:10Z</time>
			</trkpt>
			<trkpt lat="48.10354420096311" lon="-122.7723890213605">
				<ele>0.8757207577982093</ele>
				<time>2026-09-22T00:29:12Z</time>
			</trkpt>
			<trkpt lat="48.10355742288227" lon="-122.77236920355521">
				<ele>0.9684168636294856</ele>
				<time>2026-09-22T00:29:14Z</time>
			</trkpt>
			<trkpt lat="48.10358107375026" lon="-122.77235512568457">
				<ele>0.9075927623541133</ele>
				<time>2026-09-22T00:29:16Z</time>
			</trkpt>
			<trkpt lat="48.103606044022996" lon="-122.77234702327253">
				<ele>1.1012834395878848</ele>
				<time>2026-09-22T00:29:18Z</time>
			</trkpt>
			<trkpt lat="48.10362944706408" lon="-122.77234005246768">
				<ele>0.5634070156112791</ele>
				<time>2026-09-22T00:29:20Z</time>
			</trkpt>
			<trkpt lat="48.10365651440938" lon="-122.77233317656516">
				<ele>0.6647539652995853</ele>
				<time>2026-09-22T00:29:22Z</time>
			</trkpt>
			<trkpt lat="48.10368705383566" lon="-122.7723266046459">
				<ele>0.7386995694244156</ele>
				<time>2026-09-22T00:29:24Z</time>
			</trkpt>
			<trkpt lat="48.10371311692529" lon="-122.7723230366269">
				<ele>0.8442486030752967</ele>
				<time>2026-09-22T00:29:26Z</time>
			</trkpt>
			<trkpt lat="48.10373133520628" lon="-122.77231814523637">
				<ele>0.9185518781070598</ele>
				<time>2026-09-22T00:29:27Z</time>
			</trkpt>
			<trkpt lat="48.103764712723276" lon="-122.77230818148772">
				<ele>1.0007680159948826</ele>
				<time>2026-09-22T00:29:29Z</time>
			</trkpt>
			<trkpt lat="48.10379692210157" lon="-122.77229634374721">
				<ele>0.933527431216234</ele>
				<time>2026-09-22T00:29:31Z</time>
			</trkpt>
			<trkpt lat="48.10382285475401" lon="-122.77228471768179">
				<ele>0.9293799876935687</ele>
				<time>2026-09-22T00:29:33Z</time>
			</trkpt>
			<trkpt lat="48.103854810223034" lon="-122.77227598216695">
				<ele>0.9867029961403944</ele>
				<time>2026-09-22T00:29:35Z</time>
			</trkpt>
			<trkpt lat="48.103884990584" lon="-122.77226522619597">
				<ele>1.0626040812678532</ele>
				<time>2026-09-22T00:29:37Z</time>
			</trkpt>
			<trkpt lat="48.103920370055796" lon="-122.77225344004779">
				<ele>1.0586468331760734</ele>
				<time>2026-09-22T00:29:39Z</time>
			</trkpt>
			<trkpt lat="48.103952211102076" lon="-122.77225089361193">
				<ele>1.0080182007530176</ele>
				<time>2026-09-22T00:29:41Z</time>
			</trkpt>
			<trkpt lat="48.10398312785212" lon="-122.77224880072679">
				<ele>1.0086756267361636</ele>
				<time>2026-09-22T00:29:43Z</time>
			</trkpt>
			<trkpt lat="48.104010375823925" lon="-122.77224981409177">
				<ele>1.032279735472354</ele>
				<time>2026-09-22T00:29:45Z</time>
			</trkpt>
			<trkpt lat="48.104037485573464" lon="-122.77224729845274">
				<ele>1.0333749377162071</ele>
				<time>2026-09-22T00:29:47Z</time>
			</trkpt>
			<trkpt lat="48.104062824362316" lon="-122.7722419363649">
				<ele>1.0126195741836845</ele>
				<time>2026-09-22T00:29:49Z</time>
			</trkpt>
			<trkpt lat="48.10408472348804" lon="-122.77223636739531">
				<ele>1.0318949999287632</ele>
				<time>2026-09-22T00:29:51Z</time>
			</trkpt>
			<trkpt lat="48.10410737173256" lon="-122.7722293587484">
				<ele>1.0650007430412174</ele>
				<time>2026-09-22T00:29:53Z</time>
			</trkpt>
			<trkpt lat="48.10412840966827" lon="-122.77221345597583">
				<ele>1.0384487905472888</ele>
				<time>2026-09-22T00:29:55Z</time>
			</trkpt>
			<trkpt lat="48.104147990343584" lon="-122.77219488991656">
				<ele>1.057843793740986</ele>
				<time>2026-09-22T00:29:57Z</time>
			</trkpt>
			<trkpt lat="48.10417382152855" lon="-122.77218227325554">
				<ele>1.0943089083241375</ele>
				<time>2026-09-22T00:29:59Z</time>
			</trkpt>
			<trkpt lat="48.1041972475514" lon="-122.77218444235739">
				<ele>1.0382951576813788</ele>
				<time>2026-09-22T00:30:01Z</time>
			</trkpt>
			<trkpt lat="48.10421741848487" lon="-122.77218526165368">
				<ele>1.0383293571898768</ele>
				<time>2026-09-22T00:30:03Z</time>
			</trkpt>
			<trkpt lat="48.10424088254933" lon="-122.77219279704332">
				<ele>1.0482230980819907</ele>
				<time>2026-09-22T00:30:06Z</time>
			</trkpt>
			<trkpt lat="48.104231279933074" lon="-122.7722175720934">
				<ele>1.3486625762942275</ele>
				<time>2026-09-22T00:30:12Z</time>
			</trkpt>
			<trkpt lat="48.10420796142912" lon="-122.77221679452941">
				<ele>1.2780008961406324</ele>
				<time>2026-09-22T00:30:16Z</time>
			</trkpt>
			<trkpt lat="48.104188297692765" lon="-122.7722112872145">
				<ele>1.1529547461718863</ele>
				<time>2026-09-22T00:30:20Z</time>
			</trkpt>
			<trkpt lat="48.10416864500573" lon="-122.77221307596847">
				<ele>1.188460033543528</ele>
				<time>2026-09-22T00:30:23Z</time>
			</trkpt>
			<trkpt lat="48.1041469329332" lon="-122.77221248190568">
				<ele>1.2630709193086993</ele>
				<time>2026-09-22T00:30:26Z</time>
			</trkpt>
			<trkpt lat="48.10412677677552" lon="-122.77220988313793">
				<ele>1.2414064877677191</ele>
				<time>2026-09-22T00:30:29Z</time>
			</trkpt>
			<trkpt lat="48.10410758553067" lon="-122.77220443400414">
				<ele>1.2685212985934307</ele>
				<time>2026-09-22T00:30:33Z</time>
			</trkpt>
			<trkpt lat="48.104088978722665" lon="-122.77220600779668">
				<ele>1.270439858577678</ele>
				<time>2026-09-22T00:30:37Z</time>
			</trkpt>
			<trkpt lat="48.104070184197305" lon="-122.77220550656108">
				<ele>1.227534909707252</ele>
				<time>2026-09-22T00:30:41Z</time>
			</trkpt>
			<trkpt lat="48.10405141719714" lon="-122.77220533338824">
				<ele>1.273672522264377</ele>
				<time>2026-09-22T00:30:45Z</time>
			</trkpt>
			<trkpt lat="48.104029736693505" lon="-122.77219803627796">
				<ele>1.2802622926627976</ele>
				<time>2026-09-22T00:30:50Z</time>
			</trkpt>
			<trkpt lat="48.10400936279454" lon="-122.7721923788252">
				<ele>1.2780619344011654</ele>
				<time>2026-09-22T00:30:55Z</time>
			</trkpt>
			<trkpt lat="48.103988445752655" lon="-122.77218615794953">
				<ele>1.3278845208834227</ele>
				<time>2026-09-22T00:31:01Z</time>
			</trkpt>
			<trkpt lat="48.103968920397264" lon="-122.7721800675964">
				<ele>1.314922491093835</ele>
				<time>2026-09-22T00:31:06Z</time>
			</trkpt>
			<trkpt lat="48.10394996606732" lon="-122.77217094779378">
				<ele>1.2967310517821389</ele>
				<time>2026-09-22T00:31:12Z</time>
			</trkpt>
			<trkpt lat="48.1039305266825" lon="-122.77215819473228">
				<ele>1.3996247035031644</ele>
				<time>2026-09-22T00:31:19Z</time>
			</trkpt>
			<trkpt lat="48.103917692614374" lon="-122.77213301704414">
				<ele>1.1779824080475407</ele>
				<time>2026-09-22T00:31:25Z</time>
			</trkpt>
			<trkpt lat="48.10390341918775" lon="-122.77210953891195">
				<ele>1.211774706977117</ele>
				<time>2026-09-22T00:31:31Z</time>
			</trkpt>
			<trkpt lat="48.10389103992591" lon="-122.77208620167079">
				<ele>0.9985210496667172</ele>
				<time>2026-09-22T00:31:36Z</time>
			</trkpt>
			<trkpt lat="48.1038757904234" lon="-122.772062071016">
				<ele>1.104949362019294</ele>
				<time>2026-09-22T00:31:41Z</time>
			</trkpt>
			<trkpt lat="48.10386161062164" lon="-122.77204303915177">
				<ele>1.0818107093650404</ele>
				<time>2026-09-22T00:31:45Z</time>
			</trkpt>
			<trkpt lat="48.103845326871216" lon="-122.7720254712698">
				<ele>1.037425224332896</ele>
				<time>2026-09-22T00:31:49Z</time>
			</trkpt>
			<trkpt lat="48.10382605923693" lon="-122.77200772110751">
				<ele>1.097277330451039</ele>
				<time>2026-09-22T00:31:55Z</time>
			</trkpt>
			<trkpt lat="48.10380883488279" lon="-122.77199190601755">
				<ele>1.047385462239788</ele>
				<time>2026-09-22T00:31:58Z</time>
			</trkpt>
			<trkpt lat="48.10378731679507" lon="-122.77197675861754">
				<ele>1.0689490032625457</ele>
				<time>2026-09-22T00:32:00Z</time>
			</trkpt>
			<trkpt lat="48.103766859845294" lon="-122.7719662005145">
				<ele>1.062810331906416</ele>
				<time>2026-09-22T00:32:03Z</time>
			</trkpt>
			<trkpt lat="48.10374872821059" lon="-122.77196398478002">
				<ele>1.0456373587916303</ele>
				<time>2026-09-22T00:32:05Z</time>
			</trkpt>
			<trkpt lat="48.1037251194135" lon="-122.77195856039195">
				<ele>1.0777192529767277</ele>
				<time>2026-09-22T00:32:08Z</time>
			</trkpt>
			<trkpt lat="48.10370694767303" lon="-122.77195678037417">
				<ele>1.0693404085666316</ele>
				<time>2026-09-22T00:32:10Z</time>
			</trkpt>
			<trkpt lat="48.10368888367391" lon="-122.77195521337748">
				<ele>1.1004587624008337</ele>
				<time>2026-09-22T00:32:12Z</time>
			</trkpt>
			<trkpt lat="48.10366420655634" lon="-122.77195499248076">
				<ele>1.0995002153520623</ele>
				<time>2026-09-22T00:32:15Z</time>
			</trkpt>
			<trkpt lat="48.10363889669912" lon="-122.77195412191503">
				<ele>1.1112186022185178</ele>
				<time>2026-09-22T00:32:18Z</time>
			</trkpt>
			<trkpt lat="48.103612597620256" lon="-122.7719512046033">
				<ele>1.1236647929666717</ele>
				<time>2026-09-22T00:32:21Z</time>
			</trkpt>
			<trkpt lat="48.103585046502594" lon="-122.77194450853395">
				<ele>1.1069835045497882</ele>
				<time>2026-09-22T00:32:24Z</time>
			</trkpt>
			<trkpt lat="48.103559315596215" lon="-122.77194201421186">
				<ele>0.8575527801596863</ele>
				<time>2026-09-22T00:32:27Z</time>
			</trkpt>
			<trkpt lat="48.10353192550948" lon="-122.77194519845996">
				<ele>0.9517965502910428</ele>
				<time>2026-09-22T00:32:30Z</time>
			</trkpt>
			<trkpt lat="48.10351142738482" lon="-122.77194594849229">
				<ele>0.9933087419818278</ele>
				<time>2026-09-22T00:32:32Z</time>
			</trkpt>
			<trkpt lat="48.10348428984971" lon="-122.77194948511725">
				<ele>1.0312994571712046</ele>
				<time>2026-09-22T00:32:35Z</time>
			</trkpt>
			<trkpt lat="48.1034637237365" lon="-122.77195538637028">
				<ele>0.9816047083098844</ele>
				<time>2026-09-22T00:32:37Z</time>
			</trkpt>
			<trkpt lat="48.10343789730794" lon="-122.77196564514624">
				<ele>1.0724740798633299</ele>
				<time>2026-09-22T00:32:40Z</time>
			</trkpt>
			<trkpt lat="48.10341800311342" lon="-122.7719862863142">
				<ele>0.9390014420872177</ele>
				<time>2026-09-22T00:32:43Z</time>
			</trkpt>
			<trkpt lat="48.10340095717503" lon="-122.77201438921773">
				<ele>1.1549054673998995</ele>
				<time>2026-09-22T00:32:46Z</time>
			</trkpt>
			<trkpt lat="48.10338225259951" lon="-122.77203980109375">
				<ele>1.0802358178003182</ele>
				<time>2026-09-22T00:32:49Z</time>
			</trkpt>
			<trkpt lat="48.10336684891114" lon="-122.77207192650864">
				<ele>1.0681699169741954</ele>
				<time>2026-09-22T00:32:52Z</time>
			</trkpt>
			<trkpt lat="48.10335192364024" lon="-122.77210484980145">
				<ele>1.1751571159255505</ele>
				<time>2026-09-22T00:32:55Z</time>
			</trkpt>
			<trkpt lat="48.10333986795147" lon="-122.7721382034539">
				<ele>1.2617383726747384</ele>
				<time>2026-09-22T00:32:58Z</time>
			</trkpt>
			<trkpt lat="48.10332399476625" lon="-122.77216344162052">
				<ele>1.3359791471012379</ele>
				<time>2026-09-22T00:33:01Z</time>
			</trkpt>
			<trkpt lat="48.103303823226106" lon="-122.77219011636122">
				<ele>1.2790594600406031</ele>
				<time>2026-09-22T00:33:04Z</time>
			</trkpt>
			<trkpt lat="48.103288208853286" lon="-122.77221092142345">
				<ele>1.302057390910658</ele>
				<time>2026-09-22T00:33:06Z</time>
			</trkpt>
			<trkpt lat="48.10327447559582" lon="-122.77223828741253">
				<ele>1.3605233413329856</ele>
				<time>2026-09-22T00:33:08Z</time>
			</trkpt>
			<trkpt lat="48.10326041053323" lon="-122.77226537673212">
				<ele>1.3323845525648466</ele>
				<time>2026-09-22T00:33:10Z</time>
			</trkpt>
			<trkpt lat="48.10324534952723" lon="-122.77229297759862">
				<ele>1.2749184538119671</ele>
				<time>2026-09-22T00:33:12Z</time>
			</trkpt>
			<trkpt lat="48.103229574151726" lon="-122.77231931412615">
				<ele>1.2766402832602886</ele>
				<time>2026-09-22T00:33:14Z</time>
			</trkpt>
			<trkpt lat="48.10321308709161" lon="-122.7723424134">
				<ele>1.2522675578253448</ele>
				<time>2026-09-22T00:33:16Z</time>
			</trkpt>
			<trkpt lat="48.10319520192775" lon="-122.77236783275083">
				<ele>1.2722833773811502</ele>
				<time>2026-09-22T00:33:18Z</time>
			</trkpt>
			<trkpt lat="48.103177993833725" lon="-122.77239291004904">
				<ele>1.1074375241575396</ele>
				<time>2026-09-22T00:33:20Z</time>
			</trkpt>
			<trkpt lat="48.1031628817832" lon="-122.77241558031022">
				<ele>1.0599671451783728</ele>
				<time>2026-09-22T00:33:22Z</time>
			</trkpt>
			<trkpt lat="48.103147090805386" lon="-122.77243643482181">
				<ele>1.0662508677550093</ele>
				<time>2026-09-22T00:33:24Z</time>
			</trkpt>
			<trkpt lat="48.103130181838075" lon="-122.77245635758241">
				<ele>1.1015579077147528</ele>
				<time>2026-09-22T00:33:26Z</time>
			</trkpt>
			<trkpt lat="48.10311268293369" lon="-122.77247690858458">
				<ele>1.134670881471898</ele>
				<time>2026-09-22T00:33:28Z</time>
			</trkpt>
			<trkpt lat="48.10309578702958" lon="-122.7724943431124">
				<ele>1.1441384563959822</ele>
				<time>2026-09-22T00:33:30Z</time>
			</trkpt>
			<trkpt lat="48.10307953551306" lon="-122.77251181247222">
				<ele>1.1354113129854113</ele>
				<time>2026-09-22T00:33:32Z</time>
			</trkpt>
			<trkpt lat="48.10306238265513" lon="-122.77252943720192">
				<ele>1.1188705526530818</ele>
				<time>2026-09-22T00:33:34Z</time>
			</trkpt>
			<trkpt lat="48.10304680300576" lon="-122.77254530824762">
				<ele>1.1339532354677004</ele>
				<time>2026-09-22T00:33:36Z</time>
			</trkpt>
			<trkpt lat="48.103031304493136" lon="-122.77256334718561">
				<ele>1.13146534550064</ele>
				<time>2026-09-22T00:33:38Z</time>
			</trkpt>
			<trkpt lat="48.10301508863449" lon="-122.77258033270112">
				<ele>1.0977539860331973</ele>
				<time>2026-09-22T00:33:40Z</time>
			</trkpt>
			<trkpt lat="48.102999349719724" lon="-122.77259544756186">
				<ele>1.1127170776358142</ele>
				<time>2026-09-22T00:33:42Z</time>
			</trkpt>
			<trkpt lat="48.10298403924458" lon="-122.77261036790556">
				<ele>1.0935976019293712</ele>
				<time>2026-09-22T00:33:44Z</time>
			</trkpt>
			<trkpt lat="48.10296716863581" lon="-122.77262602234775">
				<ele>1.1667759090308145</ele>
				<time>2026-09-22T00:33:46Z</time>
			</trkpt>
			<trkpt lat="48.10294969855944" lon="-122.77264233430023">
				<ele>1.035371660794624</ele>
				<time>2026-09-22T00:33:48Z</time>
			</trkpt>
			<trkpt lat="48.102944201796724" lon="-122.772673668442">
				<ele>0.7569327000574368</ele>
				<time>2026-09-22T00:33:50Z</time>
			</trkpt>
			<trkpt lat="48.102958875891595" lon="-122.77270145029564">
				<ele>0.948635049862979</ele>
				<time>2026-09-22T00:33:54Z</time>
			</trkpt>
			<trkpt lat="48.10298284552323" lon="-122.77271223261748">
				<ele>1.0238208601871683</ele>
				<time>2026-09-22T00:33:59Z</time>
			</trkpt>
			<trkpt lat="48.10300140898521" lon="-122.77271685475088">
				<ele>1.1581671750289253</ele>
				<time>2026-09-22T00:34:02Z</time>
			</trkpt>
			<trkpt lat="48.10302369279233" lon="-122.77271004555979">
				<ele>1.1745374909321171</ele>
				<time>2026-09-22T00:34:06Z</time>
			</trkpt>
			<trkpt lat="48.10304218511671" lon="-122.77270793057947">
				<ele>1.189280987285997</ele>
				<time>2026-09-22T00:34:09Z</time>
			</trkpt>
			<trkpt lat="48.10306386107568" lon="-122.77270769657667">
				<ele>1.184431769613063</ele>
				<time>2026-09-22T00:34:13Z</time>
			</trkpt>
			<trkpt lat="48.103084048325464" lon="-122.77271156516971">
				<ele>1.1779638762521607</ele>
				<time>2026-09-22T00:34:17Z</time>
			</trkpt>
			<trkpt lat="48.10310351001269" lon="-122.77271281095874">
				<ele>1.1366572562412856</ele>
				<time>2026-09-22T00:34:21Z</time>
			</trkpt>
			<trkpt lat="48.10312448232686" lon="-122.77271160613205">
				<ele>1.1063872017652692</ele>
				<time>2026-09-22T00:34:25Z</time>
			</trkpt>
			<trkpt lat="48.10314597628277" lon="-122.77271057896145">
				<ele>1.1229067061193518</ele>
				<time>2026-09-22T00:34:29Z</time>
			</trkpt>
			<trkpt lat="48.10316497696799" lon="-122.7727101401259">
				<ele>1.1205625744950076</ele>
				<time>2026-09-22T00:34:33Z</time>
			</trkpt>
			<trkpt lat="48.10318621912486" lon="-122.77271151633158">
				<ele>1.1339724385996313</ele>
				<time>2026-09-22T00:34:37Z</time>
			</trkpt>
			<trkpt lat="48.10320734249234" lon="-122.77271321273484">
				<ele>1.1407327931643536</ele>
				<time>2026-09-22T00:34:41Z</time>
			</trkpt>
			<trkpt lat="48.103226027031155" lon="-122.77271715581733">
				<ele>1.1319952169389076</ele>
				<time>2026-09-22T00:34:45Z</time>
			</trkpt>
			<trkpt lat="48.10325031759598" lon="-122.77270607661181">
				<ele>1.0889490301912872</ele>
				<time>2026-09-22T00:34:49Z</time>
			</trkpt>
			<trkpt lat="48.10327649321958" lon="-122.77269351879197">
				<ele>1.132610417150115</ele>
				<time>2026-09-22T00:34:52Z</time>
			</trkpt>
			<trkpt lat="48.1032968288702" lon="-122.77268514175161">
				<ele>1.1282034361612574</ele>
				<time>2026-09-22T00:34:54Z</time>
			</trkpt>
			<trkpt lat="48.103316275433315" lon="-122.77268058122644">
				<ele>1.2396094666521762</ele>
				<time>2026-09-22T00:34:56Z</time>
			</trkpt>
			<trkpt lat="48.103335227280866" lon="-122.7726771160002">
				<ele>1.2047634161404517</ele>
				<time>2026-09-22T00:34:58Z</time>
			</trkpt>
			<trkpt lat="48.10336210274926" lon="-122.77267480472005">
				<ele>1.3110639038571215</ele>
				<time>2026-09-22T00:35:00Z</time>
			</trkpt>
			<trkpt lat="48.103384952574984" lon="-122.77266907782972">
				<ele>1.2543005185265628</ele>
				<time>2026-09-22T00:35:02Z</time>
			</trkpt>
			<trkpt lat="48.10340688884968" lon="-122.77266127242773">
				<ele>1.259598406298796</ele>
				<time>2026-09-22T00:35:04Z</time>
			</trkpt>
			<trkpt lat="48.103429821065696" lon="-122.77265177521372">
				<ele>1.2678529653428754</ele>
				<time>2026-09-22T00:35:06Z</time>
			</trkpt>
			<trkpt lat="48.103454163503386" lon="-122.77264753216375">
				<ele>1.2965042072209272</ele>
				<time>2026-09-22T00:35:08Z</time>
			</trkpt>
			<trkpt lat="48.103477729316204" lon="-122.77264603177011">
				<ele>1.2179616016294865</ele>
				<time>2026-09-22T00:35:10Z</time>
			</trkpt>
			<trkpt lat="48.10350139473009" lon="-122.77264676980357">
				<ele>1.2485933794761443</ele>
				<time>2026-09-22T00:35:12Z</time>
			</trkpt>
			<trkpt lat="48.10352528257256" lon="-122.77264845841458">
				<ele>1.2068974734625257</ele>
				<time>2026-09-22T00:35:14Z</time>
			</trkpt>
			<trkpt lat="48.10354852924445" lon="-122.77264979944579">
				<ele>1.1404306841721201</ele>
				<time>2026-09-22T00:35:16Z</time>
			</trkpt>
			<trkpt lat="48.103568924864135" lon="-122.772651990395">
				<ele>1.0633867556808951</ele>
				<time>2026-09-22T00:35:18Z</time>
			</trkpt>
			<trkpt lat="48.10359004526887" lon="-122.77265516918409">
				<ele>1.067817573136086</ele>
				<time>2026-09-22T00:35:20Z</time>
			</trkpt>
			<trkpt lat="48.1036096761962" lon="-122.77265600177984">
				<ele>0.9529820745132831</ele>
				<time>2026-09-22T00:35:22Z</time>
			</trkpt>
			<trkpt lat="48.10362904275289" lon="-122.7726571752063">
				<ele>0.9797132589469655</ele>
				<time>2026-09-22T00:35:24Z</time>
			</trkpt>
			<trkpt lat="48.10364846910432" lon="-122.77265886947609">
				<ele>0.9301087880400871</ele>
				<time>2026-09-22T00:35:26Z</time>
			</trkpt>
			<trkpt lat="48.103668353736154" lon="-122.77265914866378">
				<ele>0.9413108076604502</ele>
				<time>2026-09-22T00:35:28Z</time>
			</trkpt>
			<trkpt lat="48.10368783123723" lon="-122.77266167106471">
				<ele>0.9637950395182671</ele>
				<time>2026-09-22T00:35:30Z</time>
			</trkpt>
			<trkpt lat="48.103706042387486" lon="-122.77266564500682">
				<ele>0.9718583307864357</ele>
				<time>2026-09-22T00:35:32Z</time>
			</trkpt>
			<trkpt lat="48.10372515995101" lon="-122.77267004920387">
				<ele>1.114516788925961</ele>
				<time>2026-09-22T00:35:34Z</time>
			</trkpt>
			<trkpt lat="48.103743436921505" lon="-122.7726712725207">
				<ele>1.1120693773253834</ele>
				<time>2026-09-22T00:35:36Z</time>
			</trkpt>
			<trkpt lat="48.10376677588135" lon="-122.77267819617977">
				<ele>1.1883129442344078</ele>
				<time>2026-09-22T00:35:39Z</time>
			</trkpt>
			<trkpt lat="48.103785080946516" lon="-122.77269570408822">
				<ele>1.1072780889538265</ele>
				<time>2026-09-22T00:35:42Z</time>
			</trkpt>
			<trkpt lat="48.1038011932919" lon="-122.77271818326092">
				<ele>1.259207529499605</ele>
				<time>2026-09-22T00:35:45Z</time>
			</trkpt>
			<trkpt lat="48.10381812822843" lon="-122.77274082230099">
				<ele>1.1064638036053793</ele>
				<time>2026-09-22T00:35:48Z</time>
			</trkpt>
			<trkpt lat="48.10383089353116" lon="-122.77276630074066">
				<ele>1.012599055979301</ele>
				<time>2026-09-22T00:35:51Z</time>
			</trkpt>
			<trkpt lat="48.10384367610573" lon="-122.7727916008596">
				<ele>1.0488834111553942</ele>
				<time>2026-09-22T00:35:54Z</time>
			</trkpt>
			<trkpt lat="48.10385456892058" lon="-122.77281613991443">
				<ele>1.096839335943617</ele>
				<time>2026-09-22T00:35:57Z</time>
			</trkpt>
			<trkpt lat="48.10386552222437" lon="-122.77284580711596">
				<ele>1.0925227360530734</ele>
				<time>2026-09-22T00:36:01Z</time>
			</trkpt>
			<trkpt lat="48.10387686929458" lon="-122.77287388751832">
				<ele>1.0660540468755677</ele>
				<time>2026-09-22T00:36:05Z</time>
			</trkpt>
			<trkpt lat="48.10389259330189" lon="-122.77289758125615">
				<ele>1.0584270993025982</ele>
				<time>2026-09-22T00:36:09Z</time>
			</trkpt>
			<trkpt lat="48.103909212162385" lon="-122.77291359735538">
				<ele>1.0792083083960868</ele>
				<time>2026-09-22T00:36:12Z</time>
			</trkpt>
			<trkpt lat="48.10393128538206" lon="-122.77293202679431">
				<ele>1.1008202974989771</ele>
				<time>2026-09-22T00:36:15Z</time>
			</trkpt>
			<trkpt lat="48.10394666432696" lon="-122.77294660885833">
				<ele>1.0981490636442288</ele>
				<time>2026-09-22T00:36:17Z</time>
			</trkpt>
			<trkpt lat="48.10396369800194" lon="-122.7729634289271">
				<ele>1.1080032998238032</ele>
				<time>2026-09-22T00:36:19Z</time>
			</trkpt>
			<trkpt lat="48.10397962076345" lon="-122.7729816762028">
				<ele>1.0810218058556345</ele>
				<time>2026-09-22T00:36:21Z</time>
			</trkpt>
			<trkpt lat="48.10399470119295" lon="-122.7730015892025">
				<ele>1.1007620152424735</ele>
				<time>2026-09-22T00:36:23Z</time>
			</trkpt>
			<trkpt lat="48.1040131774078" lon="-122.7730204905657">
				<ele>1.1231616780928846</ele>
				<time>2026-09-22T00:36:26Z</time>
			</trkpt>
			<trkpt lat="48.10403266952647" lon="-122.77304347443594">
				<ele>1.1232003745513062</ele>
				<time>2026-09-22T00:36:28Z</time>
			</trkpt>
			<trkpt lat="48.10404945535157" lon="-122.77306277672503">
				<ele>1.087106668758608</ele>
				<time>2026-09-22T00:36:30Z</time>
			</trkpt>
			<trkpt lat="48.10406643556348" lon="-122.77308379498682">
				<ele>1.1173133395110852</ele>
				<time>2026-09-22T00:36:32Z</time>
			</trkpt>
			<trkpt lat="48.10408079162929" lon="-122.77310351291946">
				<ele>1.1292900850351586</ele>
				<time>2026-09-22T00:36:34Z</time>
			</trkpt>
			<trkpt lat="48.10408649167694" lon="-122.77312931570097">
				<ele>1.1650734489224739</ele>
				<time>2026-09-22T00:36:37Z</time>
			</trkpt>
			<trkpt lat="48.104066258430265" lon="-122.7731568066382">
				<ele>1.135714802102175</ele>
				<time>2026-09-22T00:36:41Z</time>
			</trkpt>
			<trkpt lat="48.1040452635531" lon="-122.77316885230073">
				<ele>1.2539628445035333</ele>
				<time>2026-09-22T00:36:43Z</time>
			</trkpt>
			<trkpt lat="48.1040255437952" lon="-122.77318303974542">
				<ele>1.1955375829598012</ele>
				<time>2026-09-22T00:36:45Z</time>
			</trkpt>
			<trkpt lat="48.10400199539499" lon="-122.77319549481427">
				<ele>1.2609595429429454</ele>
				<time>2026-09-22T00:36:47Z</time>
			</trkpt>
			<trkpt lat="48.10397390421577" lon="-122.77320944857841">
				<ele>1.2717882344420843</ele>
				<time>2026-09-22T00:36:49Z</time>
			</trkpt>
			<trkpt lat="48.10394596703584" lon="-122.77322499166509">
				<ele>1.220846155678231</ele>
				<time>2026-09-22T00:36:51Z</time>
			</trkpt>
			<trkpt lat="48.10391283258465" lon="-122.77323568262955">
				<ele>1.3302639723441452</ele>
				<time>2026-09-22T00:36:53Z</time>
			</trkpt>
			<trkpt lat="48.10389496682027" lon="-122.77324179541085">
				<ele>1.3091473174220418</ele>
				<time>2026-09-22T00:36:54Z</time>
			</trkpt>
			<trkpt lat="48.10386253686911" lon="-122.77325345192864">
				<ele>1.2801919024519073</ele>
				<time>2026-09-22T00:36:56Z</time>
			</trkpt>
			<trkpt lat="48.10383054360661" lon="-122.7732657434024">
				<ele>1.3071314472658777</ele>
				<time>2026-09-22T00:36:58Z</time>
			</trkpt>
			<trkpt lat="48.10379815536378" lon="-122.77327678393308">
				<ele>1.2631899881715576</ele>
				<time>2026-09-22T00:37:00Z</time>
			</trkpt>
			<trkpt lat="48.10376508328667" lon="-122.77328853596119">
				<ele>1.2720254690420738</ele>
				<time>2026-09-22T00:37:02Z</time>
			</trkpt>
			<trkpt lat="48.10373280170198" lon="-122.7733024211841">
				<ele>1.2612082359762304</ele>
				<time>2026-09-22T00:37:04Z</time>
			</trkpt>
			<trkpt lat="48.10369935204076" lon="-122.77331611905912">
				<ele>1.2338336069913929</ele>
				<time>2026-09-22T00:37:06Z</time>
			</trkpt>
			<trkpt lat="48.10366567351367" lon="-122.77332997656528">
				<ele>1.2601220922339174</ele>
				<time>2026-09-22T00:37:08Z</time>
			</trkpt>
			<trkpt lat="48.10363979406457" lon="-122.77334014253465">
				<ele>1.2409616385396802</ele>
				<time>2026-09-22T00:37:10Z</time>
			</trkpt>
			<trkpt lat="48.103606942806636" lon="-122.7733512212211">
				<ele>1.2406439014679371</ele>
				<time>2026-09-22T00:37:12Z</time>
			</trkpt>
			<trkpt lat="48.10345944633809" lon="-122.773420145189">
				<ele>1.2516926069031982</ele>
				<time>2026-09-22T00:37:21Z</time>
			</trkpt>
			<trkpt lat="48.10344107877764" lon="-122.77342798119945">
				<ele>1.2410972556385396</ele>
				<time>2026-09-22T00:37:22Z</time>
			</trkpt>
			<trkpt lat="48.10342341344378" lon="-122.7734356916905">
				<ele>1.1755476630997528</ele>
				<time>2026-09-22T00:37:23Z</time>
			</trkpt>
			<trkpt lat="48.10340617281386" lon="-122.77344387183665">
				<ele>1.2430533787913838</ele>
				<time>2026-09-22T00:37:24Z</time>
			</trkpt>
			<trkpt lat="48.10338891416658" lon="-122.77345211838046">
				<ele>1.2911058502326718</ele>
				<time>2026-09-22T00:37:25Z</time>
			</trkpt>
			<trkpt lat="48.103370521501475" lon="-122.77345945913828">
				<ele>1.2812186855778087</ele>
				<time>2026-09-22T00:37:26Z</time>
			</trkpt>
			<trkpt lat="48.103352211762875" lon="-122.77346401283475">
				<ele>1.3117710388694874</ele>
				<time>2026-09-22T00:37:27Z</time>
			</trkpt>
			<trkpt lat="48.10331704464387" lon="-122.77347111931307">
				<ele>1.31050657573849</ele>
				<time>2026-09-22T00:37:29Z</time>
			</trkpt>
			<trkpt lat="48.10328186077488" lon="-122.77347746512996">
				<ele>1.3287805035188036</ele>
				<time>2026-09-22T00:37:31Z</time>
			</trkpt>
			<trkpt lat="48.1032514539834" lon="-122.77348234416138">
				<ele>1.2417475819669441</ele>
				<time>2026-09-22T00:37:33Z</time>
			</trkpt>
			<trkpt lat="48.1032216608545" lon="-122.77348564121948">
				<ele>1.3071664884343797</ele>
				<time>2026-09-22T00:37:35Z</time>
			</trkpt>
			<trkpt lat="48.103193545782204" lon="-122.7734909579287">
				<ele>1.2072312128935572</ele>
				<time>2026-09-22T00:37:37Z</time>
			</trkpt>
			<trkpt lat="48.10316998283663" lon="-122.77349089388079">
				<ele>1.1977185364847749</ele>
				<time>2026-09-22T00:37:39Z</time>
			</trkpt>
			<trkpt lat="48.10314582121097" lon="-122.77349715595574">
				<ele>1.18427940291539</ele>
				<time>2026-09-22T00:37:41Z</time>
			</trkpt>
			<trkpt lat="48.103125913561954" lon="-122.77351373835678">
				<ele>1.1193403251121055</ele>
				<time>2026-09-22T00:37:43Z</time>
			</trkpt>
			<trkpt lat="48.1031096146836" lon="-122.77353705548745">
				<ele>1.1707966660616016</ele>
				<time>2026-09-22T00:37:45Z</time>
			</trkpt>
			<trkpt lat="48.10309686885202" lon="-122.77356515803869">
				<ele>1.0991261346494916</ele>
				<time>2026-09-22T00:37:47Z</time>
			</trkpt>
			<trkpt lat="48.10308625229277" lon="-122.77359217942913">
				<ele>1.1436897695370938</ele>
				<time>2026-09-22T00:37:49Z</time>
			</trkpt>
			<trkpt lat="48.10307152400106" lon="-122.77361715497227">
				<ele>1.1267534645984334</ele>
				<time>2026-09-22T00:37:51Z</time>
			</trkpt>
			<trkpt lat="48.10305140714767" lon="-122.7736428994961">
				<ele>1.1486922212573134</ele>
				<time>2026-09-22T00:37:53Z</time>
			</trkpt>
			<trkpt lat="48.103029260574445" lon="-122.77366704670207">
				<ele>1.1270269041462697</ele>
				<time>2026-09-22T00:37:55Z</time>
			</trkpt>
			<trkpt lat="48.10301024990012" lon="-122.77368498712467">
				<ele>1.1430657075292991</ele>
				<time>2026-09-22T00:37:57Z</time>
			</trkpt>
			<trkpt lat="48.10298848438031" lon="-122.77370849917946">
				<ele>1.094377829780722</ele>
				<time>2026-09-22T00:37:59Z</time>
			</trkpt>
			<trkpt lat="48.10297526010616" lon="-122.77372812814939">
				<ele>1.0303781768796405</ele>
				<time>2026-09-22T00:38:00Z</time>
			</trkpt>
			<trkpt lat="48.10295665259711" lon="-122.77375875991748">
				<ele>1.0438779810274816</ele>
				<time>2026-09-22T00:38:02Z</time>
			</trkpt>
			<trkpt lat="48.10293353770439" lon="-122.77379316451479">
				<ele>1.0296038951239979</ele>
				<time>2026-09-22T00:38:04Z</time>
			</trkpt>
			<trkpt lat="48.10291056704886" lon="-122.77383277595608">
				<ele>1.0752995248036683</ele>
				<time>2026-09-22T00:38:06Z</time>
			</trkpt>
			<trkpt lat="48.102889954084084" lon="-122.77387655200022">
				<ele>1.0494328149670729</ele>
				<time>2026-09-22T00:38:08Z</time>
			</trkpt>
			<trkpt lat="48.10287738266605" lon="-122.7738966278951">
				<ele>1.031395764294512</ele>
				<time>2026-09-22T00:38:09Z</time>
			</trkpt>
			<trkpt lat="48.10286432752406" lon="-122.77391631860024">
				<ele>1.0497555434720205</ele>
				<time>2026-09-22T00:38:10Z</time>
			</trkpt>
			<trkpt lat="48.10285077072493" lon="-122.77393575207306">
				<ele>1.0502340904343015</ele>
				<time>2026-09-22T00:38:11Z</time>
			</trkpt>
			<trkpt lat="48.10283728951637" lon="-122.77395510537299">
				<ele>1.04320277348803</ele>
				<time>2026-09-22T00:38:12Z</time>
			</trkpt>
			<trkpt lat="48.102823973069746" lon="-122.77397450387768">
				<ele>1.0353629602358438</ele>
				<time>2026-09-22T00:38:13Z</time>
			</trkpt>
			<trkpt lat="48.10281046193065" lon="-122.77399477937183">
				<ele>1.0687038306490422</ele>
				<time>2026-09-22T00:38:14Z</time>
			</trkpt>
			<trkpt lat="48.10279668328808" lon="-122.77401396365313">
				<ele>1.1222818839656377</ele>
				<time>2026-09-22T00:38:15Z</time>
			</trkpt>
			<trkpt lat="48.102768014658935" lon="-122.77403785049745">
				<ele>1.0439977864869157</ele>
				<time>2026-09-22T00:38:17Z</time>
			</trkpt>
			<trkpt lat="48.10273741366453" lon="-122.77403762249533">
				<ele>1.0815619222131048</ele>
				<time>2026-09-22T00:38:19Z</time>
			</trkpt>
			<trkpt lat="48.10270580048399" lon="-122.77401963308563">
				<ele>1.1511366212215677</ele>
				<time>2026-09-22T00:38:21Z</time>
			</trkpt>
			<trkpt lat="48.10268226657554" lon="-122.77399407554158">
				<ele>1.1676311429290287</ele>
				<time>2026-09-22T00:38:23Z</time>
			</trkpt>
			<trkpt lat="48.10266843776411" lon="-122.7739562090227">
				<ele>1.2111184299408286</ele>
				<time>2026-09-22T00:38:25Z</time>
			</trkpt>
			<trkpt lat="48.10266057856004" lon="-122.77391825462038">
				<ele>1.2145419699300817</ele>
				<time>2026-09-22T00:38:27Z</time>
			</trkpt>
			<trkpt lat="48.102653122903" lon="-122.7738822411043">
				<ele>1.2203143108342687</ele>
				<time>2026-09-22T00:38:29Z</time>
			</trkpt>
			<trkpt lat="48.10264731339864" lon="-122.77384998508674">
				<ele>1.1846100093285337</ele>
				<time>2026-09-22T00:38:31Z</time>
			</trkpt>
			<trkpt lat="48.10264167280729" lon="-122.77381676656992">
				<ele>1.1779461663668762</ele>
				<time>2026-09-22T00:38:33Z</time>
			</trkpt>
			<trkpt lat="48.102635195093285" lon="-122.77378232431576">
				<ele>1.1804082068444366</ele>
				<time>2026-09-22T00:38:35Z</time>
			</trkpt>
			<trkpt lat="48.10263000745547" lon="-122.77374879034527">
				<ele>1.1007463533921928</ele>
				<time>2026-09-22T00:38:37Z</time>
			</trkpt>
			<trkpt lat="48.10262653885806" lon="-122.77371735751638">
				<ele>1.0448252498964443</ele>
				<time>2026-09-22T00:38:39Z</time>
			</trkpt>
			<trkpt lat="48.10262282288121" lon="-122.77368615398412">
				<ele>1.043469391465699</ele>
				<time>2026-09-22T00:38:41Z</time>
			</trkpt>
			<trkpt lat="48.1026189963925" lon="-122.773655437533">
				<ele>1.0673863238785763</ele>
				<time>2026-09-22T00:38:43Z</time>
			</trkpt>
			<trkpt lat="48.10261702482066" lon="-122.77362491365469">
				<ele>1.0772195597985572</ele>
				<time>2026-09-22T00:38:45Z</time>
			</trkpt>
			<trkpt lat="48.10261696584457" lon="-122.77359477501082">
				<ele>1.0830203200078827</ele>
				<time>2026-09-22T00:38:47Z</time>
			</trkpt>
			<trkpt lat="48.102617052050405" lon="-122.77356653432194">
				<ele>1.0623684426043631</ele>
				<time>2026-09-22T00:38:49Z</time>
			</trkpt>
			<trkpt lat="48.102618701384515" lon="-122.77353957361854">
				<ele>1.0592157666846056</ele>
				<time>2026-09-22T00:38:51Z</time>
			</trkpt>
			<trkpt lat="48.1026145835713" lon="-122.77350119748615">
				<ele>0.8540056234225482</ele>
				<time>2026-09-22T00:38:54Z</time>
			</trkpt>
			<trkpt lat="48.10261282164686" lon="-122.7734724454152">
				<ele>0.894217071209642</ele>
				<time>2026-09-22T00:38:56Z</time>
			</trkpt>
			<trkpt lat="48.10261326277206" lon="-122.77344009180169">
				<ele>1.0719488027634725</ele>
				<time>2026-09-22T00:38:58Z</time>
			</trkpt>
			<trkpt lat="48.10261463522577" lon="-122.77340972414306">
				<ele>1.0627753246861644</ele>
				<time>2026-09-22T00:39:00Z</time>
			</trkpt>
			<trkpt lat="48.1026150247129" lon="-122.77337969074091">
				<ele>1.0037295815981047</ele>
				<time>2026-09-22T00:39:02Z</time>
			</trkpt>
			<trkpt lat="48.102615672032364" lon="-122.77334887183659">
				<ele>0.9943284320122387</ele>
				<time>2026-09-22T00:39:04Z</time>
			</trkpt>
			<trkpt lat="48.10261587239966" lon="-122.77331494126813">
				<ele>1.0120472937099372</ele>
				<time>2026-09-22T00:39:06Z</time>
			</trkpt>
			<trkpt lat="48.10261580879956" lon="-122.77328003301122">
				<ele>1.010428435591276</ele>
				<time>2026-09-22T00:39:08Z</time>
			</trkpt>
			<trkpt lat="48.10261608735494" lon="-122.77324569861045">
				<ele>1.0510789220071217</ele>
				<time>2026-09-22T00:39:10Z</time>
			</trkpt>
			<trkpt lat="48.1026163251873" lon="-122.77321134739212">
				<ele>1.0403316502195672</ele>
				<time>2026-09-22T00:39:12Z</time>
			</trkpt>
			<trkpt lat="48.102615429376485" lon="-122.7731749762637">
				<ele>1.0245409994981785</ele>
				<time>2026-09-22T00:39:14Z</time>
			</trkpt>
			<trkpt lat="48.10261575463733" lon="-122.77313893003452">
				<ele>1.0443331026751679</ele>
				<time>2026-09-22T00:39:16Z</time>
			</trkpt>
			<trkpt lat="48.10261672926664" lon="-122.7731044939513">
				<ele>1.0123567101762099</ele>
				<time>2026-09-22T00:39:18Z</time>
			</trkpt>
			<trkpt lat="48.10261928730383" lon="-122.77307134117449">
				<ele>1.0283192924721298</ele>
				<time>2026-09-22T00:39:20Z</time>
			</trkpt>
			<trkpt lat="48.102622722992045" lon="-122.77303859007291">
				<ele>1.0577400708769424</ele>
				<time>2026-09-22T00:39:22Z</time>
			</trkpt>
			<trkpt lat="48.10262265873506" lon="-122.7730058587445">
				<ele>1.0254617578603273</ele>
				<time>2026-09-22T00:39:24Z</time>
			</trkpt>
			<trkpt lat="48.10262086826198" lon="-122.7729741044099">
				<ele>1.014593281394049</ele>
				<time>2026-09-22T00:39:26Z</time>
			</trkpt>
			<trkpt lat="48.10261869619324" lon="-122.77294279096839">
				<ele>1.0102361060462712</ele>
				<time>2026-09-22T00:39:28Z</time>
			</trkpt>
			<trkpt lat="48.10261710187421" lon="-122.77291226532893">
				<ele>0.9862357126503731</ele>
				<time>2026-09-22T00:39:30Z</time>
			</trkpt>
			<trkpt lat="48.10261733791893" lon="-122.77288260118026">
				<ele>1.012069438619509</ele>
				<time>2026-09-22T00:39:32Z</time>
			</trkpt>
			<trkpt lat="48.102618325657254" lon="-122.77285285378419">
				<ele>0.9832207343960029</ele>
				<time>2026-09-22T00:39:34Z</time>
			</trkpt>
			<trkpt lat="48.10262009141472" lon="-122.77282456286885">
				<ele>1.0084428481765357</ele>
				<time>2026-09-22T00:39:36Z</time>
			</trkpt>
			<trkpt lat="48.102622788531626" lon="-122.77279623402904">
				<ele>1.0305848467013163</ele>
				<time>2026-09-22T00:39:38Z</time>
			</trkpt>
			<trkpt lat="48.10262621843283" lon="-122.77276765768468">
				<ele>0.9824371543402677</ele>
				<time>2026-09-22T00:39:40Z</time>
			</trkpt>
			<trkpt lat="48.10262806817099" lon="-122.7727394557491">
				<ele>1.0079142201869793</ele>
				<time>2026-09-22T00:39:42Z</time>
			</trkpt>
			<trkpt lat="48.10263075308069" lon="-122.77271192272447">
				<ele>1.0513090672212613</ele>
				<time>2026-09-22T00:39:44Z</time>
			</trkpt>
			<trkpt lat="48.10263327895138" lon="-122.7726850096105">
				<ele>1.00122095522293</ele>
				<time>2026-09-22T00:39:46Z</time>
			</trkpt>
			<trkpt lat="48.10263703286902" lon="-122.77265766793403">
				<ele>1.0260341014345364</ele>
				<time>2026-09-22T00:39:48Z</time>
			</trkpt>
			<trkpt lat="48.102641862114474" lon="-122.77263040150771">
				<ele>0.9504330779985537</ele>
				<time>2026-09-22T00:39:50Z</time>
			</trkpt>
			<trkpt lat="48.10264573243145" lon="-122.77260405336942">
				<ele>0.9610520309240513</ele>
				<time>2026-09-22T00:39:52Z</time>
			</trkpt>
			<trkpt lat="48.10265168408174" lon="-122.77256853727627">
				<ele>0.9906147751412853</ele>
				<time>2026-09-22T00:39:55Z</time>
			</trkpt>
			<trkpt lat="48.10265649234607" lon="-122.77254046011907">
				<ele>0.954006993328882</ele>
				<time>2026-09-22T00:39:57Z</time>
			</trkpt>
			<trkpt lat="48.102661797755715" lon="-122.77250208736044">
				<ele>0.9616725608535468</ele>
				<time>2026-09-22T00:40:00Z</time>
			</trkpt>
			<trkpt lat="48.102664589865526" lon="-122.7724647593904">
				<ele>0.9765922756275742</ele>
				<time>2026-09-22T00:40:03Z</time>
			</trkpt>
			<trkpt lat="48.102665592566076" lon="-122.77243427503839">
				<ele>0.9996285948654524</ele>
				<time>2026-09-22T00:40:05Z</time>
			</trkpt>
			<trkpt lat="48.10266555516689" lon="-122.77240410775143">
				<ele>1.0238305180563607</ele>
				<time>2026-09-22T00:40:07Z</time>
			</trkpt>
			<trkpt lat="48.102665726263155" lon="-122.77236913943017">
				<ele>1.0540426732310628</ele>
				<time>2026-09-22T00:40:09Z</time>
			</trkpt>
			<trkpt lat="48.102664671181145" lon="-122.77233498970847">
				<ele>1.0906489423441244</ele>
				<time>2026-09-22T00:40:11Z</time>
			</trkpt>
			<trkpt lat="48.102664273464775" lon="-122.77230059356705">
				<ele>1.065503153719483</ele>
				<time>2026-09-22T00:40:13Z</time>
			</trkpt>
			<trkpt lat="48.10266253643305" lon="-122.77226888868714">
				<ele>1.1089280621689461</ele>
				<time>2026-09-22T00:40:15Z</time>
			</trkpt>
			<trkpt lat="48.10266236498358" lon="-122.77223782928498">
				<ele>1.121532026988664</ele>
				<time>2026-09-22T00:40:17Z</time>
			</trkpt>
			<trkpt lat="48.10266189278802" lon="-122.77220635508777">
				<ele>1.0793251977131177</ele>
				<time>2026-09-22T00:40:19Z</time>
			</trkpt>
			<trkpt lat="48.102660331028915" lon="-122.77217638345158">
				<ele>1.114407559396387</ele>
				<time>2026-09-22T00:40:21Z</time>
			</trkpt>
			<trkpt lat="48.10265876656473" lon="-122.77214527337938">
				<ele>1.1328881158656827</ele>
				<time>2026-09-22T00:40:23Z</time>
			</trkpt>
			<trkpt lat="48.10265832757945" lon="-122.77211658471047">
				<ele>1.1585002051840014</ele>
				<time>2026-09-22T00:40:25Z</time>
			</trkpt>
			<trkpt lat="48.10265734671231" lon="-122.7720839037474">
				<ele>1.218222904405259</ele>
				<time>2026-09-22T00:40:27Z</time>
			</trkpt>
			<trkpt lat="48.102656845711294" lon="-122.77204983647856">
				<ele>1.19027574718314</ele>
				<time>2026-09-22T00:40:29Z</time>
			</trkpt>
			<trkpt lat="48.102656775377625" lon="-122.77201606611806">
				<ele>1.1743997684120053</ele>
				<time>2026-09-22T00:40:31Z</time>
			</trkpt>
			<trkpt lat="48.102657860912295" lon="-122.77198094250852">
				<ele>1.1344966895200912</ele>
				<time>2026-09-22T00:40:33Z</time>
			</trkpt>
			<trkpt lat="48.102660083017014" lon="-122.77194778378835">
				<ele>1.1083647398079783</ele>
				<time>2026-09-22T00:40:35Z</time>
			</trkpt>
			<trkpt lat="48.10266113086401" lon="-122.77191514965061">
				<ele>1.1272521756037648</ele>
				<time>2026-09-22T00:40:37Z</time>
			</trkpt>
			<trkpt lat="48.10266338776488" lon="-122.77188137295943">
				<ele>1.089220838726252</ele>
				<time>2026-09-22T00:40:39Z</time>
			</trkpt>
			<trkpt lat="48.102666364015164" lon="-122.77184941421339">
				<ele>1.0985312082860972</ele>
				<time>2026-09-22T00:40:41Z</time>
			</trkpt>
			<trkpt lat="48.10267215348736" lon="-122.77181600191301">
				<ele>1.1018531866184702</ele>
				<time>2026-09-22T00:40:43Z</time>
			</trkpt>
			<trkpt lat="48.10267600510889" lon="-122.77178304892962">
				<ele>1.1370613065420194</ele>
				<time>2026-09-22T00:40:45Z</time>
			</trkpt>
			<trkpt lat="48.10267924151816" lon="-122.77174793301623">
				<ele>1.1302533146992317</ele>
				<time>2026-09-22T00:40:47Z</time>
			</trkpt>
			<trkpt lat="48.1026823993767" lon="-122.77171373019411">
				<ele>1.1175180935884583</ele>
				<time>2026-09-22T00:40:49Z</time>
			</trkpt>
			<trkpt lat="48.102684321141915" lon="-122.77167987747183">
				<ele>1.1143933210442647</ele>
				<time>2026-09-22T00:40:51Z</time>
			</trkpt>
			<trkpt lat="48.10268566580186" lon="-122.77164638240937">
				<ele>1.098818091104686</ele>
				<time>2026-09-22T00:40:53Z</time>
			</trkpt>
			<trkpt lat="48.102687019391446" lon="-122.77161594378428">
				<ele>1.0556342035891895</ele>
				<time>2026-09-22T00:40:55Z</time>
			</trkpt>
			<trkpt lat="48.102690475879356" lon="-122.77158373140425">
				<ele>1.0737112941545952</ele>
				<time>2026-09-22T00:40:57Z</time>
			</trkpt>
			<trkpt lat="48.10269565818297" lon="-122.77155259413385">
				<ele>1.080621947458365</ele>
				<time>2026-09-22T00:40:59Z</time>
			</trkpt>
			<trkpt lat="48.10270167524365" lon="-122.77152261155322">
				<ele>1.00395523406441</ele>
				<time>2026-09-22T00:41:01Z</time>
			</trkpt>
			<trkpt lat="48.10270955527378" lon="-122.77148938981932">
				<ele>1.0326705676019152</ele>
				<time>2026-09-22T00:41:03Z</time>
			</trkpt>
			<trkpt lat="48.10271917138959" lon="-122.77145725253628">
				<ele>0.8944169573032212</ele>
				<time>2026-09-22T00:41:05Z</time>
			</trkpt>
			<trkpt lat="48.10271431459243" lon="-122.77142692982723">
				<ele>0.9349652406930069</ele>
				<time>2026-09-22T00:41:07Z</time>
			</trkpt>
			<trkpt lat="48.10269690156425" lon="-122.77140625229534">
				<ele>0.9199687495812228</ele>
				<time>2026-09-22T00:41:09Z</time>
			</trkpt>
			<trkpt lat="48.102677019406855" lon="-122.77140823516787">
				<ele>1.0291303643071146</ele>
				<time>2026-09-22T00:41:11Z</time>
			</trkpt>
			<trkpt lat="48.102662023996714" lon="-122.77142434753954">
				<ele>1.1351600176849495</ele>
				<time>2026-09-22T00:41:14Z</time>
			</trkpt>
			<trkpt lat="48.10265210707786" lon="-122.7714485087823">
				<ele>1.0983616952442397</ele>
				<time>2026-09-22T00:41:18Z</time>
			</trkpt>
			<trkpt lat="48.10264341199507" lon="-122.77147775644352">
				<ele>1.1030424450148928</ele>
				<time>2026-09-22T00:41:22Z</time>
			</trkpt>
			<trkpt lat="48.10263099732441" lon="-122.77149869602319">
				<ele>1.1879642995237951</ele>
				<time>2026-09-22T00:41:25Z</time>
			</trkpt>
			<trkpt lat="48.1026093313793" lon="-122.77152263460809">
				<ele>1.1345756931814215</ele>
				<time>2026-09-22T00:41:28Z</time>
			</trkpt>
			<trkpt lat="48.102587033534945" lon="-122.77154096878157">
				<ele>1.1373711066300558</ele>
				<time>2026-09-22T00:41:30Z</time>
			</trkpt>
			<trkpt lat="48.10256257533539" lon="-122.77154582950214">
				<ele>1.1168977014879182</ele>
				<time>2026-09-22T00:41:32Z</time>
			</trkpt>
			<trkpt lat="48.102537075752295" lon="-122.77154018453302">
				<ele>0.9655827005783593</ele>
				<time>2026-09-22T00:41:34Z</time>
			</trkpt>
			<trkpt lat="48.10251990107756" lon="-122.77151785203014">
				<ele>0.9311903179572418</ele>
				<time>2026-09-22T00:41:36Z</time>
			</trkpt>
			<trkpt lat="48.10252034076594" lon="-122.77148323441462">
				<ele>0.9671177918752001</ele>
				<time>2026-09-22T00:41:38Z</time>
			</trkpt>
			<trkpt lat="48.10253088406647" lon="-122.77145306071955">
				<ele>1.0305211851078084</ele>
				<time>2026-09-22T00:41:40Z</time>
			</trkpt>
			<trkpt lat="48.102546575497996" lon="-122.77141491735064">
				<ele>0.9779048031335087</ele>
				<time>2026-09-22T00:41:42Z</time>
			</trkpt>
			<trkpt lat="48.10255955463974" lon="-122.77138608274097">
				<ele>0.9139794123224547</ele>
				<time>2026-09-22T00:41:44Z</time>
			</trkpt>
			<trkpt lat="48.10257358951439" lon="-122.771355972228">
				<ele>1.0522389194938953</ele>
				<time>2026-09-22T00:41:46Z</time>
			</trkpt>
			<trkpt lat="48.10257791222285" lon="-122.77132001930818">
				<ele>1.2670760506235617</ele>
				<time>2026-09-22T00:41:49Z</time>
			</trkpt>
			<trkpt lat="48.10257656897592" lon="-122.77128260782125">
				<ele>1.2353847139282088</ele>
				<time>2026-09-22T00:41:52Z</time>
			</trkpt>
			<trkpt lat="48.102576933761085" lon="-122.77125067523617">
				<ele>1.181249057688369</ele>
				<time>2026-09-22T00:41:54Z</time>
			</trkpt>
			<trkpt lat="48.102589229412416" lon="-122.77121621853385">
				<ele>0.7904303025547392</ele>
				<time>2026-09-22T00:41:57Z</time>
			</trkpt>
			<trkpt lat="48.10260913620895" lon="-122.7712044085647">
				<ele>1.1785124926182888</ele>
				<time>2026-09-22T00:41:59Z</time>
			</trkpt>
			<trkpt lat="48.102628128137056" lon="-122.771197627322">
				<ele>1.1835209064676562</ele>
				<time>2026-09-22T00:42:01Z</time>
			</trkpt>
			<trkpt lat="48.102644858374106" lon="-122.7711834739286">
				<ele>1.3309403761426424</ele>
				<time>2026-09-22T00:42:03Z</time>
			</trkpt>
			<trkpt lat="48.10267103716976" lon="-122.77117006040785">
				<ele>1.407345814669796</ele>
				<time>2026-09-22T00:42:05Z</time>
			</trkpt>
			<trkpt lat="48.10269633656677" lon="-122.77115514419772">
				<ele>1.4116031829821445</ele>
				<time>2026-09-22T00:42:07Z</time>
			</trkpt>
			<trkpt lat="48.10272309890563" lon="-122.77113176104008">
				<ele>1.3442515288069004</ele>
				<time>2026-09-22T00:42:09Z</time>
			</trkpt>
			<trkpt lat="48.10274663178275" lon="-122.7711128730853">
				<ele>1.3321519968763695</ele>
				<time>2026-09-22T00:42:11Z</time>
			</trkpt>
			<trkpt lat="48.102775228605246" lon="-122.77109041067109">
				<ele>1.3155172461842284</ele>
				<time>2026-09-22T00:42:13Z</time>
			</trkpt>
			<trkpt lat="48.10279265123141" lon="-122.77107527697841">
				<ele>1.3028162863777162</ele>
				<time>2026-09-22T00:42:14Z</time>
			</trkpt>
			<trkpt lat="48.10282416839642" lon="-122.77105232968825">
				<ele>1.266860556708707</ele>
				<time>2026-09-22T00:42:16Z</time>
			</trkpt>
			<trkpt lat="48.102842170607474" lon="-122.77104683218892">
				<ele>1.2644388652124192</ele>
				<time>2026-09-22T00:42:17Z</time>
			</trkpt>
			<trkpt lat="48.10286057875679" lon="-122.77104454595411">
				<ele>1.2508489563118523</ele>
				<time>2026-09-22T00:42:18Z</time>
			</trkpt>
			<trkpt lat="48.10289531321222" lon="-122.77104971811177">
				<ele>1.216183238783021</ele>
				<time>2026-09-22T00:42:20Z</time>
			</trkpt>
			<trkpt lat="48.102914445380975" lon="-122.77105505162658">
				<ele>1.2273747922438645</ele>
				<time>2026-09-22T00:42:21Z</time>
			</trkpt>
			<trkpt lat="48.10293268345911" lon="-122.7710605287333">
				<ele>1.181791161245119</ele>
				<time>2026-09-22T00:42:22Z</time>
			</trkpt>
			<trkpt lat="48.10296789146077" lon="-122.77107718492645">
				<ele>1.212675869880254</ele>
				<time>2026-09-22T00:42:24Z</time>
			</trkpt>
			<trkpt lat="48.103002464351405" lon="-122.77108786969833">
				<ele>1.248358047522892</ele>
				<time>2026-09-22T00:42:26Z</time>
			</trkpt>
			<trkpt lat="48.103023249920355" lon="-122.77108625976128">
				<ele>1.180305434565799</ele>
				<time>2026-09-22T00:42:27Z</time>
			</trkpt>
			<trkpt lat="48.103043314823665" lon="-122.77108637874552">
				<ele>1.1764991707676664</ele>
				<time>2026-09-22T00:42:28Z</time>
			</trkpt>
			<trkpt lat="48.10306148876102" lon="-122.77108845474655">
				<ele>1.1809283539708773</ele>
				<time>2026-09-22T00:42:29Z</time>
			</trkpt>
			<trkpt lat="48.10308024697857" lon="-122.77108628897426">
				<ele>1.1950635601591841</ele>
				<time>2026-09-22T00:42:30Z</time>
			</trkpt>
			<trkpt lat="48.10311605578645" lon="-122.77107991953923">
				<ele>1.1651886087459964</ele>
				<time>2026-09-22T00:42:32Z</time>
			</trkpt>
			<trkpt lat="48.10313546692572" lon="-122.7710787925331">
				<ele>1.166704128526348</ele>
				<time>2026-09-22T00:42:33Z</time>
			</trkpt>
			<trkpt lat="48.103153548847686" lon="-122.7710783900522">
				<ele>1.1146242523358758</ele>
				<time>2026-09-22T00:42:34Z</time>
			</trkpt>
			<trkpt lat="48.10317334007291" lon="-122.77107828205267">
				<ele>1.0959342306354607</ele>
				<time>2026-09-22T00:42:35Z</time>
			</trkpt>
			<trkpt lat="48.10319246598542" lon="-122.77108175109392">
				<ele>1.139589031673367</ele>
				<time>2026-09-22T00:42:36Z</time>
			</trkpt>
			<trkpt lat="48.103226028483476" lon="-122.77110096976622">
				<ele>1.323078924839976</ele>
				<time>2026-09-22T00:42:38Z</time>
			</trkpt>
			<trkpt lat="48.103249859717046" lon="-122.77112395518533">
				<ele>1.2333792519058129</ele>
				<time>2026-09-22T00:42:40Z</time>
			</trkpt>
			<trkpt lat="48.10322956284177" lon="-122.77113874770323">
				<ele>1.4796762121294513</ele>
				<time>2026-09-22T00:42:43Z</time>
			</trkpt>
			<trkpt lat="48.10321010628079" lon="-122.7711586128869">
				<ele>1.3937065654714225</ele>
				<time>2026-09-22T00:42:45Z</time>
			</trkpt>
			<trkpt lat="48.10317707056647" lon="-122.77115067589328">
				<ele>1.7172435526453071</ele>
				<time>2026-09-22T00:42:47Z</time>
			</trkpt>
			<trkpt lat="48.10315091665473" lon="-122.77112965219037">
				<ele>1.4899367149806473</ele>
				<time>2026-09-22T00:42:49Z</time>
			</trkpt>
			<trkpt lat="48.103125483322664" lon="-122.7710979002363">
				<ele>1.3555940431603375</ele>
				<time>2026-09-22T00:42:51Z</time>
			</trkpt>
			<trkpt lat="48.10310139219165" lon="-122.77106779075953">
				<ele>1.3668994863495278</ele>
				<time>2026-09-22T00:42:53Z</time>
			</trkpt>
			<trkpt lat="48.10308055526369" lon="-122.77103749806221">
				<ele>1.3799103121431138</ele>
				<time>2026-09-22T00:42:55Z</time>
			</trkpt>
			<trkpt lat="48.103059798194785" lon="-122.7710104251927">
				<ele>1.3302620319740086</ele>
				<time>2026-09-22T00:42:57Z</time>
			</trkpt>
			<trkpt lat="48.10304158629996" lon="-122.77098225761222">
				<ele>1.2906161079411582</ele>
				<time>2026-09-22T00:42:59Z</time>
			</trkpt>
			<trkpt lat="48.10302279355551" lon="-122.77095670269419">
				<ele>1.3024489487788493</ele>
				<time>2026-09-22T00:43:01Z</time>
			</trkpt>
			<trkpt lat="48.10300132556283" lon="-122.77093955954295">
				<ele>1.4615821539265106</ele>
				<time>2026-09-22T00:43:03Z</time>
			</trkpt>
			<trkpt lat="48.10297883606688" lon="-122.77094687364898">
				<ele>1.7755693172360019</ele>
				<time>2026-09-22T00:43:05Z</time>
			</trkpt>
			<trkpt lat="48.10296231077249" lon="-122.7709651643125">
				<ele>1.6743867951482088</ele>
				<time>2026-09-22T00:43:07Z</time>
			</trkpt>
			<trkpt lat="48.10294830730402" lon="-122.7709925745024">
				<ele>1.5368002085784056</ele>
				<time>2026-09-22T00:43:09Z</time>
			</trkpt>
			<trkpt lat="48.10293526796304" lon="-122.77102492261211">
				<ele>1.3843680634346498</ele>
				<time>2026-09-22T00:43:11Z</time>
			</trkpt>
			<trkpt lat="48.10292348838904" lon="-122.77105564475443">
				<ele>1.4323851116559965</ele>
				<time>2026-09-22T00:43:13Z</time>
			</trkpt>
			<trkpt lat="48.10291406110558" lon="-122.7710916005865">
				<ele>1.5212524604311</ele>
				<time>2026-09-22T00:43:15Z</time>
			</trkpt>
			<trkpt lat="48.10290223103859" lon="-122.77113073378025">
				<ele>1.4247334890352796</ele>
				<time>2026-09-22T00:43:17Z</time>
			</trkpt>
			<trkpt lat="48.10289790774533" lon="-122.77117432171293">
				<ele>1.4349470999858553</ele>
				<time>2026-09-22T00:43:19Z</time>
			</trkpt>
			<trkpt lat="48.1028961236651" lon="-122.77121559536741">
				<ele>1.4077447779823054</ele>
				<time>2026-09-22T00:43:21Z</time>
			</trkpt>
			<trkpt lat="48.10289311956385" lon="-122.7712542495143">
				<ele>1.374252420792459</ele>
				<time>2026-09-22T00:43:23Z</time>
			</trkpt>
			<trkpt lat="48.10288907266168" lon="-122.77129130697853">
				<ele>1.3500292033493189</ele>
				<time>2026-09-22T00:43:25Z</time>
			</trkpt>
			<trkpt lat="48.102884881527665" lon="-122.77132953876497">
				<ele>1.275171455701404</ele>
				<time>2026-09-22T00:43:27Z</time>
			</trkpt>
			<trkpt lat="48.10288171862584" lon="-122.77136412511457">
				<ele>1.287097373671557</ele>
				<time>2026-09-22T00:43:29Z</time>
			</trkpt>
			<trkpt lat="48.10287823127336" lon="-122.77139956642142">
				<ele>1.2834596018342985</ele>
				<time>2026-09-22T00:43:31Z</time>
			</trkpt>
			<trkpt lat="48.10287349986423" lon="-122.77143211865432">
				<ele>1.2728945357322132</ele>
				<time>2026-09-22T00:43:33Z</time>
			</trkpt>
			<trkpt lat="48.10286532835788" lon="-122.77146320952363">
				<ele>1.2665856356463934</ele>
				<time>2026-09-22T00:43:35Z</time>
			</trkpt>
			<trkpt lat="48.102854496561946" lon="-122.7714882466292">
				<ele>1.2824907897717353</ele>
				<time>2026-09-22T00:43:37Z</time>
			</trkpt>
			<trkpt lat="48.1028429942917" lon="-122.77152082697712">
				<ele>1.331350398823833</ele>
				<time>2026-09-22T00:43:39Z</time>
			</trkpt>
			<trkpt lat="48.10283208284943" lon="-122.77155346221502">
				<ele>1.267550585403221</ele>
				<time>2026-09-22T00:43:41Z</time>
			</trkpt>
			<trkpt lat="48.102818273215206" lon="-122.77158855265681">
				<ele>1.3745295457130737</ele>
				<time>2026-09-22T00:43:43Z</time>
			</trkpt>
			<trkpt lat="48.102804875001375" lon="-122.7716272155757">
				<ele>1.3344182775664777</ele>
				<time>2026-09-22T00:43:45Z</time>
			</trkpt>
			<trkpt lat="48.10278937379304" lon="-122.77166506659472">
				<ele>1.3360891996376338</ele>
				<time>2026-09-22T00:43:47Z</time>
			</trkpt>
			<trkpt lat="48.10277626745363" lon="-122.77170012996314">
				<ele>1.2507836611245935</ele>
				<time>2026-09-22T00:43:49Z</time>
			</trkpt>
			<trkpt lat="48.10276240669459" lon="-122.77173573381799">
				<ele>1.248723658552155</ele>
				<time>2026-09-22T00:43:51Z</time>
			</trkpt>
			<trkpt lat="48.10274980410046" lon="-122.77177058769605">
				<ele>1.1860910824191926</ele>
				<time>2026-09-22T00:43:53Z</time>
			</trkpt>
			<trkpt lat="48.10273584939265" lon="-122.77180179490044">
				<ele>1.1995024359321462</ele>
				<time>2026-09-22T00:43:55Z</time>
			</trkpt>
			<trkpt lat="48.10272405864599" lon="-122.77183396953893">
				<ele>1.1890647214904249</ele>
				<time>2026-09-22T00:43:57Z</time>
			</trkpt>
			<trkpt lat="48.102713141778366" lon="-122.7718643062589">
				<ele>1.2229682375106172</ele>
				<time>2026-09-22T00:43:59Z</time>
			</trkpt>
			<trkpt lat="48.102701579617936" lon="-122.7718938728923">
				<ele>1.1922380613367523</ele>
				<time>2026-09-22T00:44:01Z</time>
			</trkpt>
			<trkpt lat="48.102689951679714" lon="-122.7719227488729">
				<ele>1.2231188825458652</ele>
				<time>2026-09-22T00:44:03Z</time>
			</trkpt>
			<trkpt lat="48.1026780533699" lon="-122.77195123362418">
				<ele>1.1819255382595344</ele>
				<time>2026-09-22T00:44:05Z</time>
			</trkpt>
			<trkpt lat="48.10266209608861" lon="-122.77197838310873">
				<ele>1.2002908921529958</ele>
				<time>2026-09-22T00:44:07Z</time>
			</trkpt>
			<trkpt lat="48.10264930107345" lon="-122.77201264301229">
				<ele>1.195560480191876</ele>
				<time>2026-09-22T00:44:09Z</time>
			</trkpt>
			<trkpt lat="48.10264113334369" lon="-122.77204767097204">
				<ele>1.134734273412704</ele>
				<time>2026-09-22T00:44:11Z</time>
			</trkpt>
			<trkpt lat="48.102633269512275" lon="-122.77207617719141">
				<ele>1.187016597578534</ele>
				<time>2026-09-22T00:44:13Z</time>
			</trkpt>
			<trkpt lat="48.102623051395476" lon="-122.77210234954447">
				<ele>1.2475534972613964</ele>
				<time>2026-09-22T00:44:15Z</time>
			</trkpt>
			<trkpt lat="48.102617631445014" lon="-122.77212934472247">
				<ele>1.274696489110731</ele>
				<time>2026-09-22T00:44:17Z</time>
			</trkpt>
			<trkpt lat="48.10260850079745" lon="-122.7721616789156">
				<ele>1.2896175400256986</ele>
				<time>2026-09-22T00:44:19Z</time>
			</trkpt>
			<trkpt lat="48.10260477595158" lon="-122.7721892348973">
				<ele>1.2202821534102029</ele>
				<time>2026-09-22T00:44:21Z</time>
			</trkpt>
			<trkpt lat="48.10260483109602" lon="-122.77222577057408">
				<ele>1.146297849904549</ele>
				<time>2026-09-22T00:44:24Z</time>
			</trkpt>
			<trkpt lat="48.10259318814709" lon="-122.7722561329711">
				<ele>1.5094944904832666</ele>
				<time>2026-09-22T00:44:27Z</time>
			</trkpt>
			<trkpt lat="48.1025767925113" lon="-122.77227804498598">
				<ele>1.5340559009659174</ele>
				<time>2026-09-22T00:44:29Z</time>
			</trkpt>
			<trkpt lat="48.102557632066635" lon="-122.77230452843435">
				<ele>1.5047712924580665</ele>
				<time>2026-09-22T00:44:31Z</time>
			</trkpt>
			<trkpt lat="48.10253572587562" lon="-122.77233037151292">
				<ele>1.5416033297654685</ele>
				<time>2026-09-22T00:44:33Z</time>
			</trkpt>
			<trkpt lat="48.10252758212375" lon="-122.77236428775478">
				<ele>1.584897100657333</ele>
				<time>2026-09-22T00:44:35Z</time>
			</trkpt>
			<trkpt lat="48.102537254617516" lon="-122.77239149323573">
				<ele>1.5062792519320993</ele>
				<time>2026-09-22T00:44:37Z</time>
			</trkpt>
			<trkpt lat="48.1025559822222" lon="-122.77240020366668">
				<ele>1.3730402961392016</ele>
				<time>2026-09-22T00:44:39Z</time>
			</trkpt>
			<trkpt lat="48.10258203984626" lon="-122.77240142011001">
				<ele>1.5688345870177045</ele>
				<time>2026-09-22T00:44:41Z</time>
			</trkpt>
			<trkpt lat="48.10260579317123" lon="-122.77240230329626">
				<ele>1.372780620664063</ele>
				<time>2026-09-22T00:44:44Z</time>
			</trkpt>
			<trkpt lat="48.10262994675081" lon="-122.77240186468927">
				<ele>1.3863234073012336</ele>
				<time>2026-09-22T00:44:47Z</time>
			</trkpt>
			<trkpt lat="48.10264916523505" lon="-122.77240630838713">
				<ele>1.3175839623951546</ele>
				<time>2026-09-22T00:44:49Z</time>
			</trkpt>
			<trkpt lat="48.102667630907696" lon="-122.77240353898013">
				<ele>1.4117258490616855</ele>
				<time>2026-09-22T00:44:51Z</time>
			</trkpt>
			<trkpt lat="48.10268765034081" lon="-122.77240080399486">
				<ele>1.4182087218616424</ele>
				<time>2026-09-22T00:44:53Z</time>
			</trkpt>
			<trkpt lat="48.102715441872604" lon="-122.77239395465709">
				<ele>1.3908845751202534</ele>
				<time>2026-09-22T00:44:56Z</time>
			</trkpt>
			<trkpt lat="48.10273578356565" lon="-122.77239025106724">
				<ele>1.3623825055126986</ele>
				<time>2026-09-22T00:44:58Z</time>
			</trkpt>
			<trkpt lat="48.102755218402116" lon="-122.77238487054937">
				<ele>1.3535461134864057</ele>
				<time>2026-09-22T00:45:00Z</time>
			</trkpt>
			<trkpt lat="48.10277474899142" lon="-122.77238154549433">
				<ele>1.522269988681007</ele>
				<time>2026-09-22T00:45:02Z</time>
			</trkpt>
			<trkpt lat="48.10279647029982" lon="-122.77237691414435">
				<ele>1.4022144093622337</ele>
				<time>2026-09-22T00:45:04Z</time>
			</trkpt>
			<trkpt lat="48.10281659768967" lon="-122.77238278620271">
				<ele>1.3467689620583982</ele>
				<time>2026-09-22T00:45:06Z</time>
			</trkpt>
			<trkpt lat="48.1028356148124" lon="-122.77239081104588">
				<ele>1.3658858323502692</ele>
				<time>2026-09-22T00:45:08Z</time>
			</trkpt>
			<trkpt lat="48.10285429458084" lon="-122.77239671853442">
				<ele>1.3408694572291395</ele>
				<time>2026-09-22T00:45:10Z</time>
			</trkpt>
			<trkpt lat="48.102872037272704" lon="-122.77240282187289">
				<ele>1.3363430652142583</ele>
				<time>2026-09-22T00:45:12Z</time>
			</trkpt>
			<trkpt lat="48.102891132635996" lon="-122.7724065300106">
				<ele>1.3386261074102457</ele>
				<time>2026-09-22T00:45:14Z</time>
			</trkpt>
			<trkpt lat="48.10290948490073" lon="-122.77240817476715">
				<ele>1.338316042229465</ele>
				<time>2026-09-22T00:45:16Z</time>
			</trkpt>
			<trkpt lat="48.102928551072715" lon="-122.77240891479263">
				<ele>1.287888589098948</ele>
				<time>2026-09-22T00:45:18Z</time>
			</trkpt>
			<trkpt lat="48.102954519963035" lon="-122.7724082725874">
				<ele>1.3130832848419516</ele>
				<time>2026-09-22T00:45:21Z</time>
			</trkpt>
			<trkpt lat="48.10298190802499" lon="-122.77240585398565">
				<ele>1.2716943838660981</ele>
				<time>2026-09-22T00:45:24Z</time>
			</trkpt>
			<trkpt lat="48.10300929334237" lon="-122.77240131031589">
				<ele>1.22468891209407</ele>
				<time>2026-09-22T00:45:27Z</time>
			</trkpt>
			<trkpt lat="48.103036148060276" lon="-122.7723932733432">
				<ele>1.2528184722078208</ele>
				<time>2026-09-22T00:45:30Z</time>
			</trkpt>
			<trkpt lat="48.10305842703615" lon="-122.77238832102213">
				<ele>1.3998013910746785</ele>
				<time>2026-09-22T00:45:32Z</time>
			</trkpt>
			<trkpt lat="48.103080084874634" lon="-122.77238861950168">
				<ele>1.4939728065793183</ele>
				<time>2026-09-22T00:45:34Z</time>
			</trkpt>
			<trkpt lat="48.103100561730805" lon="-122.77238729310417">
				<ele>1.4502468646549573</ele>
				<time>2026-09-22T00:45:36Z</time>
			</trkpt>
			<trkpt lat="48.10312111082788" lon="-122.7723826650173">
				<ele>1.44557974149334</ele>
				<time>2026-09-22T00:45:38Z</time>
			</trkpt>
			<trkpt lat="48.10314143452223" lon="-122.77237920743563">
				<ele>1.3654349137105442</ele>
				<time>2026-09-22T00:45:40Z</time>
			</trkpt>
			<trkpt lat="48.10316312398408" lon="-122.7723751204097">
				<ele>1.3511444380392845</ele>
				<time>2026-09-22T00:45:42Z</time>
			</trkpt>
			<trkpt lat="48.103186994634314" lon="-122.77237353758314">
				<ele>1.31976346116193</ele>
				<time>2026-09-22T00:45:44Z</time>
			</trkpt>
			<trkpt lat="48.10321007404397" lon="-122.77237305802112">
				<ele>1.3358743730123521</ele>
				<time>2026-09-22T00:45:46Z</time>
			</trkpt>
			<trkpt lat="48.10323340880462" lon="-122.77237382127932">
				<ele>1.2672034751038197</ele>
				<time>2026-09-22T00:45:48Z</time>
			</trkpt>
			<trkpt lat="48.103255241458015" lon="-122.77237482609944">
				<ele>1.2912603075830091</ele>
				<time>2026-09-22T00:45:50Z</time>
			</trkpt>
			<trkpt lat="48.10327669946707" lon="-122.77237421577139">
				<ele>1.2898675181942245</ele>
				<time>2026-09-22T00:45:52Z</time>
			</trkpt>
			<trkpt lat="48.10329559810563" lon="-122.77238118315564">
				<ele>1.2208124649198133</ele>
				<time>2026-09-22T00:45:55Z</time>
			</trkpt>
			<trkpt lat="48.103289742358996" lon="-122.77240690484366">
				<ele>1.724659051510045</ele>
				<time>2026-09-22T00:45:59Z</time>
			</trkpt>
			<trkpt lat="48.10328852251278" lon="-122.77243537434916">
				<ele>1.5830143163173318</ele>
				<time>2026-09-22T00:46:02Z</time>
			</trkpt>
			<trkpt lat="48.10328027756569" lon="-122.77246703374898">
				<ele>1.5407201064223273</ele>
				<time>2026-09-22T00:46:05Z</time>
			</trkpt>
			<trkpt lat="48.103272996798914" lon="-122.77249642526287">
				<ele>1.4235312770832849</ele>
				<time>2026-09-22T00:46:08Z</time>
			</trkpt>
			<trkpt lat="48.103269383630575" lon="-122.7725250912092">
				<ele>1.3229093838160821</ele>
				<time>2026-09-22T00:46:11Z</time>
			</trkpt>
			<trkpt lat="48.10326910732178" lon="-122.77255240474956">
				<ele>1.3438822356386488</ele>
				<time>2026-09-22T00:46:14Z</time>
			</trkpt>
			<trkpt lat="48.103268268189524" lon="-122.77258093637717">
				<ele>1.2792593906877094</ele>
				<time>2026-09-22T00:46:17Z</time>
			</trkpt>
			<trkpt lat="48.10326653968294" lon="-122.77260884091116">
				<ele>1.3633701274439147</ele>
				<time>2026-09-22T00:46:20Z</time>
			</trkpt>
			<trkpt lat="48.103271908150845" lon="-122.7726408429216">
				<ele>1.313731109982239</ele>
				<time>2026-09-22T00:46:24Z</time>
			</trkpt>
			<trkpt lat="48.103272948287824" lon="-122.77267154212745">
				<ele>1.3299594453957937</ele>
				<time>2026-09-22T00:46:28Z</time>
			</trkpt>
			<trkpt lat="48.103264417232225" lon="-122.77270462801543">
				<ele>1.2340128833852475</ele>
				<time>2026-09-22T00:46:32Z</time>
			</trkpt>
			<trkpt lat="48.10326941526691" lon="-122.77273532996557">
				<ele>1.1641093778976739</ele>
				<time>2026-09-22T00:46:35Z</time>
			</trkpt>
			<trkpt lat="48.103292090786304" lon="-122.77274748187578">
				<ele>1.2520634224000524</ele>
				<time>2026-09-22T00:46:40Z</time>
			</trkpt>
			<trkpt lat="48.103311873155604" lon="-122.77275808560735">
				<ele>1.2559660129637287</ele>
				<time>2026-09-22T00:46:43Z</time>
			</trkpt>
			<trkpt lat="48.10333116715068" lon="-122.77276219065652">
				<ele>1.1487322024454905</ele>
				<time>2026-09-22T00:46:45Z</time>
			</trkpt>
			<trkpt lat="48.10335037783439" lon="-122.77276855861066">
				<ele>1.1597173193379113</ele>
				<time>2026-09-22T00:46:47Z</time>
			</trkpt>
			<trkpt lat="48.103370338448116" lon="-122.7727779300313">
				<ele>1.1408627886033464</ele>
				<time>2026-09-22T00:46:49Z</time>
			</trkpt>
			<trkpt lat="48.103392622592956" lon="-122.77279706980552">
				<ele>1.1668916887585006</ele>
				<time>2026-09-22T00:46:51Z</time>
			</trkpt>
			<trkpt lat="48.10340959654426" lon="-122.7728197549953">
				<ele>1.1343120202817154</ele>
				<time>2026-09-22T00:46:53Z</time>
			</trkpt>
			<trkpt lat="48.10342423439296" lon="-122.77283673358032">
				<ele>1.1731708196638024</ele>
				<time>2026-09-22T00:46:55Z</time>
			</trkpt>
			<trkpt lat="48.10342705076313" lon="-122.77287170525318">
				<ele>0.6099743536719124</ele>
				<time>2026-09-22T00:46:59Z</time>
			</trkpt>
			<trkpt lat="48.10341039098672" lon="-122.77289273942291">
				<ele>0.6396713790979938</ele>
				<time>2026-09-22T00:47:02Z</time>
			</trkpt>
			<trkpt lat="48.10339574067411" lon="-122.77290989989083">
				<ele>0.7949436876972769</ele>
				<time>2026-09-22T00:47:05Z</time>
			</trkpt>
			<trkpt lat="48.10337852638678" lon="-122.77293980869754">
				<ele>1.092793716520056</ele>
				<time>2026-09-22T00:47:09Z</time>
			</trkpt>
			<trkpt lat="48.10336237642329" lon="-122.77296512337412">
				<ele>1.0536547393729343</ele>
				<time>2026-09-22T00:47:12Z</time>
			</trkpt>
			<trkpt lat="48.10334366364525" lon="-122.7729962854392">
				<ele>1.1135987716347238</ele>
				<time>2026-09-22T00:47:15Z</time>
			</trkpt>
			<trkpt lat="48.10333176890409" lon="-122.77302091150442">
				<ele>1.143927342869837</ele>
				<time>2026-09-22T00:47:17Z</time>
			</trkpt>
			<trkpt lat="48.10331965122245" lon="-122.77305050897813">
				<ele>1.17598152664792</ele>
				<time>2026-09-22T00:47:19Z</time>
			</trkpt>
			<trkpt lat="48.10330582575113" lon="-122.7730805015163">
				<ele>1.1540600815789759</ele>
				<time>2026-09-22T00:47:21Z</time>
			</trkpt>
			<trkpt lat="48.103290124725824" lon="-122.77311103188862">
				<ele>1.1561799833360844</ele>
				<time>2026-09-22T00:47:23Z</time>
			</trkpt>
			<trkpt lat="48.1032754057638" lon="-122.77314268393617">
				<ele>1.143454390633405</ele>
				<time>2026-09-22T00:47:25Z</time>
			</trkpt>
			<trkpt lat="48.10326141695083" lon="-122.77317548433338">
				<ele>1.1847722064417745</ele>
				<time>2026-09-22T00:47:27Z</time>
			</trkpt>
			<trkpt lat="48.10324752784916" lon="-122.77320619826361">
				<ele>1.167154508712656</ele>
				<time>2026-09-22T00:47:29Z</time>
			</trkpt>
			<trkpt lat="48.1032319833978" lon="-122.77324041537639">
				<ele>1.287664397605358</ele>
				<time>2026-09-22T00:47:31Z</time>
			</trkpt>
			<trkpt lat="48.10321910504636" lon="-122.77328063914459">
				<ele>1.2296634245767635</ele>
				<time>2026-09-22T00:47:33Z</time>
			</trkpt>
			<trkpt lat="48.10320575737622" lon="-122.77331506611498">
				<ele>1.2601726170830077</ele>
				<time>2026-09-22T00:47:35Z</time>
			</trkpt>
			<trkpt lat="48.103190851597574" lon="-122.77335927793077">
				<ele>1.2593383024943314</ele>
				<time>2026-09-22T00:47:37Z</time>
			</trkpt>
			<trkpt lat="48.10317865350901" lon="-122.77339865819313">
				<ele>1.2583544384098104</ele>
				<time>2026-09-22T00:47:39Z</time>
			</trkpt>
			<trkpt lat="48.103167769854664" lon="-122.77343811240746">
				<ele>1.2358143697256132</ele>
				<time>2026-09-22T00:47:41Z</time>
			</trkpt>
			<trkpt lat="48.10315468484389" lon="-122.77347426530014">
				<ele>1.2477514082856693</ele>
				<time>2026-09-22T00:47:43Z</time>
			</trkpt>
			<trkpt lat="48.10314332348565" lon="-122.77351243285419">
				<ele>1.1640085102394018</ele>
				<time>2026-09-22T00:47:45Z</time>
			</trkpt>
			<trkpt lat="48.10313502201845" lon="-122.7735463568079">
				<ele>1.1525255223546473</ele>
				<time>2026-09-22T00:47:47Z</time>
			</trkpt>
			<trkpt lat="48.10312307040815" lon="-122.77357784745557">
				<ele>1.3274417039977564</ele>
				<time>2026-09-22T00:47:49Z</time>
			</trkpt>
			<trkpt lat="48.10310683614809" lon="-122.77360380379395">
				<ele>1.3328297865828276</ele>
				<time>2026-09-22T00:47:51Z</time>
			</trkpt>
			<trkpt lat="48.10308635054969" lon="-122.77362535951303">
				<ele>1.213921609771031</ele>
				<time>2026-09-22T00:47:53Z</time>
			</trkpt>
			<trkpt lat="48.10305864541487" lon="-122.77363314275802">
				<ele>1.333996084036393</ele>
				<time>2026-09-22T00:47:55Z</time>
			</trkpt>
			<trkpt lat="48.10303172646642" lon="-122.77361928091845">
				<ele>1.1883415030472015</ele>
				<time>2026-09-22T00:47:57Z</time>
			</trkpt>
			<trkpt lat="48.1030140705198" lon="-122.77358333880106">
				<ele>1.1896423416811928</ele>
				<time>2026-09-22T00:47:59Z</time>
			</trkpt>
			<trkpt lat="48.10300517369112" lon="-122.7735488914312">
				<ele>1.2167331527811633</ele>
				<time>2026-09-22T00:48:01Z</time>
			</trkpt>
			<trkpt lat="48.102994640291435" lon="-122.77351542843954">
				<ele>1.1473890514445664</ele>
				<time>2026-09-22T00:48:03Z</time>
			</trkpt>
			<trkpt lat="48.102987411079305" lon="-122.77348458959902">
				<ele>1.1621114962657302</ele>
				<time>2026-09-22T00:48:05Z</time>
			</trkpt>
			<trkpt lat="48.102980368358786" lon="-122.77345326487965">
				<ele>1.1878267760841084</ele>
				<time>2026-09-22T00:48:07Z</time>
			</trkpt>
			<trkpt lat="48.102974564693454" lon="-122.7734237424667">
				<ele>1.1816150948422894</ele>
				<time>2026-09-22T00:48:09Z</time>
			</trkpt>
			<trkpt lat="48.102968802235154" lon="-122.7733952461849">
				<ele>1.1328653046926078</ele>
				<time>2026-09-22T00:48:11Z</time>
			</trkpt>
			<trkpt lat="48.102963251384935" lon="-122.7733674948044">
				<ele>1.1357296289201955</ele>
				<time>2026-09-22T00:48:13Z</time>
			</trkpt>
			<trkpt lat="48.10295754169998" lon="-122.77333942832033">
				<ele>1.137502154938801</ele>
				<time>2026-09-22T00:48:15Z</time>
			</trkpt>
			<trkpt lat="48.102953454995976" lon="-122.77331307440444">
				<ele>1.150814209023693</ele>
				<time>2026-09-22T00:48:17Z</time>
			</trkpt>
			<trkpt lat="48.10295038246123" lon="-122.77328435859896">
				<ele>1.0708827439173234</ele>
				<time>2026-09-22T00:48:19Z</time>
			</trkpt>
			<trkpt lat="48.10294646134351" lon="-122.77325735420243">
				<ele>0.8627514163181473</ele>
				<time>2026-09-22T00:48:21Z</time>
			</trkpt>
			<trkpt lat="48.10294382959981" lon="-122.77322532437238">
				<ele>1.0535758140714933</ele>
				<time>2026-09-22T00:48:24Z</time>
			</trkpt>
			<trkpt lat="48.10293687278339" lon="-122.77319052245916">
				<ele>1.1193816644798638</ele>
				<time>2026-09-22T00:48:26Z</time>
			</trkpt>
			<trkpt lat="48.102931191702496" lon="-122.77316218036606">
				<ele>1.2466298368388955</ele>
				<time>2026-09-22T00:48:28Z</time>
			</trkpt>
			<trkpt lat="48.10292953240178" lon="-122.7731335490829">
				<ele>1.2575644727881254</ele>
				<time>2026-09-22T00:48:30Z</time>
			</trkpt>
			<trkpt lat="48.10292712601424" lon="-122.77310456718322">
				<ele>1.1837077178144249</ele>
				<time>2026-09-22T00:48:32Z</time>
			</trkpt>
			<trkpt lat="48.10292433834949" lon="-122.77307258471164">
				<ele>1.1943683518179427</ele>
				<time>2026-09-22T00:48:34Z</time>
			</trkpt>
			<trkpt lat="48.10291968934402" lon="-122.77304421047224">
				<ele>1.1699501734338327</ele>
				<time>2026-09-22T00:48:36Z</time>
			</trkpt>
			<trkpt lat="48.102915434310596" lon="-122.77301336763057">
				<ele>1.1933155945211453</ele>
				<time>2026-09-22T00:48:38Z</time>
			</trkpt>
			<trkpt lat="48.102907400005904" lon="-122.77298133004267">
				<ele>1.1608285793860702</ele>
				<time>2026-09-22T00:48:40Z</time>
			</trkpt>
			<trkpt lat="48.102899083594544" lon="-122.77295725141235">
				<ele>1.152331824594544</ele>
				<time>2026-09-22T00:48:42Z</time>
			</trkpt>
			<trkpt lat="48.10288805638547" lon="-122.77292198562783">
				<ele>1.0626308699593814</ele>
				<time>2026-09-22T00:48:44Z</time>
			</trkpt>
			<trkpt lat="48.102891161480926" lon="-122.77287984281108">
				<ele>1.6096672726722119</ele>
				<time>2026-09-22T00:48:46Z</time>
			</trkpt>
			<trkpt lat="48.10288085047433" lon="-122.77285017813296">
				<ele>1.3803375999855234</ele>
				<time>2026-09-22T00:48:48Z</time>
			</trkpt>
			<trkpt lat="48.102867659315194" lon="-122.77282285212962">
				<ele>1.269813180931326</ele>
				<time>2026-09-22T00:48:50Z</time>
			</trkpt>
			<trkpt lat="48.10285623734481" lon="-122.77279483495722">
				<ele>1.2235049671738025</ele>
				<time>2026-09-22T00:48:52Z</time>
			</trkpt>
			<trkpt lat="48.10284575925661" lon="-122.77276236423864">
				<ele>1.2076850710525804</ele>
				<time>2026-09-22T00:48:54Z</time>
			</trkpt>
			<trkpt lat="48.10283235678075" lon="-122.7727259544903">
				<ele>1.1945683194753904</ele>
				<time>2026-09-22T00:48:56Z</time>
			</trkpt>
			<trkpt lat="48.10282472732738" lon="-122.77269416779966">
				<ele>1.2764648291143033</ele>
				<time>2026-09-22T00:48:58Z</time>
			</trkpt>
			<trkpt lat="48.10281630027727" lon="-122.77266092432039">
				<ele>1.2738265602474002</ele>
				<time>2026-09-22T00:49:00Z</time>
			</trkpt>
			<trkpt lat="48.10280967144262" lon="-122.7726292280246">
				<ele>1.2337056231555934</ele>
				<time>2026-09-22T00:49:02Z</time>
			</trkpt>
			<trkpt lat="48.10280153962237" lon="-122.77259299568667">
				<ele>1.231600900905363</ele>
				<time>2026-09-22T00:49:04Z</time>
			</trkpt>
			<trkpt lat="48.102795058369544" lon="-122.77255474201358">
				<ele>1.2367981467104059</ele>
				<time>2026-09-22T00:49:06Z</time>
			</trkpt>
			<trkpt lat="48.10278866975007" lon="-122.77251670741809">
				<ele>1.322887223939059</ele>
				<time>2026-09-22T00:49:08Z</time>
			</trkpt>
			<trkpt lat="48.10278272698965" lon="-122.77247644216595">
				<ele>1.364621924327718</ele>
				<time>2026-09-22T00:49:10Z</time>
			</trkpt>
			<trkpt lat="48.10277860837171" lon="-122.77244532756127">
				<ele>1.3157131975326841</ele>
				<time>2026-09-22T00:49:12Z</time>
			</trkpt>
			<trkpt lat="48.10277373334705" lon="-122.77240848314888">
				<ele>1.291162743758619</ele>
				<time>2026-09-22T00:49:14Z</time>
			</trkpt>
			<trkpt lat="48.102769441984464" lon="-122.77236840823875">
				<ele>1.2500443922050515</ele>
				<time>2026-09-22T00:49:16Z</time>
			</trkpt>
			<trkpt lat="48.10276390694991" lon="-122.77232995274329">
				<ele>1.2362219478300531</ele>
				<time>2026-09-22T00:49:18Z</time>
			</trkpt>
			<trkpt lat="48.102760411147" lon="-122.77228596249009">
				<ele>1.3876961841380577</ele>
				<time>2026-09-22T00:49:20Z</time>
			</trkpt>
			<trkpt lat="48.1027533300174" lon="-122.77224644874225">
				<ele>1.335496143241837</ele>
				<time>2026-09-22T00:49:22Z</time>
			</trkpt>
			<trkpt lat="48.102747961347596" lon="-122.77221481288564">
				<ele>1.2750070080692986</ele>
				<time>2026-09-22T00:49:24Z</time>
			</trkpt>
			<trkpt lat="48.10274498185181" lon="-122.77218644963219">
				<ele>1.2706068769734316</ele>
				<time>2026-09-22T00:49:26Z</time>
			</trkpt>
			<trkpt lat="48.10274154446113" lon="-122.7721543752164">
				<ele>1.1881241816209638</ele>
				<time>2026-09-22T00:49:28Z</time>
			</trkpt>
			<trkpt lat="48.10272814587383" lon="-122.77211431164967">
				<ele>0.7105199019188113</ele>
				<time>2026-09-22T00:49:30Z</time>
			</trkpt>
			<trkpt lat="48.1027291914334" lon="-122.77208557029">
				<ele>-0.06816351993785119</ele>
				<time>2026-09-22T00:49:32Z</time>
			</trkpt>
			<trkpt lat="48.10273126283269" lon="-122.77205594052448">
				<ele>0.04158427701796441</ele>
				<time>2026-09-22T00:49:34Z</time>
			</trkpt>
			<trkpt lat="48.102731986529605" lon="-122.7720247513607">
				<ele>-0.15043947076368624</ele>
				<time>2026-09-22T00:49:36Z</time>
			</trkpt>
			<trkpt lat="48.10273354987431" lon="-122.77198666434938">
				<ele>0.24640217754399885</ele>
				<time>2026-09-22T00:49:38Z</time>
			</trkpt>
			<trkpt lat="48.1027390529546" lon="-122.77194981100888">
				<ele>0.5027782002938466</ele>
				<time>2026-09-22T00:49:40Z</time>
			</trkpt>
			<trkpt lat="48.10274363083084" lon="-122.77191656876677">
				<ele>0.614202643153611</ele>
				<time>2026-09-22T00:49:42Z</time>
			</trkpt>
			<trkpt lat="48.102749276693466" lon="-122.77187970247248">
				<ele>0.781141090960304</ele>
				<time>2026-09-22T00:49:44Z</time>
			</trkpt>
			<trkpt lat="48.1027575741786" lon="-122.77184510288157">
				<ele>0.9121380894442659</ele>
				<time>2026-09-22T00:49:46Z</time>
			</trkpt>
			<trkpt lat="48.10276522461849" lon="-122.77181136320371">
				<ele>0.8489940506809397</ele>
				<time>2026-09-22T00:49:48Z</time>
			</trkpt>
			<trkpt lat="48.102779132155916" lon="-122.77178354026326">
				<ele>0.24588446461477886</ele>
				<time>2026-09-22T00:49:50Z</time>
			</trkpt>
			<trkpt lat="48.102790654605975" lon="-122.77175910146204">
				<ele>0.5863872242224168</ele>
				<time>2026-09-22T00:49:52Z</time>
			</trkpt>
			<trkpt lat="48.1028098813027" lon="-122.77174999525883">
				<ele>0.9576286997031112</ele>
				<time>2026-09-22T00:49:55Z</time>
			</trkpt>
			<trkpt lat="48.10282794965387" lon="-122.77175260822469">
				<ele>0.9364243453839194</ele>
				<time>2026-09-22T00:49:57Z</time>
			</trkpt>
			<trkpt lat="48.10284817576406" lon="-122.77174909322527">
				<ele>1.0178707369302487</ele>
				<time>2026-09-22T00:49:59Z</time>
			</trkpt>
			<trkpt lat="48.10287510284477" lon="-122.77174850141003">
				<ele>1.3216584332428631</ele>
				<time>2026-09-22T00:50:01Z</time>
			</trkpt>
			<trkpt lat="48.10289801754357" lon="-122.77173396340622">
				<ele>1.1887597594644106</ele>
				<time>2026-09-22T00:50:03Z</time>
			</trkpt>
			<trkpt lat="48.102922240763284" lon="-122.7717148508085">
				<ele>1.2179191475308997</ele>
				<time>2026-09-22T00:50:05Z</time>
			</trkpt>
			<trkpt lat="48.10294705716801" lon="-122.77169772017614">
				<ele>1.2342065887930787</ele>
				<time>2026-09-22T00:50:07Z</time>
			</trkpt>
			<trkpt lat="48.10296994814299" lon="-122.77168071241124">
				<ele>1.2731100107362678</ele>
				<time>2026-09-22T00:50:09Z</time>
			</trkpt>
			<trkpt lat="48.102987201421485" lon="-122.77165904333265">
				<ele>1.3171666397267892</ele>
				<time>2026-09-22T00:50:11Z</time>
			</trkpt>
			<trkpt lat="48.10300837273789" lon="-122.77165052864086">
				<ele>1.2817785911981794</ele>
				<time>2026-09-22T00:50:13Z</time>
			</trkpt>
			<trkpt lat="48.103027448906495" lon="-122.77163462416638">
				<ele>0.40159603676622524</ele>
				<time>2026-09-22T00:50:15Z</time>
			</trkpt>
			<trkpt lat="48.10304296483357" lon="-122.77161427608611">
				<ele>0.6173534569930865</ele>
				<time>2026-09-22T00:50:17Z</time>
			</trkpt>
			<trkpt lat="48.10306316338061" lon="-122.77159302088994">
				<ele>0.9020586836251994</ele>
				<time>2026-09-22T00:50:19Z</time>
			</trkpt>
			<trkpt lat="48.10308960990243" lon="-122.77157261569687">
				<ele>1.004074045938001</ele>
				<time>2026-09-22T00:50:21Z</time>
			</trkpt>
			<trkpt lat="48.1031151510449" lon="-122.77154293271911">
				<ele>1.008746908390414</ele>
				<time>2026-09-22T00:50:23Z</time>
			</trkpt>
			<trkpt lat="48.10313861384424" lon="-122.77151752326067">
				<ele>1.2817569446881016</ele>
				<time>2026-09-22T00:50:25Z</time>
			</trkpt>
			<trkpt lat="48.10316157892196" lon="-122.77149136952214">
				<ele>1.2288709646379807</ele>
				<time>2026-09-22T00:50:27Z</time>
			</trkpt>
			<trkpt lat="48.10318093001046" lon="-122.77146437533295">
				<ele>1.1936713957454224</ele>
				<time>2026-09-22T00:50:29Z</time>
			</trkpt>
			<trkpt lat="48.103201235304134" lon="-122.7714369514051">
				<ele>1.1633226464374289</ele>
				<time>2026-09-22T00:50:31Z</time>
			</trkpt>
			<trkpt lat="48.103227601802416" lon="-122.77141755925653">
				<ele>0.8507650417466728</ele>
				<time>2026-09-22T00:50:33Z</time>
			</trkpt>
			<trkpt lat="48.103250900942804" lon="-122.77140373402494">
				<ele>0.9205996898695048</ele>
				<time>2026-09-22T00:50:35Z</time>
			</trkpt>
			<trkpt lat="48.10326870389903" lon="-122.77137837639464">
				<ele>1.0948406288561827</ele>
				<time>2026-09-22T00:50:37Z</time>
			</trkpt>
			<trkpt lat="48.10327242236863" lon="-122.77134062449058">
				<ele>1.1318476416516283</ele>
				<time>2026-09-22T00:50:39Z</time>
			</trkpt>
			<trkpt lat="48.10326657792002" lon="-122.77130656119542">
				<ele>1.1209306057351967</ele>
				<time>2026-09-22T00:50:41Z</time>
			</trkpt>
			<trkpt lat="48.103251786095065" lon="-122.77127633768897">
				<ele>1.112674644597373</ele>
				<time>2026-09-22T00:50:43Z</time>
			</trkpt>
			<trkpt lat="48.103238181434364" lon="-122.7712586617331">
				<ele>1.116010954039922</ele>
				<time>2026-09-22T00:50:45Z</time>
			</trkpt>
			<trkpt lat="48.103217867389" lon="-122.77123968636326">
				<ele>1.0908616025479496</ele>
				<time>2026-09-22T00:50:47Z</time>
			</trkpt>
			<trkpt lat="48.103199215183" lon="-122.77122545736809">
				<ele>1.1289200550100738</ele>
				<time>2026-09-22T00:50:49Z</time>
			</trkpt>
			<trkpt lat="48.103181119447825" lon="-122.77122005471786">
				<ele>1.1856340761424065</ele>
				<time>2026-09-22T00:50:52Z</time>
			</trkpt>
			<trkpt lat="48.10316828340667" lon="-122.77125153401221">
				<ele>1.0853039718343034</ele>
				<time>2026-09-22T00:50:55Z</time>
			</trkpt>
			<trkpt lat="48.10315632159056" lon="-122.77127456931312">
				<ele>1.134750416937166</ele>
				<time>2026-09-22T00:50:57Z</time>
			</trkpt>
			<trkpt lat="48.10314385091808" lon="-122.77130006401121">
				<ele>1.1089214613746456</ele>
				<time>2026-09-22T00:50:59Z</time>
			</trkpt>
			<trkpt lat="48.10313293557547" lon="-122.7713230583613">
				<ele>1.1525357984717708</ele>
				<time>2026-09-22T00:51:01Z</time>
			</trkpt>
			<trkpt lat="48.10312276983906" lon="-122.77134807528452">
				<ele>1.1096898198321377</ele>
				<time>2026-09-22T00:51:03Z</time>
			</trkpt>
			<trkpt lat="48.103112310239915" lon="-122.77137347295857">
				<ele>1.1211468169688175</ele>
				<time>2026-09-22T00:51:05Z</time>
			</trkpt>
			<trkpt lat="48.10310981830352" lon="-122.77141074672525">
				<ele>1.1182683247725826</ele>
				<time>2026-09-22T00:51:08Z</time>
			</trkpt>
			<trkpt lat="48.10310850327391" lon="-122.77144060429886">
				<ele>1.0508331685598549</ele>
				<time>2026-09-22T00:51:11Z</time>
			</trkpt>
			<trkpt lat="48.103110151761626" lon="-122.77147679115437">
				<ele>1.0873355218891696</ele>
				<time>2026-09-22T00:51:15Z</time>
			</trkpt>
			<trkpt lat="48.10310569836294" lon="-122.77150619535432">
				<ele>1.0040838585918053</ele>
				<time>2026-09-22T00:51:18Z</time>
			</trkpt>
			<trkpt lat="48.10310163003527" lon="-122.77153362792357">
				<ele>1.0086439066331288</ele>
				<time>2026-09-22T00:51:21Z</time>
			</trkpt>
			<trkpt lat="48.10309668517399" lon="-122.77156143551163">
				<ele>1.059208961543817</ele>
				<time>2026-09-22T00:51:25Z</time>
			</trkpt>
			<trkpt lat="48.103090683823375" lon="-122.77159317652116">
				<ele>1.117657427338525</ele>
				<time>2026-09-22T00:51:28Z</time>
			</trkpt>
			<trkpt lat="48.103081192096745" lon="-122.77162614254446">
				<ele>1.088289831909087</ele>
				<time>2026-09-22T00:51:32Z</time>
			</trkpt>
			<trkpt lat="48.10307344343924" lon="-122.77165917694401">
				<ele>1.1226499506300271</ele>
				<time>2026-09-22T00:51:36Z</time>
			</trkpt>
			<trkpt lat="48.103064376911" lon="-122.77169243307208">
				<ele>1.1437498012872673</ele>
				<time>2026-09-22T00:51:40Z</time>
			</trkpt>
			<trkpt lat="48.10305839747191" lon="-122.77172333340619">
				<ele>1.1603782738967077</ele>
				<time>2026-09-22T00:51:43Z</time>
			</trkpt>
			<trkpt lat="48.10305414557908" lon="-122.77175496959674">
				<ele>1.1102753429505476</ele>
				<time>2026-09-22T00:51:46Z</time>
			</trkpt>
			<trkpt lat="48.103052555791145" lon="-122.7717826769341">
				<ele>0.9458456406364846</ele>
				<time>2026-09-22T00:51:49Z</time>
			</trkpt>
			<trkpt lat="48.103046386232606" lon="-122.77180876480931">
				<ele>0.908868947525459</ele>
				<time>2026-09-22T00:51:52Z</time>
			</trkpt>
			<trkpt lat="48.103040009837805" lon="-122.77183903139897">
				<ele>0.9668897566423951</ele>
				<time>2026-09-22T00:51:56Z</time>
			</trkpt>
			<trkpt lat="48.10303660909941" lon="-122.7718659107988">
				<ele>1.055281856283969</ele>
				<time>2026-09-22T00:52:00Z</time>
			</trkpt>
			<trkpt lat="48.10302179092843" lon="-122.77188849718488">
				<ele>0.9356196942003123</ele>
				<time>2026-09-22T00:52:05Z</time>
			</trkpt>
			<trkpt lat="48.10300849208128" lon="-122.77190674155642">
				<ele>0.9899419817706558</ele>
				<time>2026-09-22T00:52:08Z</time>
			</trkpt>
			<trkpt lat="48.102990369745825" lon="-122.77193045377393">
				<ele>0.9926311383790427</ele>
				<time>2026-09-22T00:52:11Z</time>
			</trkpt>
			<trkpt lat="48.102976037990985" lon="-122.77195871582212">
				<ele>1.0013498794543025</ele>
				<time>2026-09-22T00:52:14Z</time>
			</trkpt>
			<trkpt lat="48.102964036465224" lon="-122.7719805894275">
				<ele>0.9886861058383225</ele>
				<time>2026-09-22T00:52:16Z</time>
			</trkpt>
			<trkpt lat="48.10295230971536" lon="-122.77200538798594">
				<ele>0.9930096033479963</ele>
				<time>2026-09-22T00:52:18Z</time>
			</trkpt>
			<trkpt lat="48.102939215500555" lon="-122.77202813959566">
				<ele>1.0028274679695315</ele>
				<time>2026-09-22T00:52:20Z</time>
			</trkpt>
			<trkpt lat="48.10292754645249" lon="-122.77205202925158">
				<ele>0.9217401742434745</ele>
				<time>2026-09-22T00:52:22Z</time>
			</trkpt>
			<trkpt lat="48.10291382295518" lon="-122.77207930302704">
				<ele>0.9274925649066823</ele>
				<time>2026-09-22T00:52:24Z</time>
			</trkpt>
			<trkpt lat="48.102900040329054" lon="-122.77210332117738">
				<ele>0.9345331060443343</ele>
				<time>2026-09-22T00:52:26Z</time>
			</trkpt>
			<trkpt lat="48.102885106680674" lon="-122.77212692119869">
				<ele>0.8777282864306208</ele>
				<time>2026-09-22T00:52:28Z</time>
			</trkpt>
			<trkpt lat="48.10286816259358" lon="-122.77215640899436">
				<ele>0.8903077488815505</ele>
				<time>2026-09-22T00:52:31Z</time>
			</trkpt>
			<trkpt lat="48.10285230100081" lon="-122.77218877475752">
				<ele>0.9654676173316332</ele>
				<time>2026-09-22T00:52:33Z</time>
			</trkpt>
			<trkpt lat="48.10284133838082" lon="-122.7722177859831">
				<ele>0.9443837257195717</ele>
				<time>2026-09-22T00:52:35Z</time>
			</trkpt>
			<trkpt lat="48.10282935648246" lon="-122.77224439634071">
				<ele>1.0289689077188093</ele>
				<time>2026-09-22T00:52:37Z</time>
			</trkpt>
			<trkpt lat="48.10281608569204" lon="-122.77227245204705">
				<ele>1.0187335459685762</ele>
				<time>2026-09-22T00:52:39Z</time>
			</trkpt>
			<trkpt lat="48.102801958246246" lon="-122.77230120076376">
				<ele>1.0059543523528873</ele>
				<time>2026-09-22T00:52:41Z</time>
			</trkpt>
			<trkpt lat="48.10278762931688" lon="-122.77233170484452">
				<ele>1.0517340272682425</ele>
				<time>2026-09-22T00:52:43Z</time>
			</trkpt>
			<trkpt lat="48.1027726807316" lon="-122.77236236678972">
				<ele>1.0825971491886897</ele>
				<time>2026-09-22T00:52:45Z</time>
			</trkpt>
			<trkpt lat="48.1027543846184" lon="-122.77239638281335">
				<ele>1.088561297606283</ele>
				<time>2026-09-22T00:52:47Z</time>
			</trkpt>
			<trkpt lat="48.102737731446595" lon="-122.7724310895355">
				<ele>1.0818429327845216</ele>
				<time>2026-09-22T00:52:49Z</time>
			</trkpt>
			<trkpt lat="48.10272038326668" lon="-122.77246799416577">
				<ele>1.1198586616892143</ele>
				<time>2026-09-22T00:52:51Z</time>
			</trkpt>
			<trkpt lat="48.102701971987415" lon="-122.772502555696">
				<ele>1.1353046559744229</ele>
				<time>2026-09-22T00:52:53Z</time>
			</trkpt>
			<trkpt lat="48.102682799497956" lon="-122.77253802715401">
				<ele>1.0045223237396605</ele>
				<time>2026-09-22T00:52:55Z</time>
			</trkpt>
			<trkpt lat="48.10266817916568" lon="-122.77258114910885">
				<ele>0.8546775906446769</ele>
				<time>2026-09-22T00:52:57Z</time>
			</trkpt>
			<trkpt lat="48.10265584007439" lon="-122.77262349055093">
				<ele>0.8693328465835322</ele>
				<time>2026-09-22T00:52:59Z</time>
			</trkpt>
			<trkpt lat="48.10265892351052" lon="-122.77266103397913">
				<ele>0.9953695567846985</ele>
				<time>2026-09-22T00:53:01Z</time>
			</trkpt>
			<trkpt lat="48.10268086762509" lon="-122.77266977398489">
				<ele>0.9909982103992583</ele>
				<time>2026-09-22T00:53:03Z</time>
			</trkpt>
			<trkpt lat="48.10270834146977" lon="-122.77269676657818">
				<ele>0.8951734489948855</ele>
				<time>2026-09-22T00:53:05Z</time>
			</trkpt>
			<trkpt lat="48.102735512206245" lon="-122.77271729217219">
				<ele>0.5344491425945499</ele>
				<time>2026-09-22T00:53:07Z</time>
			</trkpt>
			<trkpt lat="48.102768342092894" lon="-122.77273177991044">
				<ele>0.6956278122039841</ele>
				<time>2026-09-22T00:53:09Z</time>
			</trkpt>
			<trkpt lat="48.10278519315086" lon="-122.77274488433808">
				<ele>0.7680365735748929</ele>
				<time>2026-09-22T00:53:10Z</time>
			</trkpt>
			<trkpt lat="48.10280212381082" lon="-122.77275943749726">
				<ele>0.8046257031525101</ele>
				<time>2026-09-22T00:53:11Z</time>
			</trkpt>
			<trkpt lat="48.10283483968733" lon="-122.77278437297616">
				<ele>0.9734755961203234</ele>
				<time>2026-09-22T00:53:13Z</time>
			</trkpt>
			<trkpt lat="48.102852362097565" lon="-122.77279814314161">
				<ele>1.011225089914685</ele>
				<time>2026-09-22T00:53:14Z</time>
			</trkpt>
			<trkpt lat="48.10286929785635" lon="-122.77281018969441">
				<ele>1.046499801556159</ele>
				<time>2026-09-22T00:53:15Z</time>
			</trkpt>
			<trkpt lat="48.1029002625111" lon="-122.77283588754214">
				<ele>1.084018432493167</ele>
				<time>2026-09-22T00:53:17Z</time>
			</trkpt>
			<trkpt lat="48.1029317390114" lon="-122.77285951956935">
				<ele>1.1216439406274787</ele>
				<time>2026-09-22T00:53:19Z</time>
			</trkpt>
			<trkpt lat="48.10296149539169" lon="-122.77288730483393">
				<ele>1.0769995052470094</ele>
				<time>2026-09-22T00:53:21Z</time>
			</trkpt>
			<trkpt lat="48.102990318250114" lon="-122.77291342626751">
				<ele>1.0641131881540211</ele>
				<time>2026-09-22T00:53:23Z</time>
			</trkpt>
			<trkpt lat="48.10300905976745" lon="-122.77293337408175">
				<ele>1.0796525569860087</ele>
				<time>2026-09-22T00:53:25Z</time>
			</trkpt>
			<trkpt lat="48.10302516968436" lon="-122.77295033104173">
				<ele>1.0160943133049827</ele>
				<time>2026-09-22T00:53:26Z</time>
			</trkpt>
			<trkpt lat="48.10305448546891" lon="-122.7729775805361">
				<ele>1.0235534665278259</ele>
				<time>2026-09-22T00:53:28Z</time>
			</trkpt>
			<trkpt lat="48.10308314418208" lon="-122.77300140622289">
				<ele>1.0424807250919557</ele>
				<time>2026-09-22T00:53:30Z</time>
			</trkpt>
			<trkpt lat="48.103099042774545" lon="-122.7730141583421">
				<ele>1.0259692078009088</ele>
				<time>2026-09-22T00:53:31Z</time>
			</trkpt>
			<trkpt lat="48.10312758428404" lon="-122.77303406658439">
				<ele>1.0580187089390698</ele>
				<time>2026-09-22T00:53:33Z</time>
			</trkpt>
			<trkpt lat="48.103156130509774" lon="-122.77305617307525">
				<ele>1.0814639882676538</ele>
				<time>2026-09-22T00:53:35Z</time>
			</trkpt>
			<trkpt lat="48.10318579364964" lon="-122.77307714869498">
				<ele>1.0652459872188977</ele>
				<time>2026-09-22T00:53:37Z</time>
			</trkpt>
			<trkpt lat="48.10321360747358" lon="-122.77309824915784">
				<ele>1.0653925647155447</ele>
				<time>2026-09-22T00:53:39Z</time>
			</trkpt>
			<trkpt lat="48.10324394464659" lon="-122.77311617699792">
				<ele>1.2400122240989404</ele>
				<time>2026-09-22T00:53:41Z</time>
			</trkpt>
			<trkpt lat="48.1032628827638" lon="-122.77312530273434">
				<ele>1.232936854969541</ele>
				<time>2026-09-22T00:53:42Z</time>
			</trkpt>
			<trkpt lat="48.103283391162066" lon="-122.77315086443355">
				<ele>1.091038423315542</ele>
				<time>2026-09-22T00:53:44Z</time>
			</trkpt>
			<trkpt lat="48.10327707721762" lon="-122.77317772077146">
				<ele>1.1474748796998533</ele>
				<time>2026-09-22T00:53:47Z</time>
			</trkpt>
			<trkpt lat="48.103260670412226" lon="-122.77320677502054">
				<ele>1.1009019695699287</ele>
				<time>2026-09-22T00:53:50Z</time>
			</trkpt>
			<trkpt lat="48.1032423922775" lon="-122.7732318492457">
				<ele>1.166138333701447</ele>
				<time>2026-09-22T00:53:52Z</time>
			</trkpt>
			<trkpt lat="48.10323092947155" lon="-122.7732554283524">
				<ele>1.0969570080651216</ele>
				<time>2026-09-22T00:53:54Z</time>
			</trkpt>
			<trkpt lat="48.103215947870765" lon="-122.77328528115112">
				<ele>1.09169459648378</ele>
				<time>2026-09-22T00:53:56Z</time>
			</trkpt>
			<trkpt lat="48.10320281140013" lon="-122.7733150837702">
				<ele>1.0575022805024155</ele>
				<time>2026-09-22T00:53:58Z</time>
			</trkpt>
			<trkpt lat="48.10318944398079" lon="-122.77334233974618">
				<ele>1.1306947735141222</ele>
				<time>2026-09-22T00:54:00Z</time>
			</trkpt>
			<trkpt lat="48.103176959243285" lon="-122.77337312462286">
				<ele>1.1345568445789063</ele>
				<time>2026-09-22T00:54:02Z</time>
			</trkpt>
			<trkpt lat="48.10316605678675" lon="-122.77340280161692">
				<ele>1.256037861665014</ele>
				<time>2026-09-22T00:54:04Z</time>
			</trkpt>
			<trkpt lat="48.10315123310724" lon="-122.77343238746852">
				<ele>1.224796863716488</ele>
				<time>2026-09-22T00:54:06Z</time>
			</trkpt>
			<trkpt lat="48.103138467839926" lon="-122.77346104346792">
				<ele>1.11746576038351</ele>
				<time>2026-09-22T00:54:08Z</time>
			</trkpt>
			<trkpt lat="48.10312610990323" lon="-122.77349255363389">
				<ele>1.2260127109402887</ele>
				<time>2026-09-22T00:54:10Z</time>
			</trkpt>
			<trkpt lat="48.10310796744169" lon="-122.77352053007237">
				<ele>1.1905830334029162</ele>
				<time>2026-09-22T00:54:12Z</time>
			</trkpt>
			<trkpt lat="48.10309285866981" lon="-122.77355283154989">
				<ele>1.4175130432650072</ele>
				<time>2026-09-22T00:54:14Z</time>
			</trkpt>
			<trkpt lat="48.10306472258121" lon="-122.77355723219587">
				<ele>1.2916044113369018</ele>
				<time>2026-09-22T00:54:16Z</time>
			</trkpt>
			<trkpt lat="48.10303678433488" lon="-122.77353398000126">
				<ele>1.2266863488079203</ele>
				<time>2026-09-22T00:54:18Z</time>
			</trkpt>
			<trkpt lat="48.103013954141346" lon="-122.77349853322437">
				<ele>1.163645104068614</ele>
				<time>2026-09-22T00:54:20Z</time>
			</trkpt>
			<trkpt lat="48.102995602389946" lon="-122.77346041552843">
				<ele>1.0862692422049811</ele>
				<time>2026-09-22T00:54:22Z</time>
			</trkpt>
			<trkpt lat="48.10298098304582" lon="-122.77342102069827">
				<ele>1.1526897206005629</ele>
				<time>2026-09-22T00:54:24Z</time>
			</trkpt>
			<trkpt lat="48.10296819027718" lon="-122.7733829719412">
				<ele>1.090767201505301</ele>
				<time>2026-09-22T00:54:26Z</time>
			</trkpt>
			<trkpt lat="48.10296145936423" lon="-122.77334294295721">
				<ele>1.2956916164001093</ele>
				<time>2026-09-22T00:54:28Z</time>
			</trkpt>
			<trkpt lat="48.102954902117354" lon="-122.77329827637412">
				<ele>1.1495535734951687</ele>
				<time>2026-09-22T00:54:30Z</time>
			</trkpt>
			<trkpt lat="48.102948211059456" lon="-122.77325915977666">
				<ele>1.1352209823528305</ele>
				<time>2026-09-22T00:54:32Z</time>
			</trkpt>
			<trkpt lat="48.102943289326845" lon="-122.77321836340906">
				<ele>1.1304548044598235</ele>
				<time>2026-09-22T00:54:34Z</time>
			</trkpt>
			<trkpt lat="48.10293666424661" lon="-122.77317355626946">
				<ele>1.1188444065342544</ele>
				<time>2026-09-22T00:54:36Z</time>
			</trkpt>
			<trkpt lat="48.10293187802165" lon="-122.7731290459661">
				<ele>1.1007653771766108</ele>
				<time>2026-09-22T00:54:38Z</time>
			</trkpt>
			<trkpt lat="48.102925243774514" lon="-122.77308146187696">
				<ele>1.106322492786422</ele>
				<time>2026-09-22T00:54:40Z</time>
			</trkpt>
			<trkpt lat="48.10291932548757" lon="-122.77304379852984">
				<ele>1.1581257121536161</ele>
				<time>2026-09-22T00:54:42Z</time>
			</trkpt>
			<trkpt lat="48.10291221607775" lon="-122.772994132772">
				<ele>1.0701059326320426</ele>
				<time>2026-09-22T00:54:44Z</time>
			</trkpt>
			<trkpt lat="48.102907481133414" lon="-122.77294771304508">
				<ele>1.086641975219731</ele>
				<time>2026-09-22T00:54:46Z</time>
			</trkpt>
			<trkpt lat="48.10290221888116" lon="-122.7728992198587">
				<ele>1.1086523138552415</ele>
				<time>2026-09-22T00:54:48Z</time>
			</trkpt>
			<trkpt lat="48.10289772887637" lon="-122.77285435728953">
				<ele>1.0648494025431532</ele>
				<time>2026-09-22T00:54:50Z</time>
			</trkpt>
			<trkpt lat="48.10289365511488" lon="-122.77280922885443">
				<ele>1.086983242308932</ele>
				<time>2026-09-22T00:54:52Z</time>
			</trkpt>
			<trkpt lat="48.10288822735189" lon="-122.7727647049756">
				<ele>1.0669161061285948</ele>
				<time>2026-09-22T00:54:54Z</time>
			</trkpt>
			<trkpt lat="48.10288470065989" lon="-122.77272302164863">
				<ele>1.0576909716695901</ele>
				<time>2026-09-22T00:54:56Z</time>
			</trkpt>
			<trkpt lat="48.10288015139341" lon="-122.77268061313765">
				<ele>1.0870234139697352</ele>
				<time>2026-09-22T00:54:58Z</time>
			</trkpt>
			<trkpt lat="48.10287590179188" lon="-122.77264278237914">
				<ele>1.073967095147406</ele>
				<time>2026-09-22T00:55:00Z</time>
			</trkpt>
			<trkpt lat="48.102871342426" lon="-122.77260362300709">
				<ele>1.0886273606516816</ele>
				<time>2026-09-22T00:55:02Z</time>
			</trkpt>
			<trkpt lat="48.102865311255506" lon="-122.77256186489579">
				<ele>1.1010440449748522</ele>
				<time>2026-09-22T00:55:05Z</time>
			</trkpt>
			<trkpt lat="48.10282815026831" lon="-122.77234805584277">
				<ele>1.107471304467147</ele>
				<time>2026-09-22T00:55:15Z</time>
			</trkpt>
			<trkpt lat="48.10282110859429" lon="-122.77230715662492">
				<ele>1.0772327408388875</ele>
				<time>2026-09-22T00:55:17Z</time>
			</trkpt>
			<trkpt lat="48.1028122985503" lon="-122.77226303031831">
				<ele>1.0654752620906685</ele>
				<time>2026-09-22T00:55:20Z</time>
			</trkpt>
			<trkpt lat="48.102747436793614" lon="-122.77194266475388">
				<ele>1.077348522572823</ele>
				<time>2026-09-22T00:55:35Z</time>
			</trkpt>
			<trkpt lat="48.10274899081235" lon="-122.77189938128548">
				<ele>1.6713089961289107</ele>
				<time>2026-09-22T00:55:37Z</time>
			</trkpt>
			<trkpt lat="48.10275475483903" lon="-122.77185607488455">
				<ele>1.4258139830101442</ele>
				<time>2026-09-22T00:55:39Z</time>
			</trkpt>
			<trkpt lat="48.10275566137643" lon="-122.77181036197771">
				<ele>1.2833984091376003</ele>
				<time>2026-09-22T00:55:41Z</time>
			</trkpt>
			<trkpt lat="48.102745665448744" lon="-122.77177220185426">
				<ele>1.194148667965571</ele>
				<time>2026-09-22T00:55:43Z</time>
			</trkpt>
			<trkpt lat="48.102716116950006" lon="-122.77174518600307">
				<ele>1.1931116327063087</ele>
				<time>2026-09-22T00:55:45Z</time>
			</trkpt>
			<trkpt lat="48.102697446038555" lon="-122.77174473764656">
				<ele>1.053789052996681</ele>
				<time>2026-09-22T00:55:46Z</time>
			</trkpt>
			<trkpt lat="48.102664917309895" lon="-122.77174179588945">
				<ele>1.1665596304419523</ele>
				<time>2026-09-22T00:55:48Z</time>
			</trkpt>
			<trkpt lat="48.1026324959786" lon="-122.7717416361457">
				<ele>1.1789973902343327</ele>
				<time>2026-09-22T00:55:50Z</time>
			</trkpt>
			<trkpt lat="48.10259897086863" lon="-122.77174436056264">
				<ele>1.2508460102950778</ele>
				<time>2026-09-22T00:55:52Z</time>
			</trkpt>
			<trkpt lat="48.10256832549804" lon="-122.77173784181078">
				<ele>1.1880073525097536</ele>
				<time>2026-09-22T00:55:54Z</time>
			</trkpt>
			<trkpt lat="48.102549720985365" lon="-122.77173641007506">
				<ele>1.1568712734832651</ele>
				<time>2026-09-22T00:55:55Z</time>
			</trkpt>
			<trkpt lat="48.10251593172818" lon="-122.77174046913215">
				<ele>1.263557281910007</ele>
				<time>2026-09-22T00:55:57Z</time>
			</trkpt>
			<trkpt lat="48.102485095292316" lon="-122.77173652540512">
				<ele>1.2274401296070145</ele>
				<time>2026-09-22T00:55:59Z</time>
			</trkpt>
			<trkpt lat="48.102455912254214" lon="-122.77173345648818">
				<ele>1.313623375170046</ele>
				<time>2026-09-22T00:56:01Z</time>
			</trkpt>
			<trkpt lat="48.102427390890874" lon="-122.77172934768787">
				<ele>1.3012656865418606</ele>
				<time>2026-09-22T00:56:03Z</time>
			</trkpt>
			<trkpt lat="48.1024007323833" lon="-122.77172573497297">
				<ele>1.3008887791106503</ele>
				<time>2026-09-22T00:56:05Z</time>
			</trkpt>
			<trkpt lat="48.10237456046363" lon="-122.77172816192845">
				<ele>1.2708397895841337</ele>
				<time>2026-09-22T00:56:07Z</time>
			</trkpt>
			<trkpt lat="48.10234668948433" lon="-122.77173149543515">
				<ele>1.1789020735679685</ele>
				<time>2026-09-22T00:56:09Z</time>
			</trkpt>
			<trkpt lat="48.10232164650045" lon="-122.77174809152922">
				<ele>1.32614871943305</ele>
				<time>2026-09-22T00:56:11Z</time>
			</trkpt>
			<trkpt lat="48.10230196549748" lon="-122.77177565911157">
				<ele>1.2343106869638412</ele>
				<time>2026-09-22T00:56:13Z</time>
			</trkpt>
			<trkpt lat="48.10228470867931" lon="-122.77181204229906">
				<ele>1.0008394768206337</ele>
				<time>2026-09-22T00:56:15Z</time>
			</trkpt>
			<trkpt lat="48.10227408304959" lon="-122.77184637282525">
				<ele>1.1363721963869935</ele>
				<time>2026-09-22T00:56:17Z</time>
			</trkpt>
			<trkpt lat="48.102296524724856" lon="-122.77185740713503">
				<ele>1.084406519376305</ele>
				<time>2026-09-22T00:56:19Z</time>
			</trkpt>
			<trkpt lat="48.10231961957712" lon="-122.7718627024791">
				<ele>0.9488452099324647</ele>
				<time>2026-09-22T00:56:21Z</time>
			</trkpt>
			<trkpt lat="48.10234822727471" lon="-122.77186652600172">
				<ele>1.018456082013902</ele>
				<time>2026-09-22T00:56:23Z</time>
			</trkpt>
			<trkpt lat="48.10238082820608" lon="-122.77186908856481">
				<ele>1.0583836493146954</ele>
				<time>2026-09-22T00:56:25Z</time>
			</trkpt>
			<trkpt lat="48.10241556499593" lon="-122.77186248977951">
				<ele>1.173642069707018</ele>
				<time>2026-09-22T00:56:27Z</time>
			</trkpt>
			<trkpt lat="48.10245361890079" lon="-122.77184543437329">
				<ele>1.190108629285639</ele>
				<time>2026-09-22T00:56:29Z</time>
			</trkpt>
			<trkpt lat="48.1024753728218" lon="-122.77183478515892">
				<ele>1.2595198394262042</ele>
				<time>2026-09-22T00:56:30Z</time>
			</trkpt>
			<trkpt lat="48.10249747664606" lon="-122.77181835994823">
				<ele>1.214425750578151</ele>
				<time>2026-09-22T00:56:31Z</time>
			</trkpt>
			<trkpt lat="48.102517269235456" lon="-122.77180098959838">
				<ele>1.2115336717354452</ele>
				<time>2026-09-22T00:56:32Z</time>
			</trkpt>
			<trkpt lat="48.10253771861599" lon="-122.7717825756841">
				<ele>1.1610045906069324</ele>
				<time>2026-09-22T00:56:33Z</time>
			</trkpt>
			<trkpt lat="48.102555133667344" lon="-122.77176599855243">
				<ele>1.1684509986286926</ele>
				<time>2026-09-22T00:56:34Z</time>
			</trkpt>
			<trkpt lat="48.10257114435798" lon="-122.77174676959254">
				<ele>1.3329396834347023</ele>
				<time>2026-09-22T00:56:35Z</time>
			</trkpt>
			<trkpt lat="48.10258834022321" lon="-122.77172591723979">
				<ele>1.1613438291268068</ele>
				<time>2026-09-22T00:56:36Z</time>
			</trkpt>
			<trkpt lat="48.102605681017565" lon="-122.77170624196414">
				<ele>1.1377635129458774</ele>
				<time>2026-09-22T00:56:37Z</time>
			</trkpt>
			<trkpt lat="48.102621863248395" lon="-122.77168828565816">
				<ele>1.1884914301710232</ele>
				<time>2026-09-22T00:56:38Z</time>
			</trkpt>
			<trkpt lat="48.1026381086485" lon="-122.77167030364969">
				<ele>1.1308056191392595</ele>
				<time>2026-09-22T00:56:39Z</time>
			</trkpt>
			<trkpt lat="48.10265760410698" lon="-122.77165151128331">
				<ele>1.129438795209765</ele>
				<time>2026-09-22T00:56:40Z</time>
			</trkpt>
			<trkpt lat="48.102676240458" lon="-122.77163666843217">
				<ele>1.1740802668500372</ele>
				<time>2026-09-22T00:56:41Z</time>
			</trkpt>
			<trkpt lat="48.102693591807274" lon="-122.77162582068117">
				<ele>1.1391968801785808</ele>
				<time>2026-09-22T00:56:42Z</time>
			</trkpt>
			<trkpt lat="48.10271428356839" lon="-122.77161194814657">
				<ele>1.184968214088368</ele>
				<time>2026-09-22T00:56:43Z</time>
			</trkpt>
			<trkpt lat="48.102734915782534" lon="-122.77160070998319">
				<ele>1.1799967223813184</ele>
				<time>2026-09-22T00:56:44Z</time>
			</trkpt>
			<trkpt lat="48.10275437982479" lon="-122.77158974377284">
				<ele>1.1748771536967944</ele>
				<time>2026-09-22T00:56:45Z</time>
			</trkpt>
			<trkpt lat="48.10277384425288" lon="-122.77157358404212">
				<ele>1.1911365214763947</ele>
				<time>2026-09-22T00:56:46Z</time>
			</trkpt>
			<trkpt lat="48.102795820421946" lon="-122.77156285416828">
				<ele>0.8982248096954351</ele>
				<time>2026-09-22T00:56:47Z</time>
			</trkpt>
			<trkpt lat="48.10281713014134" lon="-122.77155213471262">
				<ele>0.9829514041504872</ele>
				<time>2026-09-22T00:56:48Z</time>
			</trkpt>
			<trkpt lat="48.10283806530487" lon="-122.77153804302066">
				<ele>1.058239374445538</ele>
				<time>2026-09-22T00:56:49Z</time>
			</trkpt>
			<trkpt lat="48.10285926869839" lon="-122.77152273160917">
				<ele>1.0505381763645794</ele>
				<time>2026-09-22T00:56:50Z</time>
			</trkpt>
			<trkpt lat="48.1028800066009" lon="-122.77150892646956">
				<ele>1.0474686701882945</ele>
				<time>2026-09-22T00:56:51Z</time>
			</trkpt>
			<trkpt lat="48.10289967202312" lon="-122.77149328059359">
				<ele>1.058405436015196</ele>
				<time>2026-09-22T00:56:52Z</time>
			</trkpt>
			<trkpt lat="48.10291767269259" lon="-122.771478249872">
				<ele>1.2004442975984801</ele>
				<time>2026-09-22T00:56:53Z</time>
			</trkpt>
			<trkpt lat="48.10293801732932" lon="-122.77146414101229">
				<ele>1.2213798349404854</ele>
				<time>2026-09-22T00:56:54Z</time>
			</trkpt>
			<trkpt lat="48.102957306156064" lon="-122.77145028303556">
				<ele>1.214844781053955</ele>
				<time>2026-09-22T00:56:55Z</time>
			</trkpt>
			<trkpt lat="48.10297847823382" lon="-122.77144721353697">
				<ele>1.1720103102074972</ele>
				<time>2026-09-22T00:56:56Z</time>
			</trkpt>
			<trkpt lat="48.10299677706788" lon="-122.77144715518446">
				<ele>1.205024767938859</ele>
				<time>2026-09-22T00:56:57Z</time>
			</trkpt>
			<trkpt lat="48.10303035060776" lon="-122.77144797536847">
				<ele>1.1765857333004277</ele>
				<time>2026-09-22T00:56:59Z</time>
			</trkpt>
			<trkpt lat="48.10306601862646" lon="-122.77145198524163">
				<ele>1.2226430035425793</ele>
				<time>2026-09-22T00:57:01Z</time>
			</trkpt>
			<trkpt lat="48.10310170680988" lon="-122.7714657546773">
				<ele>1.2888073353818967</ele>
				<time>2026-09-22T00:57:03Z</time>
			</trkpt>
			<trkpt lat="48.10312252826479" lon="-122.77147310765417">
				<ele>1.2388297325737057</ele>
				<time>2026-09-22T00:57:04Z</time>
			</trkpt>
			<trkpt lat="48.10314568655677" lon="-122.77147772068749">
				<ele>1.487017820227063</ele>
				<time>2026-09-22T00:57:05Z</time>
			</trkpt>
			<trkpt lat="48.10316445748339" lon="-122.77148530829395">
				<ele>1.2759137568978076</ele>
				<time>2026-09-22T00:57:06Z</time>
			</trkpt>
			<trkpt lat="48.103181947562604" lon="-122.7714948393149">
				<ele>1.2342156303852327</ele>
				<time>2026-09-22T00:57:07Z</time>
			</trkpt>
			<trkpt lat="48.10320472486445" lon="-122.77150842831793">
				<ele>1.1317385272678635</ele>
				<time>2026-09-22T00:57:09Z</time>
			</trkpt>
			<trkpt lat="48.10319602033386" lon="-122.77154211812353">
				<ele>1.2152604174114714</ele>
				<time>2026-09-22T00:57:12Z</time>
			</trkpt>
			<trkpt lat="48.1031720521071" lon="-122.77158060818694">
				<ele>1.0609182605525689</ele>
				<time>2026-09-22T00:57:14Z</time>
			</trkpt>
			<trkpt lat="48.10315327354829" lon="-122.77159376251831">
				<ele>1.2614936739562133</ele>
				<time>2026-09-22T00:57:15Z</time>
			</trkpt>
			<trkpt lat="48.103134539799306" lon="-122.77160638059621">
				<ele>1.26101885031402</ele>
				<time>2026-09-22T00:57:16Z</time>
			</trkpt>
			<trkpt lat="48.10311343071819" lon="-122.77161232738052">
				<ele>1.1478544126905135</ele>
				<time>2026-09-22T00:57:17Z</time>
			</trkpt>
			<trkpt lat="48.10309226508365" lon="-122.77161835009268">
				<ele>1.2026846669997546</ele>
				<time>2026-09-22T00:57:18Z</time>
			</trkpt>
			<trkpt lat="48.10306773670497" lon="-122.77162273355123">
				<ele>1.1746695210458853</ele>
				<time>2026-09-22T00:57:19Z</time>
			</trkpt>
			<trkpt lat="48.10304746867519" lon="-122.7716262457788">
				<ele>1.1529379700479652</ele>
				<time>2026-09-22T00:57:20Z</time>
			</trkpt>
			<trkpt lat="48.10302514120908" lon="-122.77163004782928">
				<ele>1.1628537263497165</ele>
				<time>2026-09-22T00:57:21Z</time>
			</trkpt>
			<trkpt lat="48.10300388510771" lon="-122.7716308480242">
				<ele>1.3467240468362895</ele>
				<time>2026-09-22T00:57:22Z</time>
			</trkpt>
			<trkpt lat="48.102983028279965" lon="-122.7716310676484">
				<ele>1.547207268047071</ele>
				<time>2026-09-22T00:57:23Z</time>
			</trkpt>
			<trkpt lat="48.102961704283835" lon="-122.7716307798037">
				<ele>1.4920924110453981</ele>
				<time>2026-09-22T00:57:24Z</time>
			</trkpt>
			<trkpt lat="48.10293956834449" lon="-122.77162728103886">
				<ele>1.4395063192221826</ele>
				<time>2026-09-22T00:57:25Z</time>
			</trkpt>
			<trkpt lat="48.102917532995995" lon="-122.77161559407172">
				<ele>1.2437219740621828</ele>
				<time>2026-09-22T00:57:26Z</time>
			</trkpt>
			<trkpt lat="48.1029000510357" lon="-122.7716037459942">
				<ele>1.3448329760223174</ele>
				<time>2026-09-22T00:57:27Z</time>
			</trkpt>
			<trkpt lat="48.10288197035254" lon="-122.77159465887225">
				<ele>1.3136277249719157</ele>
				<time>2026-09-22T00:57:28Z</time>
			</trkpt>
			<trkpt lat="48.102864170194856" lon="-122.77158263662413">
				<ele>1.2866134143648331</ele>
				<time>2026-09-22T00:57:29Z</time>
			</trkpt>
			<trkpt lat="48.102845475679864" lon="-122.77157016470085">
				<ele>1.2742819213120562</ele>
				<time>2026-09-22T00:57:30Z</time>
			</trkpt>
			<trkpt lat="48.10282645030807" lon="-122.7715572456405">
				<ele>1.277609441136601</ele>
				<time>2026-09-22T00:57:31Z</time>
			</trkpt>
			<trkpt lat="48.102796959472016" lon="-122.7715372924527">
				<ele>1.2673653529416278</ele>
				<time>2026-09-22T00:57:33Z</time>
			</trkpt>
			<trkpt lat="48.102769580356565" lon="-122.77151741848837">
				<ele>1.1541910413847525</ele>
				<time>2026-09-22T00:57:35Z</time>
			</trkpt>
			<trkpt lat="48.10274321578142" lon="-122.77149983809196">
				<ele>1.2327387465904884</ele>
				<time>2026-09-22T00:57:37Z</time>
			</trkpt>
			<trkpt lat="48.102711139092186" lon="-122.7714805603127">
				<ele>1.1706591894029366</ele>
				<time>2026-09-22T00:57:39Z</time>
			</trkpt>
			<trkpt lat="48.102689429181915" lon="-122.77146186387422">
				<ele>1.0288863852772927</ele>
				<time>2026-09-22T00:57:41Z</time>
			</trkpt>
			<trkpt lat="48.1026638644774" lon="-122.77143865539558">
				<ele>1.1894319915802107</ele>
				<time>2026-09-22T00:57:43Z</time>
			</trkpt>
			<trkpt lat="48.10263899135956" lon="-122.77141858466202">
				<ele>1.1827232015882245</ele>
				<time>2026-09-22T00:57:45Z</time>
			</trkpt>
			<trkpt lat="48.10261187947611" lon="-122.77140108177792">
				<ele>1.2140844209688488</ele>
				<time>2026-09-22T00:57:47Z</time>
			</trkpt>
			<trkpt lat="48.102586585305495" lon="-122.77138610472998">
				<ele>1.1904816694429954</ele>
				<time>2026-09-22T00:57:49Z</time>
			</trkpt>
			<trkpt lat="48.10255745148033" lon="-122.77137186463426">
				<ele>1.1928028852014059</ele>
				<time>2026-09-22T00:57:51Z</time>
			</trkpt>
			<trkpt lat="48.102533014566575" lon="-122.77136203040862">
				<ele>1.1480878405216188</ele>
				<time>2026-09-22T00:57:53Z</time>
			</trkpt>
			<trkpt lat="48.10250846424346" lon="-122.77136005015322">
				<ele>1.1644918519514</ele>
				<time>2026-09-22T00:57:55Z</time>
			</trkpt>
			<trkpt lat="48.10248193950844" lon="-122.7713632170835">
				<ele>1.2174240496168203</ele>
				<time>2026-09-22T00:57:57Z</time>
			</trkpt>
			<trkpt lat="48.102453424773806" lon="-122.77136512751538">
				<ele>1.2378463922328358</ele>
				<time>2026-09-22T00:57:59Z</time>
			</trkpt>
			<trkpt lat="48.102429102097034" lon="-122.77138846204896">
				<ele>0.8937711396629062</ele>
				<time>2026-09-22T00:58:01Z</time>
			</trkpt>
			<trkpt lat="48.102413967103445" lon="-122.77142106733974">
				<ele>1.0401483633242563</ele>
				<time>2026-09-22T00:58:03Z</time>
			</trkpt>
			<trkpt lat="48.10240135022252" lon="-122.77145770496335">
				<ele>1.1211812142892263</ele>
				<time>2026-09-22T00:58:05Z</time>
			</trkpt>
			<trkpt lat="48.102391593863615" lon="-122.77149451086308">
				<ele>1.1615144488709248</ele>
				<time>2026-09-22T00:58:07Z</time>
			</trkpt>
			<trkpt lat="48.10238347912394" lon="-122.77152710856352">
				<ele>1.206746759292372</ele>
				<time>2026-09-22T00:58:09Z</time>
			</trkpt>
			<trkpt lat="48.1023709220922" lon="-122.77156163438083">
				<ele>1.1816392376794624</ele>
				<time>2026-09-22T00:58:11Z</time>
			</trkpt>
			<trkpt lat="48.10236219077655" lon="-122.77159185120288">
				<ele>1.2668934349198082</ele>
				<time>2026-09-22T00:58:13Z</time>
			</trkpt>
			<trkpt lat="48.10235252623966" lon="-122.77162734516766">
				<ele>1.2675178074204858</ele>
				<time>2026-09-22T00:58:15Z</time>
			</trkpt>
			<trkpt lat="48.10234171474751" lon="-122.77166411062106">
				<ele>1.296349761895545</ele>
				<time>2026-09-22T00:58:17Z</time>
			</trkpt>
			<trkpt lat="48.102328496044244" lon="-122.77170784767422">
				<ele>1.352835340720329</ele>
				<time>2026-09-22T00:58:19Z</time>
			</trkpt>
			<trkpt lat="48.102315037938084" lon="-122.77174774070258">
				<ele>1.3270562617967627</ele>
				<time>2026-09-22T00:58:21Z</time>
			</trkpt>
			<trkpt lat="48.10230050713289" lon="-122.77179125666088">
				<ele>1.3241742448899707</ele>
				<time>2026-09-22T00:58:23Z</time>
			</trkpt>
			<trkpt lat="48.102292487239296" lon="-122.77181624537286">
				<ele>1.2774123477963926</ele>
				<time>2026-09-22T00:58:24Z</time>
			</trkpt>
			<trkpt lat="48.102283205551814" lon="-122.77184239200956">
				<ele>1.2276486643558684</ele>
				<time>2026-09-22T00:58:25Z</time>
			</trkpt>
			<trkpt lat="48.10227484895276" lon="-122.77186802364822">
				<ele>1.253858794498825</ele>
				<time>2026-09-22T00:58:26Z</time>
			</trkpt>
			<trkpt lat="48.10226570959378" lon="-122.77189382557762">
				<ele>1.2787290134178022</ele>
				<time>2026-09-22T00:58:27Z</time>
			</trkpt>
			<trkpt lat="48.10225662351644" lon="-122.77192040859488">
				<ele>1.2504697172131074</ele>
				<time>2026-09-22T00:58:28Z</time>
			</trkpt>
			<trkpt lat="48.10224754055106" lon="-122.77194481372686">
				<ele>1.2363888357226287</ele>
				<time>2026-09-22T00:58:29Z</time>
			</trkpt>
			<trkpt lat="48.10223867830054" lon="-122.7719706895529">
				<ele>1.2426408464747567</ele>
				<time>2026-09-22T00:58:30Z</time>
			</trkpt>
			<trkpt lat="48.10222060512499" lon="-122.77201368848075">
				<ele>1.2225072505718018</ele>
				<time>2026-09-22T00:58:32Z</time>
			</trkpt>
			<trkpt lat="48.102210356680786" lon="-122.77203594083788">
				<ele>1.2200089855433518</ele>
				<time>2026-09-22T00:58:33Z</time>
			</trkpt>
			<trkpt lat="48.10219918311722" lon="-122.77205820388208">
				<ele>1.266146197791013</ele>
				<time>2026-09-22T00:58:34Z</time>
			</trkpt>
			<trkpt lat="48.10218649780434" lon="-122.7720799638805">
				<ele>1.2661777829423535</ele>
				<time>2026-09-22T00:58:35Z</time>
			</trkpt>
			<trkpt lat="48.1021728216389" lon="-122.77210258266881">
				<ele>1.2895371644254645</ele>
				<time>2026-09-22T00:58:36Z</time>
			</trkpt>
			<trkpt lat="48.102160822588836" lon="-122.77212689763124">
				<ele>1.2787709928230342</ele>
				<time>2026-09-22T00:58:37Z</time>
			</trkpt>
			<trkpt lat="48.10215175219506" lon="-122.77217066285813">
				<ele>1.3897192198553796</ele>
				<time>2026-09-22T00:58:39Z</time>
			</trkpt>
			<trkpt lat="48.102167752107846" lon="-122.77220584524773">
				<ele>1.4762626494321154</ele>
				<time>2026-09-22T00:58:41Z</time>
			</trkpt>
			<trkpt lat="48.10218774230573" lon="-122.77219302658918">
				<ele>1.0646125626672536</ele>
				<time>2026-09-22T00:58:43Z</time>
			</trkpt>
			<trkpt lat="48.102220665523" lon="-122.77219824004916">
				<ele>1.1202800272682438</ele>
				<time>2026-09-22T00:58:45Z</time>
			</trkpt>
			<trkpt lat="48.10224112331765" lon="-122.77220215941631">
				<ele>1.061971946491493</ele>
				<time>2026-09-22T00:58:46Z</time>
			</trkpt>
			<trkpt lat="48.10226108028195" lon="-122.77220827317903">
				<ele>0.8656228221144282</ele>
				<time>2026-09-22T00:58:47Z</time>
			</trkpt>
			<trkpt lat="48.102282134407474" lon="-122.77221143308148">
				<ele>0.9371156306169084</ele>
				<time>2026-09-22T00:58:48Z</time>
			</trkpt>
			<trkpt lat="48.10230257365699" lon="-122.77221228114176">
				<ele>0.8602014111382736</ele>
				<time>2026-09-22T00:58:49Z</time>
			</trkpt>
			<trkpt lat="48.10232394156757" lon="-122.77221278317046">
				<ele>0.9117397309134532</ele>
				<time>2026-09-22T00:58:50Z</time>
			</trkpt>
			<trkpt lat="48.102346528231124" lon="-122.772211819482">
				<ele>0.9952934396560345</ele>
				<time>2026-09-22T00:58:51Z</time>
			</trkpt>
			<trkpt lat="48.10236678876438" lon="-122.77221480927896">
				<ele>1.103876086402277</ele>
				<time>2026-09-22T00:58:52Z</time>
			</trkpt>
			<trkpt lat="48.10238674390914" lon="-122.77222043138876">
				<ele>0.8522508543945335</ele>
				<time>2026-09-22T00:58:53Z</time>
			</trkpt>
			<trkpt lat="48.102407467135755" lon="-122.77223016316266">
				<ele>0.9311009450209653</ele>
				<time>2026-09-22T00:58:54Z</time>
			</trkpt>
			<trkpt lat="48.102429117613546" lon="-122.7722391349031">
				<ele>0.7827734570308564</ele>
				<time>2026-09-22T00:58:55Z</time>
			</trkpt>
			<trkpt lat="48.10245125353886" lon="-122.7722443449986">
				<ele>0.7970170645099088</ele>
				<time>2026-09-22T00:58:56Z</time>
			</trkpt>
			<trkpt lat="48.102472310640096" lon="-122.77225387529776">
				<ele>0.8465109024858073</ele>
				<time>2026-09-22T00:58:57Z</time>
			</trkpt>
			<trkpt lat="48.10249301018971" lon="-122.7722623624118">
				<ele>0.8137270646374368</ele>
				<time>2026-09-22T00:58:58Z</time>
			</trkpt>
			<trkpt lat="48.10251218675582" lon="-122.77227019096635">
				<ele>0.9222421474706728</ele>
				<time>2026-09-22T00:58:59Z</time>
			</trkpt>
			<trkpt lat="48.102532807645964" lon="-122.77227914908708">
				<ele>0.8977675425779132</ele>
				<time>2026-09-22T00:59:00Z</time>
			</trkpt>
			<trkpt lat="48.10255239534966" lon="-122.77228728373639">
				<ele>0.9323298726502678</ele>
				<time>2026-09-22T00:59:01Z</time>
			</trkpt>
			<trkpt lat="48.10257156023089" lon="-122.77229576976723">
				<ele>0.9464495069727796</ele>
				<time>2026-09-22T00:59:02Z</time>
			</trkpt>
			<trkpt lat="48.102590250468225" lon="-122.7723038163753">
				<ele>0.9536077668778518</ele>
				<time>2026-09-22T00:59:03Z</time>
			</trkpt>
			<trkpt lat="48.102609088779246" lon="-122.77231140550069">
				<ele>0.9658584579898388</ele>
				<time>2026-09-22T00:59:04Z</time>
			</trkpt>
			<trkpt lat="48.10262839429742" lon="-122.77231895397502">
				<ele>0.9906918635235549</ele>
				<time>2026-09-22T00:59:05Z</time>
			</trkpt>
			<trkpt lat="48.10265337434448" lon="-122.77232709103583">
				<ele>1.0343359198091022</ele>
				<time>2026-09-22T00:59:07Z</time>
			</trkpt>
			<trkpt lat="48.102682650601494" lon="-122.7723388709489">
				<ele>1.086536633836598</ele>
				<time>2026-09-22T00:59:08Z</time>
			</trkpt>
			<trkpt lat="48.10270124705928" lon="-122.77234636528381">
				<ele>1.0530190402949486</ele>
				<time>2026-09-22T00:59:09Z</time>
			</trkpt>
			<trkpt lat="48.10271937228085" lon="-122.77235171410291">
				<ele>1.0729214148427033</ele>
				<time>2026-09-22T00:59:10Z</time>
			</trkpt>
			<trkpt lat="48.102754509929184" lon="-122.77236679097368">
				<ele>1.2012361761621442</ele>
				<time>2026-09-22T00:59:12Z</time>
			</trkpt>
			<trkpt lat="48.10277160162408" lon="-122.77237764771073">
				<ele>1.1314925983254476</ele>
				<time>2026-09-22T00:59:13Z</time>
			</trkpt>
			<trkpt lat="48.10280133708127" lon="-122.77239100646264">
				<ele>1.17503449153239</ele>
				<time>2026-09-22T00:59:15Z</time>
			</trkpt>
			<trkpt lat="48.102828665649525" lon="-122.77240111518152">
				<ele>1.1855942191506479</ele>
				<time>2026-09-22T00:59:17Z</time>
			</trkpt>
			<trkpt lat="48.102855928198736" lon="-122.77240937800984">
				<ele>1.1520363473732367</ele>
				<time>2026-09-22T00:59:19Z</time>
			</trkpt>
			<trkpt lat="48.102883927663214" lon="-122.77241462803927">
				<ele>1.3276519177601998</ele>
				<time>2026-09-22T00:59:21Z</time>
			</trkpt>
			<trkpt lat="48.10291320864707" lon="-122.77241800042023">
				<ele>1.2673176723641397</ele>
				<time>2026-09-22T00:59:23Z</time>
			</trkpt>
			<trkpt lat="48.1029439447254" lon="-122.77242321705528">
				<ele>1.3178014127889242</ele>
				<time>2026-09-22T00:59:25Z</time>
			</trkpt>
			<trkpt lat="48.102977010914636" lon="-122.77242520524297">
				<ele>1.254083894028863</ele>
				<time>2026-09-22T00:59:27Z</time>
			</trkpt>
			<trkpt lat="48.10301090550983" lon="-122.7724300479626">
				<ele>1.1805764334022832</ele>
				<time>2026-09-22T00:59:29Z</time>
			</trkpt>
			<trkpt lat="48.103045011546556" lon="-122.77243719239476">
				<ele>1.2852323575683755</ele>
				<time>2026-09-22T00:59:31Z</time>
			</trkpt>
			<trkpt lat="48.10306311709947" lon="-122.7724404164867">
				<ele>1.3989517953334172</ele>
				<time>2026-09-22T00:59:32Z</time>
			</trkpt>
			<trkpt lat="48.10309632582308" lon="-122.77244995306495">
				<ele>1.339969282791131</ele>
				<time>2026-09-22T00:59:34Z</time>
			</trkpt>
			<trkpt lat="48.10311457141665" lon="-122.7724556342711">
				<ele>1.3784652102853556</ele>
				<time>2026-09-22T00:59:35Z</time>
			</trkpt>
			<trkpt lat="48.10313281181888" lon="-122.77246072068941">
				<ele>1.3687059612891872</ele>
				<time>2026-09-22T00:59:36Z</time>
			</trkpt>
			<trkpt lat="48.103150762859244" lon="-122.77246493340674">
				<ele>1.3477936145161387</ele>
				<time>2026-09-22T00:59:37Z</time>
			</trkpt>
			<trkpt lat="48.10317053395311" lon="-122.77246784510642">
				<ele>1.4966939376667519</ele>
				<time>2026-09-22T00:59:38Z</time>
			</trkpt>
			<trkpt lat="48.10318913062088" lon="-122.77246951777754">
				<ele>1.5068712814539076</ele>
				<time>2026-09-22T00:59:39Z</time>
			</trkpt>
			<trkpt lat="48.1032074417704" lon="-122.7724755188905">
				<ele>1.5142554706577158</ele>
				<time>2026-09-22T00:59:40Z</time>
			</trkpt>
			<trkpt lat="48.103225585297075" lon="-122.77247966120088">
				<ele>1.6397554579882865</ele>
				<time>2026-09-22T00:59:41Z</time>
			</trkpt>
			<trkpt lat="48.103244364632054" lon="-122.77248368760573">
				<ele>1.5927890637511588</ele>
				<time>2026-09-22T00:59:42Z</time>
			</trkpt>
			<trkpt lat="48.10326248998218" lon="-122.7724873293258">
				<ele>1.5490626572403805</ele>
				<time>2026-09-22T00:59:43Z</time>
			</trkpt>
			<trkpt lat="48.103280833182076" lon="-122.77248988595505">
				<ele>1.5095881514829905</ele>
				<time>2026-09-22T00:59:44Z</time>
			</trkpt>
			<trkpt lat="48.10330235689267" lon="-122.77249211446427">
				<ele>1.4687851875065832</ele>
				<time>2026-09-22T00:59:45Z</time>
			</trkpt>
			<trkpt lat="48.10332212268014" lon="-122.77250153694527">
				<ele>1.4861564762230195</ele>
				<time>2026-09-22T00:59:46Z</time>
			</trkpt>
			<trkpt lat="48.10332745422228" lon="-122.77252829230895">
				<ele>1.445286261540513</ele>
				<time>2026-09-22T00:59:48Z</time>
			</trkpt>
			<trkpt lat="48.1033172164301" lon="-122.77256616280708">
				<ele>1.3568773026743486</ele>
				<time>2026-09-22T00:59:51Z</time>
			</trkpt>
			<trkpt lat="48.10330801900396" lon="-122.77261981880062">
				<ele>1.2300971996818468</ele>
				<time>2026-09-22T00:59:53Z</time>
			</trkpt>
			<trkpt lat="48.10330255073447" lon="-122.77264877929628">
				<ele>1.1306314795031547</ele>
				<time>2026-09-22T00:59:54Z</time>
			</trkpt>
			<trkpt lat="48.10329827900381" lon="-122.77267931506486">
				<ele>1.1527406438789676</ele>
				<time>2026-09-22T00:59:55Z</time>
			</trkpt>
			<trkpt lat="48.103293115720184" lon="-122.77270655194947">
				<ele>1.2006595313620032</ele>
				<time>2026-09-22T00:59:56Z</time>
			</trkpt>
			<trkpt lat="48.103289058793486" lon="-122.7727396423903">
				<ele>1.1475477733398272</ele>
				<time>2026-09-22T00:59:57Z</time>
			</trkpt>
			<trkpt lat="48.103283336177995" lon="-122.77276793668473">
				<ele>1.1572955352112935</ele>
				<time>2026-09-22T00:59:58Z</time>
			</trkpt>
			<trkpt lat="48.10327682924223" lon="-122.77279558005179">
				<ele>1.032430514718758</ele>
				<time>2026-09-22T00:59:59Z</time>
			</trkpt>
			<trkpt lat="48.10327154483554" lon="-122.77282233108747">
				<ele>1.1207475291745546</ele>
				<time>2026-09-22T01:00:00Z</time>
			</trkpt>
			<trkpt lat="48.103265221056304" lon="-122.77284809855915">
				<ele>1.13958639911489</ele>
				<time>2026-09-22T01:00:01Z</time>
			</trkpt>
			<trkpt lat="48.10325998103049" lon="-122.7728761628376">
				<ele>1.128760916128229</ele>
				<time>2026-09-22T01:00:02Z</time>
			</trkpt>
			<trkpt lat="48.10325485563701" lon="-122.7729048118282">
				<ele>1.130651508404096</ele>
				<time>2026-09-22T01:00:03Z</time>
			</trkpt>
			<trkpt lat="48.10324930411879" lon="-122.77293328787604">
				<ele>1.124985389487783</ele>
				<time>2026-09-22T01:00:04Z</time>
			</trkpt>
			<trkpt lat="48.10324422605729" lon="-122.77295906598604">
				<ele>1.0697047344512889</ele>
				<time>2026-09-22T01:00:05Z</time>
			</trkpt>
			<trkpt lat="48.103237011016425" lon="-122.7729843958829">
				<ele>1.110270319378575</ele>
				<time>2026-09-22T01:00:06Z</time>
			</trkpt>
			<trkpt lat="48.10323119550009" lon="-122.77301126705441">
				<ele>1.1317942760849569</ele>
				<time>2026-09-22T01:00:07Z</time>
			</trkpt>
			<trkpt lat="48.103223456214415" lon="-122.7730375150839">
				<ele>1.145229060284187</ele>
				<time>2026-09-22T01:00:08Z</time>
			</trkpt>
			<trkpt lat="48.10321743599389" lon="-122.77306446437208">
				<ele>1.1610215827728894</ele>
				<time>2026-09-22T01:00:09Z</time>
			</trkpt>
			<trkpt lat="48.10320722067476" lon="-122.77311626955155">
				<ele>1.1916140478420445</ele>
				<time>2026-09-22T01:00:11Z</time>
			</trkpt>
			<trkpt lat="48.103202775345295" lon="-122.77314259300614">
				<ele>1.2088380971877086</ele>
				<time>2026-09-22T01:00:12Z</time>
			</trkpt>
			<trkpt lat="48.10319800103219" lon="-122.77316997780486">
				<ele>1.213216889079522</ele>
				<time>2026-09-22T01:00:13Z</time>
			</trkpt>
			<trkpt lat="48.10319246273315" lon="-122.77320133140202">
				<ele>1.1630327906701403</ele>
				<time>2026-09-22T01:00:14Z</time>
			</trkpt>
			<trkpt lat="48.10318493458729" lon="-122.77322931497451">
				<ele>1.1510741801836488</ele>
				<time>2026-09-22T01:00:15Z</time>
			</trkpt>
			<trkpt lat="48.10317970186621" lon="-122.77325762325178">
				<ele>1.1074872363153823</ele>
				<time>2026-09-22T01:00:16Z</time>
			</trkpt>
			<trkpt lat="48.10317321453052" lon="-122.77328516328532">
				<ele>1.1011070851106304</ele>
				<time>2026-09-22T01:00:17Z</time>
			</trkpt>
			<trkpt lat="48.10316646952527" lon="-122.77331489393494">
				<ele>1.0578649675591905</ele>
				<time>2026-09-22T01:00:18Z</time>
			</trkpt>
			<trkpt lat="48.103158608366726" lon="-122.77334429845827">
				<ele>1.2146919872086208</ele>
				<time>2026-09-22T01:00:19Z</time>
			</trkpt>
			<trkpt lat="48.10315052329813" lon="-122.77337217244393">
				<ele>1.1963119263794546</ele>
				<time>2026-09-22T01:00:20Z</time>
			</trkpt>
			<trkpt lat="48.1031427071117" lon="-122.77339864742984">
				<ele>1.206024408286293</ele>
				<time>2026-09-22T01:00:21Z</time>
			</trkpt>
			<trkpt lat="48.10313571767713" lon="-122.77342545547727">
				<ele>1.1600616823094398</ele>
				<time>2026-09-22T01:00:22Z</time>
			</trkpt>
			<trkpt lat="48.103130940558636" lon="-122.77345409413515">
				<ele>1.1490267245501222</ele>
				<time>2026-09-22T01:00:23Z</time>
			</trkpt>
			<trkpt lat="48.10312343130361" lon="-122.77348462442062">
				<ele>1.1663853341471153</ele>
				<time>2026-09-22T01:00:24Z</time>
			</trkpt>
			<trkpt lat="48.1031164385452" lon="-122.77351559338861">
				<ele>1.2388031693467063</ele>
				<time>2026-09-22T01:00:25Z</time>
			</trkpt>
			<trkpt lat="48.10310622223888" lon="-122.7735452841167">
				<ele>1.2244117478885883</ele>
				<time>2026-09-22T01:00:26Z</time>
			</trkpt>
			<trkpt lat="48.103092894247816" lon="-122.77357256364296">
				<ele>1.1822522206772277</ele>
				<time>2026-09-22T01:00:27Z</time>
			</trkpt>
			<trkpt lat="48.10307350010873" lon="-122.77359171118907">
				<ele>1.1971755140256093</ele>
				<time>2026-09-22T01:00:28Z</time>
			</trkpt>
			<trkpt lat="48.10305437115172" lon="-122.77360954669808">
				<ele>1.1792840531522053</ele>
				<time>2026-09-22T01:00:29Z</time>
			</trkpt>
			<trkpt lat="48.10303288819075" lon="-122.77362075178445">
				<ele>1.1970206496376008</ele>
				<time>2026-09-22T01:00:30Z</time>
			</trkpt>
			<trkpt lat="48.103012615240864" lon="-122.77360602741297">
				<ele>1.1350989370598654</ele>
				<time>2026-09-22T01:00:31Z</time>
			</trkpt>
			<trkpt lat="48.10299464291929" lon="-122.7735887858171">
				<ele>1.0651851908660923</ele>
				<time>2026-09-22T01:00:32Z</time>
			</trkpt>
			<trkpt lat="48.10297501143632" lon="-122.77357090924393">
				<ele>1.1014951998386167</ele>
				<time>2026-09-22T01:00:33Z</time>
			</trkpt>
			<trkpt lat="48.10296247126373" lon="-122.77354084086176">
				<ele>1.0736568699158013</ele>
				<time>2026-09-22T01:00:34Z</time>
			</trkpt>
			<trkpt lat="48.102951802226606" lon="-122.77351223113412">
				<ele>1.0853179416128498</ele>
				<time>2026-09-22T01:00:35Z</time>
			</trkpt>
			<trkpt lat="48.102946117220505" lon="-122.77348218184878">
				<ele>1.0538388083879013</ele>
				<time>2026-09-22T01:00:36Z</time>
			</trkpt>
			<trkpt lat="48.10293757793223" lon="-122.77345345963619">
				<ele>1.0023432228097562</ele>
				<time>2026-09-22T01:00:37Z</time>
			</trkpt>
			<trkpt lat="48.102930251369045" lon="-122.7734254609211">
				<ele>0.9715040327000004</ele>
				<time>2026-09-22T01:00:38Z</time>
			</trkpt>
			<trkpt lat="48.102923523286435" lon="-122.77339628372829">
				<ele>0.9717397852230967</ele>
				<time>2026-09-22T01:00:39Z</time>
			</trkpt>
			<trkpt lat="48.10291543738719" lon="-122.77336599505541">
				<ele>0.9972699026494283</ele>
				<time>2026-09-22T01:00:40Z</time>
			</trkpt>
			<trkpt lat="48.10290637133104" lon="-122.77333236262486">
				<ele>1.0085210548431114</ele>
				<time>2026-09-22T01:00:41Z</time>
			</trkpt>
			<trkpt lat="48.102897408592305" lon="-122.77330161535001">
				<ele>1.0181781199713456</ele>
				<time>2026-09-22T01:00:42Z</time>
			</trkpt>
			<trkpt lat="48.102888968244024" lon="-122.77326971253989">
				<ele>1.0115116334188947</ele>
				<time>2026-09-22T01:00:43Z</time>
			</trkpt>
			<trkpt lat="48.102883807787705" lon="-122.77323760412563">
				<ele>1.0861162100525021</ele>
				<time>2026-09-22T01:00:44Z</time>
			</trkpt>
			<trkpt lat="48.10288109256822" lon="-122.77320612052252">
				<ele>1.030910572160849</ele>
				<time>2026-09-22T01:00:45Z</time>
			</trkpt>
			<trkpt lat="48.10287790557693" lon="-122.77317467141495">
				<ele>1.060298893455748</ele>
				<time>2026-09-22T01:00:46Z</time>
			</trkpt>
			<trkpt lat="48.10287553964089" lon="-122.77314122524874">
				<ele>1.046896642974371</ele>
				<time>2026-09-22T01:00:47Z</time>
			</trkpt>
			<trkpt lat="48.10287345562515" lon="-122.77310977490437">
				<ele>1.0779553009583474</ele>
				<time>2026-09-22T01:00:48Z</time>
			</trkpt>
			<trkpt lat="48.102872020721286" lon="-122.77307819081891">
				<ele>1.0650739850002324</ele>
				<time>2026-09-22T01:00:49Z</time>
			</trkpt>
			<trkpt lat="48.10287097840853" lon="-122.77302780515436">
				<ele>1.685607622023614</ele>
				<time>2026-09-22T01:00:51Z</time>
			</trkpt>
			<trkpt lat="48.10286780232231" lon="-122.77299444364465">
				<ele>1.174274199207833</ele>
				<time>2026-09-22T01:00:52Z</time>
			</trkpt>
			<trkpt lat="48.10286541477838" lon="-122.77296102222432">
				<ele>1.1011766098265348</ele>
				<time>2026-09-22T01:00:53Z</time>
			</trkpt>
			<trkpt lat="48.1028626053699" lon="-122.7729292888533">
				<ele>1.091178410232164</ele>
				<time>2026-09-22T01:00:54Z</time>
			</trkpt>
			<trkpt lat="48.10285933401664" lon="-122.7728971827072">
				<ele>1.1006802615092113</ele>
				<time>2026-09-22T01:00:55Z</time>
			</trkpt>
			<trkpt lat="48.10285701760158" lon="-122.77286698982932">
				<ele>1.0581264574305536</ele>
				<time>2026-09-22T01:00:56Z</time>
			</trkpt>
			<trkpt lat="48.102855723039475" lon="-122.77283884668702">
				<ele>1.12542661179992</ele>
				<time>2026-09-22T01:00:57Z</time>
			</trkpt>
			<trkpt lat="48.10285504564659" lon="-122.77280898742727">
				<ele>1.1115677040799596</ele>
				<time>2026-09-22T01:00:58Z</time>
			</trkpt>
			<trkpt lat="48.102857970283495" lon="-122.77277794582189">
				<ele>1.1132571133929154</ele>
				<time>2026-09-22T01:00:59Z</time>
			</trkpt>
			<trkpt lat="48.10286078132216" lon="-122.77274903675251">
				<ele>1.108408545557797</ele>
				<time>2026-09-22T01:01:00Z</time>
			</trkpt>
			<trkpt lat="48.102863909787786" lon="-122.77271973164173">
				<ele>1.0834582045780259</ele>
				<time>2026-09-22T01:01:01Z</time>
			</trkpt>
			<trkpt lat="48.10286834159116" lon="-122.77268847634679">
				<ele>1.0620681267633785</ele>
				<time>2026-09-22T01:01:02Z</time>
			</trkpt>
			<trkpt lat="48.10287344661986" lon="-122.7726558333905">
				<ele>1.0917051299543026</ele>
				<time>2026-09-22T01:01:03Z</time>
			</trkpt>
			<trkpt lat="48.10287927344788" lon="-122.77262430072113">
				<ele>1.1314543269580923</ele>
				<time>2026-09-22T01:01:04Z</time>
			</trkpt>
			<trkpt lat="48.102885707215385" lon="-122.7725919382252">
				<ele>1.0923322469442702</ele>
				<time>2026-09-22T01:01:05Z</time>
			</trkpt>
			<trkpt lat="48.102896689431255" lon="-122.77256159676791">
				<ele>1.10578736607426</ele>
				<time>2026-09-22T01:01:06Z</time>
			</trkpt>
			<trkpt lat="48.10290835778808" lon="-122.77253095974028">
				<ele>1.0990279152080085</ele>
				<time>2026-09-22T01:01:07Z</time>
			</trkpt>
			<trkpt lat="48.10291994145149" lon="-122.77249918025764">
				<ele>1.119295300208183</ele>
				<time>2026-09-22T01:01:08Z</time>
			</trkpt>
			<trkpt lat="48.10293140891324" lon="-122.77246731238651">
				<ele>1.1015352261560203</ele>
				<time>2026-09-22T01:01:09Z</time>
			</trkpt>
			<trkpt lat="48.102943955365646" lon="-122.77243554995762">
				<ele>1.1220786577859947</ele>
				<time>2026-09-22T01:01:10Z</time>
			</trkpt>
			<trkpt lat="48.10295525087381" lon="-122.77240323672011">
				<ele>1.1268320265971</ele>
				<time>2026-09-22T01:01:11Z</time>
			</trkpt>
			<trkpt lat="48.10296781998172" lon="-122.7723700131916">
				<ele>1.142177743171107</ele>
				<time>2026-09-22T01:01:12Z</time>
			</trkpt>
			<trkpt lat="48.10298035243918" lon="-122.77233802923948">
				<ele>1.1197521240929689</ele>
				<time>2026-09-22T01:01:13Z</time>
			</trkpt>
			<trkpt lat="48.102992135719944" lon="-122.77230627388903">
				<ele>1.0989535842395597</ele>
				<time>2026-09-22T01:01:14Z</time>
			</trkpt>
			<trkpt lat="48.103003268734724" lon="-122.77227462486773">
				<ele>1.1048542553930965</ele>
				<time>2026-09-22T01:01:15Z</time>
			</trkpt>
			<trkpt lat="48.10301542619341" lon="-122.7722433938619">
				<ele>1.1205204955254011</ele>
				<time>2026-09-22T01:01:16Z</time>
			</trkpt>
			<trkpt lat="48.1030293586828" lon="-122.77221388106231">
				<ele>1.117235287797655</ele>
				<time>2026-09-22T01:01:17Z</time>
			</trkpt>
			<trkpt lat="48.10304394065869" lon="-122.77218428822037">
				<ele>1.1326275184677073</ele>
				<time>2026-09-22T01:01:18Z</time>
			</trkpt>
			<trkpt lat="48.103055556465755" lon="-122.7721518676641">
				<ele>1.0870626624257618</ele>
				<time>2026-09-22T01:01:19Z</time>
			</trkpt>
			<trkpt lat="48.10306515938404" lon="-122.77211904474984">
				<ele>1.0685766797087197</ele>
				<time>2026-09-22T01:01:20Z</time>
			</trkpt>
			<trkpt lat="48.10307621773623" lon="-122.77208700037939">
				<ele>1.1169668230535734</ele>
				<time>2026-09-22T01:01:21Z</time>
			</trkpt>
			<trkpt lat="48.10309081882689" lon="-122.77205967748895">
				<ele>1.1677579158100713</ele>
				<time>2026-09-22T01:01:22Z</time>
			</trkpt>
			<trkpt lat="48.10310534533851" lon="-122.77203289469465">
				<ele>1.1703557808817564</ele>
				<time>2026-09-22T01:01:23Z</time>
			</trkpt>
			<trkpt lat="48.10312055165909" lon="-122.77200546746032">
				<ele>1.101874663746571</ele>
				<time>2026-09-22T01:01:24Z</time>
			</trkpt>
			<trkpt lat="48.103134394021296" lon="-122.77197765519035">
				<ele>1.1069539770650252</ele>
				<time>2026-09-22T01:01:25Z</time>
			</trkpt>
			<trkpt lat="48.103148712658225" lon="-122.77195139970522">
				<ele>1.1102069022626644</ele>
				<time>2026-09-22T01:01:26Z</time>
			</trkpt>
			<trkpt lat="48.103161607037656" lon="-122.77192515581275">
				<ele>1.0954745420303205</ele>
				<time>2026-09-22T01:01:27Z</time>
			</trkpt>
			<trkpt lat="48.10317357434134" lon="-122.7718976016859">
				<ele>1.0739276140915912</ele>
				<time>2026-09-22T01:01:28Z</time>
			</trkpt>
			<trkpt lat="48.10318640459736" lon="-122.77186905863138">
				<ele>1.13295605956068</ele>
				<time>2026-09-22T01:01:29Z</time>
			</trkpt>
			<trkpt lat="48.10319956227874" lon="-122.77184137194985">
				<ele>1.1086365829831948</ele>
				<time>2026-09-22T01:01:30Z</time>
			</trkpt>
			<trkpt lat="48.10321176270011" lon="-122.77181351022743">
				<ele>1.1151179683499741</ele>
				<time>2026-09-22T01:01:31Z</time>
			</trkpt>
			<trkpt lat="48.103224458263206" lon="-122.77178448999925">
				<ele>1.130293767411068</ele>
				<time>2026-09-22T01:01:32Z</time>
			</trkpt>
			<trkpt lat="48.10323809074601" lon="-122.77175547619765">
				<ele>1.0817624410810893</ele>
				<time>2026-09-22T01:01:33Z</time>
			</trkpt>
			<trkpt lat="48.103253628961276" lon="-122.77172609668379">
				<ele>1.1728421970891958</ele>
				<time>2026-09-22T01:01:34Z</time>
			</trkpt>
			<trkpt lat="48.10326718378944" lon="-122.77169823670195">
				<ele>1.123297589816005</ele>
				<time>2026-09-22T01:01:35Z</time>
			</trkpt>
			<trkpt lat="48.103280024105175" lon="-122.7716684813916">
				<ele>1.0727004486675717</ele>
				<time>2026-09-22T01:01:36Z</time>
			</trkpt>
			<trkpt lat="48.10329414614042" lon="-122.7716384826395">
				<ele>1.067667054704458</ele>
				<time>2026-09-22T01:01:37Z</time>
			</trkpt>
			<trkpt lat="48.103307518274455" lon="-122.77160971375504">
				<ele>1.0409233081702283</ele>
				<time>2026-09-22T01:01:38Z</time>
			</trkpt>
			<trkpt lat="48.10332009692067" lon="-122.77158132215719">
				<ele>1.0779343022469448</ele>
				<time>2026-09-22T01:01:39Z</time>
			</trkpt>
			<trkpt lat="48.103333030122954" lon="-122.77155094047565">
				<ele>1.0808049716242287</ele>
				<time>2026-09-22T01:01:40Z</time>
			</trkpt>
			<trkpt lat="48.103344576322044" lon="-122.77152301451136">
				<ele>1.111593545324535</ele>
				<time>2026-09-22T01:01:41Z</time>
			</trkpt>
			<trkpt lat="48.10335398036979" lon="-122.77149615635466">
				<ele>1.1391338253299068</ele>
				<time>2026-09-22T01:01:42Z</time>
			</trkpt>
			<trkpt lat="48.103363289517915" lon="-122.77146990930021">
				<ele>1.1974395639013338</ele>
				<time>2026-09-22T01:01:43Z</time>
			</trkpt>
			<trkpt lat="48.10337358056171" lon="-122.77144387450713">
				<ele>1.2280961396435686</ele>
				<time>2026-09-22T01:01:44Z</time>
			</trkpt>
			<trkpt lat="48.10338432486577" lon="-122.77141836665544">
				<ele>1.1979732427891925</ele>
				<time>2026-09-22T01:01:45Z</time>
			</trkpt>
			<trkpt lat="48.103399725517626" lon="-122.77137733658111">
				<ele>1.0259719713734121</ele>
				<time>2026-09-22T01:01:47Z</time>
			</trkpt>
			<trkpt lat="48.10342094658277" lon="-122.77134026241649">
				<ele>1.3945792290493024</ele>
				<time>2026-09-22T01:01:49Z</time>
			</trkpt>
			<trkpt lat="48.10343208371931" lon="-122.77131756220885">
				<ele>1.3654429584860033</ele>
				<time>2026-09-22T01:01:50Z</time>
			</trkpt>
			<trkpt lat="48.103444022867315" lon="-122.77128855076916">
				<ele>1.338417525194881</ele>
				<time>2026-09-22T01:01:51Z</time>
			</trkpt>
			<trkpt lat="48.1034584962626" lon="-122.77125997475353">
				<ele>1.295156961607681</ele>
				<time>2026-09-22T01:01:52Z</time>
			</trkpt>
			<trkpt lat="48.103474023372016" lon="-122.7712378926105">
				<ele>1.2035426076456197</ele>
				<time>2026-09-22T01:01:53Z</time>
			</trkpt>
			<trkpt lat="48.10349204728794" lon="-122.77121667413014">
				<ele>1.175090296739377</ele>
				<time>2026-09-22T01:01:54Z</time>
			</trkpt>
			<trkpt lat="48.10351176917738" lon="-122.77118911357371">
				<ele>1.199955758352047</ele>
				<time>2026-09-22T01:01:55Z</time>
			</trkpt>
			<trkpt lat="48.10352648761195" lon="-122.77116571501219">
				<ele>1.3271100557990145</ele>
				<time>2026-09-22T01:01:56Z</time>
			</trkpt>
			<trkpt lat="48.10354045787281" lon="-122.7711413368024">
				<ele>1.3632976337425262</ele>
				<time>2026-09-22T01:01:57Z</time>
			</trkpt>
			<trkpt lat="48.10355309574498" lon="-122.77111636360303">
				<ele>1.3091971059755885</ele>
				<time>2026-09-22T01:01:58Z</time>
			</trkpt>
			<trkpt lat="48.10356823863096" lon="-122.7710898627772">
				<ele>1.2612645555760906</ele>
				<time>2026-09-22T01:01:59Z</time>
			</trkpt>
			<trkpt lat="48.10358643268765" lon="-122.77106945202718">
				<ele>1.225751136526842</ele>
				<time>2026-09-22T01:02:00Z</time>
			</trkpt>
			<trkpt lat="48.103602191517275" lon="-122.77105578405225">
				<ele>1.1966403507146595</ele>
				<time>2026-09-22T01:02:01Z</time>
			</trkpt>
			<trkpt lat="48.103618002566385" lon="-122.77104225968021">
				<ele>1.1096691286088358</ele>
				<time>2026-09-22T01:02:02Z</time>
			</trkpt>
			<trkpt lat="48.10364829813738" lon="-122.77103118704257">
				<ele>1.1159803709958567</ele>
				<time>2026-09-22T01:02:04Z</time>
			</trkpt>
			<trkpt lat="48.10367519537859" lon="-122.77104234695538">
				<ele>1.081797774930294</ele>
				<time>2026-09-22T01:02:06Z</time>
			</trkpt>
			<trkpt lat="48.10369956733622" lon="-122.7710617060656">
				<ele>1.9590412823056162</ele>
				<time>2026-09-22T01:02:08Z</time>
			</trkpt>
			<trkpt lat="48.10372791363711" lon="-122.77107550055793">
				<ele>1.622634353027113</ele>
				<time>2026-09-22T01:02:10Z</time>
			</trkpt>
			<trkpt lat="48.10375625897925" lon="-122.77108455168924">
				<ele>1.4936752537985107</ele>
				<time>2026-09-22T01:02:12Z</time>
			</trkpt>
			<trkpt lat="48.103786496157255" lon="-122.771083436827">
				<ele>1.3937248439609213</ele>
				<time>2026-09-22T01:02:14Z</time>
			</trkpt>
			<trkpt lat="48.10381674330493" lon="-122.77108924025008">
				<ele>1.334577324592015</ele>
				<time>2026-09-22T01:02:16Z</time>
			</trkpt>
			<trkpt lat="48.10384477769518" lon="-122.77109585864295">
				<ele>1.254852306160437</ele>
				<time>2026-09-22T01:02:18Z</time>
			</trkpt>
			<trkpt lat="48.103874834078525" lon="-122.77110142965458">
				<ele>1.2651802818557698</ele>
				<time>2026-09-22T01:02:20Z</time>
			</trkpt>
			<trkpt lat="48.103902297821655" lon="-122.7711186257888">
				<ele>1.3560672612765643</ele>
				<time>2026-09-22T01:02:22Z</time>
			</trkpt>
			<trkpt lat="48.10389750933622" lon="-122.77114494839691">
				<ele>1.459770390673203</ele>
				<time>2026-09-22T01:02:27Z</time>
			</trkpt>
			<trkpt lat="48.10387552530519" lon="-122.77117256100092">
				<ele>1.3918061519113714</ele>
				<time>2026-09-22T01:02:29Z</time>
			</trkpt>
			<trkpt lat="48.10386198817665" lon="-122.77119685246349">
				<ele>1.277760627171972</ele>
				<time>2026-09-22T01:02:31Z</time>
			</trkpt>
			<trkpt lat="48.10383896404129" lon="-122.77123058645988">
				<ele>1.5135516585955138</ele>
				<time>2026-09-22T01:02:33Z</time>
			</trkpt>
			<trkpt lat="48.10382272165947" lon="-122.77124902137886">
				<ele>1.5582086082150042</ele>
				<time>2026-09-22T01:02:34Z</time>
			</trkpt>
			<trkpt lat="48.10380549976518" lon="-122.77126278329054">
				<ele>1.4976313002481696</ele>
				<time>2026-09-22T01:02:35Z</time>
			</trkpt>
			<trkpt lat="48.10378568440897" lon="-122.77127476207811">
				<ele>1.8006018444507959</ele>
				<time>2026-09-22T01:02:36Z</time>
			</trkpt>
			<trkpt lat="48.10376776853061" lon="-122.77129072483093">
				<ele>1.6836933872558788</ele>
				<time>2026-09-22T01:02:37Z</time>
			</trkpt>
			<trkpt lat="48.103748780331664" lon="-122.77130303448415">
				<ele>1.6432077385905366</ele>
				<time>2026-09-22T01:02:38Z</time>
			</trkpt>
			<trkpt lat="48.10372661065642" lon="-122.77131239451468">
				<ele>1.611100648347449</ele>
				<time>2026-09-22T01:02:39Z</time>
			</trkpt>
			<trkpt lat="48.10370478522033" lon="-122.77132149712025">
				<ele>1.5913874436357638</ele>
				<time>2026-09-22T01:02:40Z</time>
			</trkpt>
			<trkpt lat="48.10368235138295" lon="-122.77133116544836">
				<ele>1.5650234796019866</ele>
				<time>2026-09-22T01:02:41Z</time>
			</trkpt>
			<trkpt lat="48.10365951393359" lon="-122.77133552968094">
				<ele>1.5191561053808513</ele>
				<time>2026-09-22T01:02:42Z</time>
			</trkpt>
			<trkpt lat="48.10363723074351" lon="-122.77134670179728">
				<ele>1.34076839020803</ele>
				<time>2026-09-22T01:02:43Z</time>
			</trkpt>
			<trkpt lat="48.10361413469914" lon="-122.7713521834148">
				<ele>1.382471276193595</ele>
				<time>2026-09-22T01:02:44Z</time>
			</trkpt>
			<trkpt lat="48.103589284523274" lon="-122.77135851908469">
				<ele>1.3772814792340853</ele>
				<time>2026-09-22T01:02:45Z</time>
			</trkpt>
			<trkpt lat="48.10356811649558" lon="-122.77136680842608">
				<ele>1.2396625156709042</ele>
				<time>2026-09-22T01:02:46Z</time>
			</trkpt>
			<trkpt lat="48.10354281040537" lon="-122.77136896006706">
				<ele>1.2583461657524246</ele>
				<time>2026-09-22T01:02:47Z</time>
			</trkpt>
			<trkpt lat="48.10351449697307" lon="-122.77137139211482">
				<ele>1.1873957896317506</ele>
				<time>2026-09-22T01:02:48Z</time>
			</trkpt>
			<trkpt lat="48.103488397968114" lon="-122.77137132956659">
				<ele>1.1947899095691987</ele>
				<time>2026-09-22T01:02:49Z</time>
			</trkpt>
			<trkpt lat="48.10346044704162" lon="-122.7713710696593">
				<ele>1.1923254663068512</ele>
				<time>2026-09-22T01:02:50Z</time>
			</trkpt>
			<trkpt lat="48.103434021077156" lon="-122.7713693754703">
				<ele>1.180242226877084</ele>
				<time>2026-09-22T01:02:51Z</time>
			</trkpt>
			<trkpt lat="48.103408213559796" lon="-122.77136786902162">
				<ele>1.202057282101638</ele>
				<time>2026-09-22T01:02:52Z</time>
			</trkpt>
			<trkpt lat="48.10338356715064" lon="-122.77136602231661">
				<ele>1.2139308974581766</ele>
				<time>2026-09-22T01:02:53Z</time>
			</trkpt>
			<trkpt lat="48.10335618629346" lon="-122.77136542749147">
				<ele>1.199174639465273</ele>
				<time>2026-09-22T01:02:54Z</time>
			</trkpt>
			<trkpt lat="48.10332945948548" lon="-122.77136551053377">
				<ele>1.1698445581132582</ele>
				<time>2026-09-22T01:02:55Z</time>
			</trkpt>
			<trkpt lat="48.10330003695115" lon="-122.77136227075397">
				<ele>1.4218931017431338</ele>
				<time>2026-09-22T01:02:56Z</time>
			</trkpt>
			<trkpt lat="48.10327555945851" lon="-122.77137025228065">
				<ele>1.355397785976777</ele>
				<time>2026-09-22T01:02:57Z</time>
			</trkpt>
			<trkpt lat="48.10325716087008" lon="-122.7713882691343">
				<ele>1.230959476811723</ele>
				<time>2026-09-22T01:02:58Z</time>
			</trkpt>
			<trkpt lat="48.10324003773981" lon="-122.77140804135763">
				<ele>1.2658043228078668</ele>
				<time>2026-09-22T01:02:59Z</time>
			</trkpt>
			<trkpt lat="48.10321847820105" lon="-122.77142271881155">
				<ele>1.3453194302329976</ele>
				<time>2026-09-22T01:03:00Z</time>
			</trkpt>
			<trkpt lat="48.103195232919425" lon="-122.77143667950581">
				<ele>1.336935085842942</ele>
				<time>2026-09-22T01:03:01Z</time>
			</trkpt>
			<trkpt lat="48.10317289705231" lon="-122.77145175493574">
				<ele>1.2976813035616708</ele>
				<time>2026-09-22T01:03:02Z</time>
			</trkpt>
			<trkpt lat="48.103151951590156" lon="-122.77146299709503">
				<ele>1.3135742559520729</ele>
				<time>2026-09-22T01:03:03Z</time>
			</trkpt>
			<trkpt lat="48.10313060374152" lon="-122.77147840781831">
				<ele>1.2166324515715594</ele>
				<time>2026-09-22T01:03:04Z</time>
			</trkpt>
			<trkpt lat="48.1031041131073" lon="-122.77149225977878">
				<ele>1.2017144029098503</ele>
				<time>2026-09-22T01:03:05Z</time>
			</trkpt>
			<trkpt lat="48.10307650261997" lon="-122.77150590625652">
				<ele>1.4003459809120358</ele>
				<time>2026-09-22T01:03:06Z</time>
			</trkpt>
			<trkpt lat="48.103053055063086" lon="-122.77151779706772">
				<ele>1.1621093534832845</ele>
				<time>2026-09-22T01:03:07Z</time>
			</trkpt>
			<trkpt lat="48.10303002612415" lon="-122.77152285840785">
				<ele>1.2624136250761566</ele>
				<time>2026-09-22T01:03:08Z</time>
			</trkpt>
			<trkpt lat="48.10300855165402" lon="-122.77153049588756">
				<ele>1.2731974905087213</ele>
				<time>2026-09-22T01:03:09Z</time>
			</trkpt>
			<trkpt lat="48.10298286313995" lon="-122.77153635849665">
				<ele>1.308184316817119</ele>
				<time>2026-09-22T01:03:10Z</time>
			</trkpt>
			<trkpt lat="48.10296350653903" lon="-122.77154438558898">
				<ele>1.2865287600653943</ele>
				<time>2026-09-22T01:03:11Z</time>
			</trkpt>
			<trkpt lat="48.102944310171594" lon="-122.77155227901572">
				<ele>1.409214713681827</ele>
				<time>2026-09-22T01:03:12Z</time>
			</trkpt>
			<trkpt lat="48.10292430556694" lon="-122.77156260688193">
				<ele>1.0699200287175685</ele>
				<time>2026-09-22T01:03:13Z</time>
			</trkpt>
			<trkpt lat="48.1028916344195" lon="-122.77158582053741">
				<ele>1.3577274621324058</ele>
				<time>2026-09-22T01:03:15Z</time>
			</trkpt>
			<trkpt lat="48.10286239356508" lon="-122.77160457084013">
				<ele>1.258122794419009</ele>
				<time>2026-09-22T01:03:17Z</time>
			</trkpt>
			<trkpt lat="48.10284361465823" lon="-122.77161054159478">
				<ele>1.1859080442518888</ele>
				<time>2026-09-22T01:03:18Z</time>
			</trkpt>
			<trkpt lat="48.102824132591415" lon="-122.77161442305635">
				<ele>1.1546733623359096</ele>
				<time>2026-09-22T01:03:19Z</time>
			</trkpt>
			<trkpt lat="48.10280596791279" lon="-122.77161918983101">
				<ele>1.152962181936548</ele>
				<time>2026-09-22T01:03:20Z</time>
			</trkpt>
			<trkpt lat="48.1027866025066" lon="-122.7716233552375">
				<ele>1.088590697767934</ele>
				<time>2026-09-22T01:03:21Z</time>
			</trkpt>
			<trkpt lat="48.10275162438069" lon="-122.77161698148535">
				<ele>1.081971633511447</ele>
				<time>2026-09-22T01:03:23Z</time>
			</trkpt>
			<trkpt lat="48.10272007934727" lon="-122.7715984707491">
				<ele>0.928383608605337</ele>
				<time>2026-09-22T01:03:25Z</time>
			</trkpt>
			<trkpt lat="48.102687516169574" lon="-122.7715916150987">
				<ele>0.9763950114728459</ele>
				<time>2026-09-22T01:03:27Z</time>
			</trkpt>
			<trkpt lat="48.10266925575497" lon="-122.77159221899676">
				<ele>1.0031502260068024</ele>
				<time>2026-09-22T01:03:28Z</time>
			</trkpt>
			<trkpt lat="48.10263984671325" lon="-122.7715987663423">
				<ele>1.0302454699068235</ele>
				<time>2026-09-22T01:03:30Z</time>
			</trkpt>
			<trkpt lat="48.10261233577216" lon="-122.77159321182607">
				<ele>0.9895891588037458</ele>
				<time>2026-09-22T01:03:32Z</time>
			</trkpt>
			<trkpt lat="48.102602961827785" lon="-122.77156921912821">
				<ele>1.1187413902268624</ele>
				<time>2026-09-22T01:03:34Z</time>
			</trkpt>
			<trkpt lat="48.10260438609393" lon="-122.77152845090785">
				<ele>1.2609341003450645</ele>
				<time>2026-09-22T01:03:36Z</time>
			</trkpt>
			<trkpt lat="48.10261670111207" lon="-122.77148323576606">
				<ele>1.1456724748937788</ele>
				<time>2026-09-22T01:03:38Z</time>
			</trkpt>
			<trkpt lat="48.102626131561024" lon="-122.77145679724424">
				<ele>1.372215161891397</ele>
				<time>2026-09-22T01:03:39Z</time>
			</trkpt>
			<trkpt lat="48.10263897316475" lon="-122.77143680178952">
				<ele>1.3191354468394003</ele>
				<time>2026-09-22T01:03:40Z</time>
			</trkpt>
			<trkpt lat="48.10265488345875" lon="-122.77142080561839">
				<ele>1.2546787545466245</ele>
				<time>2026-09-22T01:03:41Z</time>
			</trkpt>
			<trkpt lat="48.10267092560979" lon="-122.77140629285896">
				<ele>1.2031568718457493</ele>
				<time>2026-09-22T01:03:42Z</time>
			</trkpt>
			<trkpt lat="48.10268783357933" lon="-122.77139571736105">
				<ele>1.2616845009658562</ele>
				<time>2026-09-22T01:03:43Z</time>
			</trkpt>
			<trkpt lat="48.102725995883304" lon="-122.77137942721558">
				<ele>1.0073290093379441</ele>
				<time>2026-09-22T01:03:45Z</time>
			</trkpt>
			<trkpt lat="48.10274715563367" lon="-122.77136954466269">
				<ele>1.0889282912212188</ele>
				<time>2026-09-22T01:03:46Z</time>
			</trkpt>
			<trkpt lat="48.10276685777664" lon="-122.7713606765399">
				<ele>1.0712493999413262</ele>
				<time>2026-09-22T01:03:47Z</time>
			</trkpt>
			<trkpt lat="48.10278651106078" lon="-122.77135661095079">
				<ele>1.1252035395952724</ele>
				<time>2026-09-22T01:03:48Z</time>
			</trkpt>
			<trkpt lat="48.102811995146375" lon="-122.77135234401796">
				<ele>0.8739285383616142</ele>
				<time>2026-09-22T01:03:49Z</time>
			</trkpt>
			<trkpt lat="48.10283438847557" lon="-122.77134804859654">
				<ele>0.9436141385655468</ele>
				<time>2026-09-22T01:03:50Z</time>
			</trkpt>
			<trkpt lat="48.10285635229257" lon="-122.77133785281158">
				<ele>0.9857159657373522</ele>
				<time>2026-09-22T01:03:51Z</time>
			</trkpt>
			<trkpt lat="48.10287858558047" lon="-122.77132701900447">
				<ele>0.9677631414560501</ele>
				<time>2026-09-22T01:03:52Z</time>
			</trkpt>
			<trkpt lat="48.10290302865806" lon="-122.77132229075667">
				<ele>0.8886156864094588</ele>
				<time>2026-09-22T01:03:53Z</time>
			</trkpt>
			<trkpt lat="48.102929337252455" lon="-122.77131476776441">
				<ele>1.0604095755397402</ele>
				<time>2026-09-22T01:03:54Z</time>
			</trkpt>
			<trkpt lat="48.10295335080303" lon="-122.77130430757933">
				<ele>0.9115119510589551</ele>
				<time>2026-09-22T01:03:55Z</time>
			</trkpt>
			<trkpt lat="48.10297230615781" lon="-122.77130004892524">
				<ele>1.274874369766824</ele>
				<time>2026-09-22T01:03:56Z</time>
			</trkpt>
			<trkpt lat="48.1029940569684" lon="-122.77130377858163">
				<ele>1.1714984588449546</ele>
				<time>2026-09-22T01:03:57Z</time>
			</trkpt>
			<trkpt lat="48.10302870797771" lon="-122.77132625217314">
				<ele>0.7952213227298905</ele>
				<time>2026-09-22T01:03:59Z</time>
			</trkpt>
			<trkpt lat="48.103027979320636" lon="-122.77135459528954">
				<ele>1.4658616893357106</ele>
				<time>2026-09-22T01:04:02Z</time>
			</trkpt>
			<trkpt lat="48.10301206667205" lon="-122.7713804183547">
				<ele>1.0801591674884286</ele>
				<time>2026-09-22T01:04:04Z</time>
			</trkpt>
			<trkpt lat="48.10298368596014" lon="-122.77141866783585">
				<ele>1.0636870589690517</ele>
				<time>2026-09-22T01:04:06Z</time>
			</trkpt>
			<trkpt lat="48.102964975240305" lon="-122.7714388015912">
				<ele>1.1917261661124883</ele>
				<time>2026-09-22T01:04:07Z</time>
			</trkpt>
			<trkpt lat="48.10294636062674" lon="-122.77145245142883">
				<ele>1.2172044431810143</ele>
				<time>2026-09-22T01:04:08Z</time>
			</trkpt>
			<trkpt lat="48.10292175836417" lon="-122.77145609665392">
				<ele>1.1002072040320776</ele>
				<time>2026-09-22T01:04:09Z</time>
			</trkpt>
			<trkpt lat="48.10289922653519" lon="-122.77145596371874">
				<ele>0.9968079990432415</ele>
				<time>2026-09-22T01:04:10Z</time>
			</trkpt>
			<trkpt lat="48.102876540910835" lon="-122.77144397547855">
				<ele>1.0024665160777566</ele>
				<time>2026-09-22T01:04:11Z</time>
			</trkpt>
			<trkpt lat="48.10285685735797" lon="-122.77142962783468">
				<ele>1.048622199909822</ele>
				<time>2026-09-22T01:04:12Z</time>
			</trkpt>
			<trkpt lat="48.10284068175136" lon="-122.77141348759599">
				<ele>1.0956561743838087</ele>
				<time>2026-09-22T01:04:13Z</time>
			</trkpt>
			<trkpt lat="48.10282725198978" lon="-122.77139459733714">
				<ele>1.0916672219067998</ele>
				<time>2026-09-22T01:04:14Z</time>
			</trkpt>
			<trkpt lat="48.102800624298354" lon="-122.77135887853927">
				<ele>1.0470674624562868</ele>
				<time>2026-09-22T01:04:16Z</time>
			</trkpt>
			<trkpt lat="48.10278636534859" lon="-122.77133998791284">
				<ele>1.0775463591315564</ele>
				<time>2026-09-22T01:04:17Z</time>
			</trkpt>
			<trkpt lat="48.10277078106146" lon="-122.77131986770851">
				<ele>1.153978610638756</ele>
				<time>2026-09-22T01:04:18Z</time>
			</trkpt>
			<trkpt lat="48.10274804934" lon="-122.7712935084578">
				<ele>0.5354905583373792</ele>
				<time>2026-09-22T01:04:20Z</time>
			</trkpt>
			<trkpt lat="48.10272724395091" lon="-122.77125885844681">
				<ele>0.8793322116192961</ele>
				<time>2026-09-22T01:04:22Z</time>
			</trkpt>
			<trkpt lat="48.102709349145286" lon="-122.77121508861462">
				<ele>1.0324698236941003</ele>
				<time>2026-09-22T01:04:24Z</time>
			</trkpt>
			<trkpt lat="48.10269940910698" lon="-122.77117693825352">
				<ele>1.1036936988441433</ele>
				<time>2026-09-22T01:04:26Z</time>
			</trkpt>
			<trkpt lat="48.10269199953033" lon="-122.77113027580992">
				<ele>1.1479380861463078</ele>
				<time>2026-09-22T01:04:28Z</time>
			</trkpt>
			<trkpt lat="48.102685304003415" lon="-122.77108905292006">
				<ele>1.4717206291073843</ele>
				<time>2026-09-22T01:04:30Z</time>
			</trkpt>
			<trkpt lat="48.102680023536124" lon="-122.7710513517396">
				<ele>1.3124230479151784</ele>
				<time>2026-09-22T01:04:32Z</time>
			</trkpt>
			<trkpt lat="48.102667635975195" lon="-122.77101276769986">
				<ele>1.3142540830274037</ele>
				<time>2026-09-22T01:04:34Z</time>
			</trkpt>
			<trkpt lat="48.102641438985145" lon="-122.77097839619655">
				<ele>1.2913554997922745</ele>
				<time>2026-09-22T01:04:36Z</time>
			</trkpt>
			<trkpt lat="48.10261014625331" lon="-122.77096405122694">
				<ele>1.4144743851904344</ele>
				<time>2026-09-22T01:04:38Z</time>
			</trkpt>
			<trkpt lat="48.102577964435476" lon="-122.77096469500644">
				<ele>1.3358595394595767</ele>
				<time>2026-09-22T01:04:40Z</time>
			</trkpt>
			<trkpt lat="48.102547501428326" lon="-122.77097824073907">
				<ele>1.2291827856990025</ele>
				<time>2026-09-22T01:04:42Z</time>
			</trkpt>
			<trkpt lat="48.1025305868036" lon="-122.77099165279557">
				<ele>1.2528739423836441</ele>
				<time>2026-09-22T01:04:43Z</time>
			</trkpt>
			<trkpt lat="48.10250620778145" lon="-122.77102473293199">
				<ele>1.2748927824883793</ele>
				<time>2026-09-22T01:04:45Z</time>
			</trkpt>
			<trkpt lat="48.1024801270594" lon="-122.77105540188084">
				<ele>1.3520812964420585</ele>
				<time>2026-09-22T01:04:47Z</time>
			</trkpt>
			<trkpt lat="48.102456113059006" lon="-122.77109153402711">
				<ele>1.2061765996521387</ele>
				<time>2026-09-22T01:04:49Z</time>
			</trkpt>
			<trkpt lat="48.10243594577091" lon="-122.77112946155398">
				<ele>1.221836229184575</ele>
				<time>2026-09-22T01:04:51Z</time>
			</trkpt>
			<trkpt lat="48.10241616788595" lon="-122.77116355177651">
				<ele>1.1351830031981578</ele>
				<time>2026-09-22T01:04:53Z</time>
			</trkpt>
			<trkpt lat="48.102391596747566" lon="-122.77120043697958">
				<ele>1.127750026217317</ele>
				<time>2026-09-22T01:04:55Z</time>
			</trkpt>
			<trkpt lat="48.10237407388846" lon="-122.77122120571276">
				<ele>1.0876156714956622</ele>
				<time>2026-09-22T01:04:56Z</time>
			</trkpt>
			<trkpt lat="48.10237060388497" lon="-122.7712504308691">
				<ele>1.2256830679209223</ele>
				<time>2026-09-22T01:04:57Z</time>
			</trkpt>
			<trkpt lat="48.102401130543846" lon="-122.77126928603401">
				<ele>0.991425859661291</ele>
				<time>2026-09-22T01:04:59Z</time>
			</trkpt>
			<trkpt lat="48.102433140866424" lon="-122.77127397480575">
				<ele>1.2336683197735319</ele>
				<time>2026-09-22T01:05:01Z</time>
			</trkpt>
			<trkpt lat="48.10245481109748" lon="-122.7712730283133">
				<ele>1.7941713166918092</ele>
				<time>2026-09-22T01:05:02Z</time>
			</trkpt>
			<trkpt lat="48.10247381711975" lon="-122.7712687185232">
				<ele>1.7702557079109766</ele>
				<time>2026-09-22T01:05:03Z</time>
			</trkpt>
			<trkpt lat="48.10249497329714" lon="-122.77126456049321">
				<ele>1.732184766207098</ele>
				<time>2026-09-22T01:05:04Z</time>
			</trkpt>
			<trkpt lat="48.10251305451895" lon="-122.77125922446243">
				<ele>1.558427162888556</ele>
				<time>2026-09-22T01:05:05Z</time>
			</trkpt>
			<trkpt lat="48.102532882443164" lon="-122.771244851589">
				<ele>1.5309157598230918</ele>
				<time>2026-09-22T01:05:06Z</time>
			</trkpt>
			<trkpt lat="48.102552688415074" lon="-122.7712322420418">
				<ele>1.4736571355108588</ele>
				<time>2026-09-22T01:05:07Z</time>
			</trkpt>
			<trkpt lat="48.102572689746495" lon="-122.77121760395302">
				<ele>1.4546345340184992</ele>
				<time>2026-09-22T01:05:08Z</time>
			</trkpt>
			<trkpt lat="48.10259366659848" lon="-122.77120264647057">
				<ele>1.2272715135644248</ele>
				<time>2026-09-22T01:05:09Z</time>
			</trkpt>
			<trkpt lat="48.10261711682157" lon="-122.77118770347155">
				<ele>1.4044222261702934</ele>
				<time>2026-09-22T01:05:10Z</time>
			</trkpt>
			<trkpt lat="48.102641459604186" lon="-122.77117448647063">
				<ele>1.2407046478468722</ele>
				<time>2026-09-22T01:05:11Z</time>
			</trkpt>
			<trkpt lat="48.102665781084525" lon="-122.7711731548526">
				<ele>0.819311749414414</ele>
				<time>2026-09-22T01:05:12Z</time>
			</trkpt>
			<trkpt lat="48.10269016554895" lon="-122.771164638575">
				<ele>0.7066594064134826</ele>
				<time>2026-09-22T01:05:13Z</time>
			</trkpt>
			<trkpt lat="48.102716543112976" lon="-122.77114713968847">
				<ele>0.9619160530594613</ele>
				<time>2026-09-22T01:05:14Z</time>
			</trkpt>
			<trkpt lat="48.10273976118422" lon="-122.77112675769449">
				<ele>1.067818192223072</ele>
				<time>2026-09-22T01:05:15Z</time>
			</trkpt>
			<trkpt lat="48.10276514997467" lon="-122.77110783367809">
				<ele>1.2072224423907691</ele>
				<time>2026-09-22T01:05:16Z</time>
			</trkpt>
			<trkpt lat="48.10278433376973" lon="-122.77109467043867">
				<ele>1.3739108332244143</ele>
				<time>2026-09-22T01:05:17Z</time>
			</trkpt>
			<trkpt lat="48.1028034138528" lon="-122.77107735249929">
				<ele>1.4947388526367291</ele>
				<time>2026-09-22T01:05:18Z</time>
			</trkpt>
			<trkpt lat="48.10282199709171" lon="-122.77106614439757">
				<ele>1.4001440171772757</ele>
				<time>2026-09-22T01:05:19Z</time>
			</trkpt>
			<trkpt lat="48.102841608803864" lon="-122.77106208629736">
				<ele>1.518077419807227</ele>
				<time>2026-09-22T01:05:20Z</time>
			</trkpt>
			<trkpt lat="48.10286771741868" lon="-122.77105295888566">
				<ele>2.302711081491971</ele>
				<time>2026-09-22T01:05:21Z</time>
			</trkpt>
			<trkpt lat="48.10288763242937" lon="-122.77104102297007">
				<ele>2.0829281325214204</ele>
				<time>2026-09-22T01:05:22Z</time>
			</trkpt>
			<trkpt lat="48.10290732623496" lon="-122.77102594290152">
				<ele>1.6589359624037066</ele>
				<time>2026-09-22T01:05:23Z</time>
			</trkpt>
			<trkpt lat="48.10292285488978" lon="-122.77100421889439">
				<ele>1.72011555699288</ele>
				<time>2026-09-22T01:05:24Z</time>
			</trkpt>
			<trkpt lat="48.10293687395469" lon="-122.77097759646337">
				<ele>1.6278973801441978</ele>
				<time>2026-09-22T01:05:25Z</time>
			</trkpt>
			<trkpt lat="48.102931039202204" lon="-122.7709508282612">
				<ele>1.5848023551311847</ele>
				<time>2026-09-22T01:05:26Z</time>
			</trkpt>
			<trkpt lat="48.10292480410475" lon="-122.77092340377524">
				<ele>1.3889498769272635</ele>
				<time>2026-09-22T01:05:27Z</time>
			</trkpt>
			<trkpt lat="48.1029022976245" lon="-122.77090081276828">
				<ele>1.4460873469888575</ele>
				<time>2026-09-22T01:05:29Z</time>
			</trkpt>
			<trkpt lat="48.10286688253489" lon="-122.77088974090098">
				<ele>1.2501913114909406</ele>
				<time>2026-09-22T01:05:31Z</time>
			</trkpt>
			<trkpt lat="48.10284685979747" lon="-122.77087919764679">
				<ele>1.179864451546674</ele>
				<time>2026-09-22T01:05:32Z</time>
			</trkpt>
			<trkpt lat="48.10281313102765" lon="-122.77087843660911">
				<ele>1.195529299987129</ele>
				<time>2026-09-22T01:05:34Z</time>
			</trkpt>
			<trkpt lat="48.10279529762195" lon="-122.77089262268055">
				<ele>1.3346434203212354</ele>
				<time>2026-09-22T01:05:35Z</time>
			</trkpt>
			<trkpt lat="48.10275793837028" lon="-122.77091350814813">
				<ele>1.4280393509594127</ele>
				<time>2026-09-22T01:05:37Z</time>
			</trkpt>
			<trkpt lat="48.10273666427942" lon="-122.77092625383276">
				<ele>1.3581469693117043</ele>
				<time>2026-09-22T01:05:38Z</time>
			</trkpt>
			<trkpt lat="48.10271577910851" lon="-122.77093790010115">
				<ele>1.4491371972321332</ele>
				<time>2026-09-22T01:05:39Z</time>
			</trkpt>
			<trkpt lat="48.102696690869045" lon="-122.77095563627226">
				<ele>1.4472062085389368</ele>
				<time>2026-09-22T01:05:40Z</time>
			</trkpt>
			<trkpt lat="48.102674511898584" lon="-122.77096984189662">
				<ele>1.3604065943686017</ele>
				<time>2026-09-22T01:05:41Z</time>
			</trkpt>
			<trkpt lat="48.10265152397061" lon="-122.77098758790105">
				<ele>1.3496548475207</ele>
				<time>2026-09-22T01:05:42Z</time>
			</trkpt>
			<trkpt lat="48.10263117320776" lon="-122.77100528523783">
				<ele>1.34349172198581</ele>
				<time>2026-09-22T01:05:43Z</time>
			</trkpt>
			<trkpt lat="48.10261747710964" lon="-122.7710301203676">
				<ele>1.166062512332612</ele>
				<time>2026-09-22T01:05:44Z</time>
			</trkpt>
			<trkpt lat="48.102603544318" lon="-122.77105629396395">
				<ele>1.0441452892037901</ele>
				<time>2026-09-22T01:05:45Z</time>
			</trkpt>
			<trkpt lat="48.102588403605054" lon="-122.77107894388472">
				<ele>1.2114517917927223</ele>
				<time>2026-09-22T01:05:46Z</time>
			</trkpt>
			<trkpt lat="48.10257381711514" lon="-122.77110295657926">
				<ele>1.1483798749780476</ele>
				<time>2026-09-22T01:05:47Z</time>
			</trkpt>
			<trkpt lat="48.1025585440295" lon="-122.77112236683257">
				<ele>1.1465498807342165</ele>
				<time>2026-09-22T01:05:48Z</time>
			</trkpt>
			<trkpt lat="48.10254469719878" lon="-122.77114390583803">
				<ele>1.2362464410722112</ele>
				<time>2026-09-22T01:05:49Z</time>
			</trkpt>
			<trkpt lat="48.10253236793749" lon="-122.77116574578075">
				<ele>1.274281069787893</ele>
				<time>2026-09-22T01:05:50Z</time>
			</trkpt>
			<trkpt lat="48.10251211243775" lon="-122.77121423951208">
				<ele>1.171454103323807</ele>
				<time>2026-09-22T01:05:52Z</time>
			</trkpt>
			<trkpt lat="48.10250007787413" lon="-122.77123866660521">
				<ele>1.118454052220013</ele>
				<time>2026-09-22T01:05:53Z</time>
			</trkpt>
			<trkpt lat="48.102488611907354" lon="-122.77126543586098">
				<ele>1.0974994407452208</ele>
				<time>2026-09-22T01:05:54Z</time>
			</trkpt>
			<trkpt lat="48.10247595109395" lon="-122.77128933124379">
				<ele>1.1323451919356415</ele>
				<time>2026-09-22T01:05:55Z</time>
			</trkpt>
			<trkpt lat="48.10246019336498" lon="-122.77131309675869">
				<ele>1.1190271780259273</ele>
				<time>2026-09-22T01:05:56Z</time>
			</trkpt>
			<trkpt lat="48.102448172640905" lon="-122.77133969042248">
				<ele>1.2454519271570277</ele>
				<time>2026-09-22T01:05:57Z</time>
			</trkpt>
			<trkpt lat="48.10243479224378" lon="-122.77136601302296">
				<ele>1.2775511967688047</ele>
				<time>2026-09-22T01:05:58Z</time>
			</trkpt>
			<trkpt lat="48.1024235103404" lon="-122.77139029478877">
				<ele>1.2910199622799041</ele>
				<time>2026-09-22T01:05:59Z</time>
			</trkpt>
			<trkpt lat="48.10241570507312" lon="-122.77141618331817">
				<ele>1.2790916786474256</ele>
				<time>2026-09-22T01:06:00Z</time>
			</trkpt>
			<trkpt lat="48.10240552941" lon="-122.7714428173832">
				<ele>1.3904181805603812</ele>
				<time>2026-09-22T01:06:01Z</time>
			</trkpt>
			<trkpt lat="48.10239361301842" lon="-122.77146680060073">
				<ele>1.40451261607015</ele>
				<time>2026-09-22T01:06:02Z</time>
			</trkpt>
			<trkpt lat="48.10238218848464" lon="-122.77149105246174">
				<ele>1.4522332682877988</ele>
				<time>2026-09-22T01:06:03Z</time>
			</trkpt>
			<trkpt lat="48.102372875928545" lon="-122.77151734632132">
				<ele>1.4415352815017854</ele>
				<time>2026-09-22T01:06:04Z</time>
			</trkpt>
			<trkpt lat="48.102364844816634" lon="-122.77154535609053">
				<ele>1.4363611086455421</ele>
				<time>2026-09-22T01:06:05Z</time>
			</trkpt>
			<trkpt lat="48.10235794356219" lon="-122.77157056450025">
				<ele>1.4408743315169374</ele>
				<time>2026-09-22T01:06:06Z</time>
			</trkpt>
			<trkpt lat="48.10234727069701" lon="-122.77162393850068">
				<ele>1.4781851416210579</ele>
				<time>2026-09-22T01:06:08Z</time>
			</trkpt>
			<trkpt lat="48.102342422479325" lon="-122.77164990168058">
				<ele>1.4613055372817811</ele>
				<time>2026-09-22T01:06:09Z</time>
			</trkpt>
			<trkpt lat="48.10233670527303" lon="-122.7716764549877">
				<ele>1.3839211770005448</ele>
				<time>2026-09-22T01:06:10Z</time>
			</trkpt>
			<trkpt lat="48.102330335476275" lon="-122.77170391847376">
				<ele>1.2444050424476742</ele>
				<time>2026-09-22T01:06:11Z</time>
			</trkpt>
			<trkpt lat="48.10231764124018" lon="-122.77175250950499">
				<ele>1.1922178393143135</ele>
				<time>2026-09-22T01:06:13Z</time>
			</trkpt>
			<trkpt lat="48.10231104782376" lon="-122.77177994819216">
				<ele>1.1836359131463823</ele>
				<time>2026-09-22T01:06:14Z</time>
			</trkpt>
			<trkpt lat="48.102304084799535" lon="-122.77180807228876">
				<ele>1.2453023833457983</ele>
				<time>2026-09-22T01:06:15Z</time>
			</trkpt>
			<trkpt lat="48.10229782475672" lon="-122.77183801267333">
				<ele>1.3074336105512288</ele>
				<time>2026-09-22T01:06:16Z</time>
			</trkpt>
			<trkpt lat="48.10229121562841" lon="-122.77186900719734">
				<ele>1.3454780384497376</ele>
				<time>2026-09-22T01:06:17Z</time>
			</trkpt>
			<trkpt lat="48.10228460025645" lon="-122.77190029101618">
				<ele>1.3186940932644902</ele>
				<time>2026-09-22T01:06:18Z</time>
			</trkpt>
			<trkpt lat="48.10227861261312" lon="-122.77192895873037">
				<ele>1.4019810604665572</ele>
				<time>2026-09-22T01:06:19Z</time>
			</trkpt>
			<trkpt lat="48.102272084392965" lon="-122.77195911680427">
				<ele>1.384927809127099</ele>
				<time>2026-09-22T01:06:20Z</time>
			</trkpt>
			<trkpt lat="48.102265196176496" lon="-122.77198717344895">
				<ele>1.3234783937567407</ele>
				<time>2026-09-22T01:06:21Z</time>
			</trkpt>
			<trkpt lat="48.10225921856207" lon="-122.77201775752869">
				<ele>1.3064211091380464</ele>
				<time>2026-09-22T01:06:22Z</time>
			</trkpt>
			<trkpt lat="48.10225210837246" lon="-122.7720485466696">
				<ele>1.27736087705361</ele>
				<time>2026-09-22T01:06:23Z</time>
			</trkpt>
			<trkpt lat="48.10224318347829" lon="-122.77208149196358">
				<ele>1.2421769521475454</ele>
				<time>2026-09-22T01:06:24Z</time>
			</trkpt>
			<trkpt lat="48.102235179082165" lon="-122.77211415705355">
				<ele>1.206515251789579</ele>
				<time>2026-09-22T01:06:25Z</time>
			</trkpt>
			<trkpt lat="48.10222476801833" lon="-122.77214543704511">
				<ele>1.2906385157457656</ele>
				<time>2026-09-22T01:06:26Z</time>
			</trkpt>
			<trkpt lat="48.10221616129793" lon="-122.77217679605236">
				<ele>1.383513319128788</ele>
				<time>2026-09-22T01:06:27Z</time>
			</trkpt>
			<trkpt lat="48.10220603315931" lon="-122.77220573850141">
				<ele>1.4547374822290529</ele>
				<time>2026-09-22T01:06:28Z</time>
			</trkpt>
			<trkpt lat="48.10220220744363" lon="-122.77223461626879">
				<ele>1.1597289127428034</ele>
				<time>2026-09-22T01:06:29Z</time>
			</trkpt>
			<trkpt lat="48.10220899787194" lon="-122.77226106787474">
				<ele>1.029104222221875</ele>
				<time>2026-09-22T01:06:30Z</time>
			</trkpt>
			<trkpt lat="48.10223636113926" lon="-122.77227651084468">
				<ele>1.1678859902394336</ele>
				<time>2026-09-22T01:06:32Z</time>
			</trkpt>
			<trkpt lat="48.10227229911389" lon="-122.77227956428392">
				<ele>1.0153897394714306</ele>
				<time>2026-09-22T01:06:34Z</time>
			</trkpt>
			<trkpt lat="48.102293501554605" lon="-122.77229013229186">
				<ele>1.1390674986802942</ele>
				<time>2026-09-22T01:06:35Z</time>
			</trkpt>
			<trkpt lat="48.10232924806939" lon="-122.77230052289536">
				<ele>0.9689770371125057</ele>
				<time>2026-09-22T01:06:37Z</time>
			</trkpt>
			<trkpt lat="48.10235409784927" lon="-122.77230364569063">
				<ele>1.0821612352531034</ele>
				<time>2026-09-22T01:06:38Z</time>
			</trkpt>
			<trkpt lat="48.10238214347644" lon="-122.77230887474084">
				<ele>1.0784715781353604</ele>
				<time>2026-09-22T01:06:39Z</time>
			</trkpt>
			<trkpt lat="48.10240707431757" lon="-122.77231300938467">
				<ele>1.0488727295832874</ele>
				<time>2026-09-22T01:06:40Z</time>
			</trkpt>
			<trkpt lat="48.102435135283706" lon="-122.77231679466671">
				<ele>1.0230018109156056</ele>
				<time>2026-09-22T01:06:41Z</time>
			</trkpt>
			<trkpt lat="48.102459481057515" lon="-122.77232349602328">
				<ele>1.0662407184003833</ele>
				<time>2026-09-22T01:06:42Z</time>
			</trkpt>
			<trkpt lat="48.10248408153558" lon="-122.77232974339944">
				<ele>1.1672888781173647</ele>
				<time>2026-09-22T01:06:43Z</time>
			</trkpt>
			<trkpt lat="48.102509466912444" lon="-122.77233756373776">
				<ele>1.1323387845434958</ele>
				<time>2026-09-22T01:06:44Z</time>
			</trkpt>
			<trkpt lat="48.102534476620896" lon="-122.77234198699261">
				<ele>1.0898400392177088</ele>
				<time>2026-09-22T01:06:45Z</time>
			</trkpt>
			<trkpt lat="48.102559949113235" lon="-122.77234059191207">
				<ele>1.1508727207961016</ele>
				<time>2026-09-22T01:06:46Z</time>
			</trkpt>
			<trkpt lat="48.10258658836594" lon="-122.77234925568993">
				<ele>1.1605008861842343</ele>
				<time>2026-09-22T01:06:47Z</time>
			</trkpt>
			<trkpt lat="48.10261024050029" lon="-122.77235379926984">
				<ele>1.1173317583707565</ele>
				<time>2026-09-22T01:06:48Z</time>
			</trkpt>
			<trkpt lat="48.10263104196449" lon="-122.77235894582648">
				<ele>1.1210709929702105</ele>
				<time>2026-09-22T01:06:49Z</time>
			</trkpt>
			<trkpt lat="48.102652669170446" lon="-122.77236338078048">
				<ele>1.0889221827395055</ele>
				<time>2026-09-22T01:06:50Z</time>
			</trkpt>
			<trkpt lat="48.10267540861898" lon="-122.77236746068641">
				<ele>1.1354914699185912</ele>
				<time>2026-09-22T01:06:51Z</time>
			</trkpt>
			<trkpt lat="48.102698507297205" lon="-122.77237576759534">
				<ele>1.0447259235853465</ele>
				<time>2026-09-22T01:06:52Z</time>
			</trkpt>
			<trkpt lat="48.10272042919766" lon="-122.77238075161661">
				<ele>1.028750169418263</ele>
				<time>2026-09-22T01:06:53Z</time>
			</trkpt>
			<trkpt lat="48.102746891928376" lon="-122.77238436250329">
				<ele>1.2016018497999603</ele>
				<time>2026-09-22T01:06:54Z</time>
			</trkpt>
			<trkpt lat="48.102771271736636" lon="-122.77238952010163">
				<ele>1.2270306668095508</ele>
				<time>2026-09-22T01:06:55Z</time>
			</trkpt>
			<trkpt lat="48.10279694485811" lon="-122.77239800305865">
				<ele>1.1812540207411786</ele>
				<time>2026-09-22T01:06:56Z</time>
			</trkpt>
			<trkpt lat="48.10282219608529" lon="-122.77240354344003">
				<ele>1.1173354229313581</ele>
				<time>2026-09-22T01:06:57Z</time>
			</trkpt>
			<trkpt lat="48.102848611566536" lon="-122.77241013545674">
				<ele>1.104006067707271</ele>
				<time>2026-09-22T01:06:58Z</time>
			</trkpt>
			<trkpt lat="48.102874998536755" lon="-122.77241649029776">
				<ele>1.051454397522999</ele>
				<time>2026-09-22T01:06:59Z</time>
			</trkpt>
			<trkpt lat="48.102900964727105" lon="-122.77242177578033">
				<ele>1.0553628491278069</ele>
				<time>2026-09-22T01:07:00Z</time>
			</trkpt>
			<trkpt lat="48.102925614514874" lon="-122.77242426902012">
				<ele>1.0969354349796028</ele>
				<time>2026-09-22T01:07:01Z</time>
			</trkpt>
			<trkpt lat="48.10295251579709" lon="-122.77242614308652">
				<ele>1.0426379703177346</ele>
				<time>2026-09-22T01:07:02Z</time>
			</trkpt>
			<trkpt lat="48.102976170313795" lon="-122.77243175581738">
				<ele>1.1394105004058908</ele>
				<time>2026-09-22T01:07:03Z</time>
			</trkpt>
			<trkpt lat="48.102998970946125" lon="-122.77243759266928">
				<ele>1.1370273120351513</ele>
				<time>2026-09-22T01:07:04Z</time>
			</trkpt>
			<trkpt lat="48.10302551183327" lon="-122.77244312078044">
				<ele>1.121986809518667</ele>
				<time>2026-09-22T01:07:05Z</time>
			</trkpt>
			<trkpt lat="48.103047619306565" lon="-122.77245218724214">
				<ele>1.2046283480197957</ele>
				<time>2026-09-22T01:07:06Z</time>
			</trkpt>
			<trkpt lat="48.103065977491674" lon="-122.77246766713101">
				<ele>1.2117493595503568</ele>
				<time>2026-09-22T01:07:07Z</time>
			</trkpt>
			<trkpt lat="48.10308542039901" lon="-122.77248170674979">
				<ele>1.2373642488559682</ele>
				<time>2026-09-22T01:07:08Z</time>
			</trkpt>
			<trkpt lat="48.10310459167652" lon="-122.77249647676985">
				<ele>1.2383684621761866</ele>
				<time>2026-09-22T01:07:09Z</time>
			</trkpt>
			<trkpt lat="48.103125005010284" lon="-122.77251065528868">
				<ele>1.236710463071642</ele>
				<time>2026-09-22T01:07:10Z</time>
			</trkpt>
			<trkpt lat="48.10314766230137" lon="-122.77252509285573">
				<ele>1.2520910205178772</ele>
				<time>2026-09-22T01:07:11Z</time>
			</trkpt>
			<trkpt lat="48.10316853881168" lon="-122.77253914708707">
				<ele>1.1694232640433846</ele>
				<time>2026-09-22T01:07:12Z</time>
			</trkpt>
			<trkpt lat="48.10319136111606" lon="-122.77254906191743">
				<ele>1.1474202569720653</ele>
				<time>2026-09-22T01:07:13Z</time>
			</trkpt>
			<trkpt lat="48.10321279807848" lon="-122.77255927459883">
				<ele>1.1315296653026614</ele>
				<time>2026-09-22T01:07:14Z</time>
			</trkpt>
			<trkpt lat="48.10323312124124" lon="-122.77257055898153">
				<ele>1.1007250727808078</ele>
				<time>2026-09-22T01:07:15Z</time>
			</trkpt>
			<trkpt lat="48.10325366924452" lon="-122.77258192766314">
				<ele>1.1150172353230872</ele>
				<time>2026-09-22T01:07:16Z</time>
			</trkpt>
			<trkpt lat="48.10327197903614" lon="-122.77259053112523">
				<ele>1.1224484100349272</ele>
				<time>2026-09-22T01:07:17Z</time>
			</trkpt>
			<trkpt lat="48.103290865292244" lon="-122.77260503738314">
				<ele>1.1990328638814596</ele>
				<time>2026-09-22T01:07:18Z</time>
			</trkpt>
			<trkpt lat="48.103308936040335" lon="-122.7726198175692">
				<ele>1.162740495384373</ele>
				<time>2026-09-22T01:07:19Z</time>
			</trkpt>
			<trkpt lat="48.10332972130427" lon="-122.77263539755006">
				<ele>1.1790615623438718</ele>
				<time>2026-09-22T01:07:20Z</time>
			</trkpt>
			<trkpt lat="48.10334650351455" lon="-122.77265069967734">
				<ele>1.131214246287005</ele>
				<time>2026-09-22T01:07:21Z</time>
			</trkpt>
			<trkpt lat="48.10336349940704" lon="-122.77267054605957">
				<ele>1.0590118338097376</ele>
				<time>2026-09-22T01:07:22Z</time>
			</trkpt>
			<trkpt lat="48.103378733478095" lon="-122.77269048586354">
				<ele>1.091071174086487</ele>
				<time>2026-09-22T01:07:23Z</time>
			</trkpt>
			<trkpt lat="48.10339229056194" lon="-122.77270846729594">
				<ele>1.0809047207025202</ele>
				<time>2026-09-22T01:07:24Z</time>
			</trkpt>
			<trkpt lat="48.10340618540841" lon="-122.77272937765208">
				<ele>0.940562983533443</ele>
				<time>2026-09-22T01:07:25Z</time>
			</trkpt>
			<trkpt lat="48.103411591712835" lon="-122.77276749170623">
				<ele>1.0414174326493182</ele>
				<time>2026-09-22T01:07:27Z</time>
			</trkpt>
			<trkpt lat="48.10340598782435" lon="-122.77279571869833">
				<ele>1.0193734731202824</ele>
				<time>2026-09-22T01:07:29Z</time>
			</trkpt>
			<trkpt lat="48.1033966044227" lon="-122.77282983558624">
				<ele>0.9801370058099685</ele>
				<time>2026-09-22T01:07:33Z</time>
			</trkpt>
			<trkpt lat="48.10338380312321" lon="-122.77286326256238">
				<ele>1.0588100841848203</ele>
				<time>2026-09-22T01:07:36Z</time>
			</trkpt>
			<trkpt lat="48.10337794025722" lon="-122.77289245389214">
				<ele>1.2065684118088633</ele>
				<time>2026-09-22T01:07:38Z</time>
			</trkpt>
			<trkpt lat="48.103364002929524" lon="-122.77291975172831">
				<ele>1.2254692190187022</ele>
				<time>2026-09-22T01:07:40Z</time>
			</trkpt>
			<trkpt lat="48.10334896926467" lon="-122.77295324018533">
				<ele>1.2535802082305914</ele>
				<time>2026-09-22T01:07:42Z</time>
			</trkpt>
			<trkpt lat="48.10333793060364" lon="-122.77299549954093">
				<ele>1.2790735412901775</ele>
				<time>2026-09-22T01:07:44Z</time>
			</trkpt>
			<trkpt lat="48.103323373835615" lon="-122.77303890745844">
				<ele>1.151606808174492</ele>
				<time>2026-09-22T01:07:46Z</time>
			</trkpt>
			<trkpt lat="48.103315567905746" lon="-122.77306355742262">
				<ele>1.1621841839450582</ele>
				<time>2026-09-22T01:07:47Z</time>
			</trkpt>
			<trkpt lat="48.103301599924784" lon="-122.77311201617782">
				<ele>1.1461781981280126</ele>
				<time>2026-09-22T01:07:49Z</time>
			</trkpt>
			<trkpt lat="48.103287506546536" lon="-122.77315769148711">
				<ele>1.1053356768456553</ele>
				<time>2026-09-22T01:07:51Z</time>
			</trkpt>
			<trkpt lat="48.10327258022357" lon="-122.77320483500462">
				<ele>1.1334914123716295</ele>
				<time>2026-09-22T01:07:53Z</time>
			</trkpt>
			<trkpt lat="48.103263460254816" lon="-122.77323018228816">
				<ele>1.099138350368385</ele>
				<time>2026-09-22T01:07:54Z</time>
			</trkpt>
			<trkpt lat="48.10325393483464" lon="-122.77325407275764">
				<ele>1.1724313971040665</ele>
				<time>2026-09-22T01:07:55Z</time>
			</trkpt>
			<trkpt lat="48.103243321751336" lon="-122.77327878196455">
				<ele>1.1777350670951776</ele>
				<time>2026-09-22T01:07:56Z</time>
			</trkpt>
			<trkpt lat="48.10323333109411" lon="-122.77330300179041">
				<ele>1.1596246111301483</ele>
				<time>2026-09-22T01:07:57Z</time>
			</trkpt>
			<trkpt lat="48.10322160080267" lon="-122.77332521585093">
				<ele>1.1291339985110511</ele>
				<time>2026-09-22T01:07:58Z</time>
			</trkpt>
			<trkpt lat="48.103209747121184" lon="-122.77334640836133">
				<ele>1.1271715718451247</ele>
				<time>2026-09-22T01:07:59Z</time>
			</trkpt>
			<trkpt lat="48.10319864070441" lon="-122.77336970348763">
				<ele>1.1044918748391552</ele>
				<time>2026-09-22T01:08:00Z</time>
			</trkpt>
			<trkpt lat="48.10318711631771" lon="-122.77339053045286">
				<ele>1.0707310660811586</ele>
				<time>2026-09-22T01:08:01Z</time>
			</trkpt>
			<trkpt lat="48.1031697172362" lon="-122.77342638946314">
				<ele>1.3247623836842166</ele>
				<time>2026-09-22T01:08:03Z</time>
			</trkpt>
			<trkpt lat="48.1031513595424" lon="-122.77346248343467">
				<ele>1.3382989138130377</ele>
				<time>2026-09-22T01:08:05Z</time>
			</trkpt>
			<trkpt lat="48.10313079926864" lon="-122.77349805297503">
				<ele>1.3400931974955768</ele>
				<time>2026-09-22T01:08:07Z</time>
			</trkpt>
			<trkpt lat="48.10311170603475" lon="-122.77353883612565">
				<ele>1.3268462600138378</ele>
				<time>2026-09-22T01:08:09Z</time>
			</trkpt>
			<trkpt lat="48.103098252283544" lon="-122.77356056967287">
				<ele>1.3061732804575996</ele>
				<time>2026-09-22T01:08:10Z</time>
			</trkpt>
			<trkpt lat="48.103080767626864" lon="-122.77356763870996">
				<ele>1.460714505290312</ele>
				<time>2026-09-22T01:08:11Z</time>
			</trkpt>
			<trkpt lat="48.103058006146085" lon="-122.77357362678475">
				<ele>1.4269827340518297</ele>
				<time>2026-09-22T01:08:12Z</time>
			</trkpt>
			<trkpt lat="48.10303572886801" lon="-122.77356792181008">
				<ele>1.2803011034248577</ele>
				<time>2026-09-22T01:08:13Z</time>
			</trkpt>
			<trkpt lat="48.10301228231118" lon="-122.77355046919857">
				<ele>1.2449251868592413</ele>
				<time>2026-09-22T01:08:14Z</time>
			</trkpt>
			<trkpt lat="48.10299464214996" lon="-122.77352394288276">
				<ele>1.2083813553064786</ele>
				<time>2026-09-22T01:08:15Z</time>
			</trkpt>
			<trkpt lat="48.10298140824145" lon="-122.77349329460908">
				<ele>1.1131661995044446</ele>
				<time>2026-09-22T01:08:16Z</time>
			</trkpt>
			<trkpt lat="48.10297181993442" lon="-122.77346305619307">
				<ele>1.001102645605478</ele>
				<time>2026-09-22T01:08:17Z</time>
			</trkpt>
			<trkpt lat="48.10296527770675" lon="-122.77343155797202">
				<ele>1.0071831907017703</ele>
				<time>2026-09-22T01:08:18Z</time>
			</trkpt>
			<trkpt lat="48.10296172508454" lon="-122.7733994082891">
				<ele>1.065847017411766</ele>
				<time>2026-09-22T01:08:19Z</time>
			</trkpt>
			<trkpt lat="48.1029586579632" lon="-122.77336753499421">
				<ele>1.036233249277256</ele>
				<time>2026-09-22T01:08:20Z</time>
			</trkpt>
			<trkpt lat="48.10295825334399" lon="-122.77333580752064">
				<ele>1.071037976817049</ele>
				<time>2026-09-22T01:08:21Z</time>
			</trkpt>
			<trkpt lat="48.102957901197435" lon="-122.77330483917174">
				<ele>1.0774455330717174</ele>
				<time>2026-09-22T01:08:22Z</time>
			</trkpt>
			<trkpt lat="48.10295833479346" lon="-122.77327357903074">
				<ele>1.1623723746617571</ele>
				<time>2026-09-22T01:08:23Z</time>
			</trkpt>
			<trkpt lat="48.102957951696204" lon="-122.77324310710668">
				<ele>1.1869374478078605</ele>
				<time>2026-09-22T01:08:24Z</time>
			</trkpt>
			<trkpt lat="48.10295836948486" lon="-122.773210393848">
				<ele>1.1448239829119125</ele>
				<time>2026-09-22T01:08:25Z</time>
			</trkpt>
			<trkpt lat="48.102958679964956" lon="-122.77317862766543">
				<ele>1.1332189382147533</ele>
				<time>2026-09-22T01:08:26Z</time>
			</trkpt>
			<trkpt lat="48.102957481497185" lon="-122.77314773391241">
				<ele>1.1283821799609584</ele>
				<time>2026-09-22T01:08:27Z</time>
			</trkpt>
			<trkpt lat="48.10295675801973" lon="-122.77311640705894">
				<ele>1.1082012668192753</ele>
				<time>2026-09-22T01:08:28Z</time>
			</trkpt>
			<trkpt lat="48.10295361194674" lon="-122.77308393447353">
				<ele>1.1144118144863207</ele>
				<time>2026-09-22T01:08:29Z</time>
			</trkpt>
			<trkpt lat="48.102949587585755" lon="-122.77305151018918">
				<ele>1.1263011619289465</ele>
				<time>2026-09-22T01:08:30Z</time>
			</trkpt>
			<trkpt lat="48.102943286201025" lon="-122.77302022656446">
				<ele>1.140406971302486</ele>
				<time>2026-09-22T01:08:31Z</time>
			</trkpt>
			<trkpt lat="48.10293806008016" lon="-122.77298759535826">
				<ele>1.144364433468855</ele>
				<time>2026-09-22T01:08:32Z</time>
			</trkpt>
			<trkpt lat="48.1029331483713" lon="-122.7729559189983">
				<ele>1.1556941298595476</ele>
				<time>2026-09-22T01:08:33Z</time>
			</trkpt>
			<trkpt lat="48.102929645773685" lon="-122.77292403202466">
				<ele>1.1529971203619347</ele>
				<time>2026-09-22T01:08:34Z</time>
			</trkpt>
			<trkpt lat="48.10292785413163" lon="-122.77289269924474">
				<ele>1.2061471397631074</ele>
				<time>2026-09-22T01:08:35Z</time>
			</trkpt>
			<trkpt lat="48.102925705883536" lon="-122.77286018522801">
				<ele>1.1885527416807555</ele>
				<time>2026-09-22T01:08:36Z</time>
			</trkpt>
			<trkpt lat="48.10292312333175" lon="-122.77282668502326">
				<ele>1.1301159697082426</ele>
				<time>2026-09-22T01:08:37Z</time>
			</trkpt>
			<trkpt lat="48.1029202005393" lon="-122.77279249040605">
				<ele>1.1242110941568768</ele>
				<time>2026-09-22T01:08:38Z</time>
			</trkpt>
			<trkpt lat="48.10291890738719" lon="-122.77275875844337">
				<ele>1.1642238595588559</ele>
				<time>2026-09-22T01:08:39Z</time>
			</trkpt>
			<trkpt lat="48.10291787219438" lon="-122.77272644087071">
				<ele>1.1402147256829451</ele>
				<time>2026-09-22T01:08:40Z</time>
			</trkpt>
			<trkpt lat="48.10291758769122" lon="-122.77269466680941">
				<ele>1.1618367894915593</ele>
				<time>2026-09-22T01:08:41Z</time>
			</trkpt>
			<trkpt lat="48.10291678314282" lon="-122.77266320564775">
				<ele>1.142153148395142</ele>
				<time>2026-09-22T01:08:42Z</time>
			</trkpt>
			<trkpt lat="48.102915399002654" lon="-122.77263045929604">
				<ele>1.2422992434742106</ele>
				<time>2026-09-22T01:08:43Z</time>
			</trkpt>
			<trkpt lat="48.10291545338063" lon="-122.77259661598089">
				<ele>1.150486935364924</ele>
				<time>2026-09-22T01:08:44Z</time>
			</trkpt>
			<trkpt lat="48.1029160333489" lon="-122.77256172224374">
				<ele>1.223981278746301</ele>
				<time>2026-09-22T01:08:45Z</time>
			</trkpt>
			<trkpt lat="48.102915093635104" lon="-122.77252558940728">
				<ele>1.3061809605356984</ele>
				<time>2026-09-22T01:08:46Z</time>
			</trkpt>
			<trkpt lat="48.102911850043114" lon="-122.77249086764043">
				<ele>1.1850169194776186</ele>
				<time>2026-09-22T01:08:47Z</time>
			</trkpt>
			<trkpt lat="48.102907225359466" lon="-122.77245585905463">
				<ele>1.180679507294709</ele>
				<time>2026-09-22T01:08:48Z</time>
			</trkpt>
			<trkpt lat="48.10290359717314" lon="-122.77242107013934">
				<ele>1.2210009266162878</ele>
				<time>2026-09-22T01:08:49Z</time>
			</trkpt>
			<trkpt lat="48.10290027252469" lon="-122.77238716024696">
				<ele>1.2350846925106254</ele>
				<time>2026-09-22T01:08:50Z</time>
			</trkpt>
			<trkpt lat="48.102897966461796" lon="-122.77235466044039">
				<ele>1.2386447704191497</ele>
				<time>2026-09-22T01:08:51Z</time>
			</trkpt>
			<trkpt lat="48.10289585992931" lon="-122.77231999480887">
				<ele>1.1852544193727717</ele>
				<time>2026-09-22T01:08:52Z</time>
			</trkpt>
			<trkpt lat="48.102893798961" lon="-122.7722867438373">
				<ele>1.1889553283500511</ele>
				<time>2026-09-22T01:08:53Z</time>
			</trkpt>
			<trkpt lat="48.102891964116175" lon="-122.77225390106439">
				<ele>1.2192365960501803</ele>
				<time>2026-09-22T01:08:54Z</time>
			</trkpt>
			<trkpt lat="48.10289018752067" lon="-122.77222127712616">
				<ele>1.1748310978667043</ele>
				<time>2026-09-22T01:08:55Z</time>
			</trkpt>
			<trkpt lat="48.102887586832296" lon="-122.7721893745545">
				<ele>1.2166684233037905</ele>
				<time>2026-09-22T01:08:56Z</time>
			</trkpt>
			<trkpt lat="48.10288527120314" lon="-122.77215734608335">
				<ele>1.2026174321199044</ele>
				<time>2026-09-22T01:08:57Z</time>
			</trkpt>
			<trkpt lat="48.10288265648348" lon="-122.77212581788454">
				<ele>1.1943974188480517</ele>
				<time>2026-09-22T01:08:58Z</time>
			</trkpt>
			<trkpt lat="48.10287955387218" lon="-122.77209361685732">
				<ele>1.2057908322071036</ele>
				<time>2026-09-22T01:08:59Z</time>
			</trkpt>
			<trkpt lat="48.10287754580103" lon="-122.77206170854892">
				<ele>1.2036749869273464</ele>
				<time>2026-09-22T01:09:00Z</time>
			</trkpt>
			<trkpt lat="48.10287618422291" lon="-122.77202960265694">
				<ele>1.1874048844161535</ele>
				<time>2026-09-22T01:09:01Z</time>
			</trkpt>
			<trkpt lat="48.102874803584626" lon="-122.77199795818922">
				<ele>1.1695526558613274</ele>
				<time>2026-09-22T01:09:02Z</time>
			</trkpt>
			<trkpt lat="48.10287547024252" lon="-122.77196592850034">
				<ele>1.1734944519918429</ele>
				<time>2026-09-22T01:09:03Z</time>
			</trkpt>
			<trkpt lat="48.10287481755533" lon="-122.7719324205322">
				<ele>1.1766298784989608</ele>
				<time>2026-09-22T01:09:04Z</time>
			</trkpt>
			<trkpt lat="48.10287642821116" lon="-122.77189860728376">
				<ele>1.1801989111927362</ele>
				<time>2026-09-22T01:09:05Z</time>
			</trkpt>
			<trkpt lat="48.10287914238524" lon="-122.77186427423491">
				<ele>1.164126378438393</ele>
				<time>2026-09-22T01:09:06Z</time>
			</trkpt>
			<trkpt lat="48.10288161248101" lon="-122.77183013380032">
				<ele>1.1469549191013577</ele>
				<time>2026-09-22T01:09:07Z</time>
			</trkpt>
			<trkpt lat="48.10288121283971" lon="-122.77179714773159">
				<ele>1.1223636790087816</ele>
				<time>2026-09-22T01:09:08Z</time>
			</trkpt>
			<trkpt lat="48.10288114594284" lon="-122.7717631843197">
				<ele>1.123897631008468</ele>
				<time>2026-09-22T01:09:09Z</time>
			</trkpt>
			<trkpt lat="48.10287989990973" lon="-122.7717293233022">
				<ele>1.2844606700339511</ele>
				<time>2026-09-22T01:09:10Z</time>
			</trkpt>
			<trkpt lat="48.10287248988727" lon="-122.7716976067349">
				<ele>1.1857521474544122</ele>
				<time>2026-09-22T01:09:11Z</time>
			</trkpt>
			<trkpt lat="48.102865630188646" lon="-122.77166805165753">
				<ele>1.3070043110636327</ele>
				<time>2026-09-22T01:09:12Z</time>
			</trkpt>
			<trkpt lat="48.10285880843559" lon="-122.77163522312179">
				<ele>1.3279968766903316</ele>
				<time>2026-09-22T01:09:13Z</time>
			</trkpt>
			<trkpt lat="48.10285297296362" lon="-122.7716028763343">
				<ele>1.3149828746898962</ele>
				<time>2026-09-22T01:09:14Z</time>
			</trkpt>
			<trkpt lat="48.102849523308656" lon="-122.77157038806571">
				<ele>1.3259396594195572</ele>
				<time>2026-09-22T01:09:15Z</time>
			</trkpt>
			<trkpt lat="48.10284606658927" lon="-122.77153793240079">
				<ele>1.3350988680461455</ele>
				<time>2026-09-22T01:09:16Z</time>
			</trkpt>
			<trkpt lat="48.10284199384649" lon="-122.7715056033527">
				<ele>1.3571283555475233</ele>
				<time>2026-09-22T01:09:17Z</time>
			</trkpt>
			<trkpt lat="48.10283832916709" lon="-122.7714734501882">
				<ele>1.370053409114746</ele>
				<time>2026-09-22T01:09:18Z</time>
			</trkpt>
			<trkpt lat="48.1028358728613" lon="-122.7714404196559">
				<ele>1.35918298519816</ele>
				<time>2026-09-22T01:09:19Z</time>
			</trkpt>
			<trkpt lat="48.10283255309872" lon="-122.77140829114308">
				<ele>1.3646373541654562</ele>
				<time>2026-09-22T01:09:20Z</time>
			</trkpt>
			<trkpt lat="48.10282787015773" lon="-122.77137575381599">
				<ele>1.3327411977467278</ele>
				<time>2026-09-22T01:09:21Z</time>
			</trkpt>
			<trkpt lat="48.10282227334081" lon="-122.77134428150718">
				<ele>1.3262394225488237</ele>
				<time>2026-09-22T01:09:22Z</time>
			</trkpt>
			<trkpt lat="48.102815982771546" lon="-122.77131469816169">
				<ele>1.2919079100301651</ele>
				<time>2026-09-22T01:09:23Z</time>
			</trkpt>
			<trkpt lat="48.10280979688167" lon="-122.77128429297238">
				<ele>1.2433457114740598</ele>
				<time>2026-09-22T01:09:24Z</time>
			</trkpt>
			<trkpt lat="48.10280317235917" lon="-122.771253667129">
				<ele>1.2695445144829272</ele>
				<time>2026-09-22T01:09:25Z</time>
			</trkpt>
			<trkpt lat="48.10279707164062" lon="-122.77122222275288">
				<ele>1.2357797647081128</ele>
				<time>2026-09-22T01:09:26Z</time>
			</trkpt>
			<trkpt lat="48.10279212327397" lon="-122.77119013043723">
				<ele>1.326553230621606</ele>
				<time>2026-09-22T01:09:27Z</time>
			</trkpt>
			<trkpt lat="48.102789719756494" lon="-122.77115781798956">
				<ele>1.2794904429326053</ele>
				<time>2026-09-22T01:09:28Z</time>
			</trkpt>
			<trkpt lat="48.10279041807753" lon="-122.77112405447735">
				<ele>1.3506541710342077</ele>
				<time>2026-09-22T01:09:29Z</time>
			</trkpt>
			<trkpt lat="48.10279256164104" lon="-122.77108953354943">
				<ele>1.356155854370499</ele>
				<time>2026-09-22T01:09:30Z</time>
			</trkpt>
			<trkpt lat="48.10279460605388" lon="-122.77105291761269">
				<ele>1.3358400325885853</ele>
				<time>2026-09-22T01:09:31Z</time>
			</trkpt>
			<trkpt lat="48.10279329608334" lon="-122.77101599036634">
				<ele>1.332227745737729</ele>
				<time>2026-09-22T01:09:32Z</time>
			</trkpt>
			<trkpt lat="48.10279154727804" lon="-122.77097945079036">
				<ele>1.2951475315116987</ele>
				<time>2026-09-22T01:09:33Z</time>
			</trkpt>
			<trkpt lat="48.10278975098533" lon="-122.7709449081783">
				<ele>1.3167507690566467</ele>
				<time>2026-09-22T01:09:34Z</time>
			</trkpt>
			<trkpt lat="48.102787750681685" lon="-122.77091170489742">
				<ele>1.3211212464179525</ele>
				<time>2026-09-22T01:09:35Z</time>
			</trkpt>
			<trkpt lat="48.102784656976446" lon="-122.77087889186629">
				<ele>1.3578549722423112</ele>
				<time>2026-09-22T01:09:36Z</time>
			</trkpt>
			<trkpt lat="48.1027809942602" lon="-122.77084484401664">
				<ele>1.324129282124698</ele>
				<time>2026-09-22T01:09:37Z</time>
			</trkpt>
			<trkpt lat="48.10277733564788" lon="-122.77081095573877">
				<ele>1.3458092624111444</ele>
				<time>2026-09-22T01:09:38Z</time>
			</trkpt>
			<trkpt lat="48.10277395408422" lon="-122.77077601865419">
				<ele>1.3509218519487867</ele>
				<time>2026-09-22T01:09:39Z</time>
			</trkpt>
			<trkpt lat="48.102770805924" lon="-122.77074157044323">
				<ele>1.324482082517612</ele>
				<time>2026-09-22T01:09:40Z</time>
			</trkpt>
			<trkpt lat="48.10276802827354" lon="-122.77070797787552">
				<ele>1.3506148766125143</ele>
				<time>2026-09-22T01:09:41Z</time>
			</trkpt>
			<trkpt lat="48.10276563310021" lon="-122.77067582387217">
				<ele>1.3764307339275987</ele>
				<time>2026-09-22T01:09:42Z</time>
			</trkpt>
			<trkpt lat="48.10276318836409" lon="-122.77064304352197">
				<ele>1.35789029141338</ele>
				<time>2026-09-22T01:09:43Z</time>
			</trkpt>
			<trkpt lat="48.10275972415056" lon="-122.77061066502077">
				<ele>1.369470356575686</ele>
				<time>2026-09-22T01:09:44Z</time>
			</trkpt>
			<trkpt lat="48.102756584496184" lon="-122.77057799164363">
				<ele>1.362359164372819</ele>
				<time>2026-09-22T01:09:45Z</time>
			</trkpt>
			<trkpt lat="48.102752270665995" lon="-122.77054561368283">
				<ele>1.3345190617503917</ele>
				<time>2026-09-22T01:09:46Z</time>
			</trkpt>
			<trkpt lat="48.1027466068301" lon="-122.77051453786447">
				<ele>1.3464098371669806</ele>
				<time>2026-09-22T01:09:47Z</time>
			</trkpt>
			<trkpt lat="48.102740716771926" lon="-122.77048373201816">
				<ele>1.3405157545965025</ele>
				<time>2026-09-22T01:09:48Z</time>
			</trkpt>
			<trkpt lat="48.10273541716094" lon="-122.77045230489716">
				<ele>1.3287835829771524</ele>
				<time>2026-09-22T01:09:49Z</time>
			</trkpt>
			<trkpt lat="48.10273086328518" lon="-122.77042101739171">
				<ele>1.3717750769459407</ele>
				<time>2026-09-22T01:09:50Z</time>
			</trkpt>
			<trkpt lat="48.102726129427026" lon="-122.77039071545502">
				<ele>1.3442746534725032</ele>
				<time>2026-09-22T01:09:51Z</time>
			</trkpt>
			<trkpt lat="48.10272060893597" lon="-122.77035930791097">
				<ele>1.3243881290753166</ele>
				<time>2026-09-22T01:09:52Z</time>
			</trkpt>
			<trkpt lat="48.10271543993423" lon="-122.77032862124166">
				<ele>1.3351303410105047</ele>
				<time>2026-09-22T01:09:53Z</time>
			</trkpt>
			<trkpt lat="48.10271101364035" lon="-122.77029798980746">
				<ele>1.338066296035052</ele>
				<time>2026-09-22T01:09:54Z</time>
			</trkpt>
			<trkpt lat="48.10270744617138" lon="-122.7702675738409">
				<ele>1.327092690098624</ele>
				<time>2026-09-22T01:09:55Z</time>
			</trkpt>
			<trkpt lat="48.10270414562364" lon="-122.77023817762834">
				<ele>1.3030916803573511</ele>
				<time>2026-09-22T01:09:56Z</time>
			</trkpt>
			<trkpt lat="48.10270117625635" lon="-122.77020842108206">
				<ele>1.28946666745734</ele>
				<time>2026-09-22T01:09:57Z</time>
			</trkpt>
			<trkpt lat="48.102698139823836" lon="-122.77017978050819">
				<ele>1.2874295852923474</ele>
				<time>2026-09-22T01:09:58Z</time>
			</trkpt>
			<trkpt lat="48.10269435252444" lon="-122.77015165804426">
				<ele>1.247499199066496</ele>
				<time>2026-09-22T01:09:59Z</time>
			</trkpt>
			<trkpt lat="48.102690026412944" lon="-122.7701246080649">
				<ele>1.2672829270974049</ele>
				<time>2026-09-22T01:10:00Z</time>
			</trkpt>
			<trkpt lat="48.102680578088425" lon="-122.77007422884589">
				<ele>1.268748071236672</ele>
				<time>2026-09-22T01:10:02Z</time>
			</trkpt>
			<trkpt lat="48.102676435910695" lon="-122.77004788698363">
				<ele>1.2579385346464491</ele>
				<time>2026-09-22T01:10:03Z</time>
			</trkpt>
			<trkpt lat="48.10267061985271" lon="-122.77002225393345">
				<ele>1.2349809103930838</ele>
				<time>2026-09-22T01:10:04Z</time>
			</trkpt>
			<trkpt lat="48.102663904667786" lon="-122.76999622688551">
				<ele>1.2559845689405797</ele>
				<time>2026-09-22T01:10:05Z</time>
			</trkpt>
			<trkpt lat="48.102655831883425" lon="-122.76996893788002">
				<ele>1.323743186087551</ele>
				<time>2026-09-22T01:10:06Z</time>
			</trkpt>
			<trkpt lat="48.10264635889757" lon="-122.76994012777321">
				<ele>1.287717378718586</ele>
				<time>2026-09-22T01:10:07Z</time>
			</trkpt>
			<trkpt lat="48.102636040875" lon="-122.76991192867477">
				<ele>1.2090877371059605</ele>
				<time>2026-09-22T01:10:08Z</time>
			</trkpt>
			<trkpt lat="48.1026242359139" lon="-122.76988653570338">
				<ele>1.1698903301833816</ele>
				<time>2026-09-22T01:10:09Z</time>
			</trkpt>
			<trkpt lat="48.10261775705443" lon="-122.76985545244447">
				<ele>1.1937470627215951</ele>
				<time>2026-09-22T01:10:10Z</time>
			</trkpt>
			<trkpt lat="48.1026134923378" lon="-122.76982338944526">
				<ele>1.1465915182687354</ele>
				<time>2026-09-22T01:10:11Z</time>
			</trkpt>
			<trkpt lat="48.102609703249854" lon="-122.76979128126993">
				<ele>1.1383319207916394</ele>
				<time>2026-09-22T01:10:12Z</time>
			</trkpt>
			<trkpt lat="48.10260820784834" lon="-122.76975923959638">
				<ele>1.16773894931708</ele>
				<time>2026-09-22T01:10:13Z</time>
			</trkpt>
			<trkpt lat="48.10260809320238" lon="-122.76972689663366">
				<ele>1.0988408019272917</ele>
				<time>2026-09-22T01:10:14Z</time>
			</trkpt>
			<trkpt lat="48.102609410555885" lon="-122.76969445596343">
				<ele>1.1704116768527228</ele>
				<time>2026-09-22T01:10:15Z</time>
			</trkpt>
			<trkpt lat="48.102616585920124" lon="-122.7696625433344">
				<ele>1.1173773357493744</ele>
				<time>2026-09-22T01:10:16Z</time>
			</trkpt>
			<trkpt lat="48.10262340182655" lon="-122.76963622257975">
				<ele>1.1018358885289246</ele>
				<time>2026-09-22T01:10:17Z</time>
			</trkpt>
			<trkpt lat="48.102646307660336" lon="-122.76960029520929">
				<ele>1.1120048683626003</ele>
				<time>2026-09-22T01:10:19Z</time>
			</trkpt>
			<trkpt lat="48.10268078603114" lon="-122.76958831520852">
				<ele>1.0408679354126669</ele>
				<time>2026-09-22T01:10:21Z</time>
			</trkpt>
			<trkpt lat="48.10271188513034" lon="-122.76957146026834">
				<ele>1.495985242001236</ele>
				<time>2026-09-22T01:10:23Z</time>
			</trkpt>
			<trkpt lat="48.10273700970052" lon="-122.76957530191707">
				<ele>1.127492209758195</ele>
				<time>2026-09-22T01:10:25Z</time>
			</trkpt>
			<trkpt lat="48.10276070680601" lon="-122.7695775723177">
				<ele>1.3451868216886496</ele>
				<time>2026-09-22T01:10:27Z</time>
			</trkpt>
			<trkpt lat="48.10278220297322" lon="-122.76957828155311">
				<ele>1.2692673536292993</ele>
				<time>2026-09-22T01:10:29Z</time>
			</trkpt>
			<trkpt lat="48.10281059251515" lon="-122.76957197521548">
				<ele>1.3393136780512087</ele>
				<time>2026-09-22T01:10:32Z</time>
			</trkpt>
			<trkpt lat="48.10283883591094" lon="-122.76957172224695">
				<ele>1.1014084130154345</ele>
				<time>2026-09-22T01:10:34Z</time>
			</trkpt>
			<trkpt lat="48.10286692177869" lon="-122.76955828548307">
				<ele>1.0864912785207892</ele>
				<time>2026-09-22T01:10:36Z</time>
			</trkpt>
			<trkpt lat="48.10289364968905" lon="-122.7695345895527">
				<ele>1.3466018785442877</ele>
				<time>2026-09-22T01:10:38Z</time>
			</trkpt>
			<trkpt lat="48.1029198345174" lon="-122.7695073160238">
				<ele>1.081693576141081</ele>
				<time>2026-09-22T01:10:40Z</time>
			</trkpt>
			<trkpt lat="48.102940194566955" lon="-122.7694804444931">
				<ele>1.147666032137142</ele>
				<time>2026-09-22T01:10:42Z</time>
			</trkpt>
			<trkpt lat="48.10297486005479" lon="-122.76946683252604">
				<ele>1.2752575279427099</ele>
				<time>2026-09-22T01:10:44Z</time>
			</trkpt>
			<trkpt lat="48.10299519934479" lon="-122.769457880292">
				<ele>0.9770275413410232</ele>
				<time>2026-09-22T01:10:45Z</time>
			</trkpt>
			<trkpt lat="48.10302487465394" lon="-122.76945168499117">
				<ele>1.312907502142398</ele>
				<time>2026-09-22T01:10:47Z</time>
			</trkpt>
			<trkpt lat="48.10305224510009" lon="-122.76945860553812">
				<ele>1.11826318051574</ele>
				<time>2026-09-22T01:10:49Z</time>
			</trkpt>
			<trkpt lat="48.10306420646762" lon="-122.7694829509024">
				<ele>1.1378833298837705</ele>
				<time>2026-09-22T01:10:54Z</time>
			</trkpt>
			<trkpt lat="48.103047598172026" lon="-122.7695060551974">
				<ele>1.296724431201561</ele>
				<time>2026-09-22T01:10:56Z</time>
			</trkpt>
			<trkpt lat="48.103029190544866" lon="-122.76951977863477">
				<ele>1.1047887446072515</ele>
				<time>2026-09-22T01:10:57Z</time>
			</trkpt>
			<trkpt lat="48.10300902367333" lon="-122.76952475116215">
				<ele>1.1778742603246073</ele>
				<time>2026-09-22T01:10:58Z</time>
			</trkpt>
			<trkpt lat="48.102983520455346" lon="-122.76952946046673">
				<ele>1.1280898145838236</ele>
				<time>2026-09-22T01:10:59Z</time>
			</trkpt>
			<trkpt lat="48.10295180533809" lon="-122.76953061513044">
				<ele>1.0784714308956183</ele>
				<time>2026-09-22T01:11:00Z</time>
			</trkpt>
			<trkpt lat="48.102919204333" lon="-122.76952537001621">
				<ele>1.0962069400477006</ele>
				<time>2026-09-22T01:11:01Z</time>
			</trkpt>
			<trkpt lat="48.10289070963878" lon="-122.7695233172106">
				<ele>1.2487834918495722</ele>
				<time>2026-09-22T01:11:02Z</time>
			</trkpt>
			<trkpt lat="48.10286139560829" lon="-122.76951522188833">
				<ele>1.249839961352361</ele>
				<time>2026-09-22T01:11:03Z</time>
			</trkpt>
			<trkpt lat="48.10283351721124" lon="-122.76950990710422">
				<ele>1.213022316281556</ele>
				<time>2026-09-22T01:11:04Z</time>
			</trkpt>
			<trkpt lat="48.102806647242836" lon="-122.76950387576883">
				<ele>1.185666361404902</ele>
				<time>2026-09-22T01:11:05Z</time>
			</trkpt>
			<trkpt lat="48.10278059618762" lon="-122.76949651139645">
				<ele>1.1810990284496725</ele>
				<time>2026-09-22T01:11:06Z</time>
			</trkpt>
			<trkpt lat="48.102756129321996" lon="-122.76948458019578">
				<ele>1.2017191749858362</ele>
				<time>2026-09-22T01:11:07Z</time>
			</trkpt>
			<trkpt lat="48.10273074235395" lon="-122.76947377288975">
				<ele>1.170440767143532</ele>
				<time>2026-09-22T01:11:08Z</time>
			</trkpt>
			<trkpt lat="48.10270705947271" lon="-122.76946303343078">
				<ele>1.1540817472140965</ele>
				<time>2026-09-22T01:11:09Z</time>
			</trkpt>
			<trkpt lat="48.10268247356271" lon="-122.76945049982874">
				<ele>1.2427780272581899</ele>
				<time>2026-09-22T01:11:10Z</time>
			</trkpt>
			<trkpt lat="48.10265661125821" lon="-122.76944196253424">
				<ele>1.1978925528484723</ele>
				<time>2026-09-22T01:11:11Z</time>
			</trkpt>
			<trkpt lat="48.102631399308336" lon="-122.76943618634297">
				<ele>1.17165929084549</ele>
				<time>2026-09-22T01:11:12Z</time>
			</trkpt>
			<trkpt lat="48.10260525088074" lon="-122.76943069244656">
				<ele>1.1567337592147346</ele>
				<time>2026-09-22T01:11:13Z</time>
			</trkpt>
			<trkpt lat="48.10257807932138" lon="-122.7694252386621">
				<ele>1.1457686215242084</ele>
				<time>2026-09-22T01:11:14Z</time>
			</trkpt>
			<trkpt lat="48.102551064480295" lon="-122.76942251884972">
				<ele>1.1344531014975665</ele>
				<time>2026-09-22T01:11:15Z</time>
			</trkpt>
			<trkpt lat="48.10252521230125" lon="-122.76942304590656">
				<ele>1.117360120439173</ele>
				<time>2026-09-22T01:11:16Z</time>
			</trkpt>
			<trkpt lat="48.10250014666884" lon="-122.76942645340192">
				<ele>1.1184480375459849</ele>
				<time>2026-09-22T01:11:17Z</time>
			</trkpt>
			<trkpt lat="48.10247591619194" lon="-122.76943203323499">
				<ele>1.0914899615521243</ele>
				<time>2026-09-22T01:11:18Z</time>
			</trkpt>
			<trkpt lat="48.1024535871215" lon="-122.76944025601283">
				<ele>1.1264026371679918</ele>
				<time>2026-09-22T01:11:19Z</time>
			</trkpt>
			<trkpt lat="48.10243141099672" lon="-122.76944909881986">
				<ele>1.1767821740957203</ele>
				<time>2026-09-22T01:11:20Z</time>
			</trkpt>
			<trkpt lat="48.10240943046452" lon="-122.76945641401286">
				<ele>1.2641548188065954</ele>
				<time>2026-09-22T01:11:21Z</time>
			</trkpt>
			<trkpt lat="48.1023863472958" lon="-122.76946379395834">
				<ele>1.381043901697815</ele>
				<time>2026-09-22T01:11:22Z</time>
			</trkpt>
			<trkpt lat="48.102366831786384" lon="-122.7694745853317">
				<ele>1.0822662110319001</ele>
				<time>2026-09-22T01:11:23Z</time>
			</trkpt>
			<trkpt lat="48.10234182444448" lon="-122.76948347198636">
				<ele>1.1060952319835948</ele>
				<time>2026-09-22T01:11:24Z</time>
			</trkpt>
			<trkpt lat="48.10231521766731" lon="-122.76949094364812">
				<ele>1.1491799109844756</ele>
				<time>2026-09-22T01:11:25Z</time>
			</trkpt>
			<trkpt lat="48.10229337164935" lon="-122.76949830165874">
				<ele>1.3365678273674675</ele>
				<time>2026-09-22T01:11:26Z</time>
			</trkpt>
			<trkpt lat="48.10226652943101" lon="-122.7695062616441">
				<ele>1.0777630038611363</ele>
				<time>2026-09-22T01:11:27Z</time>
			</trkpt>
			<trkpt lat="48.10224959366128" lon="-122.76952660998722">
				<ele>1.055310209102462</ele>
				<time>2026-09-22T01:11:28Z</time>
			</trkpt>
			<trkpt lat="48.102258930963636" lon="-122.7695621252527">
				<ele>1.120510166725463</ele>
				<time>2026-09-22T01:11:30Z</time>
			</trkpt>
			<trkpt lat="48.102276961554324" lon="-122.76956692203221">
				<ele>1.1495949967725423</ele>
				<time>2026-09-22T01:11:33Z</time>
			</trkpt>
			<trkpt lat="48.102302757907225" lon="-122.76954359860403">
				<ele>1.352104417695056</ele>
				<time>2026-09-22T01:11:35Z</time>
			</trkpt>
			<trkpt lat="48.1023263514378" lon="-122.76953233883381">
				<ele>1.3990579650107726</ele>
				<time>2026-09-22T01:11:36Z</time>
			</trkpt>
			<trkpt lat="48.102350113762604" lon="-122.76952821372873">
				<ele>1.5155712862896493</ele>
				<time>2026-09-22T01:11:37Z</time>
			</trkpt>
			<trkpt lat="48.10237265786537" lon="-122.76951972684893">
				<ele>1.2753885466008619</ele>
				<time>2026-09-22T01:11:38Z</time>
			</trkpt>
			<trkpt lat="48.10239929088939" lon="-122.76950998990888">
				<ele>1.3290936497789652</ele>
				<time>2026-09-22T01:11:39Z</time>
			</trkpt>
			<trkpt lat="48.10242237329901" lon="-122.7695010636881">
				<ele>1.3835471211517536</ele>
				<time>2026-09-22T01:11:40Z</time>
			</trkpt>
			<trkpt lat="48.102442637731784" lon="-122.76948530589341">
				<ele>1.277243114496173</ele>
				<time>2026-09-22T01:11:41Z</time>
			</trkpt>
			<trkpt lat="48.10247237527466" lon="-122.7694416554302">
				<ele>2.4778485560210903</ele>
				<time>2026-09-22T01:11:43Z</time>
			</trkpt>
			<trkpt lat="48.102508409950524" lon="-122.76942756497128">
				<ele>1.7435505080221319</ele>
				<time>2026-09-22T01:11:45Z</time>
			</trkpt>
			<trkpt lat="48.102527189104684" lon="-122.76942379108701">
				<ele>1.0528069275597396</ele>
				<time>2026-09-22T01:11:46Z</time>
			</trkpt>
			<trkpt lat="48.10255226762862" lon="-122.76942353880725">
				<ele>1.2378056780120517</ele>
				<time>2026-09-22T01:11:47Z</time>
			</trkpt>
			<trkpt lat="48.10257462365618" lon="-122.76941426553361">
				<ele>1.223185250620471</ele>
				<time>2026-09-22T01:11:48Z</time>
			</trkpt>
			<trkpt lat="48.10259939975275" lon="-122.76940042159832">
				<ele>1.2039143855588037</ele>
				<time>2026-09-22T01:11:49Z</time>
			</trkpt>
			<trkpt lat="48.10262998301141" lon="-122.7693877834718">
				<ele>1.309127310879898</ele>
				<time>2026-09-22T01:11:50Z</time>
			</trkpt>
			<trkpt lat="48.10265958880622" lon="-122.7693777282742">
				<ele>1.3034679848092026</ele>
				<time>2026-09-22T01:11:51Z</time>
			</trkpt>
			<trkpt lat="48.102688193023376" lon="-122.76935823471035">
				<ele>1.2071105673992442</ele>
				<time>2026-09-22T01:11:52Z</time>
			</trkpt>
			<trkpt lat="48.10271447464897" lon="-122.76934544913652">
				<ele>1.126528967633444</ele>
				<time>2026-09-22T01:11:53Z</time>
			</trkpt>
			<trkpt lat="48.10273855657656" lon="-122.7693307934666">
				<ele>1.1743685544832552</ele>
				<time>2026-09-22T01:11:54Z</time>
			</trkpt>
			<trkpt lat="48.102762833312724" lon="-122.7693170635196">
				<ele>1.1991917457285695</ele>
				<time>2026-09-22T01:11:55Z</time>
			</trkpt>
			<trkpt lat="48.10278637410985" lon="-122.76930869896293">
				<ele>1.2501268452320282</ele>
				<time>2026-09-22T01:11:56Z</time>
			</trkpt>
			<trkpt lat="48.10280897569367" lon="-122.76930064274758">
				<ele>1.1868004606640206</ele>
				<time>2026-09-22T01:11:57Z</time>
			</trkpt>
			<trkpt lat="48.10283404011655" lon="-122.76929551239866">
				<ele>1.150088835033614</ele>
				<time>2026-09-22T01:11:58Z</time>
			</trkpt>
			<trkpt lat="48.10285656631135" lon="-122.76929197823064">
				<ele>1.1664381006355917</ele>
				<time>2026-09-22T01:11:59Z</time>
			</trkpt>
			<trkpt lat="48.102878010040776" lon="-122.76929258300603">
				<ele>1.0653833782523812</ele>
				<time>2026-09-22T01:12:00Z</time>
			</trkpt>
			<trkpt lat="48.10291549994016" lon="-122.76928471701137">
				<ele>1.1596860811961633</ele>
				<time>2026-09-22T01:12:02Z</time>
			</trkpt>
			<trkpt lat="48.10293917456544" lon="-122.76927521932927">
				<ele>1.230976283461299</ele>
				<time>2026-09-22T01:12:03Z</time>
			</trkpt>
			<trkpt lat="48.102963174724295" lon="-122.76926507511278">
				<ele>1.215941585292299</ele>
				<time>2026-09-22T01:12:04Z</time>
			</trkpt>
			<trkpt lat="48.102986881941185" lon="-122.76925320491529">
				<ele>1.2429053217206132</ele>
				<time>2026-09-22T01:12:05Z</time>
			</trkpt>
			<trkpt lat="48.10301079563438" lon="-122.76923754660108">
				<ele>1.331798291565427</ele>
				<time>2026-09-22T01:12:06Z</time>
			</trkpt>
			<trkpt lat="48.10303071128092" lon="-122.76921676096777">
				<ele>1.124956607363945</ele>
				<time>2026-09-22T01:12:07Z</time>
			</trkpt>
			<trkpt lat="48.10305074946783" lon="-122.76919328276014">
				<ele>1.1784517745432446</ele>
				<time>2026-09-22T01:12:08Z</time>
			</trkpt>
			<trkpt lat="48.10307211579776" lon="-122.76916716150753">
				<ele>1.2533662295468702</ele>
				<time>2026-09-22T01:12:09Z</time>
			</trkpt>
			<trkpt lat="48.10309300680377" lon="-122.76913742040496">
				<ele>1.2435923628957966</ele>
				<time>2026-09-22T01:12:10Z</time>
			</trkpt>
			<trkpt lat="48.10311433769883" lon="-122.76911118513405">
				<ele>1.2422393073428282</ele>
				<time>2026-09-22T01:12:11Z</time>
			</trkpt>
			<trkpt lat="48.103135690050394" lon="-122.76908353756306">
				<ele>1.2830935903046914</ele>
				<time>2026-09-22T01:12:12Z</time>
			</trkpt>
			<trkpt lat="48.10315768223851" lon="-122.76906133027556">
				<ele>1.2858914855060277</ele>
				<time>2026-09-22T01:12:13Z</time>
			</trkpt>
			<trkpt lat="48.1031774504311" lon="-122.76904415015433">
				<ele>1.3505410902693775</ele>
				<time>2026-09-22T01:12:14Z</time>
			</trkpt>
			<trkpt lat="48.10319757262455" lon="-122.7690226590126">
				<ele>1.3974522591693912</ele>
				<time>2026-09-22T01:12:15Z</time>
			</trkpt>
			<trkpt lat="48.10321761073973" lon="-122.76900437959169">
				<ele>1.3170798523408251</ele>
				<time>2026-09-22T01:12:16Z</time>
			</trkpt>
			<trkpt lat="48.103238283691596" lon="-122.76899131101278">
				<ele>1.3633472139348832</ele>
				<time>2026-09-22T01:12:17Z</time>
			</trkpt>
			<trkpt lat="48.10325947730452" lon="-122.76897926053813">
				<ele>1.4171915844311656</ele>
				<time>2026-09-22T01:12:18Z</time>
			</trkpt>
			<trkpt lat="48.103283175444695" lon="-122.76896924618366">
				<ele>1.2190033663926059</ele>
				<time>2026-09-22T01:12:19Z</time>
			</trkpt>
			<trkpt lat="48.103304705148844" lon="-122.76896578763822">
				<ele>1.299049481276409</ele>
				<time>2026-09-22T01:12:20Z</time>
			</trkpt>
			<trkpt lat="48.103318507092204" lon="-122.76894824511334">
				<ele>1.1850744204840673</ele>
				<time>2026-09-22T01:12:21Z</time>
			</trkpt>
			<trkpt lat="48.10332398378714" lon="-122.76891942431043">
				<ele>1.0635122294842212</ele>
				<time>2026-09-22T01:12:22Z</time>
			</trkpt>
			<trkpt lat="48.103319365242164" lon="-122.76889183890059">
				<ele>1.0623595460897413</ele>
				<time>2026-09-22T01:12:23Z</time>
			</trkpt>
			<trkpt lat="48.103295844888514" lon="-122.7688739807748">
				<ele>1.1082963040784897</ele>
				<time>2026-09-22T01:12:25Z</time>
			</trkpt>
			<trkpt lat="48.1032685023895" lon="-122.76886911398474">
				<ele>0.9903199303850414</ele>
				<time>2026-09-22T01:12:27Z</time>
			</trkpt>
			<trkpt lat="48.10324194440319" lon="-122.76886043621471">
				<ele>1.0342849588281595</ele>
				<time>2026-09-22T01:12:28Z</time>
			</trkpt>
			<trkpt lat="48.10321799673123" lon="-122.76885127122267">
				<ele>1.0012621074792847</ele>
				<time>2026-09-22T01:12:29Z</time>
			</trkpt>
			<trkpt lat="48.10320249320001" lon="-122.7688270605989">
				<ele>1.0509114874386043</ele>
				<time>2026-09-22T01:12:30Z</time>
			</trkpt>
			<trkpt lat="48.10319302208624" lon="-122.76880226454087">
				<ele>1.132846908976994</ele>
				<time>2026-09-22T01:12:31Z</time>
			</trkpt>
			<trkpt lat="48.103178918554235" lon="-122.76878529328232">
				<ele>1.1163682419064145</ele>
				<time>2026-09-22T01:12:32Z</time>
			</trkpt>
			<trkpt lat="48.10315262122304" lon="-122.7687747962489">
				<ele>1.2322429311151595</ele>
				<time>2026-09-22T01:12:34Z</time>
			</trkpt>
			<trkpt lat="48.10313282482039" lon="-122.7687803422131">
				<ele>1.1535920772108348</ele>
				<time>2026-09-22T01:12:35Z</time>
			</trkpt>
			<trkpt lat="48.10311093100669" lon="-122.76878496128215">
				<ele>1.23979504203772</ele>
				<time>2026-09-22T01:12:36Z</time>
			</trkpt>
			<trkpt lat="48.10308634181717" lon="-122.7687885051471">
				<ele>1.2662505704243898</ele>
				<time>2026-09-22T01:12:37Z</time>
			</trkpt>
			<trkpt lat="48.10305935193677" lon="-122.76878518647769">
				<ele>1.202520928835277</ele>
				<time>2026-09-22T01:12:38Z</time>
			</trkpt>
			<trkpt lat="48.10302997788499" lon="-122.76878464722529">
				<ele>1.151874173004014</ele>
				<time>2026-09-22T01:12:39Z</time>
			</trkpt>
			<trkpt lat="48.103004494955286" lon="-122.76878169319897">
				<ele>1.153544825624305</ele>
				<time>2026-09-22T01:12:40Z</time>
			</trkpt>
			<trkpt lat="48.10298067634933" lon="-122.76878017020046">
				<ele>1.2115200183835988</ele>
				<time>2026-09-22T01:12:41Z</time>
			</trkpt>
			<trkpt lat="48.10295984843281" lon="-122.76878532244064">
				<ele>1.073526317623596</ele>
				<time>2026-09-22T01:12:42Z</time>
			</trkpt>
			<trkpt lat="48.102925584925224" lon="-122.76879884917298">
				<ele>1.0264096211668772</ele>
				<time>2026-09-22T01:12:44Z</time>
			</trkpt>
			<trkpt lat="48.102906690617864" lon="-122.76880276071883">
				<ele>0.9875476669905154</ele>
				<time>2026-09-22T01:12:45Z</time>
			</trkpt>
			<trkpt lat="48.10288811024389" lon="-122.76880633622109">
				<ele>1.0147082237277836</ele>
				<time>2026-09-22T01:12:46Z</time>
			</trkpt>
			<trkpt lat="48.10286684830387" lon="-122.76880925816332">
				<ele>1.09177889910859</ele>
				<time>2026-09-22T01:12:47Z</time>
			</trkpt>
			<trkpt lat="48.102846855846494" lon="-122.76881391888602">
				<ele>0.9364152820864398</ele>
				<time>2026-09-22T01:12:48Z</time>
			</trkpt>
			<trkpt lat="48.102828503744014" lon="-122.76882059055046">
				<ele>1.0479716466586169</ele>
				<time>2026-09-22T01:12:49Z</time>
			</trkpt>
			<trkpt lat="48.102810651474556" lon="-122.76882405906454">
				<ele>0.9885211957101632</ele>
				<time>2026-09-22T01:12:50Z</time>
			</trkpt>
			<trkpt lat="48.10277790757221" lon="-122.7688316992143">
				<ele>1.1058121378128902</ele>
				<time>2026-09-22T01:12:52Z</time>
			</trkpt>
			<trkpt lat="48.102748347925726" lon="-122.76884697332697">
				<ele>1.1611522065704705</ele>
				<time>2026-09-22T01:12:54Z</time>
			</trkpt>
			<trkpt lat="48.102717399875694" lon="-122.76886844169887">
				<ele>1.2694638227275945</ele>
				<time>2026-09-22T01:12:56Z</time>
			</trkpt>
			<trkpt lat="48.102682648799245" lon="-122.76888803503306">
				<ele>1.5348511626335153</ele>
				<time>2026-09-22T01:12:58Z</time>
			</trkpt>
			<trkpt lat="48.10266247243141" lon="-122.76889509815138">
				<ele>1.5285368530614178</ele>
				<time>2026-09-22T01:12:59Z</time>
			</trkpt>
			<trkpt lat="48.102644443562866" lon="-122.76890481495563">
				<ele>1.4997043364990041</ele>
				<time>2026-09-22T01:13:00Z</time>
			</trkpt>
			<trkpt lat="48.10262705729017" lon="-122.76891617119611">
				<ele>1.450877577613852</ele>
				<time>2026-09-22T01:13:01Z</time>
			</trkpt>
			<trkpt lat="48.102604175706944" lon="-122.76892156593915">
				<ele>1.4264106035550768</ele>
				<time>2026-09-22T01:13:02Z</time>
			</trkpt>
			<trkpt lat="48.10258189521673" lon="-122.7689229755635">
				<ele>1.5502870546301253</ele>
				<time>2026-09-22T01:13:03Z</time>
			</trkpt>
			<trkpt lat="48.10255963098224" lon="-122.76892590726024">
				<ele>1.4308151416298642</ele>
				<time>2026-09-22T01:13:04Z</time>
			</trkpt>
			<trkpt lat="48.102538175417656" lon="-122.7689296101193">
				<ele>1.3528294397465572</ele>
				<time>2026-09-22T01:13:05Z</time>
			</trkpt>
			<trkpt lat="48.10251712109634" lon="-122.76893336036355">
				<ele>1.3760802243796348</ele>
				<time>2026-09-22T01:13:06Z</time>
			</trkpt>
			<trkpt lat="48.102497821113026" lon="-122.76893351037774">
				<ele>1.3114981915292603</ele>
				<time>2026-09-22T01:13:07Z</time>
			</trkpt>
			<trkpt lat="48.10247893722043" lon="-122.76893785995505">
				<ele>1.326190578598439</ele>
				<time>2026-09-22T01:13:08Z</time>
			</trkpt>
			<trkpt lat="48.102460212281" lon="-122.76894347040809">
				<ele>1.4938708391175162</ele>
				<time>2026-09-22T01:13:09Z</time>
			</trkpt>
			<trkpt lat="48.102440538493816" lon="-122.76895127110218">
				<ele>1.4359162985110352</ele>
				<time>2026-09-22T01:13:10Z</time>
			</trkpt>
			<trkpt lat="48.10242182770594" lon="-122.7689630468816">
				<ele>1.362848746166076</ele>
				<time>2026-09-22T01:13:11Z</time>
			</trkpt>
			<trkpt lat="48.102403989648856" lon="-122.76897575634595">
				<ele>1.3577701994344515</ele>
				<time>2026-09-22T01:13:12Z</time>
			</trkpt>
			<trkpt lat="48.102377674206885" lon="-122.76900809441581">
				<ele>1.7938678781336215</ele>
				<time>2026-09-22T01:13:14Z</time>
			</trkpt>
			<trkpt lat="48.102361657805645" lon="-122.76903334167832">
				<ele>1.7525660822104712</ele>
				<time>2026-09-22T01:13:15Z</time>
			</trkpt>
			<trkpt lat="48.10234734391765" lon="-122.7690595638481">
				<ele>1.7956550961509414</ele>
				<time>2026-09-22T01:13:16Z</time>
			</trkpt>
			<trkpt lat="48.10233383138702" lon="-122.76908458954726">
				<ele>1.9649018690918219</ele>
				<time>2026-09-22T01:13:17Z</time>
			</trkpt>
			<trkpt lat="48.10231828461283" lon="-122.76911186724543">
				<ele>1.8986772214475778</ele>
				<time>2026-09-22T01:13:18Z</time>
			</trkpt>
			<trkpt lat="48.10230434506485" lon="-122.76913829445368">
				<ele>1.9134790435104918</ele>
				<time>2026-09-22T01:13:19Z</time>
			</trkpt>
			<trkpt lat="48.10228964890575" lon="-122.76916326391967">
				<ele>1.7234812185983515</ele>
				<time>2026-09-22T01:13:20Z</time>
			</trkpt>
			<trkpt lat="48.10227703004148" lon="-122.76918976117575">
				<ele>1.7238088959465863</ele>
				<time>2026-09-22T01:13:21Z</time>
			</trkpt>
			<trkpt lat="48.10226307587852" lon="-122.76921686497326">
				<ele>1.7109314059764529</ele>
				<time>2026-09-22T01:13:22Z</time>
			</trkpt>
			<trkpt lat="48.102249424414936" lon="-122.76924435817484">
				<ele>1.6752085620940456</ele>
				<time>2026-09-22T01:13:23Z</time>
			</trkpt>
			<trkpt lat="48.10223378280546" lon="-122.76927027797755">
				<ele>1.69847440468655</ele>
				<time>2026-09-22T01:13:24Z</time>
			</trkpt>
			<trkpt lat="48.10221659509667" lon="-122.76929316127028">
				<ele>1.5959714107493177</ele>
				<time>2026-09-22T01:13:25Z</time>
			</trkpt>
			<trkpt lat="48.10219990583901" lon="-122.7693173216618">
				<ele>1.477685690122783</ele>
				<time>2026-09-22T01:13:26Z</time>
			</trkpt>
			<trkpt lat="48.10218268928148" lon="-122.76933945610261">
				<ele>1.4261562328153126</ele>
				<time>2026-09-22T01:13:27Z</time>
			</trkpt>
			<trkpt lat="48.10216559904158" lon="-122.76935913872315">
				<ele>1.457061639134409</ele>
				<time>2026-09-22T01:13:28Z</time>
			</trkpt>
			<trkpt lat="48.10214894841811" lon="-122.76937869791192">
				<ele>1.4776144968351659</ele>
				<time>2026-09-22T01:13:29Z</time>
			</trkpt>
			<trkpt lat="48.10213350814524" lon="-122.76940161337502">
				<ele>1.5689758315896292</ele>
				<time>2026-09-22T01:13:30Z</time>
			</trkpt>
			<trkpt lat="48.102115719691945" lon="-122.76942401301413">
				<ele>1.5206991986958442</ele>
				<time>2026-09-22T01:13:31Z</time>
			</trkpt>
			<trkpt lat="48.102097680887674" lon="-122.76944538584898">
				<ele>1.4658160951416548</ele>
				<time>2026-09-22T01:13:32Z</time>
			</trkpt>
			<trkpt lat="48.102077574319026" lon="-122.76946741719254">
				<ele>1.3453603309128823</ele>
				<time>2026-09-22T01:13:33Z</time>
			</trkpt>
			<trkpt lat="48.10206136559355" lon="-122.76948709569702">
				<ele>1.3400858073624065</ele>
				<time>2026-09-22T01:13:34Z</time>
			</trkpt>
			<trkpt lat="48.10204429755126" lon="-122.76950795093447">
				<ele>1.2857300768326283</ele>
				<time>2026-09-22T01:13:35Z</time>
			</trkpt>
			<trkpt lat="48.10202761137122" lon="-122.76952824379312">
				<ele>1.253391712460509</ele>
				<time>2026-09-22T01:13:36Z</time>
			</trkpt>
			<trkpt lat="48.10201242228166" lon="-122.76954429100044">
				<ele>1.3002475238085154</ele>
				<time>2026-09-22T01:13:37Z</time>
			</trkpt>
			<trkpt lat="48.10199863152907" lon="-122.76956188902919">
				<ele>1.162232069738348</ele>
				<time>2026-09-22T01:13:38Z</time>
			</trkpt>
			<trkpt lat="48.10198348422107" lon="-122.76958661936911">
				<ele>1.1680059014837454</ele>
				<time>2026-09-22T01:13:39Z</time>
			</trkpt>
			<trkpt lat="48.10196597093521" lon="-122.76960818305052">
				<ele>1.1591237021969185</ele>
				<time>2026-09-22T01:13:40Z</time>
			</trkpt>
			<trkpt lat="48.101948493929164" lon="-122.76962856624134">
				<ele>1.1789448596004952</ele>
				<time>2026-09-22T01:13:41Z</time>
			</trkpt>
			<trkpt lat="48.10193326063291" lon="-122.76965145153613">
				<ele>1.342303904561792</ele>
				<time>2026-09-22T01:13:42Z</time>
			</trkpt>
			<trkpt lat="48.101921040206626" lon="-122.76967504288983">
				<ele>1.394758301908734</ele>
				<time>2026-09-22T01:13:43Z</time>
			</trkpt>
			<trkpt lat="48.10191056565279" lon="-122.76970210568686">
				<ele>1.3114533605201366</ele>
				<time>2026-09-22T01:13:44Z</time>
			</trkpt>
			<trkpt lat="48.101898891880325" lon="-122.76973006268803">
				<ele>1.2618230619022555</ele>
				<time>2026-09-22T01:13:45Z</time>
			</trkpt>
			<trkpt lat="48.101888485847795" lon="-122.76975805990998">
				<ele>1.2175171092680444</ele>
				<time>2026-09-22T01:13:46Z</time>
			</trkpt>
			<trkpt lat="48.1018769354604" lon="-122.7697866057267">
				<ele>1.262742141538304</ele>
				<time>2026-09-22T01:13:47Z</time>
			</trkpt>
			<trkpt lat="48.10186558984856" lon="-122.76981464485159">
				<ele>1.2470799082272421</ele>
				<time>2026-09-22T01:13:48Z</time>
			</trkpt>
			<trkpt lat="48.10185534148944" lon="-122.76984350698125">
				<ele>1.1372067065968423</ele>
				<time>2026-09-22T01:13:49Z</time>
			</trkpt>
			<trkpt lat="48.101844149440375" lon="-122.76987181658896">
				<ele>1.1464897877810003</ele>
				<time>2026-09-22T01:13:50Z</time>
			</trkpt>
			<trkpt lat="48.10183353232072" lon="-122.76989903810677">
				<ele>1.1734759553899892</ele>
				<time>2026-09-22T01:13:51Z</time>
			</trkpt>
			<trkpt lat="48.1018217252926" lon="-122.76992741157854">
				<ele>1.1434479513580484</ele>
				<time>2026-09-22T01:13:52Z</time>
			</trkpt>
			<trkpt lat="48.101808937840225" lon="-122.76995533638423">
				<ele>1.1923365371369208</ele>
				<time>2026-09-22T01:13:53Z</time>
			</trkpt>
			<trkpt lat="48.10179681026752" lon="-122.76998389756699">
				<ele>1.0816016161282214</ele>
				<time>2026-09-22T01:13:54Z</time>
			</trkpt>
			<trkpt lat="48.101784742394464" lon="-122.77001388946402">
				<ele>1.107297962146884</ele>
				<time>2026-09-22T01:13:55Z</time>
			</trkpt>
			<trkpt lat="48.101771393936524" lon="-122.77004345603908">
				<ele>1.1627240232743148</ele>
				<time>2026-09-22T01:13:56Z</time>
			</trkpt>
			<trkpt lat="48.101759301838015" lon="-122.77007307499916">
				<ele>1.2128461462260383</ele>
				<time>2026-09-22T01:13:57Z</time>
			</trkpt>
			<trkpt lat="48.10174686502714" lon="-122.77010493130307">
				<ele>1.0883309001486339</ele>
				<time>2026-09-22T01:13:58Z</time>
			</trkpt>
			<trkpt lat="48.10173398223191" lon="-122.77013552484091">
				<ele>1.0839811390168919</ele>
				<time>2026-09-22T01:13:59Z</time>
			</trkpt>
			<trkpt lat="48.10172460668657" lon="-122.77016661106306">
				<ele>1.0565357428767541</ele>
				<time>2026-09-22T01:14:00Z</time>
			</trkpt>
			<trkpt lat="48.10171448531042" lon="-122.7701982814931">
				<ele>1.1018603921997858</ele>
				<time>2026-09-22T01:14:01Z</time>
			</trkpt>
			<trkpt lat="48.10170330126635" lon="-122.77022827036103">
				<ele>1.1216315610918848</ele>
				<time>2026-09-22T01:14:02Z</time>
			</trkpt>
			<trkpt lat="48.101691564726345" lon="-122.77025661676792">
				<ele>1.0372421224397286</ele>
				<time>2026-09-22T01:14:03Z</time>
			</trkpt>
			<trkpt lat="48.1016795680638" lon="-122.77028501183443">
				<ele>1.0793606292485265</ele>
				<time>2026-09-22T01:14:04Z</time>
			</trkpt>
			<trkpt lat="48.10166640566469" lon="-122.77031319270297">
				<ele>1.0693165486287697</ele>
				<time>2026-09-22T01:14:05Z</time>
			</trkpt>
			<trkpt lat="48.101653690399786" lon="-122.7703426356067">
				<ele>1.0957347003357114</ele>
				<time>2026-09-22T01:14:06Z</time>
			</trkpt>
			<trkpt lat="48.101641608895555" lon="-122.77037196830469">
				<ele>1.0482008937635925</ele>
				<time>2026-09-22T01:14:07Z</time>
			</trkpt>
			<trkpt lat="48.10162933473557" lon="-122.77040229603598">
				<ele>1.0641130996395844</ele>
				<time>2026-09-22T01:14:08Z</time>
			</trkpt>
			<trkpt lat="48.10161628567143" lon="-122.77043084264923">
				<ele>0.8928840585308535</ele>
				<time>2026-09-22T01:14:09Z</time>
			</trkpt>
			<trkpt lat="48.10160300521107" lon="-122.77045819841439">
				<ele>0.8870261798583812</ele>
				<time>2026-09-22T01:14:10Z</time>
			</trkpt>
			<trkpt lat="48.10158954942016" lon="-122.77048383250094">
				<ele>0.94594016338554</ele>
				<time>2026-09-22T01:14:11Z</time>
			</trkpt>
			<trkpt lat="48.10157614691206" lon="-122.77050897401988">
				<ele>1.0732003934430772</ele>
				<time>2026-09-22T01:14:12Z</time>
			</trkpt>
			<trkpt lat="48.10156146228301" lon="-122.77053432545951">
				<ele>0.9596421424653236</ele>
				<time>2026-09-22T01:14:13Z</time>
			</trkpt>
			<trkpt lat="48.101551488732596" lon="-122.77056151211927">
				<ele>0.9004474790349235</ele>
				<time>2026-09-22T01:14:14Z</time>
			</trkpt>
			<trkpt lat="48.10154115727549" lon="-122.77058566880623">
				<ele>0.8540919304460495</ele>
				<time>2026-09-22T01:14:15Z</time>
			</trkpt>
			<trkpt lat="48.10152641634534" lon="-122.77060889348134">
				<ele>0.9651698260786361</ele>
				<time>2026-09-22T01:14:16Z</time>
			</trkpt>
			<trkpt lat="48.10151252016031" lon="-122.7706291589218">
				<ele>1.122697864986801</ele>
				<time>2026-09-22T01:14:17Z</time>
			</trkpt>
			<trkpt lat="48.101498456846905" lon="-122.77065003592018">
				<ele>1.0742993785171642</ele>
				<time>2026-09-22T01:14:18Z</time>
			</trkpt>
			<trkpt lat="48.1014822183254" lon="-122.77067429268702">
				<ele>1.0467816875876608</ele>
				<time>2026-09-22T01:14:19Z</time>
			</trkpt>
			<trkpt lat="48.101462758776904" lon="-122.77070043059341">
				<ele>0.9894128871611869</ele>
				<time>2026-09-22T01:14:20Z</time>
			</trkpt>
			<trkpt lat="48.10144877043123" lon="-122.77072797506443">
				<ele>1.053254715138955</ele>
				<time>2026-09-22T01:14:21Z</time>
			</trkpt>
			<trkpt lat="48.10143393259141" lon="-122.77075570685588">
				<ele>1.0038752957510972</ele>
				<time>2026-09-22T01:14:22Z</time>
			</trkpt>
			<trkpt lat="48.10141662238329" lon="-122.77078202842864">
				<ele>0.9267280462924106</ele>
				<time>2026-09-22T01:14:23Z</time>
			</trkpt>
			<trkpt lat="48.101399716390105" lon="-122.77080641882988">
				<ele>1.1455965885880417</ele>
				<time>2026-09-22T01:14:24Z</time>
			</trkpt>
			<trkpt lat="48.101379696734284" lon="-122.77082885157992">
				<ele>1.1209048268931134</ele>
				<time>2026-09-22T01:14:25Z</time>
			</trkpt>
			<trkpt lat="48.101362775693765" lon="-122.77084675032313">
				<ele>1.118159271820904</ele>
				<time>2026-09-22T01:14:26Z</time>
			</trkpt>
			<trkpt lat="48.10134080351768" lon="-122.77086523982997">
				<ele>1.1823973229141416</ele>
				<time>2026-09-22T01:14:27Z</time>
			</trkpt>
			<trkpt lat="48.101318962616276" lon="-122.77087987492985">
				<ele>1.2062143021091956</ele>
				<time>2026-09-22T01:14:28Z</time>
			</trkpt>
			<trkpt lat="48.1012951618951" lon="-122.77089317270666">
				<ele>1.1553681321049254</ele>
				<time>2026-09-22T01:14:29Z</time>
			</trkpt>
			<trkpt lat="48.1012793990517" lon="-122.77090789454374">
				<ele>1.2082333302633117</ele>
				<time>2026-09-22T01:14:30Z</time>
			</trkpt>
			<trkpt lat="48.10127005064187" lon="-122.77094586747445">
				<ele>1.3386188897340539</ele>
				<time>2026-09-22T01:14:32Z</time>
			</trkpt>
			<trkpt lat="48.1012862922495" lon="-122.77095880497652">
				<ele>1.1173127579409332</ele>
				<time>2026-09-22T01:14:33Z</time>
			</trkpt>
			<trkpt lat="48.101315276661225" lon="-122.7709658985355">
				<ele>1.2870493521493778</ele>
				<time>2026-09-22T01:14:35Z</time>
			</trkpt>
			<trkpt lat="48.10133724413713" lon="-122.77097326714181">
				<ele>1.3099887373245522</ele>
				<time>2026-09-22T01:14:36Z</time>
			</trkpt>
			<trkpt lat="48.10136582147838" lon="-122.77099497665937">
				<ele>1.3196054990094908</ele>
				<time>2026-09-22T01:14:38Z</time>
			</trkpt>
			<trkpt lat="48.101392869660174" lon="-122.77101743037777">
				<ele>1.2719841236869804</ele>
				<time>2026-09-22T01:14:40Z</time>
			</trkpt>
			<trkpt lat="48.10141013469816" lon="-122.77102848749195">
				<ele>1.2326833288781387</ele>
				<time>2026-09-22T01:14:41Z</time>
			</trkpt>
			<trkpt lat="48.10142849831259" lon="-122.77103949274328">
				<ele>1.1342228840981896</ele>
				<time>2026-09-22T01:14:42Z</time>
			</trkpt>
			<trkpt lat="48.101456756455846" lon="-122.77106495500236">
				<ele>1.4165570528044285</ele>
				<time>2026-09-22T01:14:44Z</time>
			</trkpt>
			<trkpt lat="48.10148605602911" lon="-122.77109297035612">
				<ele>1.2787302792323416</ele>
				<time>2026-09-22T01:14:46Z</time>
			</trkpt>
			<trkpt lat="48.10150357135922" lon="-122.77111001740505">
				<ele>1.414933960661923</ele>
				<time>2026-09-22T01:14:47Z</time>
			</trkpt>
			<trkpt lat="48.101533130692914" lon="-122.7711298631611">
				<ele>1.5228247227857779</ele>
				<time>2026-09-22T01:14:49Z</time>
			</trkpt>
			<trkpt lat="48.10155086998916" lon="-122.77114351294574">
				<ele>1.5138732122751364</ele>
				<time>2026-09-22T01:14:50Z</time>
			</trkpt>
			<trkpt lat="48.10156791883268" lon="-122.77115533685148">
				<ele>1.413051622136134</ele>
				<time>2026-09-22T01:14:51Z</time>
			</trkpt>
			<trkpt lat="48.10158642164447" lon="-122.77117070933572">
				<ele>1.369448892687835</ele>
				<time>2026-09-22T01:14:52Z</time>
			</trkpt>
			<trkpt lat="48.10160319945926" lon="-122.77118747565433">
				<ele>1.3290395596055795</ele>
				<time>2026-09-22T01:14:53Z</time>
			</trkpt>
			<trkpt lat="48.101619705723145" lon="-122.77120558368435">
				<ele>1.3031519001471885</ele>
				<time>2026-09-22T01:14:54Z</time>
			</trkpt>
			<trkpt lat="48.10163502066942" lon="-122.7712236435562">
				<ele>1.3015074580221082</ele>
				<time>2026-09-22T01:14:55Z</time>
			</trkpt>
			<trkpt lat="48.10164948538406" lon="-122.77124364404081">
				<ele>1.3439356554469661</ele>
				<time>2026-09-22T01:14:56Z</time>
			</trkpt>
			<trkpt lat="48.10166614428096" lon="-122.77126096496758">
				<ele>1.3375996290274834</ele>
				<time>2026-09-22T01:14:57Z</time>
			</trkpt>
			<trkpt lat="48.10168253158865" lon="-122.77127724983967">
				<ele>1.3070398839399537</ele>
				<time>2026-09-22T01:14:58Z</time>
			</trkpt>
			<trkpt lat="48.10169928034287" lon="-122.7712947482464">
				<ele>1.2828022004012247</ele>
				<time>2026-09-22T01:14:59Z</time>
			</trkpt>
			<trkpt lat="48.10171633506496" lon="-122.77131131420616">
				<ele>1.2891124151631637</ele>
				<time>2026-09-22T01:15:00Z</time>
			</trkpt>
			<trkpt lat="48.10173257848462" lon="-122.77132732142783">
				<ele>1.326566215938513</ele>
				<time>2026-09-22T01:15:01Z</time>
			</trkpt>
			<trkpt lat="48.10176322092171" lon="-122.77135556626257">
				<ele>1.351362158059775</ele>
				<time>2026-09-22T01:15:03Z</time>
			</trkpt>
			<trkpt lat="48.101778871423" lon="-122.7713691568845">
				<ele>1.404842085674506</ele>
				<time>2026-09-22T01:15:04Z</time>
			</trkpt>
			<trkpt lat="48.10180873493395" lon="-122.77139039169994">
				<ele>1.393097748562596</ele>
				<time>2026-09-22T01:15:06Z</time>
			</trkpt>
			<trkpt lat="48.101824913876804" lon="-122.77140352918616">
				<ele>1.4815240442421889</ele>
				<time>2026-09-22T01:15:07Z</time>
			</trkpt>
			<trkpt lat="48.10184167177232" lon="-122.77141835571429">
				<ele>1.378343105715441</ele>
				<time>2026-09-22T01:15:08Z</time>
			</trkpt>
			<trkpt lat="48.10187453961981" lon="-122.77144047923568">
				<ele>1.3602066096802332</ele>
				<time>2026-09-22T01:15:10Z</time>
			</trkpt>
			<trkpt lat="48.10190588387139" lon="-122.7714653485472">
				<ele>1.176711096195934</ele>
				<time>2026-09-22T01:15:12Z</time>
			</trkpt>
			<trkpt lat="48.10193517075274" lon="-122.77149289318321">
				<ele>0.8876078680736867</ele>
				<time>2026-09-22T01:15:14Z</time>
			</trkpt>
			<trkpt lat="48.101922010290124" lon="-122.77152157448064">
				<ele>1.268490300087457</ele>
				<time>2026-09-22T01:15:17Z</time>
			</trkpt>
			<trkpt lat="48.101903742133935" lon="-122.77154982009175">
				<ele>1.5336198541569956</ele>
				<time>2026-09-22T01:15:20Z</time>
			</trkpt>
			<trkpt lat="48.10188195623686" lon="-122.77158451515322">
				<ele>1.1212378846302116</ele>
				<time>2026-09-22T01:15:22Z</time>
			</trkpt>
			<trkpt lat="48.101857996580925" lon="-122.77161492425822">
				<ele>1.3077047816907275</ele>
				<time>2026-09-22T01:15:24Z</time>
			</trkpt>
			<trkpt lat="48.10183378846033" lon="-122.77164541794134">
				<ele>1.5480392157718157</ele>
				<time>2026-09-22T01:15:26Z</time>
			</trkpt>
			<trkpt lat="48.101817264858084" lon="-122.77166719020408">
				<ele>1.3952915320991757</ele>
				<time>2026-09-22T01:15:27Z</time>
			</trkpt>
			<trkpt lat="48.101801184817845" lon="-122.77168769769499">
				<ele>1.3668601042137958</ele>
				<time>2026-09-22T01:15:28Z</time>
			</trkpt>
			<trkpt lat="48.10178730558142" lon="-122.77171590657832">
				<ele>1.2460090025719701</ele>
				<time>2026-09-22T01:15:29Z</time>
			</trkpt>
			<trkpt lat="48.10177375440312" lon="-122.77174148701579">
				<ele>1.2524992645430544</ele>
				<time>2026-09-22T01:15:30Z</time>
			</trkpt>
			<trkpt lat="48.101756704140364" lon="-122.77176801627728">
				<ele>1.262507397269541</ele>
				<time>2026-09-22T01:15:31Z</time>
			</trkpt>
			<trkpt lat="48.10174130854151" lon="-122.77178761341808">
				<ele>1.2562019816549395</ele>
				<time>2026-09-22T01:15:32Z</time>
			</trkpt>
			<trkpt lat="48.10172518121408" lon="-122.77180923777573">
				<ele>1.1695108140599793</ele>
				<time>2026-09-22T01:15:33Z</time>
			</trkpt>
			<trkpt lat="48.1017099318532" lon="-122.7718247240579">
				<ele>1.3467121502140706</ele>
				<time>2026-09-22T01:15:34Z</time>
			</trkpt>
			<trkpt lat="48.10169673490507" lon="-122.77184329219689">
				<ele>1.553628145001415</ele>
				<time>2026-09-22T01:15:35Z</time>
			</trkpt>
			<trkpt lat="48.10168447606046" lon="-122.77186843620397">
				<ele>1.5392022191117576</ele>
				<time>2026-09-22T01:15:36Z</time>
			</trkpt>
			<trkpt lat="48.101662057441736" lon="-122.77190463897631">
				<ele>1.4372856286243127</ele>
				<time>2026-09-22T01:15:38Z</time>
			</trkpt>
			<trkpt lat="48.101641027962174" lon="-122.77194314459895">
				<ele>1.338822974278429</ele>
				<time>2026-09-22T01:15:40Z</time>
			</trkpt>
			<trkpt lat="48.10161934792794" lon="-122.77198486315561">
				<ele>1.3939772740230225</ele>
				<time>2026-09-22T01:15:42Z</time>
			</trkpt>
			<trkpt lat="48.10160732046264" lon="-122.77200779028196">
				<ele>1.3790297178710844</ele>
				<time>2026-09-22T01:15:43Z</time>
			</trkpt>
			<trkpt lat="48.101593645790146" lon="-122.77203467568391">
				<ele>1.4106271489691515</ele>
				<time>2026-09-22T01:15:44Z</time>
			</trkpt>
			<trkpt lat="48.1015803229567" lon="-122.77207584067114">
				<ele>1.4441718414469307</ele>
				<time>2026-09-22T01:15:46Z</time>
			</trkpt>
			<trkpt lat="48.10159964538672" lon="-122.77209608933043">
				<ele>1.5100421893291696</ele>
				<time>2026-09-22T01:15:48Z</time>
			</trkpt>
			<trkpt lat="48.101633032862516" lon="-122.7721159020895">
				<ele>1.392340335241098</ele>
				<time>2026-09-22T01:15:50Z</time>
			</trkpt>
			<trkpt lat="48.101649311276816" lon="-122.7721288672305">
				<ele>1.3499106608024682</ele>
				<time>2026-09-22T01:15:51Z</time>
			</trkpt>
			<trkpt lat="48.10168001692257" lon="-122.77216014832841">
				<ele>1.3062506210146232</ele>
				<time>2026-09-22T01:15:53Z</time>
			</trkpt>
			<trkpt lat="48.10169633066568" lon="-122.77217569395899">
				<ele>1.2013338107666875</ele>
				<time>2026-09-22T01:15:54Z</time>
			</trkpt>
			<trkpt lat="48.10171306062282" lon="-122.77219238990305">
				<ele>1.2397451689832977</ele>
				<time>2026-09-22T01:15:55Z</time>
			</trkpt>
			<trkpt lat="48.10172876686879" lon="-122.77220996725761">
				<ele>1.2133139391895362</ele>
				<time>2026-09-22T01:15:56Z</time>
			</trkpt>
			<trkpt lat="48.10174391737158" lon="-122.77222551151168">
				<ele>1.3873842330341901</ele>
				<time>2026-09-22T01:15:57Z</time>
			</trkpt>
			<trkpt lat="48.10175795329217" lon="-122.77224233364149">
				<ele>1.2605259852005695</ele>
				<time>2026-09-22T01:15:58Z</time>
			</trkpt>
			<trkpt lat="48.101783746397125" lon="-122.77227180886344">
				<ele>1.2674032943048132</ele>
				<time>2026-09-22T01:16:00Z</time>
			</trkpt>
			<trkpt lat="48.101813366955106" lon="-122.77230325026709">
				<ele>1.2088939711143531</ele>
				<time>2026-09-22T01:16:02Z</time>
			</trkpt>
			<trkpt lat="48.1018282815446" lon="-122.77232021308338">
				<ele>1.1326854546140517</ele>
				<time>2026-09-22T01:16:03Z</time>
			</trkpt>
			<trkpt lat="48.10185751204969" lon="-122.77235396906708">
				<ele>1.108796166716978</ele>
				<time>2026-09-22T01:16:05Z</time>
			</trkpt>
			<trkpt lat="48.10188287712215" lon="-122.77238367409625">
				<ele>1.1748324511242352</ele>
				<time>2026-09-22T01:16:07Z</time>
			</trkpt>
			<trkpt lat="48.101908361507085" lon="-122.77241106931149">
				<ele>1.1493779157555757</ele>
				<time>2026-09-22T01:16:09Z</time>
			</trkpt>
			<trkpt lat="48.1019352276634" lon="-122.77243571103688">
				<ele>1.1465036541109974</ele>
				<time>2026-09-22T01:16:11Z</time>
			</trkpt>
			<trkpt lat="48.10196142282319" lon="-122.77245271473458">
				<ele>1.1978782733607822</ele>
				<time>2026-09-22T01:16:13Z</time>
			</trkpt>
			<trkpt lat="48.10198993197677" lon="-122.77247114855658">
				<ele>1.2511598162354716</ele>
				<time>2026-09-22T01:16:15Z</time>
			</trkpt>
			<trkpt lat="48.102019866914745" lon="-122.77249529210707">
				<ele>1.19356222264393</ele>
				<time>2026-09-22T01:16:17Z</time>
			</trkpt>
			<trkpt lat="48.10204571723057" lon="-122.77251098184709">
				<ele>1.1007477619247759</ele>
				<time>2026-09-22T01:16:19Z</time>
			</trkpt>
			<trkpt lat="48.10206728949721" lon="-122.77252045535701">
				<ele>1.2492116370397248</ele>
				<time>2026-09-22T01:16:21Z</time>
			</trkpt>
			<trkpt lat="48.10208584964599" lon="-122.77253706063681">
				<ele>1.2642740077868204</ele>
				<time>2026-09-22T01:16:23Z</time>
			</trkpt>
			<trkpt lat="48.10211085041455" lon="-122.7725610384216">
				<ele>1.1892752079815736</ele>
				<time>2026-09-22T01:16:25Z</time>
			</trkpt>
			<trkpt lat="48.102134771840014" lon="-122.77258566735323">
				<ele>1.1445655342747187</ele>
				<time>2026-09-22T01:16:27Z</time>
			</trkpt>
			<trkpt lat="48.10215565445089" lon="-122.77260796954155">
				<ele>1.1546652486541227</ele>
				<time>2026-09-22T01:16:29Z</time>
			</trkpt>
			<trkpt lat="48.102177032282114" lon="-122.77263200753937">
				<ele>1.055909699010627</ele>
				<time>2026-09-22T01:16:31Z</time>
			</trkpt>
			<trkpt lat="48.10219806759205" lon="-122.77265508693881">
				<ele>1.0279224851234012</ele>
				<time>2026-09-22T01:16:33Z</time>
			</trkpt>
			<trkpt lat="48.10221747821894" lon="-122.77267568090402">
				<ele>1.0351515966461022</ele>
				<time>2026-09-22T01:16:35Z</time>
			</trkpt>
			<trkpt lat="48.102238371969904" lon="-122.77269270209479">
				<ele>1.0452337180655213</ele>
				<time>2026-09-22T01:16:37Z</time>
			</trkpt>
			<trkpt lat="48.10226380679942" lon="-122.77270791905205">
				<ele>1.2051732239371873</ele>
				<time>2026-09-22T01:16:39Z</time>
			</trkpt>
			<trkpt lat="48.102295681333764" lon="-122.7727251964188">
				<ele>1.1805915607391846</ele>
				<time>2026-09-22T01:16:41Z</time>
			</trkpt>
			<trkpt lat="48.1023130527823" lon="-122.77273663675669">
				<ele>1.2007067240203568</ele>
				<time>2026-09-22T01:16:42Z</time>
			</trkpt>
			<trkpt lat="48.10233052879213" lon="-122.77274667670895">
				<ele>1.1997029404070325</ele>
				<time>2026-09-22T01:16:43Z</time>
			</trkpt>
			<trkpt lat="48.10234920248971" lon="-122.77275580364613">
				<ele>1.2215637139260878</ele>
				<time>2026-09-22T01:16:44Z</time>
			</trkpt>
			<trkpt lat="48.10236848191635" lon="-122.77276382168496">
				<ele>1.1860420215394818</ele>
				<time>2026-09-22T01:16:45Z</time>
			</trkpt>
			<trkpt lat="48.10238442513795" lon="-122.77277909960243">
				<ele>0.7992554709655906</ele>
				<time>2026-09-22T01:16:46Z</time>
			</trkpt>
			<trkpt lat="48.10240520287146" lon="-122.77280720863843">
				<ele>0.7690226695829416</ele>
				<time>2026-09-22T01:16:48Z</time>
			</trkpt>
			<trkpt lat="48.10238365530539" lon="-122.77282884479443">
				<ele>1.3140246786701688</ele>
				<time>2026-09-22T01:16:51Z</time>
			</trkpt>
			<trkpt lat="48.102367578261806" lon="-122.7728680873827">
				<ele>0.8311294410894448</ele>
				<time>2026-09-22T01:16:53Z</time>
			</trkpt>
			<trkpt lat="48.10235741073328" lon="-122.77289778402984">
				<ele>0.9238603539174548</ele>
				<time>2026-09-22T01:16:54Z</time>
			</trkpt>
			<trkpt lat="48.102349076268794" lon="-122.77292899639627">
				<ele>1.0009461629222116</ele>
				<time>2026-09-22T01:16:55Z</time>
			</trkpt>
			<trkpt lat="48.10233787142526" lon="-122.77295668567189">
				<ele>1.1974793565797803</ele>
				<time>2026-09-22T01:16:56Z</time>
			</trkpt>
			<trkpt lat="48.102319633312646" lon="-122.77300013012466">
				<ele>1.1826755495240384</ele>
				<time>2026-09-22T01:16:58Z</time>
			</trkpt>
			<trkpt lat="48.10230760379917" lon="-122.77302301334211">
				<ele>1.1405864259057736</ele>
				<time>2026-09-22T01:16:59Z</time>
			</trkpt>
			<trkpt lat="48.10229567713765" lon="-122.77304544649559">
				<ele>1.1651874951985235</ele>
				<time>2026-09-22T01:17:00Z</time>
			</trkpt>
			<trkpt lat="48.102283613121436" lon="-122.77306885325315">
				<ele>1.2530706876238114</ele>
				<time>2026-09-22T01:17:01Z</time>
			</trkpt>
			<trkpt lat="48.10227196407569" lon="-122.77309086682992">
				<ele>1.4223820031916503</ele>
				<time>2026-09-22T01:17:02Z</time>
			</trkpt>
			<trkpt lat="48.10225965602984" lon="-122.77311536697017">
				<ele>1.277068339881005</ele>
				<time>2026-09-22T01:17:03Z</time>
			</trkpt>
			<trkpt lat="48.10224838590067" lon="-122.77314252891878">
				<ele>1.254546086668686</ele>
				<time>2026-09-22T01:17:04Z</time>
			</trkpt>
			<trkpt lat="48.10225072904667" lon="-122.7731731748445">
				<ele>1.1868459842346262</ele>
				<time>2026-09-22T01:17:05Z</time>
			</trkpt>
			<trkpt lat="48.10227016607252" lon="-122.77320508140708">
				<ele>1.2062650084782085</ele>
				<time>2026-09-22T01:17:07Z</time>
			</trkpt>
			<trkpt lat="48.102299552382185" lon="-122.77321409923216">
				<ele>1.3399688892174524</ele>
				<time>2026-09-22T01:17:09Z</time>
			</trkpt>
			<trkpt lat="48.10231948644819" lon="-122.77322106257724">
				<ele>1.2384783329037568</ele>
				<time>2026-09-22T01:17:10Z</time>
			</trkpt>
			<trkpt lat="48.10234013203632" lon="-122.77322817262066">
				<ele>1.282294564358775</ele>
				<time>2026-09-22T01:17:11Z</time>
			</trkpt>
			<trkpt lat="48.102358171919114" lon="-122.77323408670021">
				<ele>1.354822051956674</ele>
				<time>2026-09-22T01:17:12Z</time>
			</trkpt>
			<trkpt lat="48.10237602532334" lon="-122.77324331097388">
				<ele>1.4404207880188835</ele>
				<time>2026-09-22T01:17:13Z</time>
			</trkpt>
			<trkpt lat="48.102394937769766" lon="-122.77325151345438">
				<ele>1.3618523108852045</ele>
				<time>2026-09-22T01:17:14Z</time>
			</trkpt>
			<trkpt lat="48.10241362006425" lon="-122.77325858754037">
				<ele>1.0614552092975948</ele>
				<time>2026-09-22T01:17:15Z</time>
			</trkpt>
			<trkpt lat="48.102444415638345" lon="-122.77327904448376">
				<ele>1.2475597897757886</ele>
				<time>2026-09-22T01:17:17Z</time>
			</trkpt>
			<trkpt lat="48.10246549059516" lon="-122.77328989908608">
				<ele>1.331139779631343</ele>
				<time>2026-09-22T01:17:18Z</time>
			</trkpt>
			<trkpt lat="48.1024850188442" lon="-122.77329982486391">
				<ele>1.3204283331133198</ele>
				<time>2026-09-22T01:17:19Z</time>
			</trkpt>
			<trkpt lat="48.102503435573794" lon="-122.77330887625844">
				<ele>1.290532566580307</ele>
				<time>2026-09-22T01:17:20Z</time>
			</trkpt>
			<trkpt lat="48.10252463138635" lon="-122.77331716335037">
				<ele>1.301546704181142</ele>
				<time>2026-09-22T01:17:21Z</time>
			</trkpt>
			<trkpt lat="48.10254349460197" lon="-122.77332770571917">
				<ele>1.2899594927266484</ele>
				<time>2026-09-22T01:17:22Z</time>
			</trkpt>
			<trkpt lat="48.10256131913157" lon="-122.77333652068928">
				<ele>1.2323892241127297</ele>
				<time>2026-09-22T01:17:23Z</time>
			</trkpt>
			<trkpt lat="48.10258129234385" lon="-122.77334543048741">
				<ele>1.1999635092942817</ele>
				<time>2026-09-22T01:17:24Z</time>
			</trkpt>
			<trkpt lat="48.10260069119976" lon="-122.7733561403195">
				<ele>1.1817698678231672</ele>
				<time>2026-09-22T01:17:25Z</time>
			</trkpt>
			<trkpt lat="48.10262175186946" lon="-122.77336518752041">
				<ele>1.13721782856447</ele>
				<time>2026-09-22T01:17:26Z</time>
			</trkpt>
			<trkpt lat="48.102642167048856" lon="-122.77337500148384">
				<ele>1.110047638041884</ele>
				<time>2026-09-22T01:17:27Z</time>
			</trkpt>
			<trkpt lat="48.10266267736157" lon="-122.77338536027708">
				<ele>1.0573805520042185</ele>
				<time>2026-09-22T01:17:28Z</time>
			</trkpt>
			<trkpt lat="48.10268394679351" lon="-122.77339808167466">
				<ele>1.1217201411696998</ele>
				<time>2026-09-22T01:17:29Z</time>
			</trkpt>
			<trkpt lat="48.102701903990415" lon="-122.77341025117336">
				<ele>0.9794235596760288</ele>
				<time>2026-09-22T01:17:30Z</time>
			</trkpt>
			<trkpt lat="48.10272055498841" lon="-122.77342476059738">
				<ele>1.0173842543316027</ele>
				<time>2026-09-22T01:17:31Z</time>
			</trkpt>
			<trkpt lat="48.102739131863714" lon="-122.77343829902172">
				<ele>1.0105920542471125</ele>
				<time>2026-09-22T01:17:32Z</time>
			</trkpt>
			<trkpt lat="48.102759791223626" lon="-122.77345241370233">
				<ele>1.019750405286473</ele>
				<time>2026-09-22T01:17:33Z</time>
			</trkpt>
			<trkpt lat="48.10277835536809" lon="-122.77346548399055">
				<ele>1.0997000980810725</ele>
				<time>2026-09-22T01:17:34Z</time>
			</trkpt>
			<trkpt lat="48.102796714445255" lon="-122.77347859722101">
				<ele>1.096842123782853</ele>
				<time>2026-09-22T01:17:35Z</time>
			</trkpt>
			<trkpt lat="48.102817185256754" lon="-122.77349256539901">
				<ele>1.1567582977449327</ele>
				<time>2026-09-22T01:17:36Z</time>
			</trkpt>
			<trkpt lat="48.10285785015809" lon="-122.77351469415693">
				<ele>1.0205847346868886</ele>
				<time>2026-09-22T01:17:38Z</time>
			</trkpt>
			<trkpt lat="48.10287859176139" lon="-122.77352752929045">
				<ele>1.0412411648560393</ele>
				<time>2026-09-22T01:17:39Z</time>
			</trkpt>
			<trkpt lat="48.10290334326719" lon="-122.77353880010763">
				<ele>1.3517617282596355</ele>
				<time>2026-09-22T01:17:40Z</time>
			</trkpt>
			<trkpt lat="48.102926273987954" lon="-122.77354625126134">
				<ele>1.5277218650365718</ele>
				<time>2026-09-22T01:17:41Z</time>
			</trkpt>
			<trkpt lat="48.10294959507709" lon="-122.77355695597015">
				<ele>1.47801722767489</ele>
				<time>2026-09-22T01:17:42Z</time>
			</trkpt>
			<trkpt lat="48.10297332198192" lon="-122.77356247152184">
				<ele>1.547816356299645</ele>
				<time>2026-09-22T01:17:43Z</time>
			</trkpt>
			<trkpt lat="48.10299782541521" lon="-122.77356879103762">
				<ele>1.3203974515251815</ele>
				<time>2026-09-22T01:17:44Z</time>
			</trkpt>
			<trkpt lat="48.103019513315" lon="-122.77357152637573">
				<ele>1.4670324328348983</ele>
				<time>2026-09-22T01:17:45Z</time>
			</trkpt>
			<trkpt lat="48.10304200665837" lon="-122.77357378841181">
				<ele>1.3484459146692664</ele>
				<time>2026-09-22T01:17:46Z</time>
			</trkpt>
			<trkpt lat="48.10307096864292" lon="-122.77357383422809">
				<ele>1.6148553491792157</ele>
				<time>2026-09-22T01:17:47Z</time>
			</trkpt>
			<trkpt lat="48.103098336434904" lon="-122.77357287469185">
				<ele>1.5871309485310832</ele>
				<time>2026-09-22T01:17:48Z</time>
			</trkpt>
			<trkpt lat="48.10312139869496" lon="-122.77357343903728">
				<ele>1.5570005609063031</ele>
				<time>2026-09-22T01:17:49Z</time>
			</trkpt>
			<trkpt lat="48.10314279488987" lon="-122.77357235161554">
				<ele>1.560538203001201</ele>
				<time>2026-09-22T01:17:50Z</time>
			</trkpt>
			<trkpt lat="48.103165426853145" lon="-122.77357172884129">
				<ele>1.6365752935899138</ele>
				<time>2026-09-22T01:17:51Z</time>
			</trkpt>
			<trkpt lat="48.10318564229359" lon="-122.77357123214469">
				<ele>1.3329224084647926</ele>
				<time>2026-09-22T01:17:52Z</time>
			</trkpt>
			<trkpt lat="48.103207414359254" lon="-122.77357229248757">
				<ele>1.51004683394779</ele>
				<time>2026-09-22T01:17:53Z</time>
			</trkpt>
			<trkpt lat="48.1032324065292" lon="-122.77357239701065">
				<ele>1.4078547389007383</ele>
				<time>2026-09-22T01:17:54Z</time>
			</trkpt>
			<trkpt lat="48.10325269019789" lon="-122.77357136135362">
				<ele>1.3902146055377997</ele>
				<time>2026-09-22T01:17:55Z</time>
			</trkpt>
			<trkpt lat="48.10328102716376" lon="-122.77356897033343">
				<ele>1.361704467864925</ele>
				<time>2026-09-22T01:17:56Z</time>
			</trkpt>
			<trkpt lat="48.10331607984655" lon="-122.77356432242753">
				<ele>1.0350297574857414</ele>
				<time>2026-09-22T01:17:58Z</time>
			</trkpt>
			<trkpt lat="48.10333402125429" lon="-122.77355897630756">
				<ele>1.211768170271025</ele>
				<time>2026-09-22T01:17:59Z</time>
			</trkpt>
			<trkpt lat="48.10335333106845" lon="-122.77355553181796">
				<ele>1.1479607940872896</ele>
				<time>2026-09-22T01:18:00Z</time>
			</trkpt>
			<trkpt lat="48.10337644598527" lon="-122.77355396337052">
				<ele>0.9817207462005761</ele>
				<time>2026-09-22T01:18:01Z</time>
			</trkpt>
			<trkpt lat="48.1033972934173" lon="-122.77354924555809">
				<ele>1.006453283950826</ele>
				<time>2026-09-22T01:18:02Z</time>
			</trkpt>
			<trkpt lat="48.10342225628859" lon="-122.77353872682693">
				<ele>1.0680710365815251</ele>
				<time>2026-09-22T01:18:03Z</time>
			</trkpt>
			<trkpt lat="48.103444289750044" lon="-122.77353075936222">
				<ele>0.9251845571448882</ele>
				<time>2026-09-22T01:18:04Z</time>
			</trkpt>
			<trkpt lat="48.10347054884408" lon="-122.77352053274444">
				<ele>0.9781112370124028</ele>
				<time>2026-09-22T01:18:05Z</time>
			</trkpt>
			<trkpt lat="48.10349721636853" lon="-122.7735106130408">
				<ele>0.9897425301906502</ele>
				<time>2026-09-22T01:18:06Z</time>
			</trkpt>
			<trkpt lat="48.103522132742455" lon="-122.77350231049289">
				<ele>1.008487691759715</ele>
				<time>2026-09-22T01:18:07Z</time>
			</trkpt>
			<trkpt lat="48.10354313297062" lon="-122.773495726955">
				<ele>1.0275376779494536</ele>
				<time>2026-09-22T01:18:08Z</time>
			</trkpt>
			<trkpt lat="48.10357044024988" lon="-122.77348505391258">
				<ele>1.107097441056716</ele>
				<time>2026-09-22T01:18:09Z</time>
			</trkpt>
			<trkpt lat="48.10360058214418" lon="-122.77347369348303">
				<ele>1.081301351798107</ele>
				<time>2026-09-22T01:18:10Z</time>
			</trkpt>
			<trkpt lat="48.10362731891804" lon="-122.77346222742453">
				<ele>0.9754945957596739</ele>
				<time>2026-09-22T01:18:11Z</time>
			</trkpt>
			<trkpt lat="48.10364998413212" lon="-122.77345218936962">
				<ele>1.026206261241711</ele>
				<time>2026-09-22T01:18:12Z</time>
			</trkpt>
			<trkpt lat="48.10367369209332" lon="-122.77344046028368">
				<ele>1.0405667296308003</ele>
				<time>2026-09-22T01:18:13Z</time>
			</trkpt>
			<trkpt lat="48.10369489738049" lon="-122.77342839754141">
				<ele>0.9451635859802465</ele>
				<time>2026-09-22T01:18:14Z</time>
			</trkpt>
			<trkpt lat="48.10372152638706" lon="-122.77341494500187">
				<ele>0.871672590716841</ele>
				<time>2026-09-22T01:18:15Z</time>
			</trkpt>
			<trkpt lat="48.103750389282006" lon="-122.77340475819926">
				<ele>0.9568090949343038</ele>
				<time>2026-09-22T01:18:16Z</time>
			</trkpt>
			<trkpt lat="48.10377688982105" lon="-122.77339331388916">
				<ele>0.8527101002954645</ele>
				<time>2026-09-22T01:18:17Z</time>
			</trkpt>
			<trkpt lat="48.1038012863977" lon="-122.77337760683415">
				<ele>0.854630238614952</ele>
				<time>2026-09-22T01:18:18Z</time>
			</trkpt>
			<trkpt lat="48.10382792422168" lon="-122.77336262274153">
				<ele>0.8454822179182351</ele>
				<time>2026-09-22T01:18:19Z</time>
			</trkpt>
			<trkpt lat="48.1038548357991" lon="-122.77334806992033">
				<ele>0.8737464603858385</ele>
				<time>2026-09-22T01:18:20Z</time>
			</trkpt>
			<trkpt lat="48.103881480269855" lon="-122.77333253791846">
				<ele>0.9138829453703643</ele>
				<time>2026-09-22T01:18:21Z</time>
			</trkpt>
			<trkpt lat="48.10390865600184" lon="-122.7733179327891">
				<ele>0.9077950300385638</ele>
				<time>2026-09-22T01:18:22Z</time>
			</trkpt>
			<trkpt lat="48.10393305793711" lon="-122.77330495227694">
				<ele>0.9661260588980021</ele>
				<time>2026-09-22T01:18:23Z</time>
			</trkpt>
			<trkpt lat="48.103958378579925" lon="-122.77329095838117">
				<ele>0.9122708146998306</ele>
				<time>2026-09-22T01:18:24Z</time>
			</trkpt>
			<trkpt lat="48.10398115480003" lon="-122.7732775973858">
				<ele>0.9481077631329207</ele>
				<time>2026-09-22T01:18:25Z</time>
			</trkpt>
			<trkpt lat="48.10400384577656" lon="-122.77326592917223">
				<ele>0.9296642438042291</ele>
				<time>2026-09-22T01:18:26Z</time>
			</trkpt>
			<trkpt lat="48.10402572703801" lon="-122.77325602037861">
				<ele>0.9434034743857396</ele>
				<time>2026-09-22T01:18:27Z</time>
			</trkpt>
			<trkpt lat="48.104047290027815" lon="-122.77324614727188">
				<ele>0.9704178829928871</ele>
				<time>2026-09-22T01:18:28Z</time>
			</trkpt>
			<trkpt lat="48.10406875153379" lon="-122.77323717783185">
				<ele>0.9915566457282274</ele>
				<time>2026-09-22T01:18:29Z</time>
			</trkpt>
			<trkpt lat="48.10409076061816" lon="-122.77322643312203">
				<ele>1.0118614622209527</ele>
				<time>2026-09-22T01:18:30Z</time>
			</trkpt>
			<trkpt lat="48.104111438558384" lon="-122.77321571275289">
				<ele>1.1085717298972817</ele>
				<time>2026-09-22T01:18:31Z</time>
			</trkpt>
			<trkpt lat="48.10413402880801" lon="-122.7732038587153">
				<ele>0.9583504026847507</ele>
				<time>2026-09-22T01:18:32Z</time>
			</trkpt>
			<trkpt lat="48.10415499330558" lon="-122.77319189464575">
				<ele>0.9909374063595671</ele>
				<time>2026-09-22T01:18:33Z</time>
			</trkpt>
			<trkpt lat="48.10417699912735" lon="-122.77318175762329">
				<ele>0.9634844110659841</ele>
				<time>2026-09-22T01:18:34Z</time>
			</trkpt>
			<trkpt lat="48.104198920158574" lon="-122.77317082331325">
				<ele>0.9874645942727334</ele>
				<time>2026-09-22T01:18:35Z</time>
			</trkpt>
			<trkpt lat="48.104220683343065" lon="-122.77315965200356">
				<ele>1.0186308364866719</ele>
				<time>2026-09-22T01:18:36Z</time>
			</trkpt>
			<trkpt lat="48.10424394485992" lon="-122.77314855057612">
				<ele>1.221470046727422</ele>
				<time>2026-09-22T01:18:37Z</time>
			</trkpt>
			<trkpt lat="48.10426910342031" lon="-122.77313755424501">
				<ele>1.219590441714935</ele>
				<time>2026-09-22T01:18:38Z</time>
			</trkpt>
			<trkpt lat="48.10429512856091" lon="-122.77312453690024">
				<ele>1.2426656238665146</ele>
				<time>2026-09-22T01:18:39Z</time>
			</trkpt>
			<trkpt lat="48.10432127559978" lon="-122.77310903884926">
				<ele>1.1794264877332026</ele>
				<time>2026-09-22T01:18:40Z</time>
			</trkpt>
			<trkpt lat="48.10434515859739" lon="-122.77309315098911">
				<ele>1.1651176833507932</ele>
				<time>2026-09-22T01:18:41Z</time>
			</trkpt>
			<trkpt lat="48.10436872919806" lon="-122.77307864648489">
				<ele>1.0895498415470293</ele>
				<time>2026-09-22T01:18:42Z</time>
			</trkpt>
			<trkpt lat="48.10438968094771" lon="-122.77306381873787">
				<ele>1.1299269069582287</ele>
				<time>2026-09-22T01:18:43Z</time>
			</trkpt>
			<trkpt lat="48.104409187772546" lon="-122.77305006920307">
				<ele>1.0780015216746328</ele>
				<time>2026-09-22T01:18:44Z</time>
			</trkpt>
			<trkpt lat="48.10442928036037" lon="-122.77303901633412">
				<ele>1.0579970636816718</ele>
				<time>2026-09-22T01:18:45Z</time>
			</trkpt>
			<trkpt lat="48.104450544675686" lon="-122.77302959916082">
				<ele>1.052266033774501</ele>
				<time>2026-09-22T01:18:46Z</time>
			</trkpt>
			<trkpt lat="48.10446932633334" lon="-122.77302354159858">
				<ele>1.0690534402446552</ele>
				<time>2026-09-22T01:18:47Z</time>
			</trkpt>
			<trkpt lat="48.10448839509004" lon="-122.77301603163069">
				<ele>1.0863731619479644</ele>
				<time>2026-09-22T01:18:48Z</time>
			</trkpt>
			<trkpt lat="48.10450840970876" lon="-122.77300915507898">
				<ele>1.0585649674154674</ele>
				<time>2026-09-22T01:18:49Z</time>
			</trkpt>
			<trkpt lat="48.104529554060335" lon="-122.77300253254668">
				<ele>1.058126988745073</ele>
				<time>2026-09-22T01:18:50Z</time>
			</trkpt>
			<trkpt lat="48.10455108705858" lon="-122.7729929877895">
				<ele>1.0709630771987513</ele>
				<time>2026-09-22T01:18:51Z</time>
			</trkpt>
			<trkpt lat="48.10457236873725" lon="-122.77298424375189">
				<ele>1.1578050280783359</ele>
				<time>2026-09-22T01:18:52Z</time>
			</trkpt>
			<trkpt lat="48.104593830614974" lon="-122.77297182033158">
				<ele>1.0558039019728014</ele>
				<time>2026-09-22T01:18:53Z</time>
			</trkpt>
			<trkpt lat="48.104613337322355" lon="-122.77295776620544">
				<ele>1.1067176230710807</ele>
				<time>2026-09-22T01:18:54Z</time>
			</trkpt>
			<trkpt lat="48.10463447607776" lon="-122.77294328641247">
				<ele>1.009866156650716</ele>
				<time>2026-09-22T01:18:55Z</time>
			</trkpt>
			<trkpt lat="48.104653176573905" lon="-122.77293080521837">
				<ele>1.0423458873909048</ele>
				<time>2026-09-22T01:18:56Z</time>
			</trkpt>
			<trkpt lat="48.10467186736489" lon="-122.772919632554">
				<ele>1.1685016655951692</ele>
				<time>2026-09-22T01:18:57Z</time>
			</trkpt>
			<trkpt lat="48.104702511571595" lon="-122.77291657139259">
				<ele>0.6326300699959866</ele>
				<time>2026-09-22T01:18:58Z</time>
			</trkpt>
			<trkpt lat="48.10472086638301" lon="-122.77290185630608">
				<ele>0.6501442904941754</ele>
				<time>2026-09-22T01:18:59Z</time>
			</trkpt>
			<trkpt lat="48.10473867658609" lon="-122.77288858226309">
				<ele>0.8193686858469391</ele>
				<time>2026-09-22T01:19:00Z</time>
			</trkpt>
			<trkpt lat="48.10475650256675" lon="-122.7728717545362">
				<ele>0.850499933152566</ele>
				<time>2026-09-22T01:19:01Z</time>
			</trkpt>
			<trkpt lat="48.10477557293608" lon="-122.77285088286224">
				<ele>0.9250453783929871</ele>
				<time>2026-09-22T01:19:02Z</time>
			</trkpt>
			<trkpt lat="48.10479657757065" lon="-122.77283098993018">
				<ele>1.0873357344072723</ele>
				<time>2026-09-22T01:19:03Z</time>
			</trkpt>
			<trkpt lat="48.10481891238932" lon="-122.77281458108659">
				<ele>1.0339816990040909</ele>
				<time>2026-09-22T01:19:04Z</time>
			</trkpt>
			<trkpt lat="48.10483965056539" lon="-122.77278826179366">
				<ele>1.0264089552314815</ele>
				<time>2026-09-22T01:19:05Z</time>
			</trkpt>
			<trkpt lat="48.104860849247984" lon="-122.77276474097872">
				<ele>0.9539836231427579</ele>
				<time>2026-09-22T01:19:06Z</time>
			</trkpt>
			<trkpt lat="48.10488029485569" lon="-122.77274193688072">
				<ele>0.9815829120668695</ele>
				<time>2026-09-22T01:19:07Z</time>
			</trkpt>
			<trkpt lat="48.10489986359912" lon="-122.77271813804589">
				<ele>1.0766553280656233</ele>
				<time>2026-09-22T01:19:08Z</time>
			</trkpt>
			<trkpt lat="48.10492087335845" lon="-122.77269821044936">
				<ele>1.0624738115324917</ele>
				<time>2026-09-22T01:19:09Z</time>
			</trkpt>
			<trkpt lat="48.10494518861822" lon="-122.77267895339335">
				<ele>1.0895528549636708</ele>
				<time>2026-09-22T01:19:10Z</time>
			</trkpt>
			<trkpt lat="48.10496910044859" lon="-122.77265862116263">
				<ele>1.0541964307261331</ele>
				<time>2026-09-22T01:19:11Z</time>
			</trkpt>
			<trkpt lat="48.104991599959185" lon="-122.77263797396363">
				<ele>1.0797832075653702</ele>
				<time>2026-09-22T01:19:12Z</time>
			</trkpt>
			<trkpt lat="48.105017665034744" lon="-122.77261391874225">
				<ele>1.0473821041944227</ele>
				<time>2026-09-22T01:19:13Z</time>
			</trkpt>
			<trkpt lat="48.10504483062814" lon="-122.77258743519344">
				<ele>1.0815608252233204</ele>
				<time>2026-09-22T01:19:14Z</time>
			</trkpt>
			<trkpt lat="48.10506948948341" lon="-122.77256098935278">
				<ele>1.0589540127858683</ele>
				<time>2026-09-22T01:19:15Z</time>
			</trkpt>
			<trkpt lat="48.10509405981986" lon="-122.77253685574303">
				<ele>0.9638942879674808</ele>
				<time>2026-09-22T01:19:16Z</time>
			</trkpt>
			<trkpt lat="48.10511743950279" lon="-122.77251073933917">
				<ele>0.953822977395447</ele>
				<time>2026-09-22T01:19:17Z</time>
			</trkpt>
			<trkpt lat="48.105140177474496" lon="-122.77248761726968">
				<ele>1.0036719073444829</ele>
				<time>2026-09-22T01:19:18Z</time>
			</trkpt>
			<trkpt lat="48.10516366689059" lon="-122.77246402050092">
				<ele>1.0393093293016769</ele>
				<time>2026-09-22T01:19:19Z</time>
			</trkpt>
			<trkpt lat="48.10518688758504" lon="-122.77244189877173">
				<ele>1.0386428848425489</ele>
				<time>2026-09-22T01:19:20Z</time>
			</trkpt>
			<trkpt lat="48.10520890162538" lon="-122.77242320262292">
				<ele>0.9858106179149608</ele>
				<time>2026-09-22T01:19:21Z</time>
			</trkpt>
			<trkpt lat="48.10523227322559" lon="-122.77240342063168">
				<ele>1.0484626413511116</ele>
				<time>2026-09-22T01:19:22Z</time>
			</trkpt>
			<trkpt lat="48.105253878770135" lon="-122.77238305336326">
				<ele>1.0620636114699984</ele>
				<time>2026-09-22T01:19:23Z</time>
			</trkpt>
			<trkpt lat="48.10527510350975" lon="-122.77236116682847">
				<ele>1.102503760568954</ele>
				<time>2026-09-22T01:19:24Z</time>
			</trkpt>
			<trkpt lat="48.10530035713727" lon="-122.77234036477402">
				<ele>1.1302814010371556</ele>
				<time>2026-09-22T01:19:25Z</time>
			</trkpt>
			<trkpt lat="48.10532112362311" lon="-122.77231935817498">
				<ele>1.065003846061515</ele>
				<time>2026-09-22T01:19:26Z</time>
			</trkpt>
			<trkpt lat="48.10534028586417" lon="-122.77230087010076">
				<ele>1.0181895787302118</ele>
				<time>2026-09-22T01:19:27Z</time>
			</trkpt>
			<trkpt lat="48.10535676445049" lon="-122.77227966189824">
				<ele>1.1890456613773814</ele>
				<time>2026-09-22T01:19:28Z</time>
			</trkpt>
			<trkpt lat="48.10537837588239" lon="-122.77226231817708">
				<ele>0.8849009225156799</ele>
				<time>2026-09-22T01:19:29Z</time>
			</trkpt>
			<trkpt lat="48.105397193280574" lon="-122.77224420196303">
				<ele>0.9341977395981971</ele>
				<time>2026-09-22T01:19:30Z</time>
			</trkpt>
			<trkpt lat="48.105417352880295" lon="-122.77222516945962">
				<ele>0.8899178016423228</ele>
				<time>2026-09-22T01:19:31Z</time>
			</trkpt>
			<trkpt lat="48.105435518164434" lon="-122.77220943272353">
				<ele>0.9289065440535431</ele>
				<time>2026-09-22T01:19:32Z</time>
			</trkpt>
			<trkpt lat="48.10545503949628" lon="-122.7721923768252">
				<ele>0.949833731493527</ele>
				<time>2026-09-22T01:19:33Z</time>
			</trkpt>
			<trkpt lat="48.105473777836785" lon="-122.77217493625511">
				<ele>0.9540440327398123</ele>
				<time>2026-09-22T01:19:34Z</time>
			</trkpt>
			<trkpt lat="48.10549303808136" lon="-122.77215946066406">
				<ele>1.0200950853513753</ele>
				<time>2026-09-22T01:19:35Z</time>
			</trkpt>
			<trkpt lat="48.1055127540435" lon="-122.77214290595826">
				<ele>0.9714949366977237</ele>
				<time>2026-09-22T01:19:36Z</time>
			</trkpt>
			<trkpt lat="48.10553334997348" lon="-122.77212463619146">
				<ele>0.948925268683201</ele>
				<time>2026-09-22T01:19:37Z</time>
			</trkpt>
			<trkpt lat="48.105553146700615" lon="-122.77210599582048">
				<ele>0.9159187029768319</ele>
				<time>2026-09-22T01:19:38Z</time>
			</trkpt>
			<trkpt lat="48.10557130833508" lon="-122.77209150070641">
				<ele>1.0373178785339512</ele>
				<time>2026-09-22T01:19:39Z</time>
			</trkpt>
			<trkpt lat="48.10558854768538" lon="-122.77207660151444">
				<ele>1.0322547143444538</ele>
				<time>2026-09-22T01:19:40Z</time>
			</trkpt>
			<trkpt lat="48.10560769496353" lon="-122.77205788639911">
				<ele>1.0659011715145255</ele>
				<time>2026-09-22T01:19:41Z</time>
			</trkpt>
			<trkpt lat="48.10562635861493" lon="-122.77203706228295">
				<ele>1.1035696159759567</ele>
				<time>2026-09-22T01:19:42Z</time>
			</trkpt>
			<trkpt lat="48.10564647821293" lon="-122.77201890346494">
				<ele>1.0799822061058002</ele>
				<time>2026-09-22T01:19:43Z</time>
			</trkpt>
			<trkpt lat="48.10566437799918" lon="-122.77200014873924">
				<ele>1.1481754004308762</ele>
				<time>2026-09-22T01:19:44Z</time>
			</trkpt>
			<trkpt lat="48.10568053142946" lon="-122.7719808189809">
				<ele>1.19551159655839</ele>
				<time>2026-09-22T01:19:45Z</time>
			</trkpt>
			<trkpt lat="48.10569734558768" lon="-122.77196031205062">
				<ele>1.183377916412379</ele>
				<time>2026-09-22T01:19:46Z</time>
			</trkpt>
			<trkpt lat="48.10571645567609" lon="-122.77193751082004">
				<ele>1.144486495364113</ele>
				<time>2026-09-22T01:19:47Z</time>
			</trkpt>
			<trkpt lat="48.105737707057806" lon="-122.77191502479982">
				<ele>1.0810776204601247</ele>
				<time>2026-09-22T01:19:48Z</time>
			</trkpt>
			<trkpt lat="48.10575858174105" lon="-122.77189692870475">
				<ele>1.1210270064331702</ele>
				<time>2026-09-22T01:19:49Z</time>
			</trkpt>
			<trkpt lat="48.105780602064314" lon="-122.77187495520722">
				<ele>1.1743069577755634</ele>
				<time>2026-09-22T01:19:50Z</time>
			</trkpt>
			<trkpt lat="48.1058037429027" lon="-122.7718535394471">
				<ele>1.1728775462244876</ele>
				<time>2026-09-22T01:19:51Z</time>
			</trkpt>
			<trkpt lat="48.1058271397649" lon="-122.77183123021793">
				<ele>1.2220382498699038</ele>
				<time>2026-09-22T01:19:52Z</time>
			</trkpt>
			<trkpt lat="48.105850194598766" lon="-122.77180781466481">
				<ele>1.1827844861953736</ele>
				<time>2026-09-22T01:19:53Z</time>
			</trkpt>
			<trkpt lat="48.10587551150427" lon="-122.77178191943673">
				<ele>1.0952146731121104</ele>
				<time>2026-09-22T01:19:54Z</time>
			</trkpt>
			<trkpt lat="48.10589921287034" lon="-122.7717588936947">
				<ele>1.265305677711524</ele>
				<time>2026-09-22T01:19:55Z</time>
			</trkpt>
			<trkpt lat="48.10592658908935" lon="-122.77172944093076">
				<ele>1.259744774224366</ele>
				<time>2026-09-22T01:19:56Z</time>
			</trkpt>
			<trkpt lat="48.10594873861048" lon="-122.77170329251202">
				<ele>1.278427161254438</ele>
				<time>2026-09-22T01:19:57Z</time>
			</trkpt>
			<trkpt lat="48.105972817668665" lon="-122.77167859158392">
				<ele>0.9816686790563516</ele>
				<time>2026-09-22T01:19:58Z</time>
			</trkpt>
			<trkpt lat="48.10599420967532" lon="-122.7716532716346">
				<ele>1.0414025312289183</ele>
				<time>2026-09-22T01:19:59Z</time>
			</trkpt>
			<trkpt lat="48.10601482391582" lon="-122.77162592034165">
				<ele>1.0555072592525718</ele>
				<time>2026-09-22T01:20:00Z</time>
			</trkpt>
			<trkpt lat="48.10603351281576" lon="-122.77159938931305">
				<ele>1.0973697204736865</ele>
				<time>2026-09-22T01:20:01Z</time>
			</trkpt>
			<trkpt lat="48.10605272452148" lon="-122.7715751028723">
				<ele>1.0456426041026532</ele>
				<time>2026-09-22T01:20:02Z</time>
			</trkpt>
			<trkpt lat="48.10607035575782" lon="-122.7715507099736">
				<ele>1.0709481506977276</ele>
				<time>2026-09-22T01:20:03Z</time>
			</trkpt>
			<trkpt lat="48.106087876352035" lon="-122.77152832182192">
				<ele>1.061189305067014</ele>
				<time>2026-09-22T01:20:04Z</time>
			</trkpt>
			<trkpt lat="48.1061048123378" lon="-122.77150842886198">
				<ele>1.0658892326540688</ele>
				<time>2026-09-22T01:20:05Z</time>
			</trkpt>
			<trkpt lat="48.10612125198057" lon="-122.77148954401538">
				<ele>1.0716726639475382</ele>
				<time>2026-09-22T01:20:06Z</time>
			</trkpt>
			<trkpt lat="48.10613825513485" lon="-122.77146905107146">
				<ele>0.9730970298758592</ele>
				<time>2026-09-22T01:20:07Z</time>
			</trkpt>
			<trkpt lat="48.106157546363285" lon="-122.77144652177077">
				<ele>0.9567929703204783</ele>
				<time>2026-09-22T01:20:08Z</time>
			</trkpt>
			<trkpt lat="48.10617810397234" lon="-122.77142484950518">
				<ele>1.0473937045475026</ele>
				<time>2026-09-22T01:20:09Z</time>
			</trkpt>
			<trkpt lat="48.10619905386365" lon="-122.77140150637885">
				<ele>1.1102122707726707</ele>
				<time>2026-09-22T01:20:10Z</time>
			</trkpt>
			<trkpt lat="48.10621977648508" lon="-122.7713782922056">
				<ele>1.0606283054325267</ele>
				<time>2026-09-22T01:20:11Z</time>
			</trkpt>
			<trkpt lat="48.106241226914065" lon="-122.7713555397689">
				<ele>1.1996356767128837</ele>
				<time>2026-09-22T01:20:12Z</time>
			</trkpt>
			<trkpt lat="48.10626173858765" lon="-122.77133382267453">
				<ele>1.1715528865625373</ele>
				<time>2026-09-22T01:20:13Z</time>
			</trkpt>
			<trkpt lat="48.10627898954441" lon="-122.77131465038198">
				<ele>1.3647696915829712</ele>
				<time>2026-09-22T01:20:14Z</time>
			</trkpt>
			<trkpt lat="48.106295064741545" lon="-122.7712946547885">
				<ele>1.4196155095116332</ele>
				<time>2026-09-22T01:20:15Z</time>
			</trkpt>
			<trkpt lat="48.10631008481821" lon="-122.77127529416697">
				<ele>1.3687274292769267</ele>
				<time>2026-09-22T01:20:16Z</time>
			</trkpt>
			<trkpt lat="48.106324004313436" lon="-122.77125763884418">
				<ele>1.3498377503862429</ele>
				<time>2026-09-22T01:20:17Z</time>
			</trkpt>
			<trkpt lat="48.10634893606666" lon="-122.77122534906584">
				<ele>1.3876210644740858</ele>
				<time>2026-09-22T01:20:19Z</time>
			</trkpt>
			<trkpt lat="48.10637470402308" lon="-122.77119852117859">
				<ele>1.309803646875757</ele>
				<time>2026-09-22T01:20:21Z</time>
			</trkpt>
			<trkpt lat="48.106401423245494" lon="-122.77117070135124">
				<ele>1.2677286536463903</ele>
				<time>2026-09-22T01:20:23Z</time>
			</trkpt>
			<trkpt lat="48.10642879963017" lon="-122.77114715727525">
				<ele>1.2618794897779892</ele>
				<time>2026-09-22T01:20:25Z</time>
			</trkpt>
			<trkpt lat="48.106457028385904" lon="-122.77112290534525">
				<ele>1.2355800972905442</ele>
				<time>2026-09-22T01:20:27Z</time>
			</trkpt>
			<trkpt lat="48.106485670262686" lon="-122.77109512649344">
				<ele>1.2217188549093336</ele>
				<time>2026-09-22T01:20:29Z</time>
			</trkpt>
			<trkpt lat="48.10650125968047" lon="-122.77108112163607">
				<ele>1.214539880693028</ele>
				<time>2026-09-22T01:20:30Z</time>
			</trkpt>
			<trkpt lat="48.1065171641692" lon="-122.77106744962333">
				<ele>1.2016882409052485</ele>
				<time>2026-09-22T01:20:31Z</time>
			</trkpt>
			<trkpt lat="48.106532664623025" lon="-122.77105230063657">
				<ele>1.2160509935299721</ele>
				<time>2026-09-22T01:20:32Z</time>
			</trkpt>
			<trkpt lat="48.106561372444574" lon="-122.77102771422337">
				<ele>1.2023455161608254</ele>
				<time>2026-09-22T01:20:34Z</time>
			</trkpt>
			<trkpt lat="48.10658920580931" lon="-122.77100490301281">
				<ele>1.1600790103975989</ele>
				<time>2026-09-22T01:20:36Z</time>
			</trkpt>
			<trkpt lat="48.106617867567444" lon="-122.77097972415503">
				<ele>1.2207351036893463</ele>
				<time>2026-09-22T01:20:38Z</time>
			</trkpt>
			<trkpt lat="48.106646773978895" lon="-122.77095448349066">
				<ele>1.1693832302838274</ele>
				<time>2026-09-22T01:20:40Z</time>
			</trkpt>
			<trkpt lat="48.10667739493863" lon="-122.77093018423125">
				<ele>1.0792361970809772</ele>
				<time>2026-09-22T01:20:42Z</time>
			</trkpt>
			<trkpt lat="48.106704888834784" lon="-122.7709151647609">
				<ele>1.1259486698319456</ele>
				<time>2026-09-22T01:20:44Z</time>
			</trkpt>
			<trkpt lat="48.106732119515534" lon="-122.77090586125786">
				<ele>1.1614600560005677</ele>
				<time>2026-09-22T01:20:46Z</time>
			</trkpt>
			<trkpt lat="48.10675875993608" lon="-122.77089914066471">
				<ele>1.1284144428166165</ele>
				<time>2026-09-22T01:20:48Z</time>
			</trkpt>
			<trkpt lat="48.10678381794878" lon="-122.77088317961801">
				<ele>1.332925857393878</ele>
				<time>2026-09-22T01:20:50Z</time>
			</trkpt>
			<trkpt lat="48.106818194751256" lon="-122.77086691166043">
				<ele>1.7525403727896176</ele>
				<time>2026-09-22T01:20:52Z</time>
			</trkpt>
			<trkpt lat="48.10685231361416" lon="-122.77084744347373">
				<ele>1.4906018612266507</ele>
				<time>2026-09-22T01:20:54Z</time>
			</trkpt>
			<trkpt lat="48.106871273559875" lon="-122.7708379625988">
				<ele>1.3822192368156578</ele>
				<time>2026-09-22T01:20:55Z</time>
			</trkpt>
			<trkpt lat="48.10689102952603" lon="-122.77083000985034">
				<ele>1.2354526992273698</ele>
				<time>2026-09-22T01:20:56Z</time>
			</trkpt>
			<trkpt lat="48.106910161093346" lon="-122.77081821620301">
				<ele>1.2545567653898573</ele>
				<time>2026-09-22T01:20:57Z</time>
			</trkpt>
			<trkpt lat="48.106928505670524" lon="-122.7708108401375">
				<ele>1.244672492140456</ele>
				<time>2026-09-22T01:20:58Z</time>
			</trkpt>
			<trkpt lat="48.10696266156172" lon="-122.77079677927824">
				<ele>1.227837537286078</ele>
				<time>2026-09-22T01:21:00Z</time>
			</trkpt>
			<trkpt lat="48.106995787047865" lon="-122.77078524157741">
				<ele>1.1633317757972783</ele>
				<time>2026-09-22T01:21:02Z</time>
			</trkpt>
			<trkpt lat="48.10721929315995" lon="-122.77072063027924">
				<ele>1.8465411216711125</ele>
				<time>2026-09-22T01:21:18Z</time>
			</trkpt>
			<trkpt lat="48.107243319774426" lon="-122.77071366022274">
				<ele>1.806438546630421</ele>
				<time>2026-09-22T01:21:20Z</time>
			</trkpt>
			<trkpt lat="48.107263381263536" lon="-122.77070689353573">
				<ele>1.5333754146316103</ele>
				<time>2026-09-22T01:21:22Z</time>
			</trkpt>
			<trkpt lat="48.107289384979254" lon="-122.77068714898571">
				<ele>1.5609585585217154</ele>
				<time>2026-09-22T01:21:24Z</time>
			</trkpt>
			<trkpt lat="48.1073156210879" lon="-122.77066540571866">
				<ele>1.4093908749202946</ele>
				<time>2026-09-22T01:21:26Z</time>
			</trkpt>
			<trkpt lat="48.107348160103" lon="-122.77065041946938">
				<ele>1.5234514999383677</ele>
				<time>2026-09-22T01:21:28Z</time>
			</trkpt>
			<trkpt lat="48.10738341775907" lon="-122.77063827882417">
				<ele>1.4931167382159067</ele>
				<time>2026-09-22T01:21:30Z</time>
			</trkpt>
			<trkpt lat="48.10740266946325" lon="-122.77062911056791">
				<ele>1.5043336815292534</ele>
				<time>2026-09-22T01:21:31Z</time>
			</trkpt>
			<trkpt lat="48.10742156584858" lon="-122.77062828537788">
				<ele>1.52349258376206</ele>
				<time>2026-09-22T01:21:32Z</time>
			</trkpt>
			<trkpt lat="48.10744242314051" lon="-122.77062721496922">
				<ele>1.3809194659197672</ele>
				<time>2026-09-22T01:21:33Z</time>
			</trkpt>
			<trkpt lat="48.10746453526407" lon="-122.77062842629132">
				<ele>1.375570461344605</ele>
				<time>2026-09-22T01:21:34Z</time>
			</trkpt>
			<trkpt lat="48.10748488453832" lon="-122.77062806759537">
				<ele>1.3145283998990926</ele>
				<time>2026-09-22T01:21:35Z</time>
			</trkpt>
			<trkpt lat="48.10750323646865" lon="-122.7706308753903">
				<ele>1.3640543208796672</ele>
				<time>2026-09-22T01:21:36Z</time>
			</trkpt>
			<trkpt lat="48.10752192195992" lon="-122.77062856390116">
				<ele>1.272226590815844</ele>
				<time>2026-09-22T01:21:37Z</time>
			</trkpt>
			<trkpt lat="48.1075568297284" lon="-122.7706331031478">
				<ele>1.2811746533327515</ele>
				<time>2026-09-22T01:21:39Z</time>
			</trkpt>
			<trkpt lat="48.107577417522236" lon="-122.77063512394682">
				<ele>1.2543116133331829</ele>
				<time>2026-09-22T01:21:40Z</time>
			</trkpt>
			<trkpt lat="48.10760052924809" lon="-122.7706320631122">
				<ele>1.1208287530383387</ele>
				<time>2026-09-22T01:21:41Z</time>
			</trkpt>
			<trkpt lat="48.107620217418386" lon="-122.77061686480312">
				<ele>1.23519655292041</ele>
				<time>2026-09-22T01:21:42Z</time>
			</trkpt>
			<trkpt lat="48.1076349423681" lon="-122.77059113555549">
				<ele>1.1565072079308614</ele>
				<time>2026-09-22T01:21:43Z</time>
			</trkpt>
			<trkpt lat="48.10764331024894" lon="-122.77056255232249">
				<ele>1.1007833398849947</ele>
				<time>2026-09-22T01:21:44Z</time>
			</trkpt>
			<trkpt lat="48.10764949869297" lon="-122.77053451923838">
				<ele>1.1970957787170775</ele>
				<time>2026-09-22T01:21:45Z</time>
			</trkpt>
			<trkpt lat="48.107643236980685" lon="-122.77050729782813">
				<ele>1.0908611751776682</ele>
				<time>2026-09-22T01:21:46Z</time>
			</trkpt>
			<trkpt lat="48.10761654151786" lon="-122.77048064320304">
				<ele>1.1967732934844904</ele>
				<time>2026-09-22T01:21:48Z</time>
			</trkpt>
			<trkpt lat="48.107593530440646" lon="-122.77047167517978">
				<ele>1.5908366537183483</ele>
				<time>2026-09-22T01:21:50Z</time>
			</trkpt>
			<trkpt lat="48.107570155318754" lon="-122.77049476981101">
				<ele>1.329779786453166</ele>
				<time>2026-09-22T01:21:52Z</time>
			</trkpt>
			<trkpt lat="48.107553068652095" lon="-122.77050938378311">
				<ele>1.4111581853833108</ele>
				<time>2026-09-22T01:21:53Z</time>
			</trkpt>
			<trkpt lat="48.10753554406161" lon="-122.77052907284077">
				<ele>1.289499597598816</ele>
				<time>2026-09-22T01:21:54Z</time>
			</trkpt>
			<trkpt lat="48.1075182606394" lon="-122.77054908627666">
				<ele>1.4190968515223972</ele>
				<time>2026-09-22T01:21:55Z</time>
			</trkpt>
			<trkpt lat="48.10749246897274" lon="-122.77058512911621">
				<ele>1.5390393033325154</ele>
				<time>2026-09-22T01:21:57Z</time>
			</trkpt>
			<trkpt lat="48.1074799132849" lon="-122.77060984711515">
				<ele>1.5243888692187824</ele>
				<time>2026-09-22T01:21:58Z</time>
			</trkpt>
			<trkpt lat="48.10747026931996" lon="-122.77063465277698">
				<ele>1.4467814466917126</ele>
				<time>2026-09-22T01:21:59Z</time>
			</trkpt>
			<trkpt lat="48.10746183428356" lon="-122.77065988599163">
				<ele>1.3963733819958222</ele>
				<time>2026-09-22T01:22:00Z</time>
			</trkpt>
			<trkpt lat="48.10744541056014" lon="-122.77070642276755">
				<ele>1.3379044477362854</ele>
				<time>2026-09-22T01:22:02Z</time>
			</trkpt>
			<trkpt lat="48.10743033928764" lon="-122.77075241473146">
				<ele>1.3680842752235876</ele>
				<time>2026-09-22T01:22:04Z</time>
			</trkpt>
			<trkpt lat="48.10741859763467" lon="-122.77079917131432">
				<ele>1.2899192639506154</ele>
				<time>2026-09-22T01:22:06Z</time>
			</trkpt>
			<trkpt lat="48.1074075994453" lon="-122.77084675432025">
				<ele>1.359825075489013</ele>
				<time>2026-09-22T01:22:08Z</time>
			</trkpt>
			<trkpt lat="48.10740543103161" lon="-122.7708911015895">
				<ele>1.3916391525608205</ele>
				<time>2026-09-22T01:22:10Z</time>
			</trkpt>
			<trkpt lat="48.10740115652517" lon="-122.77094092812449">
				<ele>1.413197037181348</ele>
				<time>2026-09-22T01:22:12Z</time>
			</trkpt>
			<trkpt lat="48.10739617135587" lon="-122.77099019080588">
				<ele>1.2025902682035827</ele>
				<time>2026-09-22T01:22:14Z</time>
			</trkpt>
			<trkpt lat="48.10739291869654" lon="-122.77101823650946">
				<ele>1.285500193032341</ele>
				<time>2026-09-22T01:22:15Z</time>
			</trkpt>
			<trkpt lat="48.10738928508544" lon="-122.77104464919027">
				<ele>1.2667579814885706</ele>
				<time>2026-09-22T01:22:16Z</time>
			</trkpt>
			<trkpt lat="48.10738349377817" lon="-122.77108990462754">
				<ele>1.1897241923024318</ele>
				<time>2026-09-22T01:22:18Z</time>
			</trkpt>
			<trkpt lat="48.107375690610446" lon="-122.77113436404699">
				<ele>1.1259326139646681</ele>
				<time>2026-09-22T01:22:20Z</time>
			</trkpt>
			<trkpt lat="48.10736966426866" lon="-122.77118287315722">
				<ele>1.140952793871726</ele>
				<time>2026-09-22T01:22:22Z</time>
			</trkpt>
			<trkpt lat="48.10736040000003" lon="-122.77123089738609">
				<ele>1.0536890206890845</ele>
				<time>2026-09-22T01:22:24Z</time>
			</trkpt>
			<trkpt lat="48.10735188063995" lon="-122.77127473394442">
				<ele>1.0972983467027007</ele>
				<time>2026-09-22T01:22:26Z</time>
			</trkpt>
			<trkpt lat="48.10734568956799" lon="-122.77131519888327">
				<ele>1.1017626150227287</ele>
				<time>2026-09-22T01:22:28Z</time>
			</trkpt>
			<trkpt lat="48.107336394084754" lon="-122.77134998132354">
				<ele>1.199514721554717</ele>
				<time>2026-09-22T01:22:30Z</time>
			</trkpt>
			<trkpt lat="48.10732237771779" lon="-122.77138041256413">
				<ele>1.184094735923118</ele>
				<time>2026-09-22T01:22:32Z</time>
			</trkpt>
			<trkpt lat="48.107306933369834" lon="-122.77141063329482">
				<ele>1.1846761089442097</ele>
				<time>2026-09-22T01:22:34Z</time>
			</trkpt>
			<trkpt lat="48.10729137754525" lon="-122.77143931652861">
				<ele>1.1455327689618713</ele>
				<time>2026-09-22T01:22:36Z</time>
			</trkpt>
			<trkpt lat="48.10727626120631" lon="-122.77147175982542">
				<ele>1.1678498486509028</ele>
				<time>2026-09-22T01:22:38Z</time>
			</trkpt>
			<trkpt lat="48.10725982155824" lon="-122.77150519821231">
				<ele>1.1182742906322112</ele>
				<time>2026-09-22T01:22:40Z</time>
			</trkpt>
			<trkpt lat="48.10724812466008" lon="-122.77153316020254">
				<ele>1.1417606021033961</ele>
				<time>2026-09-22T01:22:42Z</time>
			</trkpt>
			<trkpt lat="48.10723818932514" lon="-122.77155851529496">
				<ele>1.1765700445057696</ele>
				<time>2026-09-22T01:22:44Z</time>
			</trkpt>
			<trkpt lat="48.107227909080855" lon="-122.77158114019993">
				<ele>1.2436122692647942</ele>
				<time>2026-09-22T01:22:46Z</time>
			</trkpt>
			<trkpt lat="48.10721213253215" lon="-122.77160246610622">
				<ele>1.315118434731172</ele>
				<time>2026-09-22T01:22:49Z</time>
			</trkpt>
			<trkpt lat="48.107191222232416" lon="-122.7716235368896">
				<ele>1.347984956488947</ele>
				<time>2026-09-22T01:22:52Z</time>
			</trkpt>
			<trkpt lat="48.10717791288897" lon="-122.77164192613992">
				<ele>1.334384817881169</ele>
				<time>2026-09-22T01:22:54Z</time>
			</trkpt>
			<trkpt lat="48.10716348783009" lon="-122.77166259378191">
				<ele>1.3550939735657757</ele>
				<time>2026-09-22T01:22:56Z</time>
			</trkpt>
			<trkpt lat="48.10714595775796" lon="-122.77169790817062">
				<ele>1.567378620551743</ele>
				<time>2026-09-22T01:22:58Z</time>
			</trkpt>
			<trkpt lat="48.10712783849419" lon="-122.77173268177117">
				<ele>1.651918011633029</ele>
				<time>2026-09-22T01:23:00Z</time>
			</trkpt>
			<trkpt lat="48.10711346424769" lon="-122.77176363605393">
				<ele>1.7410080685677762</ele>
				<time>2026-09-22T01:23:02Z</time>
			</trkpt>
			<trkpt lat="48.10710123137594" lon="-122.77179194421116">
				<ele>1.9717103626115815</ele>
				<time>2026-09-22T01:23:04Z</time>
			</trkpt>
			<trkpt lat="48.10708608172255" lon="-122.77182771735202">
				<ele>2.043131170076986</ele>
				<time>2026-09-22T01:23:06Z</time>
			</trkpt>
			<trkpt lat="48.10706996694281" lon="-122.77186848815754">
				<ele>2.080530453286002</ele>
				<time>2026-09-22T01:23:08Z</time>
			</trkpt>
			<trkpt lat="48.107056364403704" lon="-122.77190322176946">
				<ele>2.235376752719887</ele>
				<time>2026-09-22T01:23:10Z</time>
			</trkpt>
			<trkpt lat="48.10704329110516" lon="-122.77193744322453">
				<ele>2.3275811889108624</ele>
				<time>2026-09-22T01:23:12Z</time>
			</trkpt>
			<trkpt lat="48.107027430731335" lon="-122.77197470756894">
				<ele>2.27065689432769</ele>
				<time>2026-09-22T01:23:14Z</time>
			</trkpt>
			<trkpt lat="48.10700950763124" lon="-122.77201235362351">
				<ele>2.334442920309744</ele>
				<time>2026-09-22T01:23:16Z</time>
			</trkpt>
			<trkpt lat="48.10699119968438" lon="-122.77205403987887">
				<ele>2.1116866808216805</ele>
				<time>2026-09-22T01:23:18Z</time>
			</trkpt>
			<trkpt lat="48.106979058890154" lon="-122.77208152240529">
				<ele>2.115020959931776</ele>
				<time>2026-09-22T01:23:19Z</time>
			</trkpt>
			<trkpt lat="48.10696488036506" lon="-122.77211466547686">
				<ele>2.2190575673726656</ele>
				<time>2026-09-22T01:23:21Z</time>
			</trkpt>
			<trkpt lat="48.106950799794056" lon="-122.77215422359433">
				<ele>2.175192937949891</ele>
				<time>2026-09-22T01:23:23Z</time>
			</trkpt>
			<trkpt lat="48.106934816574416" lon="-122.7721900679687">
				<ele>2.177171473590988</ele>
				<time>2026-09-22T01:23:25Z</time>
			</trkpt>
			<trkpt lat="48.10692294374976" lon="-122.77221897691236">
				<ele>2.0995396187515816</ele>
				<time>2026-09-22T01:23:27Z</time>
			</trkpt>
			<trkpt lat="48.1069084853781" lon="-122.77224462478105">
				<ele>2.0306121691637067</ele>
				<time>2026-09-22T01:23:29Z</time>
			</trkpt>
			<trkpt lat="48.1068938788795" lon="-122.77226867158281">
				<ele>1.9110126058532195</ele>
				<time>2026-09-22T01:23:31Z</time>
			</trkpt>
			<trkpt lat="48.106881029980286" lon="-122.77229728986184">
				<ele>1.8716648240035418</ele>
				<time>2026-09-22T01:23:33Z</time>
			</trkpt>
			<trkpt lat="48.10686850080407" lon="-122.77232221973227">
				<ele>1.9092232453958182</ele>
				<time>2026-09-22T01:23:35Z</time>
			</trkpt>
			<trkpt lat="48.10685631286283" lon="-122.77234707137305">
				<ele>1.9542483188983084</ele>
				<time>2026-09-22T01:23:37Z</time>
			</trkpt>
			<trkpt lat="48.10684775084911" lon="-122.77237426157444">
				<ele>2.0121305970798247</ele>
				<time>2026-09-22T01:23:39Z</time>
			</trkpt>
			<trkpt lat="48.10685255892557" lon="-122.77240297273039">
				<ele>1.994732931624867</ele>
				<time>2026-09-22T01:23:41Z</time>
			</trkpt>
			<trkpt lat="48.10686941423346" lon="-122.77242032777615">
				<ele>1.9602123740670478</ele>
				<time>2026-09-22T01:23:44Z</time>
			</trkpt>
			<trkpt lat="48.10688966670652" lon="-122.77242498602861">
				<ele>2.0038403395210977</ele>
				<time>2026-09-22T01:23:46Z</time>
			</trkpt>
			<trkpt lat="48.106908732425936" lon="-122.77243566866504">
				<ele>1.7486933175577164</ele>
				<time>2026-09-22T01:23:48Z</time>
			</trkpt>
			<trkpt lat="48.106928259339064" lon="-122.77245096636057">
				<ele>1.5838377521269713</ele>
				<time>2026-09-22T01:23:50Z</time>
			</trkpt>
			<trkpt lat="48.10695031680921" lon="-122.77246967894877">
				<ele>1.3233419969962057</ele>
				<time>2026-09-22T01:23:53Z</time>
			</trkpt>
			<trkpt lat="48.106975971794476" lon="-122.77247292269831">
				<ele>1.2868398523313402</ele>
				<time>2026-09-22T01:23:56Z</time>
			</trkpt>
			<trkpt lat="48.1069967440935" lon="-122.77245975456769">
				<ele>1.3903093319146222</ele>
				<time>2026-09-22T01:23:59Z</time>
			</trkpt>
			<trkpt lat="48.10701773433888" lon="-122.77244847362266">
				<ele>1.3765933640811454</ele>
				<time>2026-09-22T01:24:01Z</time>
			</trkpt>
			<trkpt lat="48.10704869437285" lon="-122.77244374554598">
				<ele>1.55315627542441</ele>
				<time>2026-09-22T01:24:03Z</time>
			</trkpt>
			<trkpt lat="48.107083237984824" lon="-122.77245175649895">
				<ele>1.3008265318915306</ele>
				<time>2026-09-22T01:24:05Z</time>
			</trkpt>
			<trkpt lat="48.10710151584606" lon="-122.77246075101927">
				<ele>1.2409621898072665</ele>
				<time>2026-09-22T01:24:06Z</time>
			</trkpt>
			<trkpt lat="48.10713071962012" lon="-122.77247794430683">
				<ele>1.258331226924902</ele>
				<time>2026-09-22T01:24:08Z</time>
			</trkpt>
			<trkpt lat="48.107150254821" lon="-122.7724850958266">
				<ele>1.5387522835877618</ele>
				<time>2026-09-22T01:24:09Z</time>
			</trkpt>
			<trkpt lat="48.1071710257489" lon="-122.77250111644216">
				<ele>1.3936499498508539</ele>
				<time>2026-09-22T01:24:10Z</time>
			</trkpt>
			<trkpt lat="48.10718319376839" lon="-122.77253682256645">
				<ele>1.3062985069289823</ele>
				<time>2026-09-22T01:24:12Z</time>
			</trkpt>
			<trkpt lat="48.107163406456664" lon="-122.77255472412395">
				<ele>1.845182938194835</ele>
				<time>2026-09-22T01:24:15Z</time>
			</trkpt>
			<trkpt lat="48.107146949114615" lon="-122.77257059745784">
				<ele>1.4673825584352365</ele>
				<time>2026-09-22T01:24:17Z</time>
			</trkpt>
			<trkpt lat="48.10712086062856" lon="-122.77259496396988">
				<ele>1.624976926563189</ele>
				<time>2026-09-22T01:24:19Z</time>
			</trkpt>
			<trkpt lat="48.107106082134926" lon="-122.77261378629967">
				<ele>1.8916440908023908</ele>
				<time>2026-09-22T01:24:21Z</time>
			</trkpt>
			<trkpt lat="48.10708002065381" lon="-122.77263621423087">
				<ele>1.5916314460602017</ele>
				<time>2026-09-22T01:24:23Z</time>
			</trkpt>
			<trkpt lat="48.107052930050095" lon="-122.77266735471376">
				<ele>1.3717333572874395</ele>
				<time>2026-09-22T01:24:25Z</time>
			</trkpt>
			<trkpt lat="48.107035887101524" lon="-122.77268465543881">
				<ele>1.300449291782165</ele>
				<time>2026-09-22T01:24:26Z</time>
			</trkpt>
			<trkpt lat="48.10701620509407" lon="-122.77270380682708">
				<ele>1.3527350120480897</ele>
				<time>2026-09-22T01:24:27Z</time>
			</trkpt>
			<trkpt lat="48.106998222883384" lon="-122.77271946002081">
				<ele>1.5683339877188196</ele>
				<time>2026-09-22T01:24:28Z</time>
			</trkpt>
			<trkpt lat="48.10697852839235" lon="-122.77273169586941">
				<ele>1.5959639629704974</ele>
				<time>2026-09-22T01:24:29Z</time>
			</trkpt>
			<trkpt lat="48.10695590042671" lon="-122.77274783042654">
				<ele>1.4752222500769392</ele>
				<time>2026-09-22T01:24:30Z</time>
			</trkpt>
			<trkpt lat="48.10693156152541" lon="-122.7727661036292">
				<ele>1.4136367949832511</ele>
				<time>2026-09-22T01:24:31Z</time>
			</trkpt>
			<trkpt lat="48.10690756723922" lon="-122.77278273025904">
				<ele>1.448745965802594</ele>
				<time>2026-09-22T01:24:32Z</time>
			</trkpt>
			<trkpt lat="48.10688789102897" lon="-122.77279822922152">
				<ele>1.6227226034285636</ele>
				<time>2026-09-22T01:24:33Z</time>
			</trkpt>
			<trkpt lat="48.106869960070775" lon="-122.77281894369662">
				<ele>1.5631091620760458</ele>
				<time>2026-09-22T01:24:34Z</time>
			</trkpt>
			<trkpt lat="48.106853516436544" lon="-122.77283976159354">
				<ele>1.590978525102713</ele>
				<time>2026-09-22T01:24:35Z</time>
			</trkpt>
			<trkpt lat="48.106836967189366" lon="-122.77286854418345">
				<ele>1.5258892809513434</ele>
				<time>2026-09-22T01:24:36Z</time>
			</trkpt>
			<trkpt lat="48.10681516470251" lon="-122.77289027317389">
				<ele>1.341154911479439</ele>
				<time>2026-09-22T01:24:37Z</time>
			</trkpt>
			<trkpt lat="48.106793027983365" lon="-122.77291239874272">
				<ele>1.3775661591998336</ele>
				<time>2026-09-22T01:24:38Z</time>
			</trkpt>
			<trkpt lat="48.10676951312722" lon="-122.77293434379263">
				<ele>1.411451250223493</ele>
				<time>2026-09-22T01:24:39Z</time>
			</trkpt>
			<trkpt lat="48.106745511804164" lon="-122.77295711224478">
				<ele>1.4197747789645838</ele>
				<time>2026-09-22T01:24:40Z</time>
			</trkpt>
			<trkpt lat="48.10672309946325" lon="-122.7729807673775">
				<ele>1.5597219310241215</ele>
				<time>2026-09-22T01:24:41Z</time>
			</trkpt>
			<trkpt lat="48.10670403772995" lon="-122.77300157166495">
				<ele>1.5366757732236032</ele>
				<time>2026-09-22T01:24:42Z</time>
			</trkpt>
			<trkpt lat="48.106689113623794" lon="-122.77302721003706">
				<ele>1.661297552063104</ele>
				<time>2026-09-22T01:24:43Z</time>
			</trkpt>
			<trkpt lat="48.106663761393456" lon="-122.77306864009769">
				<ele>1.6030534533449696</ele>
				<time>2026-09-22T01:24:45Z</time>
			</trkpt>
			<trkpt lat="48.10665277568404" lon="-122.77309350387723">
				<ele>1.5300240978388011</ele>
				<time>2026-09-22T01:24:46Z</time>
			</trkpt>
			<trkpt lat="48.10664336569285" lon="-122.77311853064924">
				<ele>1.540373780511377</ele>
				<time>2026-09-22T01:24:47Z</time>
			</trkpt>
			<trkpt lat="48.10663516291394" lon="-122.77314347575997">
				<ele>1.3270819593784502</ele>
				<time>2026-09-22T01:24:48Z</time>
			</trkpt>
			<trkpt lat="48.106615342292535" lon="-122.77319172336955">
				<ele>1.3773294510197047</ele>
				<time>2026-09-22T01:24:50Z</time>
			</trkpt>
			<trkpt lat="48.10659487868896" lon="-122.77323238871149">
				<ele>1.6044994823118408</ele>
				<time>2026-09-22T01:24:52Z</time>
			</trkpt>
			<trkpt lat="48.10657556174571" lon="-122.77328101036005">
				<ele>1.515063058190652</ele>
				<time>2026-09-22T01:24:54Z</time>
			</trkpt>
			<trkpt lat="48.10656683326384" lon="-122.77330741986309">
				<ele>1.4402300666496437</ele>
				<time>2026-09-22T01:24:55Z</time>
			</trkpt>
			<trkpt lat="48.106557966263146" lon="-122.77333190378023">
				<ele>1.6592758063461055</ele>
				<time>2026-09-22T01:24:56Z</time>
			</trkpt>
			<trkpt lat="48.10654952855865" lon="-122.77335994998784">
				<ele>1.4402721728220378</ele>
				<time>2026-09-22T01:24:57Z</time>
			</trkpt>
			<trkpt lat="48.1065371512156" lon="-122.77340563566764">
				<ele>1.4412574310146091</ele>
				<time>2026-09-22T01:24:59Z</time>
			</trkpt>
			<trkpt lat="48.10652276744453" lon="-122.77345760582018">
				<ele>1.5412681548308171</ele>
				<time>2026-09-22T01:25:01Z</time>
			</trkpt>
			<trkpt lat="48.10651190394089" lon="-122.77348446894675">
				<ele>1.5268801616309275</ele>
				<time>2026-09-22T01:25:02Z</time>
			</trkpt>
			<trkpt lat="48.106502170293744" lon="-122.77350841884304">
				<ele>1.5687777809796408</ele>
				<time>2026-09-22T01:25:03Z</time>
			</trkpt>
			<trkpt lat="48.10649383466613" lon="-122.77353591515651">
				<ele>1.4193772723555682</ele>
				<time>2026-09-22T01:25:04Z</time>
			</trkpt>
			<trkpt lat="48.10648628094718" lon="-122.77356567804408">
				<ele>1.3873638041142193</ele>
				<time>2026-09-22T01:25:05Z</time>
			</trkpt>
			<trkpt lat="48.10647968405012" lon="-122.77359491725986">
				<ele>1.3964797304513752</ele>
				<time>2026-09-22T01:25:06Z</time>
			</trkpt>
			<trkpt lat="48.106474666854524" lon="-122.77362742556298">
				<ele>1.3058691843634378</ele>
				<time>2026-09-22T01:25:07Z</time>
			</trkpt>
			<trkpt lat="48.10646796386108" lon="-122.7736571879731">
				<ele>1.2531411294992587</ele>
				<time>2026-09-22T01:25:08Z</time>
			</trkpt>
			<trkpt lat="48.10646220463911" lon="-122.77368625375762">
				<ele>1.3025679235617247</ele>
				<time>2026-09-22T01:25:09Z</time>
			</trkpt>
			<trkpt lat="48.106456645181474" lon="-122.77371540883257">
				<ele>1.2548938299124401</ele>
				<time>2026-09-22T01:25:10Z</time>
			</trkpt>
			<trkpt lat="48.10645180491" lon="-122.77374238050577">
				<ele>1.3219081233093313</ele>
				<time>2026-09-22T01:25:11Z</time>
			</trkpt>
			<trkpt lat="48.1064459913267" lon="-122.77376998100938">
				<ele>1.4301750120264245</ele>
				<time>2026-09-22T01:25:12Z</time>
			</trkpt>
			<trkpt lat="48.1064413411125" lon="-122.77379813385303">
				<ele>1.3132324885762046</ele>
				<time>2026-09-22T01:25:13Z</time>
			</trkpt>
			<trkpt lat="48.10643640751766" lon="-122.77382626455916">
				<ele>1.3320293050306056</ele>
				<time>2026-09-22T01:25:14Z</time>
			</trkpt>
			<trkpt lat="48.10643115993092" lon="-122.7738543170976">
				<ele>1.4311141428534064</ele>
				<time>2026-09-22T01:25:15Z</time>
			</trkpt>
			<trkpt lat="48.10642914698193" lon="-122.77388254719992">
				<ele>1.317971190521341</ele>
				<time>2026-09-22T01:25:16Z</time>
			</trkpt>
			<trkpt lat="48.10645311785709" lon="-122.77390439889133">
				<ele>1.437986159347247</ele>
				<time>2026-09-22T01:25:18Z</time>
			</trkpt>
			<trkpt lat="48.106488148775355" lon="-122.7739097683184">
				<ele>0.947689899252758</ele>
				<time>2026-09-22T01:25:20Z</time>
			</trkpt>
			<trkpt lat="48.106520801255684" lon="-122.77390235304954">
				<ele>1.2172942755246368</ele>
				<time>2026-09-22T01:25:22Z</time>
			</trkpt>
			<trkpt lat="48.106548362877255" lon="-122.77389585835056">
				<ele>1.1889449035178856</ele>
				<time>2026-09-22T01:25:24Z</time>
			</trkpt>
			<trkpt lat="48.1065809841292" lon="-122.77388735122884">
				<ele>1.2234481727729936</ele>
				<time>2026-09-22T01:25:26Z</time>
			</trkpt>
			<trkpt lat="48.106614174873656" lon="-122.77387931070328">
				<ele>1.2509428588496476</ele>
				<time>2026-09-22T01:25:28Z</time>
			</trkpt>
			<trkpt lat="48.106647995274365" lon="-122.77387281532165">
				<ele>1.4115186071170314</ele>
				<time>2026-09-22T01:25:30Z</time>
			</trkpt>
			<trkpt lat="48.106679812198614" lon="-122.7738682910615">
				<ele>1.308481210748603</ele>
				<time>2026-09-22T01:25:32Z</time>
			</trkpt>
			<trkpt lat="48.10671150567257" lon="-122.77386718823985">
				<ele>1.3814049142278648</ele>
				<time>2026-09-22T01:25:34Z</time>
			</trkpt>
			<trkpt lat="48.1067406424398" lon="-122.7738726169168">
				<ele>1.3379577177241586</ele>
				<time>2026-09-22T01:25:36Z</time>
			</trkpt>
			<trkpt lat="48.106765783360764" lon="-122.77388320994814">
				<ele>1.1408298687080602</ele>
				<time>2026-09-22T01:25:38Z</time>
			</trkpt>
			<trkpt lat="48.106797689155364" lon="-122.77388818527324">
				<ele>1.1366784383904402</ele>
				<time>2026-09-22T01:25:40Z</time>
			</trkpt>
			<trkpt lat="48.106822444623035" lon="-122.77390025827688">
				<ele>0.8919563499152616</ele>
				<time>2026-09-22T01:25:42Z</time>
			</trkpt>
			<trkpt lat="48.10682767162516" lon="-122.77393544979887">
				<ele>1.2319310337262692</ele>
				<time>2026-09-22T01:25:45Z</time>
			</trkpt>
			<trkpt lat="48.10682382972527" lon="-122.77397007937878">
				<ele>1.130319343297753</ele>
				<time>2026-09-22T01:25:47Z</time>
			</trkpt>
			<trkpt lat="48.10681758551578" lon="-122.7740081876864">
				<ele>1.068853630285382</ele>
				<time>2026-09-22T01:25:50Z</time>
			</trkpt>
			<trkpt lat="48.106816468904604" lon="-122.77403792011147">
				<ele>1.2670897009007582</ele>
				<time>2026-09-22T01:25:52Z</time>
			</trkpt>
			<trkpt lat="48.10681093283574" lon="-122.77407545302653">
				<ele>1.3807369513374184</ele>
				<time>2026-09-22T01:25:55Z</time>
			</trkpt>
			<trkpt lat="48.10681660177585" lon="-122.77411227468598">
				<ele>1.1737397384597976</ele>
				<time>2026-09-22T01:25:57Z</time>
			</trkpt>
			<trkpt lat="48.106838683842994" lon="-122.77413970079667">
				<ele>1.4407695109241132</ele>
				<time>2026-09-22T01:26:00Z</time>
			</trkpt>
			<trkpt lat="48.10687245537002" lon="-122.77415120814294">
				<ele>1.3793689724425207</ele>
				<time>2026-09-22T01:26:02Z</time>
			</trkpt>
			<trkpt lat="48.106899955698665" lon="-122.77415505242126">
				<ele>1.249706031720354</ele>
				<time>2026-09-22T01:26:04Z</time>
			</trkpt>
			<trkpt lat="48.106931500397394" lon="-122.77414831485143">
				<ele>1.006255774649901</ele>
				<time>2026-09-22T01:26:06Z</time>
			</trkpt>
			<trkpt lat="48.10695662320565" lon="-122.77413599180916">
				<ele>1.0656315267553893</ele>
				<time>2026-09-22T01:26:08Z</time>
			</trkpt>
			<trkpt lat="48.10697612226747" lon="-122.77413098085596">
				<ele>1.0784742678706145</ele>
				<time>2026-09-22T01:26:09Z</time>
			</trkpt>
			<trkpt lat="48.10699417410194" lon="-122.7741247010992">
				<ele>1.1158405987712783</ele>
				<time>2026-09-22T01:26:10Z</time>
			</trkpt>
			<trkpt lat="48.107013709399965" lon="-122.77412425120977">
				<ele>1.1335816841035609</ele>
				<time>2026-09-22T01:26:11Z</time>
			</trkpt>
			<trkpt lat="48.107036477517205" lon="-122.77412291219602">
				<ele>1.1694214094225366</ele>
				<time>2026-09-22T01:26:12Z</time>
			</trkpt>
			<trkpt lat="48.107055488970886" lon="-122.77412702238894">
				<ele>1.269187128683317</ele>
				<time>2026-09-22T01:26:13Z</time>
			</trkpt>
			<trkpt lat="48.1070880492982" lon="-122.77413354564273">
				<ele>1.3044332437123103</ele>
				<time>2026-09-22T01:26:15Z</time>
			</trkpt>
			<trkpt lat="48.107110185034436" lon="-122.77414384747858">
				<ele>1.3834891441184318</ele>
				<time>2026-09-22T01:26:17Z</time>
			</trkpt>
			<trkpt lat="48.1070981405933" lon="-122.77417759465446">
				<ele>1.7114260848098652</ele>
				<time>2026-09-22T01:26:23Z</time>
			</trkpt>
			<trkpt lat="48.10709461720545" lon="-122.77421770843296">
				<ele>1.8382776343082128</ele>
				<time>2026-09-22T01:26:25Z</time>
			</trkpt>
			<trkpt lat="48.10710476730477" lon="-122.77425998884483">
				<ele>1.6839161697038705</ele>
				<time>2026-09-22T01:26:27Z</time>
			</trkpt>
			<trkpt lat="48.10711350698764" lon="-122.7742877397294">
				<ele>1.8378107889585245</ele>
				<time>2026-09-22T01:26:29Z</time>
			</trkpt>
			<trkpt lat="48.107113644231994" lon="-122.7743166408318">
				<ele>1.771531638662264</ele>
				<time>2026-09-22T01:26:31Z</time>
			</trkpt>
			<trkpt lat="48.10710821974664" lon="-122.77434305010352">
				<ele>1.679642296085941</ele>
				<time>2026-09-22T01:26:33Z</time>
			</trkpt>
			<trkpt lat="48.10710947059533" lon="-122.77439465797076">
				<ele>1.2415200090210803</ele>
				<time>2026-09-22T01:26:35Z</time>
			</trkpt>
			<trkpt lat="48.10713107906688" lon="-122.77441544086227">
				<ele>1.2744075546186089</ele>
				<time>2026-09-22T01:26:37Z</time>
			</trkpt>
			<trkpt lat="48.107156386257735" lon="-122.77441041134641">
				<ele>1.2158899972971682</ele>
				<time>2026-09-22T01:26:39Z</time>
			</trkpt>
			<trkpt lat="48.10718429758833" lon="-122.77442946789276">
				<ele>1.2761552640702547</ele>
				<time>2026-09-22T01:26:41Z</time>
			</trkpt>
			<trkpt lat="48.10721379955083" lon="-122.77445127167925">
				<ele>1.2642901858288695</ele>
				<time>2026-09-22T01:26:43Z</time>
			</trkpt>
			<trkpt lat="48.10724037807321" lon="-122.77445902386802">
				<ele>1.2686733279346498</ele>
				<time>2026-09-22T01:26:45Z</time>
			</trkpt>
			<trkpt lat="48.107272603849076" lon="-122.77447035427927">
				<ele>1.2535268752354831</ele>
				<time>2026-09-22T01:26:47Z</time>
			</trkpt>
			<trkpt lat="48.10730169107038" lon="-122.77447567791927">
				<ele>1.2855560876140544</ele>
				<time>2026-09-22T01:26:49Z</time>
			</trkpt>
			<trkpt lat="48.10733437888871" lon="-122.77448902277787">
				<ele>1.2846196587188672</ele>
				<time>2026-09-22T01:26:51Z</time>
			</trkpt>
			<trkpt lat="48.107357705153234" lon="-122.7745053501599">
				<ele>1.3316027678114324</ele>
				<time>2026-09-22T01:26:53Z</time>
			</trkpt>
			<trkpt lat="48.10737547494659" lon="-122.77452857379512">
				<ele>1.350244629578011</ele>
				<time>2026-09-22T01:26:55Z</time>
			</trkpt>
			<trkpt lat="48.107394336087516" lon="-122.77454996290288">
				<ele>1.3788803467663762</ele>
				<time>2026-09-22T01:26:57Z</time>
			</trkpt>
			<trkpt lat="48.10741293251444" lon="-122.77456791127106">
				<ele>1.6692364422532577</ele>
				<time>2026-09-22T01:26:59Z</time>
			</trkpt>
			<trkpt lat="48.10743306538536" lon="-122.77458112871018">
				<ele>1.507757160118718</ele>
				<time>2026-09-22T01:27:01Z</time>
			</trkpt>
			<trkpt lat="48.10745648583656" lon="-122.77459166339115">
				<ele>1.7869349759482382</ele>
				<time>2026-09-22T01:27:03Z</time>
			</trkpt>
			<trkpt lat="48.10748276642453" lon="-122.7746140575203">
				<ele>1.662400891596132</ele>
				<time>2026-09-22T01:27:05Z</time>
			</trkpt>
			<trkpt lat="48.10750528972178" lon="-122.774644856644">
				<ele>1.6144480373550572</ele>
				<time>2026-09-22T01:27:07Z</time>
			</trkpt>
			<trkpt lat="48.1075161442108" lon="-122.77467149115137">
				<ele>1.4533367740984993</ele>
				<time>2026-09-22T01:27:09Z</time>
			</trkpt>
			<trkpt lat="48.10754139799803" lon="-122.77469171646395">
				<ele>1.8117969801043046</ele>
				<time>2026-09-22T01:27:12Z</time>
			</trkpt>
			<trkpt lat="48.10755880396817" lon="-122.77472311650364">
				<ele>1.8757406102851455</ele>
				<time>2026-09-22T01:27:14Z</time>
			</trkpt>
			<trkpt lat="48.10757025264601" lon="-122.77475274917369">
				<ele>1.739199780344027</ele>
				<time>2026-09-22T01:27:17Z</time>
			</trkpt>
			<trkpt lat="48.10757358618935" lon="-122.7747793434648">
				<ele>2.130864451915407</ele>
				<time>2026-09-22T01:27:21Z</time>
			</trkpt>
			<trkpt lat="48.107577973136976" lon="-122.7748107296476">
				<ele>2.408984136185527</ele>
				<time>2026-09-22T01:27:26Z</time>
			</trkpt>
		</trkseg>
	</trk>
</gpx>
