<?xml version="1.0" encoding="UTF-8"?>
<gpx creator="Garmin Connect" version="1.1"
  xsi:schemaLocation="http://www.topografix.com/GPX/1/1 http://www.topografix.com/GPX/11.xsd"
  xmlns:ns3="http://www.garmin.com/xmlschemas/TrackPointExtension/v1"
  xmlns="http://www.topografix.com/GPX/1/1"
  xmlns:xsi="http://www.w3.org/2001/XMLSchema-instance" xmlns:ns2="http://www.garmin.com/xmlschemas/GpxExtensions/v3">
  <metadata>
    <link href="connect.garmin.com">
      <text>Garmin Connect</text>
    </link>
    <time>2026-09-14T23:48:23.000Z</time>
  </metadata>
  <trk>
    <name>Jefferson County Boating</name>
    <type>boating_v2</type>
    <trkseg>
      <trkpt lat="48.10686397366225719451904296875" lon="-122.7727795578539371490478515625">
        <ele>-1</ele>
        <time>2026-09-14T23:48:27.000Z</time>
        <extensions>
          <ns3:TrackPointExtension>
            <ns3:hr>130</ns3:hr>
          </ns3:TrackPointExtension>
        </extensions>
      </trkpt>
      <trkpt lat="48.1068568490445613861083984375" lon="-122.7729867585003376007080078125">
        <ele>-1</ele>
        <time>2026-09-14T23:48:30.000Z</time>
        <extensions>
          <ns3:TrackPointExtension>
            <ns3:hr>127</ns3:hr>
          </ns3:TrackPointExtension>
        </extensions>
      </trkpt>
      <trkpt lat="48.10683094896376132965087890625" lon="-122.77291408739984035491943359375">
        <ele>-1</ele>
        <time>2026-09-14T23:48:32.000Z</time>
        <extensions>
          <ns3:TrackPointExtension>
            <ns3:hr>125</ns3:hr>
          </ns3:TrackPointExtension>
        </extensions>
      </trkpt>
      <trkpt lat="48.10687034390866756439208984375" lon="-122.77279682457447052001953125">
        <ele>-0.800000011920928955078125</ele>
        <time>2026-09-14T23:48:39.000Z</time>
        <extensions>
          <ns3:TrackPointExtension>
            <ns3:hr>126</ns3:hr>
          </ns3:TrackPointExtension>
        </extensions>
      </trkpt>
      <trkpt lat="48.1068773008882999420166015625" lon="-122.77277243323624134063720703125">
        <ele>-0.800000011920928955078125</ele>
        <time>2026-09-14T23:48:41.000Z</time>
        <extensions>
          <ns3:TrackPointExtension>
            <ns3:hr>126</ns3:hr>
          </ns3:TrackPointExtension>
        </extensions>
      </trkpt>
      <trkpt lat="48.106890879571437835693359375" lon="-122.772719375789165496826171875">
        <ele>-0.800000011920928955078125</ele>
        <time>2026-09-14T23:48:45.000Z</time>
        <extensions>
          <ns3:TrackPointExtension>
            <ns3:hr>130</ns3:hr>
          </ns3:TrackPointExtension>
        </extensions>
      </trkpt>
      <trkpt lat="48.1069195456802845001220703125" lon="-122.77263212017714977264404296875">
        <ele>-0.800000011920928955078125</ele>
        <time>2026-09-14T23:48:50.000Z</time>
        <extensions>
          <ns3:TrackPointExtension>
            <ns3:hr>127</ns3:hr>
          </ns3:TrackPointExtension>
        </extensions>
      </trkpt>
      <trkpt lat="48.1069396622478961944580078125" lon="-122.7725820802152156829833984375">
        <ele>-0.800000011920928955078125</ele>
        <time>2026-09-14T23:48:53.000Z</time>
        <extensions>
          <ns3:TrackPointExtension>
            <ns3:hr>124</ns3:hr>
          </ns3:TrackPointExtension>
        </extensions>
      </trkpt>
      <trkpt lat="48.10696505941450595855712890625" lon="-122.77251779101788997650146484375">
        <ele>-0.800000011920928955078125</ele>
        <time>2026-09-14T23:48:56.000Z</time>
        <extensions>
          <ns3:TrackPointExtension>
            <ns3:hr>122</ns3:hr>
          </ns3:TrackPointExtension>
        </extensions>
      </trkpt>
      <trkpt lat="48.1070642173290252685546875" lon="-122.77227236889302730560302734375">
        <ele>-0.800000011920928955078125</ele>
        <time>2026-09-14T23:49:10.000Z</time>
        <extensions>
          <ns3:TrackPointExtension>
            <ns3:hr>125</ns3:hr>
          </ns3:TrackPointExtension>
        </extensions>
      </trkpt>
      <trkpt lat="48.1071227230131626129150390625" lon="-122.77214915491640567779541015625">
        <ele>-0.800000011920928955078125</ele>
        <time>2026-09-14T23:49:17.000Z</time>
        <extensions>
          <ns3:TrackPointExtension>
            <ns3:hr>128</ns3:hr>
          </ns3:TrackPointExtension>
        </extensions>
      </trkpt>
      <trkpt lat="48.10719019733369350433349609375" lon="-122.77199643664062023162841796875">
        <ele>-0.800000011920928955078125</ele>
        <time>2026-09-14T23:49:25.000Z</time>
        <extensions>
          <ns3:TrackPointExtension>
            <ns3:hr>131</ns3:hr>
          </ns3:TrackPointExtension>
        </extensions>
      </trkpt>
      <trkpt lat="48.10719606466591358184814453125" lon="-122.771977074444293975830078125">
        <ele>-0.800000011920928955078125</ele>
        <time>2026-09-14T23:49:26.000Z</time>
        <extensions>
          <ns3:TrackPointExtension>
            <ns3:hr>131</ns3:hr>
          </ns3:TrackPointExtension>
        </extensions>
      </trkpt>
      <trkpt lat="48.107257671654224395751953125" lon="-122.77178940363228321075439453125">
        <ele>-0.800000011920928955078125</ele>
        <time>2026-09-14T23:49:37.000Z</time>
        <extensions>
          <ns3:TrackPointExtension>
            <ns3:hr>133</ns3:hr>
          </ns3:TrackPointExtension>
        </extensions>
      </trkpt>
      <trkpt lat="48.10731592588126659393310546875" lon="-122.771632410585880279541015625">
        <ele>-0.60000002384185791015625</ele>
        <time>2026-09-14T23:49:47.000Z</time>
        <extensions>
          <ns3:TrackPointExtension>
            <ns3:hr>137</ns3:hr>
          </ns3:TrackPointExtension>
        </extensions>
      </trkpt>
      <trkpt lat="48.107331097126007080078125" lon="-122.7715832926332950592041015625">
        <ele>-0.60000002384185791015625</ele>
        <time>2026-09-14T23:49:50.000Z</time>
        <extensions>
          <ns3:TrackPointExtension>
            <ns3:hr>137</ns3:hr>
          </ns3:TrackPointExtension>
        </extensions>
      </trkpt>
      <trkpt lat="48.1074227951467037200927734375" lon="-122.77132588438689708709716796875">
        <ele>-0.60000002384185791015625</ele>
        <time>2026-09-14T23:50:03.000Z</time>
        <extensions>
          <ns3:TrackPointExtension>
            <ns3:hr>137</ns3:hr>
          </ns3:TrackPointExtension>
        </extensions>
      </trkpt>
      <trkpt lat="48.1074772775173187255859375" lon="-122.7711219526827335357666015625">
        <ele>-0.60000002384185791015625</ele>
        <time>2026-09-14T23:50:12.000Z</time>
        <extensions>
          <ns3:TrackPointExtension>
            <ns3:hr>136</ns3:hr>
          </ns3:TrackPointExtension>
        </extensions>
      </trkpt>
      <trkpt lat="48.1075019203126430511474609375" lon="-122.77106135152280330657958984375">
        <ele>-0.60000002384185791015625</ele>
        <time>2026-09-14T23:50:15.000Z</time>
        <extensions>
          <ns3:TrackPointExtension>
            <ns3:hr>132</ns3:hr>
          </ns3:TrackPointExtension>
        </extensions>
      </trkpt>
      <trkpt lat="48.10755346901714801788330078125" lon="-122.7709469385445117950439453125">
        <ele>-0.60000002384185791015625</ele>
        <time>2026-09-14T23:50:21.000Z</time>
        <extensions>
          <ns3:TrackPointExtension>
            <ns3:hr>132</ns3:hr>
          </ns3:TrackPointExtension>
        </extensions>
      </trkpt>
      <trkpt lat="48.10765170492231845855712890625" lon="-122.77078156359493732452392578125">
        <ele>-0.800000011920928955078125</ele>
        <time>2026-09-14T23:50:32.000Z</time>
        <extensions>
          <ns3:TrackPointExtension>
            <ns3:hr>133</ns3:hr>
          </ns3:TrackPointExtension>
        </extensions>
      </trkpt>
      <trkpt lat="48.10772630386054515838623046875" lon="-122.77064259164035320281982421875">
        <ele>-0.60000002384185791015625</ele>
        <time>2026-09-14T23:50:41.000Z</time>
        <extensions>
          <ns3:TrackPointExtension>
            <ns3:hr>129</ns3:hr>
          </ns3:TrackPointExtension>
        </extensions>
      </trkpt>
      <trkpt lat="48.10776687227189540863037109375" lon="-122.77057670988142490386962890625">
        <ele>-0.60000002384185791015625</ele>
        <time>2026-09-14T23:50:45.000Z</time>
        <extensions>
          <ns3:TrackPointExtension>
            <ns3:hr>127</ns3:hr>
          </ns3:TrackPointExtension>
        </extensions>
      </trkpt>
      <trkpt lat="48.107800818979740142822265625" lon="-122.77050948701798915863037109375">
        <ele>-0.800000011920928955078125</ele>
        <time>2026-09-14T23:50:49.000Z</time>
        <extensions>
          <ns3:TrackPointExtension>
            <ns3:hr>124</ns3:hr>
          </ns3:TrackPointExtension>
        </extensions>
      </trkpt>
      <trkpt lat="48.1078485958278179168701171875" lon="-122.77042843401432037353515625">
        <ele>-0.800000011920928955078125</ele>
        <time>2026-09-14T23:50:54.000Z</time>
        <extensions>
          <ns3:TrackPointExtension>
            <ns3:hr>123</ns3:hr>
          </ns3:TrackPointExtension>
        </extensions>
      </trkpt>
      <trkpt lat="48.107934258878231048583984375" lon="-122.77023020200431346893310546875">
        <ele>-0.800000011920928955078125</ele>
        <time>2026-09-14T23:51:06.000Z</time>
        <extensions>
          <ns3:TrackPointExtension>
            <ns3:hr>121</ns3:hr>
          </ns3:TrackPointExtension>
        </extensions>
      </trkpt>
      <trkpt lat="48.10794808901846408843994140625" lon="-122.770189382135868072509765625">
        <ele>-0.800000011920928955078125</ele>
        <time>2026-09-14T23:51:09.000Z</time>
        <extensions>
          <ns3:TrackPointExtension>
            <ns3:hr>118</ns3:hr>
          </ns3:TrackPointExtension>
        </extensions>
      </trkpt>
      <trkpt lat="48.1079974584281444549560546875" lon="-122.7700608037412166595458984375">
        <ele>-0.800000011920928955078125</ele>
        <time>2026-09-14T23:51:18.000Z</time>
        <extensions>
          <ns3:TrackPointExtension>
            <ns3:hr>117</ns3:hr>
          </ns3:TrackPointExtension>
        </extensions>
      </trkpt>
      <trkpt lat="48.10803257860243320465087890625" lon="-122.76994421146810054779052734375">
        <ele>-0.60000002384185791015625</ele>
        <time>2026-09-14T23:51:27.000Z</time>
        <extensions>
          <ns3:TrackPointExtension>
            <ns3:hr>115</ns3:hr>
          </ns3:TrackPointExtension>
        </extensions>
      </trkpt>
      <trkpt lat="48.1080796010792255401611328125" lon="-122.7697808481752872467041015625">
        <ele>-0.800000011920928955078125</ele>
        <time>2026-09-14T23:51:37.000Z</time>
        <extensions>
          <ns3:TrackPointExtension>
            <ns3:hr>118</ns3:hr>
          </ns3:TrackPointExtension>
        </extensions>
      </trkpt>
      <trkpt lat="48.10813182033598423004150390625" lon="-122.7695092745125293731689453125">
        <ele>-0.800000011920928955078125</ele>
        <time>2026-09-14T23:51:47.000Z</time>
        <extensions>
          <ns3:TrackPointExtension>
            <ns3:hr>121</ns3:hr>
          </ns3:TrackPointExtension>
        </extensions>
      </trkpt>
      <trkpt lat="48.10814070515334606170654296875" lon="-122.76945504359900951385498046875">
        <ele>-1</ele>
        <time>2026-09-14T23:51:49.000Z</time>
        <extensions>
          <ns3:TrackPointExtension>
            <ns3:hr>123</ns3:hr>
          </ns3:TrackPointExtension>
        </extensions>
      </trkpt>
      <trkpt lat="48.1081719696521759033203125" lon="-122.769288830459117889404296875">
        <ele>-0.800000011920928955078125</ele>
        <time>2026-09-14T23:51:55.000Z</time>
        <extensions>
          <ns3:TrackPointExtension>
            <ns3:hr>120</ns3:hr>
          </ns3:TrackPointExtension>
        </extensions>
      </trkpt>
      <trkpt lat="48.10821228660643100738525390625" lon="-122.76911658234894275665283203125">
        <ele>-0.800000011920928955078125</ele>
        <time>2026-09-14T23:52:01.000Z</time>
        <extensions>
          <ns3:TrackPointExtension>
            <ns3:hr>119</ns3:hr>
          </ns3:TrackPointExtension>
        </extensions>
      </trkpt>
      <trkpt lat="48.1082321517169475555419921875" lon="-122.76904449798166751861572265625">
        <ele>-0.800000011920928955078125</ele>
        <time>2026-09-14T23:52:04.000Z</time>
        <extensions>
          <ns3:TrackPointExtension>
            <ns3:hr>116</ns3:hr>
          </ns3:TrackPointExtension>
        </extensions>
      </trkpt>
      <trkpt lat="48.1082797609269618988037109375" lon="-122.76882983744144439697265625">
        <ele>-0.800000011920928955078125</ele>
        <time>2026-09-14T23:52:14.000Z</time>
        <extensions>
          <ns3:TrackPointExtension>
            <ns3:hr>115</ns3:hr>
          </ns3:TrackPointExtension>
        </extensions>
      </trkpt>
      <trkpt lat="48.10832544229924678802490234375" lon="-122.768635042011737823486328125">
        <ele>-0.60000002384185791015625</ele>
        <time>2026-09-14T23:52:22.000Z</time>
        <extensions>
          <ns3:TrackPointExtension>
            <ns3:hr>119</ns3:hr>
          </ns3:TrackPointExtension>
        </extensions>
      </trkpt>
      <trkpt lat="48.10833013616502285003662109375" lon="-122.768612243235111236572265625">
        <ele>-0.800000011920928955078125</ele>
        <time>2026-09-14T23:52:23.000Z</time>
        <extensions>
          <ns3:TrackPointExtension>
            <ns3:hr>123</ns3:hr>
          </ns3:TrackPointExtension>
        </extensions>
      </trkpt>
      <trkpt lat="48.1083347462117671966552734375" lon="-122.76854041032493114471435546875">
        <ele>-0.800000011920928955078125</ele>
        <time>2026-09-14T23:52:26.000Z</time>
        <extensions>
          <ns3:TrackPointExtension>
            <ns3:hr>120</ns3:hr>
          </ns3:TrackPointExtension>
        </extensions>
      </trkpt>
      <trkpt lat="48.10833801515400409698486328125" lon="-122.7685188688337802886962890625">
        <ele>-0.800000011920928955078125</ele>
        <time>2026-09-14T23:52:27.000Z</time>
        <extensions>
          <ns3:TrackPointExtension>
            <ns3:hr>116</ns3:hr>
          </ns3:TrackPointExtension>
        </extensions>
      </trkpt>
      <trkpt lat="48.10833985917270183563232421875" lon="-122.76849715970456600189208984375">
        <ele>-0.800000011920928955078125</ele>
        <time>2026-09-14T23:52:28.000Z</time>
        <extensions>
          <ns3:TrackPointExtension>
            <ns3:hr>116</ns3:hr>
          </ns3:TrackPointExtension>
        </extensions>
      </trkpt>
      <trkpt lat="48.10835368931293487548828125" lon="-122.76838190853595733642578125">
        <ele>-0.800000011920928955078125</ele>
        <time>2026-09-14T23:52:33.000Z</time>
        <extensions>
          <ns3:TrackPointExtension>
            <ns3:hr>113</ns3:hr>
          </ns3:TrackPointExtension>
        </extensions>
      </trkpt>
      <trkpt lat="48.10835905373096466064453125" lon="-122.76824989356100559234619140625">
        <ele>-0.800000011920928955078125</ele>
        <time>2026-09-14T23:52:39.000Z</time>
        <extensions>
          <ns3:TrackPointExtension>
            <ns3:hr>114</ns3:hr>
          </ns3:TrackPointExtension>
        </extensions>
      </trkpt>
      <trkpt lat="48.10835176147520542144775390625" lon="-122.7679582871496677398681640625">
        <ele>-0.800000011920928955078125</ele>
        <time>2026-09-14T23:52:53.000Z</time>
        <extensions>
          <ns3:TrackPointExtension>
            <ns3:hr>113</ns3:hr>
          </ns3:TrackPointExtension>
        </extensions>
      </trkpt>
      <trkpt lat="48.10833700932562351226806640625" lon="-122.767789475619792938232421875">
        <ele>-0.800000011920928955078125</ele>
        <time>2026-09-14T23:53:02.000Z</time>
        <extensions>
          <ns3:TrackPointExtension>
            <ns3:hr>113</ns3:hr>
          </ns3:TrackPointExtension>
        </extensions>
      </trkpt>
      <trkpt lat="48.1083166413009166717529296875" lon="-122.76752804405987262725830078125">
        <ele>-0.800000011920928955078125</ele>
        <time>2026-09-14T23:53:16.000Z</time>
        <extensions>
          <ns3:TrackPointExtension>
            <ns3:hr>114</ns3:hr>
          </ns3:TrackPointExtension>
        </extensions>
      </trkpt>
      <trkpt lat="48.10829979367554187774658203125" lon="-122.76731564663350582122802734375">
        <ele>-0.800000011920928955078125</ele>
        <time>2026-09-14T23:53:27.000Z</time>
        <extensions>
          <ns3:TrackPointExtension>
            <ns3:hr>115</ns3:hr>
          </ns3:TrackPointExtension>
        </extensions>
      </trkpt>
      <trkpt lat="48.1082918308675289154052734375" lon="-122.7672468312084674835205078125">
        <ele>-0.800000011920928955078125</ele>
        <time>2026-09-14T23:53:31.000Z</time>
        <extensions>
          <ns3:TrackPointExtension>
            <ns3:hr>112</ns3:hr>
          </ns3:TrackPointExtension>
        </extensions>
      </trkpt>
      <trkpt lat="48.10827791690826416015625" lon="-122.7671616710722446441650390625">
        <ele>-0.800000011920928955078125</ele>
        <time>2026-09-14T23:53:36.000Z</time>
        <extensions>
          <ns3:TrackPointExtension>
            <ns3:hr>115</ns3:hr>
          </ns3:TrackPointExtension>
        </extensions>
      </trkpt>
      <trkpt lat="48.10828135348856449127197265625" lon="-122.76714717037975788116455078125">
        <ele>-0.60000002384185791015625</ele>
        <time>2026-09-14T23:53:37.000Z</time>
        <extensions>
          <ns3:TrackPointExtension>
            <ns3:hr>118</ns3:hr>
          </ns3:TrackPointExtension>
        </extensions>
      </trkpt>
      <trkpt lat="48.10828261077404022216796875" lon="-122.76713057421147823333740234375">
        <ele>-0.60000002384185791015625</ele>
        <time>2026-09-14T23:53:38.000Z</time>
        <extensions>
          <ns3:TrackPointExtension>
            <ns3:hr>118</ns3:hr>
          </ns3:TrackPointExtension>
        </extensions>
      </trkpt>
      <trkpt lat="48.10827456414699554443359375" lon="-122.76703233830630779266357421875">
        <ele>-0.800000011920928955078125</ele>
        <time>2026-09-14T23:53:44.000Z</time>
        <extensions>
          <ns3:TrackPointExtension>
            <ns3:hr>121</ns3:hr>
          </ns3:TrackPointExtension>
        </extensions>
      </trkpt>
      <trkpt lat="48.10826894827187061309814453125" lon="-122.76700065471231937408447265625">
        <ele>-0.800000011920928955078125</ele>
        <time>2026-09-14T23:53:46.000Z</time>
        <extensions>
          <ns3:TrackPointExtension>
            <ns3:hr>118</ns3:hr>
          </ns3:TrackPointExtension>
        </extensions>
      </trkpt>
      <trkpt lat="48.1082623265683650970458984375" lon="-122.76695388369262218475341796875">
        <ele>-0.800000011920928955078125</ele>
        <time>2026-09-14T23:53:49.000Z</time>
        <extensions>
          <ns3:TrackPointExtension>
            <ns3:hr>117</ns3:hr>
          </ns3:TrackPointExtension>
        </extensions>
      </trkpt>
      <trkpt lat="48.10825520195066928863525390625" lon="-122.7669206075370311737060546875">
        <ele>-0.800000011920928955078125</ele>
        <time>2026-09-14T23:53:51.000Z</time>
        <extensions>
          <ns3:TrackPointExtension>
            <ns3:hr>114</ns3:hr>
          </ns3:TrackPointExtension>
        </extensions>
      </trkpt>
      <trkpt lat="48.1082505919039249420166015625" lon="-122.76688925921916961669921875">
        <ele>-0.800000011920928955078125</ele>
        <time>2026-09-14T23:53:53.000Z</time>
        <extensions>
          <ns3:TrackPointExtension>
            <ns3:hr>110</ns3:hr>
          </ns3:TrackPointExtension>
        </extensions>
      </trkpt>
      <trkpt lat="48.10823969542980194091796875" lon="-122.76675514876842498779296875">
        <ele>-0.800000011920928955078125</ele>
        <time>2026-09-14T23:54:02.000Z</time>
        <extensions>
          <ns3:TrackPointExtension>
            <ns3:hr>110</ns3:hr>
          </ns3:TrackPointExtension>
        </extensions>
      </trkpt>
      <trkpt lat="48.10822318308055400848388671875" lon="-122.7666418254375457763671875">
        <ele>-0.800000011920928955078125</ele>
        <time>2026-09-14T23:54:09.000Z</time>
        <extensions>
          <ns3:TrackPointExtension>
            <ns3:hr>113</ns3:hr>
          </ns3:TrackPointExtension>
        </extensions>
      </trkpt>
      <trkpt lat="48.10822091996669769287109375" lon="-122.766628079116344451904296875">
        <ele>-0.800000011920928955078125</ele>
        <time>2026-09-14T23:54:10.000Z</time>
        <extensions>
          <ns3:TrackPointExtension>
            <ns3:hr>113</ns3:hr>
          </ns3:TrackPointExtension>
        </extensions>
      </trkpt>
      <trkpt lat="48.10821563936769962310791015625" lon="-122.76660201139748096466064453125">
        <ele>-0.800000011920928955078125</ele>
        <time>2026-09-14T23:54:12.000Z</time>
        <extensions>
          <ns3:TrackPointExtension>
            <ns3:hr>113</ns3:hr>
          </ns3:TrackPointExtension>
        </extensions>
      </trkpt>
      <trkpt lat="48.1082076765596866607666015625" lon="-122.7665658853948116302490234375">
        <ele>-0.60000002384185791015625</ele>
        <time>2026-09-14T23:54:14.000Z</time>
        <extensions>
          <ns3:TrackPointExtension>
            <ns3:hr>110</ns3:hr>
          </ns3:TrackPointExtension>
        </extensions>
      </trkpt>
      <trkpt lat="48.10820885002613067626953125" lon="-122.76646454818546772003173828125">
        <ele>-0.60000002384185791015625</ele>
        <time>2026-09-14T23:54:21.000Z</time>
        <extensions>
          <ns3:TrackPointExtension>
            <ns3:hr>111</ns3:hr>
          </ns3:TrackPointExtension>
        </extensions>
      </trkpt>
      <trkpt lat="48.1082116998732089996337890625" lon="-122.7663476206362247467041015625">
        <ele>-0.800000011920928955078125</ele>
        <time>2026-09-14T23:54:28.000Z</time>
        <extensions>
          <ns3:TrackPointExtension>
            <ns3:hr>112</ns3:hr>
          </ns3:TrackPointExtension>
        </extensions>
      </trkpt>
      <trkpt lat="48.1082153879106044769287109375" lon="-122.76629020459949970245361328125">
        <ele>-0.800000011920928955078125</ele>
        <time>2026-09-14T23:54:31.000Z</time>
        <extensions>
          <ns3:TrackPointExtension>
            <ns3:hr>115</ns3:hr>
          </ns3:TrackPointExtension>
        </extensions>
      </trkpt>
      <trkpt lat="48.10821295715868473052978515625" lon="-122.76625567115843296051025390625">
        <ele>-0.800000011920928955078125</ele>
        <time>2026-09-14T23:54:33.000Z</time>
        <extensions>
          <ns3:TrackPointExtension>
            <ns3:hr>118</ns3:hr>
          </ns3:TrackPointExtension>
        </extensions>
      </trkpt>
      <trkpt lat="48.108205497264862060546875" lon="-122.76620219461619853973388671875">
        <ele>-0.800000011920928955078125</ele>
        <time>2026-09-14T23:54:36.000Z</time>
        <extensions>
          <ns3:TrackPointExtension>
            <ns3:hr>117</ns3:hr>
          </ns3:TrackPointExtension>
        </extensions>
      </trkpt>
      <trkpt lat="48.1081972829997539520263671875" lon="-122.76615559123456478118896484375">
        <ele>-0.800000011920928955078125</ele>
        <time>2026-09-14T23:54:39.000Z</time>
        <extensions>
          <ns3:TrackPointExtension>
            <ns3:hr>118</ns3:hr>
          </ns3:TrackPointExtension>
        </extensions>
      </trkpt>
      <trkpt lat="48.1081811897456645965576171875" lon="-122.7660344727337360382080078125">
        <ele>-0.800000011920928955078125</ele>
        <time>2026-09-14T23:54:46.000Z</time>
        <extensions>
          <ns3:TrackPointExtension>
            <ns3:hr>114</ns3:hr>
          </ns3:TrackPointExtension>
        </extensions>
      </trkpt>
      <trkpt lat="48.1081759929656982421875" lon="-122.76598560623824596405029296875">
        <ele>-1</ele>
        <time>2026-09-14T23:54:49.000Z</time>
        <extensions>
          <ns3:TrackPointExtension>
            <ns3:hr>112</ns3:hr>
          </ns3:TrackPointExtension>
        </extensions>
      </trkpt>
      <trkpt lat="48.1081654317677021026611328125" lon="-122.76594218797981739044189453125">
        <ele>-1</ele>
        <time>2026-09-14T23:54:52.000Z</time>
        <extensions>
          <ns3:TrackPointExtension>
            <ns3:hr>115</ns3:hr>
          </ns3:TrackPointExtension>
        </extensions>
      </trkpt>
      <trkpt lat="48.108162246644496917724609375" lon="-122.76593028567731380462646484375">
        <ele>-1</ele>
        <time>2026-09-14T23:54:53.000Z</time>
        <extensions>
          <ns3:TrackPointExtension>
            <ns3:hr>118</ns3:hr>
          </ns3:TrackPointExtension>
        </extensions>
      </trkpt>
      <trkpt lat="48.108138106763362884521484375" lon="-122.765841521322727203369140625">
        <ele>-1</ele>
        <time>2026-09-14T23:54:59.000Z</time>
        <extensions>
          <ns3:TrackPointExtension>
            <ns3:hr>119</ns3:hr>
          </ns3:TrackPointExtension>
        </extensions>
      </trkpt>
      <trkpt lat="48.10813374817371368408203125" lon="-122.76582903228700160980224609375">
        <ele>-1</ele>
        <time>2026-09-14T23:55:00.000Z</time>
        <extensions>
          <ns3:TrackPointExtension>
            <ns3:hr>115</ns3:hr>
          </ns3:TrackPointExtension>
        </extensions>
      </trkpt>
      <trkpt lat="48.10812880285084247589111328125" lon="-122.76581478305160999298095703125">
        <ele>-1</ele>
        <time>2026-09-14T23:55:01.000Z</time>
        <extensions>
          <ns3:TrackPointExtension>
            <ns3:hr>109</ns3:hr>
          </ns3:TrackPointExtension>
        </extensions>
      </trkpt>
      <trkpt lat="48.1081188283860683441162109375" lon="-122.76579047553241252899169921875">
        <ele>-0.800000011920928955078125</ele>
        <time>2026-09-14T23:55:03.000Z</time>
        <extensions>
          <ns3:TrackPointExtension>
            <ns3:hr>105</ns3:hr>
          </ns3:TrackPointExtension>
        </extensions>
      </trkpt>
      <trkpt lat="48.108103908598423004150390625" lon="-122.76575376279652118682861328125">
        <ele>-0.800000011920928955078125</ele>
        <time>2026-09-14T23:55:06.000Z</time>
        <extensions>
          <ns3:TrackPointExtension>
            <ns3:hr>108</ns3:hr>
          </ns3:TrackPointExtension>
        </extensions>
      </trkpt>
      <trkpt lat="48.10810030438005924224853515625" lon="-122.76574085466563701629638671875">
        <ele>-0.800000011920928955078125</ele>
        <time>2026-09-14T23:55:07.000Z</time>
        <extensions>
          <ns3:TrackPointExtension>
            <ns3:hr>117</ns3:hr>
          </ns3:TrackPointExtension>
        </extensions>
      </trkpt>
      <trkpt lat="48.10808320529758930206298828125" lon="-122.76568226516246795654296875">
        <ele>-1</ele>
        <time>2026-09-14T23:55:12.000Z</time>
        <extensions>
          <ns3:TrackPointExtension>
            <ns3:hr>112</ns3:hr>
          </ns3:TrackPointExtension>
        </extensions>
      </trkpt>
      <trkpt lat="48.1080789305269718170166015625" lon="-122.76566877029836177825927734375">
        <ele>-1</ele>
        <time>2026-09-14T23:55:13.000Z</time>
        <extensions>
          <ns3:TrackPointExtension>
            <ns3:hr>112</ns3:hr>
          </ns3:TrackPointExtension>
        </extensions>
      </trkpt>
      <trkpt lat="48.10807532630860805511474609375" lon="-122.76565552689135074615478515625">
        <ele>-1</ele>
        <time>2026-09-14T23:55:14.000Z</time>
        <extensions>
          <ns3:TrackPointExtension>
            <ns3:hr>112</ns3:hr>
          </ns3:TrackPointExtension>
        </extensions>
      </trkpt>
      <trkpt lat="48.10801631771028041839599609375" lon="-122.76550582610070705413818359375">
        <ele>-1</ele>
        <time>2026-09-14T23:55:26.000Z</time>
        <extensions>
          <ns3:TrackPointExtension>
            <ns3:hr>111</ns3:hr>
          </ns3:TrackPointExtension>
        </extensions>
      </trkpt>
      <trkpt lat="48.10794507153332233428955078125" lon="-122.7653652615845203399658203125">
        <ele>-1</ele>
        <time>2026-09-14T23:55:38.000Z</time>
        <extensions>
          <ns3:TrackPointExtension>
            <ns3:hr>111</ns3:hr>
          </ns3:TrackPointExtension>
        </extensions>
      </trkpt>
      <trkpt lat="48.1078878231346607208251953125" lon="-122.7652363479137420654296875">
        <ele>-1</ele>
        <time>2026-09-14T23:55:49.000Z</time>
        <extensions>
          <ns3:TrackPointExtension>
            <ns3:hr>113</ns3:hr>
          </ns3:TrackPointExtension>
        </extensions>
      </trkpt>
      <trkpt lat="48.1078864820301532745361328125" lon="-122.765224277973175048828125">
        <ele>-1</ele>
        <time>2026-09-14T23:55:50.000Z</time>
        <extensions>
          <ns3:TrackPointExtension>
            <ns3:hr>113</ns3:hr>
          </ns3:TrackPointExtension>
        </extensions>
      </trkpt>
      <trkpt lat="48.10790919698774814605712890625" lon="-122.76513576507568359375">
        <ele>-0.800000011920928955078125</ele>
        <time>2026-09-14T23:55:57.000Z</time>
        <extensions>
          <ns3:TrackPointExtension>
            <ns3:hr>114</ns3:hr>
          </ns3:TrackPointExtension>
        </extensions>
      </trkpt>
      <trkpt lat="48.1079837121069431304931640625" lon="-122.76515915058553218841552734375">
        <ele>-0.800000011920928955078125</ele>
        <time>2026-09-14T23:56:05.000Z</time>
        <extensions>
          <ns3:TrackPointExtension>
            <ns3:hr>115</ns3:hr>
          </ns3:TrackPointExtension>
        </extensions>
      </trkpt>
      <trkpt lat="48.10799184255301952362060546875" lon="-122.76518815197050571441650390625">
        <ele>-1</ele>
        <time>2026-09-14T23:56:09.000Z</time>
        <extensions>
          <ns3:TrackPointExtension>
            <ns3:hr>111</ns3:hr>
          </ns3:TrackPointExtension>
        </extensions>
      </trkpt>
      <trkpt lat="48.1079907529056072235107421875" lon="-122.7651996351778507232666015625">
        <ele>-0.800000011920928955078125</ele>
        <time>2026-09-14T23:56:10.000Z</time>
        <extensions>
          <ns3:TrackPointExtension>
            <ns3:hr>111</ns3:hr>
          </ns3:TrackPointExtension>
        </extensions>
      </trkpt>
      <trkpt lat="48.1079867295920848846435546875" lon="-122.76522151194512844085693359375">
        <ele>-0.800000011920928955078125</ele>
        <time>2026-09-14T23:56:12.000Z</time>
        <extensions>
          <ns3:TrackPointExtension>
            <ns3:hr>111</ns3:hr>
          </ns3:TrackPointExtension>
        </extensions>
      </trkpt>
      <trkpt lat="48.10796535573899745941162109375" lon="-122.76530918665230274200439453125">
        <ele>-0.60000002384185791015625</ele>
        <time>2026-09-14T23:56:20.000Z</time>
        <extensions>
          <ns3:TrackPointExtension>
            <ns3:hr>110</ns3:hr>
          </ns3:TrackPointExtension>
        </extensions>
      </trkpt>
      <trkpt lat="48.1079439818859100341796875" lon="-122.76541312225162982940673828125">
        <ele>-0.60000002384185791015625</ele>
        <time>2026-09-14T23:56:29.000Z</time>
        <extensions>
          <ns3:TrackPointExtension>
            <ns3:hr>108</ns3:hr>
          </ns3:TrackPointExtension>
        </extensions>
      </trkpt>
      <trkpt lat="48.10793300159275531768798828125" lon="-122.76545033790171146392822265625">
        <ele>-0.60000002384185791015625</ele>
        <time>2026-09-14T23:56:33.000Z</time>
        <extensions>
          <ns3:TrackPointExtension>
            <ns3:hr>112</ns3:hr>
          </ns3:TrackPointExtension>
        </extensions>
      </trkpt>
      <trkpt lat="48.1079290620982646942138671875" lon="-122.76545972563326358795166015625">
        <ele>-0.60000002384185791015625</ele>
        <time>2026-09-14T23:56:34.000Z</time>
        <extensions>
          <ns3:TrackPointExtension>
            <ns3:hr>121</ns3:hr>
          </ns3:TrackPointExtension>
        </extensions>
      </trkpt>
      <trkpt lat="48.10792646370828151702880859375" lon="-122.76546978391706943511962890625">
        <ele>-0.60000002384185791015625</ele>
        <time>2026-09-14T23:56:35.000Z</time>
        <extensions>
          <ns3:TrackPointExtension>
            <ns3:hr>135</ns3:hr>
          </ns3:TrackPointExtension>
        </extensions>
      </trkpt>
      <trkpt lat="48.10791657306253910064697265625" lon="-122.76549409143626689910888671875">
        <ele>-0.4000000059604644775390625</ele>
        <time>2026-09-14T23:56:37.000Z</time>
        <extensions>
          <ns3:TrackPointExtension>
            <ns3:hr>138</ns3:hr>
          </ns3:TrackPointExtension>
        </extensions>
      </trkpt>
      <trkpt lat="48.10791288502514362335205078125" lon="-122.76550389826297760009765625">
        <ele>-0.4000000059604644775390625</ele>
        <time>2026-09-14T23:56:38.000Z</time>
        <extensions>
          <ns3:TrackPointExtension>
            <ns3:hr>139</ns3:hr>
          </ns3:TrackPointExtension>
        </extensions>
      </trkpt>
      <trkpt lat="48.1078834645450115203857421875" lon="-122.76557824574410915374755859375">
        <ele>-0.20000000298023223876953125</ele>
        <time>2026-09-14T23:56:46.000Z</time>
        <extensions>
          <ns3:TrackPointExtension>
            <ns3:hr>136</ns3:hr>
          </ns3:TrackPointExtension>
        </extensions>
      </trkpt>
      <trkpt lat="48.10787633992731571197509765625" lon="-122.7655996195971965789794921875">
        <ele>-0.20000000298023223876953125</ele>
        <time>2026-09-14T23:56:48.000Z</time>
        <extensions>
          <ns3:TrackPointExtension>
            <ns3:hr>133</ns3:hr>
          </ns3:TrackPointExtension>
        </extensions>
      </trkpt>
      <trkpt lat="48.107865191996097564697265625" lon="-122.76561847887933254241943359375">
        <ele>-0.20000000298023223876953125</ele>
        <time>2026-09-14T23:56:50.000Z</time>
        <extensions>
          <ns3:TrackPointExtension>
            <ns3:hr>131</ns3:hr>
          </ns3:TrackPointExtension>
        </extensions>
      </trkpt>
      <trkpt lat="48.10784063301980495452880859375" lon="-122.76567379944026470184326171875">
        <ele>-0.20000000298023223876953125</ele>
        <time>2026-09-14T23:56:55.000Z</time>
        <extensions>
          <ns3:TrackPointExtension>
            <ns3:hr>125</ns3:hr>
          </ns3:TrackPointExtension>
        </extensions>
      </trkpt>
      <trkpt lat="48.10782621614634990692138671875" lon="-122.76570028625428676605224609375">
        <ele>-0.4000000059604644775390625</ele>
        <time>2026-09-14T23:56:57.000Z</time>
        <extensions>
          <ns3:TrackPointExtension>
            <ns3:hr>124</ns3:hr>
          </ns3:TrackPointExtension>
        </extensions>
      </trkpt>
      <trkpt lat="48.10780861414968967437744140625" lon="-122.7657421119511127471923828125">
        <ele>-0.4000000059604644775390625</ele>
        <time>2026-09-14T23:57:00.000Z</time>
        <extensions>
          <ns3:TrackPointExtension>
            <ns3:hr>124</ns3:hr>
          </ns3:TrackPointExtension>
        </extensions>
      </trkpt>
      <trkpt lat="48.1077677942812442779541015625" lon="-122.765838839113712310791015625">
        <ele>-0.60000002384185791015625</ele>
        <time>2026-09-14T23:57:06.000Z</time>
        <extensions>
          <ns3:TrackPointExtension>
            <ns3:hr>127</ns3:hr>
          </ns3:TrackPointExtension>
        </extensions>
      </trkpt>
      <trkpt lat="48.10770283453166484832763671875" lon="-122.76598795317113399505615234375">
        <ele>-0.60000002384185791015625</ele>
        <time>2026-09-14T23:57:15.000Z</time>
        <extensions>
          <ns3:TrackPointExtension>
            <ns3:hr>127</ns3:hr>
          </ns3:TrackPointExtension>
        </extensions>
      </trkpt>
      <trkpt lat="48.10767902992665767669677734375" lon="-122.76605115272104740142822265625">
        <ele>-0.60000002384185791015625</ele>
        <time>2026-09-14T23:57:18.000Z</time>
        <extensions>
          <ns3:TrackPointExtension>
            <ns3:hr>123</ns3:hr>
          </ns3:TrackPointExtension>
        </extensions>
      </trkpt>
      <trkpt lat="48.10761482454836368560791015625" lon="-122.7662413381040096282958984375">
        <ele>-0.60000002384185791015625</ele>
        <time>2026-09-14T23:57:26.000Z</time>
        <extensions>
          <ns3:TrackPointExtension>
            <ns3:hr>123</ns3:hr>
          </ns3:TrackPointExtension>
        </extensions>
      </trkpt>
      <trkpt lat="48.10755665414035320281982421875" lon="-122.76639112271368503570556640625">
        <ele>-0.60000002384185791015625</ele>
        <time>2026-09-14T23:57:32.000Z</time>
        <extensions>
          <ns3:TrackPointExtension>
            <ns3:hr>126</ns3:hr>
          </ns3:TrackPointExtension>
        </extensions>
      </trkpt>
      <trkpt lat="48.10756243765354156494140625" lon="-122.76645482517778873443603515625">
        <ele>-0.800000011920928955078125</ele>
        <time>2026-09-14T23:57:35.000Z</time>
        <extensions>
          <ns3:TrackPointExtension>
            <ns3:hr>126</ns3:hr>
          </ns3:TrackPointExtension>
        </extensions>
      </trkpt>
      <trkpt lat="48.10758146457374095916748046875" lon="-122.7664653025567531585693359375">
        <ele>-1</ele>
        <time>2026-09-14T23:57:37.000Z</time>
        <extensions>
          <ns3:TrackPointExtension>
            <ns3:hr>127</ns3:hr>
          </ns3:TrackPointExtension>
        </extensions>
      </trkpt>
      <trkpt lat="48.10760535299777984619140625" lon="-122.76646320708096027374267578125">
        <ele>-1</ele>
        <time>2026-09-14T23:57:39.000Z</time>
        <extensions>
          <ns3:TrackPointExtension>
            <ns3:hr>128</ns3:hr>
          </ns3:TrackPointExtension>
        </extensions>
      </trkpt>
      <trkpt lat="48.1076487712562084197998046875" lon="-122.7664488740265369415283203125">
        <ele>-1</ele>
        <time>2026-09-14T23:57:42.000Z</time>
        <extensions>
          <ns3:TrackPointExtension>
            <ns3:hr>125</ns3:hr>
          </ns3:TrackPointExtension>
        </extensions>
      </trkpt>
      <trkpt lat="48.1076641939580440521240234375" lon="-122.76644510217010974884033203125">
        <ele>-1</ele>
        <time>2026-09-14T23:57:43.000Z</time>
        <extensions>
          <ns3:TrackPointExtension>
            <ns3:hr>122</ns3:hr>
          </ns3:TrackPointExtension>
        </extensions>
      </trkpt>
      <trkpt lat="48.107682801783084869384765625" lon="-122.76644342578947544097900390625">
        <ele>-1</ele>
        <time>2026-09-14T23:57:44.000Z</time>
        <extensions>
          <ns3:TrackPointExtension>
            <ns3:hr>115</ns3:hr>
          </ns3:TrackPointExtension>
        </extensions>
      </trkpt>
      <trkpt lat="48.10770149342715740203857421875" lon="-122.76644426397979259490966796875">
        <ele>-1</ele>
        <time>2026-09-14T23:57:45.000Z</time>
        <extensions>
          <ns3:TrackPointExtension>
            <ns3:hr>111</ns3:hr>
          </ns3:TrackPointExtension>
        </extensions>
      </trkpt>
      <trkpt lat="48.10772160999476909637451171875" lon="-122.76644443161785602569580078125">
        <ele>-0.800000011920928955078125</ele>
        <time>2026-09-14T23:57:46.000Z</time>
        <extensions>
          <ns3:TrackPointExtension>
            <ns3:hr>108</ns3:hr>
          </ns3:TrackPointExtension>
        </extensions>
      </trkpt>
      <trkpt lat="48.1077641062438488006591796875" lon="-122.76644560508430004119873046875">
        <ele>-0.800000011920928955078125</ele>
        <time>2026-09-14T23:57:48.000Z</time>
        <extensions>
          <ns3:TrackPointExtension>
            <ns3:hr>122</ns3:hr>
          </ns3:TrackPointExtension>
        </extensions>
      </trkpt>
      <trkpt lat="48.1078033335506916046142578125" lon="-122.7664485387504100799560546875">
        <ele>-1</ele>
        <time>2026-09-14T23:57:50.000Z</time>
        <extensions>
          <ns3:TrackPointExtension>
            <ns3:hr>124</ns3:hr>
          </ns3:TrackPointExtension>
        </extensions>
      </trkpt>
      <trkpt lat="48.1078878231346607208251953125" lon="-122.7664575912058353424072265625">
        <ele>-1</ele>
        <time>2026-09-14T23:57:54.000Z</time>
        <extensions>
          <ns3:TrackPointExtension>
            <ns3:hr>130</ns3:hr>
          </ns3:TrackPointExtension>
        </extensions>
      </trkpt>
      <trkpt lat="48.1079278886318206787109375" lon="-122.76646236889064311981201171875">
        <ele>-1</ele>
        <time>2026-09-14T23:57:56.000Z</time>
        <extensions>
          <ns3:TrackPointExtension>
            <ns3:hr>134</ns3:hr>
          </ns3:TrackPointExtension>
        </extensions>
      </trkpt>
      <trkpt lat="48.10796334408223628997802734375" lon="-122.76646991260349750518798828125">
        <ele>-1</ele>
        <time>2026-09-14T23:57:58.000Z</time>
        <extensions>
          <ns3:TrackPointExtension>
            <ns3:hr>131</ns3:hr>
          </ns3:TrackPointExtension>
        </extensions>
      </trkpt>
      <trkpt lat="48.1079971231520175933837890625" lon="-122.76647158898413181304931640625">
        <ele>-1</ele>
        <time>2026-09-14T23:58:00.000Z</time>
        <extensions>
          <ns3:TrackPointExtension>
            <ns3:hr>128</ns3:hr>
          </ns3:TrackPointExtension>
        </extensions>
      </trkpt>
      <trkpt lat="48.108029477298259735107421875" lon="-122.76647192426025867462158203125">
        <ele>-1</ele>
        <time>2026-09-14T23:58:02.000Z</time>
        <extensions>
          <ns3:TrackPointExtension>
            <ns3:hr>125</ns3:hr>
          </ns3:TrackPointExtension>
        </extensions>
      </trkpt>
      <trkpt lat="48.10804657638072967529296875" lon="-122.76647192426025867462158203125">
        <ele>-1</ele>
        <time>2026-09-14T23:58:03.000Z</time>
        <extensions>
          <ns3:TrackPointExtension>
            <ns3:hr>124</ns3:hr>
          </ns3:TrackPointExtension>
        </extensions>
      </trkpt>
      <trkpt lat="48.108194768428802490234375" lon="-122.76645164005458354949951171875">
        <ele>-1.2000000476837158203125</ele>
        <time>2026-09-14T23:58:13.000Z</time>
        <extensions>
          <ns3:TrackPointExtension>
            <ns3:hr>123</ns3:hr>
          </ns3:TrackPointExtension>
        </extensions>
      </trkpt>
      <trkpt lat="48.10825939290225505828857421875" lon="-122.7663657255470752716064453125">
        <ele>-1</ele>
        <time>2026-09-14T23:58:21.000Z</time>
        <extensions>
          <ns3:TrackPointExtension>
            <ns3:hr>125</ns3:hr>
          </ns3:TrackPointExtension>
        </extensions>
      </trkpt>
      <trkpt lat="48.108257465064525604248046875" lon="-122.7663543261587619781494140625">
        <ele>-1</ele>
        <time>2026-09-14T23:58:22.000Z</time>
        <extensions>
          <ns3:TrackPointExtension>
            <ns3:hr>124</ns3:hr>
          </ns3:TrackPointExtension>
        </extensions>
      </trkpt>
      <trkpt lat="48.1082309782505035400390625" lon="-122.76630856096744537353515625">
        <ele>-0.800000011920928955078125</ele>
        <time>2026-09-14T23:58:26.000Z</time>
        <extensions>
          <ns3:TrackPointExtension>
            <ns3:hr>125</ns3:hr>
          </ns3:TrackPointExtension>
        </extensions>
      </trkpt>
      <trkpt lat="48.10822569765150547027587890625" lon="-122.76629188098013401031494140625">
        <ele>-0.800000011920928955078125</ele>
        <time>2026-09-14T23:58:27.000Z</time>
        <extensions>
          <ns3:TrackPointExtension>
            <ns3:hr>125</ns3:hr>
          </ns3:TrackPointExtension>
        </extensions>
      </trkpt>
      <trkpt lat="48.108187727630138397216796875" lon="-122.76618920266628265380859375">
        <ele>-0.800000011920928955078125</ele>
        <time>2026-09-14T23:58:33.000Z</time>
        <extensions>
          <ns3:TrackPointExtension>
            <ns3:hr>127</ns3:hr>
          </ns3:TrackPointExtension>
        </extensions>
      </trkpt>
      <trkpt lat="48.1081344187259674072265625" lon="-122.7660690061748027801513671875">
        <ele>-1</ele>
        <time>2026-09-14T23:58:41.000Z</time>
        <extensions>
          <ns3:TrackPointExtension>
            <ns3:hr>125</ns3:hr>
          </ns3:TrackPointExtension>
        </extensions>
      </trkpt>
      <trkpt lat="48.10812033712863922119140625" lon="-122.76604235172271728515625">
        <ele>-1</ele>
        <time>2026-09-14T23:58:43.000Z</time>
        <extensions>
          <ns3:TrackPointExtension>
            <ns3:hr>122</ns3:hr>
          </ns3:TrackPointExtension>
        </extensions>
      </trkpt>
      <trkpt lat="48.1081020645797252655029296875" lon="-122.7660173736512660980224609375">
        <ele>-1</ele>
        <time>2026-09-14T23:58:45.000Z</time>
        <extensions>
          <ns3:TrackPointExtension>
            <ns3:hr>119</ns3:hr>
          </ns3:TrackPointExtension>
        </extensions>
      </trkpt>
      <trkpt lat="48.10808488167822360992431640625" lon="-122.76598108001053333282470703125">
        <ele>-1</ele>
        <time>2026-09-14T23:58:48.000Z</time>
        <extensions>
          <ns3:TrackPointExtension>
            <ns3:hr>116</ns3:hr>
          </ns3:TrackPointExtension>
        </extensions>
      </trkpt>
      <trkpt lat="48.10807348228991031646728515625" lon="-122.76595241390168666839599609375">
        <ele>-1</ele>
        <time>2026-09-14T23:58:50.000Z</time>
        <extensions>
          <ns3:TrackPointExtension>
            <ns3:hr>117</ns3:hr>
          </ns3:TrackPointExtension>
        </extensions>
      </trkpt>
      <trkpt lat="48.10806627385318279266357421875" lon="-122.7659375779330730438232421875">
        <ele>-1</ele>
        <time>2026-09-14T23:58:51.000Z</time>
        <extensions>
          <ns3:TrackPointExtension>
            <ns3:hr>124</ns3:hr>
          </ns3:TrackPointExtension>
        </extensions>
      </trkpt>
      <trkpt lat="48.10806225053966045379638671875" lon="-122.7659238316118717193603515625">
        <ele>-1</ele>
        <time>2026-09-14T23:58:52.000Z</time>
        <extensions>
          <ns3:TrackPointExtension>
            <ns3:hr>129</ns3:hr>
          </ns3:TrackPointExtension>
        </extensions>
      </trkpt>
      <trkpt lat="48.1080566346645355224609375" lon="-122.76591050438582897186279296875">
        <ele>-1.2000000476837158203125</ele>
        <time>2026-09-14T23:58:53.000Z</time>
        <extensions>
          <ns3:TrackPointExtension>
            <ns3:hr>132</ns3:hr>
          </ns3:TrackPointExtension>
        </extensions>
      </trkpt>
      <trkpt lat="48.10803777538239955902099609375" lon="-122.76586356572806835174560546875">
        <ele>-1.2000000476837158203125</ele>
        <time>2026-09-14T23:58:56.000Z</time>
        <extensions>
          <ns3:TrackPointExtension>
            <ns3:hr>135</ns3:hr>
          </ns3:TrackPointExtension>
        </extensions>
      </trkpt>
      <trkpt lat="48.10800374485552310943603515625" lon="-122.76578075252473354339599609375">
        <ele>-1.2000000476837158203125</ele>
        <time>2026-09-14T23:59:03.000Z</time>
        <extensions>
          <ns3:TrackPointExtension>
            <ns3:hr>136</ns3:hr>
          </ns3:TrackPointExtension>
        </extensions>
      </trkpt>
      <trkpt lat="48.107971139252185821533203125" lon="-122.76563624851405620574951171875">
        <ele>-1.2000000476837158203125</ele>
        <time>2026-09-14T23:59:13.000Z</time>
        <extensions>
          <ns3:TrackPointExtension>
            <ns3:hr>134</ns3:hr>
          </ns3:TrackPointExtension>
        </extensions>
      </trkpt>
      <trkpt lat="48.10793928802013397216796875" lon="-122.76542552746832370758056640625">
        <ele>-1.2000000476837158203125</ele>
        <time>2026-09-14T23:59:28.000Z</time>
        <extensions>
          <ns3:TrackPointExtension>
            <ns3:hr>132</ns3:hr>
          </ns3:TrackPointExtension>
        </extensions>
      </trkpt>
      <trkpt lat="48.10791246592998504638671875" lon="-122.76532553136348724365234375">
        <ele>-1.2000000476837158203125</ele>
        <time>2026-09-14T23:59:35.000Z</time>
        <extensions>
          <ns3:TrackPointExtension>
            <ns3:hr>129</ns3:hr>
          </ns3:TrackPointExtension>
        </extensions>
      </trkpt>
      <trkpt lat="48.107892014086246490478515625" lon="-122.76524850167334079742431640625">
        <ele>-1.2000000476837158203125</ele>
        <time>2026-09-14T23:59:40.000Z</time>
        <extensions>
          <ns3:TrackPointExtension>
            <ns3:hr>127</ns3:hr>
          </ns3:TrackPointExtension>
        </extensions>
      </trkpt>
      <trkpt lat="48.10783602297306060791015625" lon="-122.7650725655257701873779296875">
        <ele>-1.2000000476837158203125</ele>
        <time>2026-09-14T23:59:53.000Z</time>
        <extensions>
          <ns3:TrackPointExtension>
            <ns3:hr>129</ns3:hr>
          </ns3:TrackPointExtension>
        </extensions>
      </trkpt>
      <trkpt lat="48.10781188309192657470703125" lon="-122.76504230685532093048095703125">
        <ele>-1.2000000476837158203125</ele>
        <time>2026-09-14T23:59:56.000Z</time>
        <extensions>
          <ns3:TrackPointExtension>
            <ns3:hr>124</ns3:hr>
          </ns3:TrackPointExtension>
        </extensions>
      </trkpt>
      <trkpt lat="48.10774910263717174530029296875" lon="-122.7650071866810321807861328125">
        <ele>-1.2000000476837158203125</ele>
        <time>2026-09-15T00:00:02.000Z</time>
        <extensions>
          <ns3:TrackPointExtension>
            <ns3:hr>124</ns3:hr>
          </ns3:TrackPointExtension>
        </extensions>
      </trkpt>
      <trkpt lat="48.10765229165554046630859375" lon="-122.765067033469676971435546875">
        <ele>-1.2000000476837158203125</ele>
        <time>2026-09-15T00:00:11.000Z</time>
        <extensions>
          <ns3:TrackPointExtension>
            <ns3:hr>124</ns3:hr>
          </ns3:TrackPointExtension>
        </extensions>
      </trkpt>
      <trkpt lat="48.10763862915337085723876953125" lon="-122.76511497795581817626953125">
        <ele>-1.39999997615814208984375</ele>
        <time>2026-09-15T00:00:15.000Z</time>
        <extensions>
          <ns3:TrackPointExtension>
            <ns3:hr>120</ns3:hr>
          </ns3:TrackPointExtension>
        </extensions>
      </trkpt>
      <trkpt lat="48.10763829387724399566650390625" lon="-122.765138782560825347900390625">
        <ele>-1.39999997615814208984375</ele>
        <time>2026-09-15T00:00:17.000Z</time>
        <extensions>
          <ns3:TrackPointExtension>
            <ns3:hr>116</ns3:hr>
          </ns3:TrackPointExtension>
        </extensions>
      </trkpt>
      <trkpt lat="48.10763862915337085723876953125" lon="-122.7651506848633289337158203125">
        <ele>-1.39999997615814208984375</ele>
        <time>2026-09-15T00:00:18.000Z</time>
        <extensions>
          <ns3:TrackPointExtension>
            <ns3:hr>113</ns3:hr>
          </ns3:TrackPointExtension>
        </extensions>
      </trkpt>
      <trkpt lat="48.10763762332499027252197265625" lon="-122.7651610784232616424560546875">
        <ele>-1.39999997615814208984375</ele>
        <time>2026-09-15T00:00:19.000Z</time>
        <extensions>
          <ns3:TrackPointExtension>
            <ns3:hr>115</ns3:hr>
          </ns3:TrackPointExtension>
        </extensions>
      </trkpt>
      <trkpt lat="48.10763611458241939544677734375" lon="-122.7651708014309406280517578125">
        <ele>-1.39999997615814208984375</ele>
        <time>2026-09-15T00:00:20.000Z</time>
        <extensions>
          <ns3:TrackPointExtension>
            <ns3:hr>120</ns3:hr>
          </ns3:TrackPointExtension>
        </extensions>
      </trkpt>
      <trkpt lat="48.1076350249350070953369140625" lon="-122.76517935097217559814453125">
        <ele>-1.39999997615814208984375</ele>
        <time>2026-09-15T00:00:21.000Z</time>
        <extensions>
          <ns3:TrackPointExtension>
            <ns3:hr>125</ns3:hr>
          </ns3:TrackPointExtension>
        </extensions>
      </trkpt>
      <trkpt lat="48.1076246313750743865966796875" lon="-122.7652264572679996490478515625">
        <ele>-1.39999997615814208984375</ele>
        <time>2026-09-15T00:00:28.000Z</time>
        <extensions>
          <ns3:TrackPointExtension>
            <ns3:hr>123</ns3:hr>
          </ns3:TrackPointExtension>
        </extensions>
      </trkpt>
      <trkpt lat="48.10761314816772937774658203125" lon="-122.76526995934545993804931640625">
        <ele>-1.2000000476837158203125</ele>
        <time>2026-09-15T00:00:38.000Z</time>
        <extensions>
          <ns3:TrackPointExtension>
            <ns3:hr>124</ns3:hr>
          </ns3:TrackPointExtension>
        </extensions>
      </trkpt>
      <trkpt lat="48.10764156281948089599609375" lon="-122.76527062989771366119384765625">
        <ele>-1</ele>
        <time>2026-09-15T00:00:42.000Z</time>
        <extensions>
          <ns3:TrackPointExtension>
            <ns3:hr>121</ns3:hr>
          </ns3:TrackPointExtension>
        </extensions>
      </trkpt>
      <trkpt lat="48.10765120200812816619873046875" lon="-122.765269540250301361083984375">
        <ele>-1</ele>
        <time>2026-09-15T00:00:43.000Z</time>
        <extensions>
          <ns3:TrackPointExtension>
            <ns3:hr>119</ns3:hr>
          </ns3:TrackPointExtension>
        </extensions>
      </trkpt>
      <trkpt lat="48.10767299495637416839599609375" lon="-122.76526375673711299896240234375">
        <ele>-1</ele>
        <time>2026-09-15T00:00:45.000Z</time>
        <extensions>
          <ns3:TrackPointExtension>
            <ns3:hr>115</ns3:hr>
          </ns3:TrackPointExtension>
        </extensions>
      </trkpt>
      <trkpt lat="48.1076799519360065460205078125" lon="-122.76525713503360748291015625">
        <ele>-1</ele>
        <time>2026-09-15T00:00:46.000Z</time>
        <extensions>
          <ns3:TrackPointExtension>
            <ns3:hr>113</ns3:hr>
          </ns3:TrackPointExtension>
        </extensions>
      </trkpt>
      <trkpt lat="48.1076977215707302093505859375" lon="-122.76523928157985210418701171875">
        <ele>-1</ele>
        <time>2026-09-15T00:00:48.000Z</time>
        <extensions>
          <ns3:TrackPointExtension>
            <ns3:hr>110</ns3:hr>
          </ns3:TrackPointExtension>
        </extensions>
      </trkpt>
      <trkpt lat="48.1077154912054538726806640625" lon="-122.7652137167751789093017578125">
        <ele>-1.2000000476837158203125</ele>
        <time>2026-09-15T00:00:50.000Z</time>
        <extensions>
          <ns3:TrackPointExtension>
            <ns3:hr>116</ns3:hr>
          </ns3:TrackPointExtension>
        </extensions>
      </trkpt>
      <trkpt lat="48.10772328637540340423583984375" lon="-122.76519946753978729248046875">
        <ele>-1.2000000476837158203125</ele>
        <time>2026-09-15T00:00:51.000Z</time>
        <extensions>
          <ns3:TrackPointExtension>
            <ns3:hr>119</ns3:hr>
          </ns3:TrackPointExtension>
        </extensions>
      </trkpt>
      <trkpt lat="48.1077496893703937530517578125" lon="-122.76516032405197620391845703125">
        <ele>-1.2000000476837158203125</ele>
        <time>2026-09-15T00:00:54.000Z</time>
        <extensions>
          <ns3:TrackPointExtension>
            <ns3:hr>121</ns3:hr>
          </ns3:TrackPointExtension>
        </extensions>
      </trkpt>
      <trkpt lat="48.10777978040277957916259765625" lon="-122.76510198600590229034423828125">
        <ele>-1.2000000476837158203125</ele>
        <time>2026-09-15T00:00:58.000Z</time>
        <extensions>
          <ns3:TrackPointExtension>
            <ns3:hr>118</ns3:hr>
          </ns3:TrackPointExtension>
        </extensions>
      </trkpt>
      <trkpt lat="48.107829652726650238037109375" lon="-122.76498380117118358612060546875">
        <ele>-1.2000000476837158203125</ele>
        <time>2026-09-15T00:01:06.000Z</time>
        <extensions>
          <ns3:TrackPointExtension>
            <ns3:hr>118</ns3:hr>
          </ns3:TrackPointExtension>
        </extensions>
      </trkpt>
      <trkpt lat="48.107853122055530548095703125" lon="-122.76495010592043399810791015625">
        <ele>-1.2000000476837158203125</ele>
        <time>2026-09-15T00:01:10.000Z</time>
        <extensions>
          <ns3:TrackPointExtension>
            <ns3:hr>119</ns3:hr>
          </ns3:TrackPointExtension>
        </extensions>
      </trkpt>
      <trkpt lat="48.1078653596341609954833984375" lon="-122.764951027929782867431640625">
        <ele>-1.2000000476837158203125</ele>
        <time>2026-09-15T00:01:12.000Z</time>
        <extensions>
          <ns3:TrackPointExtension>
            <ns3:hr>118</ns3:hr>
          </ns3:TrackPointExtension>
        </extensions>
      </trkpt>
      <trkpt lat="48.10787902213633060455322265625" lon="-122.76497122831642627716064453125">
        <ele>-1.2000000476837158203125</ele>
        <time>2026-09-15T00:01:15.000Z</time>
        <extensions>
          <ns3:TrackPointExtension>
            <ns3:hr>115</ns3:hr>
          </ns3:TrackPointExtension>
        </extensions>
      </trkpt>
      <trkpt lat="48.10786812566220760345458984375" lon="-122.7649907581508159637451171875">
        <ele>-1.2000000476837158203125</ele>
        <time>2026-09-15T00:01:18.000Z</time>
        <extensions>
          <ns3:TrackPointExtension>
            <ns3:hr>114</ns3:hr>
          </ns3:TrackPointExtension>
        </extensions>
      </trkpt>
      <trkpt lat="48.10783828608691692352294921875" lon="-122.76505823247134685516357421875">
        <ele>-1</ele>
        <time>2026-09-15T00:01:27.000Z</time>
        <extensions>
          <ns3:TrackPointExtension>
            <ns3:hr>123</ns3:hr>
          </ns3:TrackPointExtension>
        </extensions>
      </trkpt>
      <trkpt lat="48.10783375985920429229736328125" lon="-122.7651022374629974365234375">
        <ele>-0.800000011920928955078125</ele>
        <time>2026-09-15T00:01:32.000Z</time>
        <extensions>
          <ns3:TrackPointExtension>
            <ns3:hr>126</ns3:hr>
          </ns3:TrackPointExtension>
        </extensions>
      </trkpt>
      <trkpt lat="48.1078231148421764373779296875" lon="-122.76513249613344669342041015625">
        <ele>-0.800000011920928955078125</ele>
        <time>2026-09-15T00:01:36.000Z</time>
        <extensions>
          <ns3:TrackPointExtension>
            <ns3:hr>130</ns3:hr>
          </ns3:TrackPointExtension>
        </extensions>
      </trkpt>
      <trkpt lat="48.1078180857002735137939453125" lon="-122.76515780948102474212646484375">
        <ele>-0.800000011920928955078125</ele>
        <time>2026-09-15T00:01:39.000Z</time>
        <extensions>
          <ns3:TrackPointExtension>
            <ns3:hr>133</ns3:hr>
          </ns3:TrackPointExtension>
        </extensions>
      </trkpt>
      <trkpt lat="48.1078237853944301605224609375" lon="-122.76517557911574840545654296875">
        <ele>-1</ele>
        <time>2026-09-15T00:01:43.000Z</time>
        <extensions>
          <ns3:TrackPointExtension>
            <ns3:hr>131</ns3:hr>
          </ns3:TrackPointExtension>
        </extensions>
      </trkpt>
      <trkpt lat="48.1078876554965972900390625" lon="-122.76516837067902088165283203125">
        <ele>-1</ele>
        <time>2026-09-15T00:01:53.000Z</time>
        <extensions>
          <ns3:TrackPointExtension>
            <ns3:hr>131</ns3:hr>
          </ns3:TrackPointExtension>
        </extensions>
      </trkpt>
      <trkpt lat="48.10791824944317340850830078125" lon="-122.76516552083194255828857421875">
        <ele>-1.2000000476837158203125</ele>
        <time>2026-09-15T00:01:58.000Z</time>
        <extensions>
          <ns3:TrackPointExtension>
            <ns3:hr>123</ns3:hr>
          </ns3:TrackPointExtension>
        </extensions>
      </trkpt>
      <trkpt lat="48.1079320795834064483642578125" lon="-122.76518295519053936004638671875">
        <ele>-1.2000000476837158203125</ele>
        <time>2026-09-15T00:02:03.000Z</time>
        <extensions>
          <ns3:TrackPointExtension>
            <ns3:hr>121</ns3:hr>
          </ns3:TrackPointExtension>
        </extensions>
      </trkpt>
      <trkpt lat="48.1079267151653766632080078125" lon="-122.76522285304963588714599609375">
        <ele>-0.60000002384185791015625</ele>
        <time>2026-09-15T00:02:11.000Z</time>
        <extensions>
          <ns3:TrackPointExtension>
            <ns3:hr>126</ns3:hr>
          </ns3:TrackPointExtension>
        </extensions>
      </trkpt>
      <trkpt lat="48.10792646370828151702880859375" lon="-122.76522855274379253387451171875">
        <ele>-0.60000002384185791015625</ele>
        <time>2026-09-15T00:02:12.000Z</time>
        <extensions>
          <ns3:TrackPointExtension>
            <ns3:hr>129</ns3:hr>
          </ns3:TrackPointExtension>
        </extensions>
      </trkpt>
      <trkpt lat="48.10792587697505950927734375" lon="-122.765234671533107757568359375">
        <ele>-0.4000000059604644775390625</ele>
        <time>2026-09-15T00:02:13.000Z</time>
        <extensions>
          <ns3:TrackPointExtension>
            <ns3:hr>132</ns3:hr>
          </ns3:TrackPointExtension>
        </extensions>
      </trkpt>
      <trkpt lat="48.10792461968958377838134765625" lon="-122.76524238288402557373046875">
        <ele>-0.4000000059604644775390625</ele>
        <time>2026-09-15T00:02:14.000Z</time>
        <extensions>
          <ns3:TrackPointExtension>
            <ns3:hr>132</ns3:hr>
          </ns3:TrackPointExtension>
        </extensions>
      </trkpt>
      <trkpt lat="48.10787918977439403533935546875" lon="-122.765352688729763031005859375">
        <ele>0</ele>
        <time>2026-09-15T00:02:28.000Z</time>
        <extensions>
          <ns3:TrackPointExtension>
            <ns3:hr>129</ns3:hr>
          </ns3:TrackPointExtension>
        </extensions>
      </trkpt>
      <trkpt lat="48.10787298716604709625244140625" lon="-122.76535746641457080841064453125">
        <ele>0.20000000298023223876953125</ele>
        <time>2026-09-15T00:02:29.000Z</time>
        <extensions>
          <ns3:TrackPointExtension>
            <ns3:hr>129</ns3:hr>
          </ns3:TrackPointExtension>
        </extensions>
      </trkpt>
      <trkpt lat="48.1077956221997737884521484375" lon="-122.76544564403593540191650390625">
        <ele>-0.4000000059604644775390625</ele>
        <time>2026-09-15T00:02:45.000Z</time>
        <extensions>
          <ns3:TrackPointExtension>
            <ns3:hr>130</ns3:hr>
          </ns3:TrackPointExtension>
        </extensions>
      </trkpt>
      <trkpt lat="48.10778665356338024139404296875" lon="-122.7654618211090564727783203125">
        <ele>-0.4000000059604644775390625</ele>
        <time>2026-09-15T00:02:48.000Z</time>
        <extensions>
          <ns3:TrackPointExtension>
            <ns3:hr>127</ns3:hr>
          </ns3:TrackPointExtension>
        </extensions>
      </trkpt>
      <trkpt lat="48.10776033438742160797119140625" lon="-122.76548780500888824462890625">
        <ele>-0.4000000059604644775390625</ele>
        <time>2026-09-15T00:02:56.000Z</time>
        <extensions>
          <ns3:TrackPointExtension>
            <ns3:hr>124</ns3:hr>
          </ns3:TrackPointExtension>
        </extensions>
      </trkpt>
      <trkpt lat="48.10774809680879116058349609375" lon="-122.7654997073113918304443359375">
        <ele>-0.4000000059604644775390625</ele>
        <time>2026-09-15T00:02:59.000Z</time>
        <extensions>
          <ns3:TrackPointExtension>
            <ns3:hr>120</ns3:hr>
          </ns3:TrackPointExtension>
        </extensions>
      </trkpt>
      <trkpt lat="48.10774524696171283721923828125" lon="-122.76550347916781902313232421875">
        <ele>-0.4000000059604644775390625</ele>
        <time>2026-09-15T00:03:00.000Z</time>
        <extensions>
          <ns3:TrackPointExtension>
            <ns3:hr>120</ns3:hr>
          </ns3:TrackPointExtension>
        </extensions>
      </trkpt>
      <trkpt lat="48.10773921199142932891845703125" lon="-122.765514962375164031982421875">
        <ele>-0.4000000059604644775390625</ele>
        <time>2026-09-15T00:03:02.000Z</time>
        <extensions>
          <ns3:TrackPointExtension>
            <ns3:hr>123</ns3:hr>
          </ns3:TrackPointExtension>
        </extensions>
      </trkpt>
      <trkpt lat="48.1077332608401775360107421875" lon="-122.7655365876853466033935546875">
        <ele>-0.60000002384185791015625</ele>
        <time>2026-09-15T00:03:06.000Z</time>
        <extensions>
          <ns3:TrackPointExtension>
            <ns3:hr>120</ns3:hr>
          </ns3:TrackPointExtension>
        </extensions>
      </trkpt>
      <trkpt lat="48.10772127471864223480224609375" lon="-122.76557573117315769195556640625">
        <ele>-0.800000011920928955078125</ele>
        <time>2026-09-15T00:03:12.000Z</time>
        <extensions>
          <ns3:TrackPointExtension>
            <ns3:hr>121</ns3:hr>
          </ns3:TrackPointExtension>
        </extensions>
      </trkpt>
      <trkpt lat="48.1076926924288272857666015625" lon="-122.76567832566797733306884765625">
        <ele>-0.800000011920928955078125</ele>
        <time>2026-09-15T00:03:24.000Z</time>
        <extensions>
          <ns3:TrackPointExtension>
            <ns3:hr>117</ns3:hr>
          </ns3:TrackPointExtension>
        </extensions>
      </trkpt>
      <trkpt lat="48.10768355615437030792236328125" lon="-122.7657105959951877593994140625">
        <ele>-0.800000011920928955078125</ele>
        <time>2026-09-15T00:03:27.000Z</time>
        <extensions>
          <ns3:TrackPointExtension>
            <ns3:hr>120</ns3:hr>
          </ns3:TrackPointExtension>
        </extensions>
      </trkpt>
      <trkpt lat="48.1076420657336711883544921875" lon="-122.76581729762256145477294921875">
        <ele>-0.800000011920928955078125</ele>
        <time>2026-09-15T00:03:37.000Z</time>
        <extensions>
          <ns3:TrackPointExtension>
            <ns3:hr>123</ns3:hr>
          </ns3:TrackPointExtension>
        </extensions>
      </trkpt>
      <trkpt lat="48.10762387700378894805908203125" lon="-122.76585099287331104278564453125">
        <ele>-0.60000002384185791015625</ele>
        <time>2026-09-15T00:03:40.000Z</time>
        <extensions>
          <ns3:TrackPointExtension>
            <ns3:hr>123</ns3:hr>
          </ns3:TrackPointExtension>
        </extensions>
      </trkpt>
      <trkpt lat="48.107557408511638641357421875" lon="-122.76595006696879863739013671875">
        <ele>-0.20000000298023223876953125</ele>
        <time>2026-09-15T00:03:52.000Z</time>
        <extensions>
          <ns3:TrackPointExtension>
            <ns3:hr>120</ns3:hr>
          </ns3:TrackPointExtension>
        </extensions>
      </trkpt>
      <trkpt lat="48.10753821395337581634521484375" lon="-122.76597387157380580902099609375">
        <ele>-0.20000000298023223876953125</ele>
        <time>2026-09-15T00:03:55.000Z</time>
        <extensions>
          <ns3:TrackPointExtension>
            <ns3:hr>119</ns3:hr>
          </ns3:TrackPointExtension>
        </extensions>
      </trkpt>
      <trkpt lat="48.1074908562004566192626953125" lon="-122.76604838669300079345703125">
        <ele>-0.4000000059604644775390625</ele>
        <time>2026-09-15T00:04:07.000Z</time>
        <extensions>
          <ns3:TrackPointExtension>
            <ns3:hr>121</ns3:hr>
          </ns3:TrackPointExtension>
        </extensions>
      </trkpt>
      <trkpt lat="48.10750477015972137451171875" lon="-122.76606288738548755645751953125">
        <ele>-0.60000002384185791015625</ele>
        <time>2026-09-15T00:04:11.000Z</time>
        <extensions>
          <ns3:TrackPointExtension>
            <ns3:hr>118</ns3:hr>
          </ns3:TrackPointExtension>
        </extensions>
      </trkpt>
      <trkpt lat="48.1075094640254974365234375" lon="-122.76606238447129726409912109375">
        <ele>-0.800000011920928955078125</ele>
        <time>2026-09-15T00:04:12.000Z</time>
        <extensions>
          <ns3:TrackPointExtension>
            <ns3:hr>107</ns3:hr>
          </ns3:TrackPointExtension>
        </extensions>
      </trkpt>
      <trkpt lat="48.10751709155738353729248046875" lon="-122.7660592831671237945556640625">
        <ele>-0.800000011920928955078125</ele>
        <time>2026-09-15T00:04:13.000Z</time>
        <extensions>
          <ns3:TrackPointExtension>
            <ns3:hr>104</ns3:hr>
          </ns3:TrackPointExtension>
        </extensions>
      </trkpt>
      <trkpt lat="48.10752999968826770782470703125" lon="-122.7660502307116985321044921875">
        <ele>-0.800000011920928955078125</ele>
        <time>2026-09-15T00:04:15.000Z</time>
        <extensions>
          <ns3:TrackPointExtension>
            <ns3:hr>101</ns3:hr>
          </ns3:TrackPointExtension>
        </extensions>
      </trkpt>
      <trkpt lat="48.1075706519186496734619140625" lon="-122.76602449826896190643310546875">
        <ele>-0.800000011920928955078125</ele>
        <time>2026-09-15T00:04:20.000Z</time>
        <extensions>
          <ns3:TrackPointExtension>
            <ns3:hr>105</ns3:hr>
          </ns3:TrackPointExtension>
        </extensions>
      </trkpt>
      <trkpt lat="48.1075783632695674896240234375" lon="-122.76601963676512241363525390625">
        <ele>-0.800000011920928955078125</ele>
        <time>2026-09-15T00:04:21.000Z</time>
        <extensions>
          <ns3:TrackPointExtension>
            <ns3:hr>108</ns3:hr>
          </ns3:TrackPointExtension>
        </extensions>
      </trkpt>
      <trkpt lat="48.10758984647691249847412109375" lon="-122.766012512147426605224609375">
        <ele>-0.800000011920928955078125</ele>
        <time>2026-09-15T00:04:22.000Z</time>
        <extensions>
          <ns3:TrackPointExtension>
            <ns3:hr>113</ns3:hr>
          </ns3:TrackPointExtension>
        </extensions>
      </trkpt>
      <trkpt lat="48.10760258696973323822021484375" lon="-122.7660039626061916351318359375">
        <ele>-1</ele>
        <time>2026-09-15T00:04:23.000Z</time>
        <extensions>
          <ns3:TrackPointExtension>
            <ns3:hr>117</ns3:hr>
          </ns3:TrackPointExtension>
        </extensions>
      </trkpt>
      <trkpt lat="48.1076139025390148162841796875" lon="-122.76599532924592494964599609375">
        <ele>-1</ele>
        <time>2026-09-15T00:04:24.000Z</time>
        <extensions>
          <ns3:TrackPointExtension>
            <ns3:hr>122</ns3:hr>
          </ns3:TrackPointExtension>
        </extensions>
      </trkpt>
      <trkpt lat="48.107627145946025848388671875" lon="-122.7659861929714679718017578125">
        <ele>-1</ele>
        <time>2026-09-15T00:04:25.000Z</time>
        <extensions>
          <ns3:TrackPointExtension>
            <ns3:hr>122</ns3:hr>
          </ns3:TrackPointExtension>
        </extensions>
      </trkpt>
      <trkpt lat="48.10768389143049716949462890625" lon="-122.765960209071636199951171875">
        <ele>-1</ele>
        <time>2026-09-15T00:04:29.000Z</time>
        <extensions>
          <ns3:TrackPointExtension>
            <ns3:hr>118</ns3:hr>
          </ns3:TrackPointExtension>
        </extensions>
      </trkpt>
      <trkpt lat="48.10769562609493732452392578125" lon="-122.7659546770155429840087890625">
        <ele>-1</ele>
        <time>2026-09-15T00:04:30.000Z</time>
        <extensions>
          <ns3:TrackPointExtension>
            <ns3:hr>115</ns3:hr>
          </ns3:TrackPointExtension>
        </extensions>
      </trkpt>
      <trkpt lat="48.1077198497951030731201171875" lon="-122.765945456922054290771484375">
        <ele>-0.800000011920928955078125</ele>
        <time>2026-09-15T00:04:32.000Z</time>
        <extensions>
          <ns3:TrackPointExtension>
            <ns3:hr>112</ns3:hr>
          </ns3:TrackPointExtension>
        </extensions>
      </trkpt>
      <trkpt lat="48.1077454984188079833984375" lon="-122.765940092504024505615234375">
        <ele>-0.800000011920928955078125</ele>
        <time>2026-09-15T00:04:34.000Z</time>
        <extensions>
          <ns3:TrackPointExtension>
            <ns3:hr>108</ns3:hr>
          </ns3:TrackPointExtension>
        </extensions>
      </trkpt>
      <trkpt lat="48.10775815509259700775146484375" lon="-122.7659365721046924591064453125">
        <ele>-0.800000011920928955078125</ele>
        <time>2026-09-15T00:04:35.000Z</time>
        <extensions>
          <ns3:TrackPointExtension>
            <ns3:hr>99</ns3:hr>
          </ns3:TrackPointExtension>
        </extensions>
      </trkpt>
      <trkpt lat="48.10781146399676799774169921875" lon="-122.76592156849801540374755859375">
        <ele>-0.800000011920928955078125</ele>
        <time>2026-09-15T00:04:39.000Z</time>
        <extensions>
          <ns3:TrackPointExtension>
            <ns3:hr>103</ns3:hr>
          </ns3:TrackPointExtension>
        </extensions>
      </trkpt>
      <trkpt lat="48.10786284506320953369140625" lon="-122.76590094901621341705322265625">
        <ele>-0.800000011920928955078125</ele>
        <time>2026-09-15T00:04:43.000Z</time>
        <extensions>
          <ns3:TrackPointExtension>
            <ns3:hr>106</ns3:hr>
          </ns3:TrackPointExtension>
        </extensions>
      </trkpt>
      <trkpt lat="48.1078769266605377197265625" lon="-122.76589809916913509368896484375">
        <ele>-1</ele>
        <time>2026-09-15T00:04:44.000Z</time>
        <extensions>
          <ns3:TrackPointExtension>
            <ns3:hr>105</ns3:hr>
          </ns3:TrackPointExtension>
        </extensions>
      </trkpt>
      <trkpt lat="48.1079153157770633697509765625" lon="-122.76588468812406063079833984375">
        <ele>-1</ele>
        <time>2026-09-15T00:04:47.000Z</time>
        <extensions>
          <ns3:TrackPointExtension>
            <ns3:hr>108</ns3:hr>
          </ns3:TrackPointExtension>
        </extensions>
      </trkpt>
      <trkpt lat="48.10803358443081378936767578125" lon="-122.7658331394195556640625">
        <ele>-1.2000000476837158203125</ele>
        <time>2026-09-15T00:04:57.000Z</time>
        <extensions>
          <ns3:TrackPointExtension>
            <ns3:hr>109</ns3:hr>
          </ns3:TrackPointExtension>
        </extensions>
      </trkpt>
      <trkpt lat="48.10820021666586399078369140625" lon="-122.765746302902698516845703125">
        <ele>-1.39999997615814208984375</ele>
        <time>2026-09-15T00:05:11.000Z</time>
        <extensions>
          <ns3:TrackPointExtension>
            <ns3:hr>106</ns3:hr>
          </ns3:TrackPointExtension>
        </extensions>
      </trkpt>
      <trkpt lat="48.10824128799140453338623046875" lon="-122.765742950141429901123046875">
        <ele>-1.60000002384185791015625</ele>
        <time>2026-09-15T00:05:15.000Z</time>
        <extensions>
          <ns3:TrackPointExtension>
            <ns3:hr>106</ns3:hr>
          </ns3:TrackPointExtension>
        </extensions>
      </trkpt>
      <trkpt lat="48.10824698768556118011474609375" lon="-122.76575895957648754119873046875">
        <ele>-1.60000002384185791015625</ele>
        <time>2026-09-15T00:05:17.000Z</time>
        <extensions>
          <ns3:TrackPointExtension>
            <ns3:hr>106</ns3:hr>
          </ns3:TrackPointExtension>
        </extensions>
      </trkpt>
      <trkpt lat="48.1082438863813877105712890625" lon="-122.7657897211611270904541015625">
        <ele>-1.60000002384185791015625</ele>
        <time>2026-09-15T00:05:20.000Z</time>
        <extensions>
          <ns3:TrackPointExtension>
            <ns3:hr>111</ns3:hr>
          </ns3:TrackPointExtension>
        </extensions>
      </trkpt>
      <trkpt lat="48.108231984078884124755859375" lon="-122.76581712998449802398681640625">
        <ele>-1.60000002384185791015625</ele>
        <time>2026-09-15T00:05:22.000Z</time>
        <extensions>
          <ns3:TrackPointExtension>
            <ns3:hr>116</ns3:hr>
          </ns3:TrackPointExtension>
        </extensions>
      </trkpt>
      <trkpt lat="48.10821798630058765411376953125" lon="-122.76584043167531490325927734375">
        <ele>-1.39999997615814208984375</ele>
        <time>2026-09-15T00:05:25.000Z</time>
        <extensions>
          <ns3:TrackPointExtension>
            <ns3:hr>119</ns3:hr>
          </ns3:TrackPointExtension>
        </extensions>
      </trkpt>
      <trkpt lat="48.108205161988735198974609375" lon="-122.76586742140352725982666015625">
        <ele>-0.800000011920928955078125</ele>
        <time>2026-09-15T00:05:27.000Z</time>
        <extensions>
          <ns3:TrackPointExtension>
            <ns3:hr>119</ns3:hr>
          </ns3:TrackPointExtension>
        </extensions>
      </trkpt>
      <trkpt lat="48.1081987917423248291015625" lon="-122.7658839337527751922607421875">
        <ele>-0.800000011920928955078125</ele>
        <time>2026-09-15T00:05:28.000Z</time>
        <extensions>
          <ns3:TrackPointExtension>
            <ns3:hr>119</ns3:hr>
          </ns3:TrackPointExtension>
        </extensions>
      </trkpt>
      <trkpt lat="48.10815461911261081695556640625" lon="-122.7660136856138706207275390625">
        <ele>-0.800000011920928955078125</ele>
        <time>2026-09-15T00:05:37.000Z</time>
        <extensions>
          <ns3:TrackPointExtension>
            <ns3:hr>122</ns3:hr>
          </ns3:TrackPointExtension>
        </extensions>
      </trkpt>
      <trkpt lat="48.108140118420124053955078125" lon="-122.76605643332004547119140625">
        <ele>-1</ele>
        <time>2026-09-15T00:05:40.000Z</time>
        <extensions>
          <ns3:TrackPointExtension>
            <ns3:hr>123</ns3:hr>
          </ns3:TrackPointExtension>
        </extensions>
      </trkpt>
      <trkpt lat="48.1081023998558521270751953125" lon="-122.76613815687596797943115234375">
        <ele>-1.2000000476837158203125</ele>
        <time>2026-09-15T00:05:46.000Z</time>
        <extensions>
          <ns3:TrackPointExtension>
            <ns3:hr>120</ns3:hr>
          </ns3:TrackPointExtension>
        </extensions>
      </trkpt>
      <trkpt lat="48.108089827001094818115234375" lon="-122.7661662362515926361083984375">
        <ele>-1.2000000476837158203125</ele>
        <time>2026-09-15T00:05:48.000Z</time>
        <extensions>
          <ns3:TrackPointExtension>
            <ns3:hr>117</ns3:hr>
          </ns3:TrackPointExtension>
        </extensions>
      </trkpt>
      <trkpt lat="48.1080698780715465545654296875" lon="-122.76624762453138828277587890625">
        <ele>-1.2000000476837158203125</ele>
        <time>2026-09-15T00:05:53.000Z</time>
        <extensions>
          <ns3:TrackPointExtension>
            <ns3:hr>116</ns3:hr>
          </ns3:TrackPointExtension>
        </extensions>
      </trkpt>
      <trkpt lat="48.10808991082012653350830078125" lon="-122.7662689983844757080078125">
        <ele>-1.2000000476837158203125</ele>
        <time>2026-09-15T00:05:56.000Z</time>
        <extensions>
          <ns3:TrackPointExtension>
            <ns3:hr>115</ns3:hr>
          </ns3:TrackPointExtension>
        </extensions>
      </trkpt>
      <trkpt lat="48.108113966882228851318359375" lon="-122.76626832783222198486328125">
        <ele>-1.2000000476837158203125</ele>
        <time>2026-09-15T00:05:58.000Z</time>
        <extensions>
          <ns3:TrackPointExtension>
            <ns3:hr>115</ns3:hr>
          </ns3:TrackPointExtension>
        </extensions>
      </trkpt>
      <trkpt lat="48.10816803015768527984619140625" lon="-122.76625986211001873016357421875">
        <ele>-1.39999997615814208984375</ele>
        <time>2026-09-15T00:06:02.000Z</time>
        <extensions>
          <ns3:TrackPointExtension>
            <ns3:hr>122</ns3:hr>
          </ns3:TrackPointExtension>
        </extensions>
      </trkpt>
      <trkpt lat="48.10824363492429256439208984375" lon="-122.7662617899477481842041015625">
        <ele>-1.60000002384185791015625</ele>
        <time>2026-09-15T00:06:06.000Z</time>
        <extensions>
          <ns3:TrackPointExtension>
            <ns3:hr>125</ns3:hr>
          </ns3:TrackPointExtension>
        </extensions>
      </trkpt>
      <trkpt lat="48.10826358385384082794189453125" lon="-122.766261957585811614990234375">
        <ele>-1.39999997615814208984375</ele>
        <time>2026-09-15T00:06:07.000Z</time>
        <extensions>
          <ns3:TrackPointExtension>
            <ns3:hr>128</ns3:hr>
          </ns3:TrackPointExtension>
        </extensions>
      </trkpt>
      <trkpt lat="48.108304403722286224365234375" lon="-122.7662607841193675994873046875">
        <ele>-1.60000002384185791015625</ele>
        <time>2026-09-15T00:06:09.000Z</time>
        <extensions>
          <ns3:TrackPointExtension>
            <ns3:hr>132</ns3:hr>
          </ns3:TrackPointExtension>
        </extensions>
      </trkpt>
      <trkpt lat="48.108452260494232177734375" lon="-122.7663013525307178497314453125">
        <ele>-1.60000002384185791015625</ele>
        <time>2026-09-15T00:06:17.000Z</time>
        <extensions>
          <ns3:TrackPointExtension>
            <ns3:hr>131</ns3:hr>
          </ns3:TrackPointExtension>
        </extensions>
      </trkpt>
      <trkpt lat="48.10846022330224514007568359375" lon="-122.76631518267095088958740234375">
        <ele>-1.39999997615814208984375</ele>
        <time>2026-09-15T00:06:18.000Z</time>
        <extensions>
          <ns3:TrackPointExtension>
            <ns3:hr>131</ns3:hr>
          </ns3:TrackPointExtension>
        </extensions>
      </trkpt>
      <trkpt lat="48.10845963656902313232421875" lon="-122.76633865199983119964599609375">
        <ele>-1.2000000476837158203125</ele>
        <time>2026-09-15T00:06:20.000Z</time>
        <extensions>
          <ns3:TrackPointExtension>
            <ns3:hr>130</ns3:hr>
          </ns3:TrackPointExtension>
        </extensions>
      </trkpt>
      <trkpt lat="48.10845234431326389312744140625" lon="-122.766351141035556793212890625">
        <ele>-1.2000000476837158203125</ele>
        <time>2026-09-15T00:06:21.000Z</time>
        <extensions>
          <ns3:TrackPointExtension>
            <ns3:hr>129</ns3:hr>
          </ns3:TrackPointExtension>
        </extensions>
      </trkpt>
      <trkpt lat="48.1083790026605129241943359375" lon="-122.76647745631635189056396484375">
        <ele>-0.800000011920928955078125</ele>
        <time>2026-09-15T00:06:29.000Z</time>
        <extensions>
          <ns3:TrackPointExtension>
            <ns3:hr>126</ns3:hr>
          </ns3:TrackPointExtension>
        </extensions>
      </trkpt>
      <trkpt lat="48.10835234820842742919921875" lon="-122.76651718653738498687744140625">
        <ele>-0.800000011920928955078125</ele>
        <time>2026-09-15T00:06:32.000Z</time>
        <extensions>
          <ns3:TrackPointExtension>
            <ns3:hr>128</ns3:hr>
          </ns3:TrackPointExtension>
        </extensions>
      </trkpt>
      <trkpt lat="48.10829937458038330078125" lon="-122.766611985862255096435546875">
        <ele>-1.2000000476837158203125</ele>
        <time>2026-09-15T00:06:38.000Z</time>
        <extensions>
          <ns3:TrackPointExtension>
            <ns3:hr>132</ns3:hr>
          </ns3:TrackPointExtension>
        </extensions>
      </trkpt>
      <trkpt lat="48.10825578868389129638671875" lon="-122.766699492931365966796875">
        <ele>-1.2000000476837158203125</ele>
        <time>2026-09-15T00:06:43.000Z</time>
        <extensions>
          <ns3:TrackPointExtension>
            <ns3:hr>135</ns3:hr>
          </ns3:TrackPointExtension>
        </extensions>
      </trkpt>
      <trkpt lat="48.10823542065918445587158203125" lon="-122.76673813350498676300048828125">
        <ele>-1.2000000476837158203125</ele>
        <time>2026-09-15T00:06:45.000Z</time>
        <extensions>
          <ns3:TrackPointExtension>
            <ns3:hr>135</ns3:hr>
          </ns3:TrackPointExtension>
        </extensions>
      </trkpt>
      <trkpt lat="48.10811790637671947479248046875" lon="-122.76686201803386211395263671875">
        <ele>-1.2000000476837158203125</ele>
        <time>2026-09-15T00:06:54.000Z</time>
        <extensions>
          <ns3:TrackPointExtension>
            <ns3:hr>135</ns3:hr>
          </ns3:TrackPointExtension>
        </extensions>
      </trkpt>
      <trkpt lat="48.108084462583065032958984375" lon="-122.7668522112071514129638671875">
        <ele>-1.2000000476837158203125</ele>
        <time>2026-09-15T00:06:56.000Z</time>
        <extensions>
          <ns3:TrackPointExtension>
            <ns3:hr>132</ns3:hr>
          </ns3:TrackPointExtension>
        </extensions>
      </trkpt>
      <trkpt lat="48.10803693719208240509033203125" lon="-122.76678691618144512176513671875">
        <ele>-1.39999997615814208984375</ele>
        <time>2026-09-15T00:07:00.000Z</time>
        <extensions>
          <ns3:TrackPointExtension>
            <ns3:hr>131</ns3:hr>
          </ns3:TrackPointExtension>
        </extensions>
      </trkpt>
      <trkpt lat="48.10799653641879558563232421875" lon="-122.76655440218746662139892578125">
        <ele>-1.39999997615814208984375</ele>
        <time>2026-09-15T00:07:11.000Z</time>
        <extensions>
          <ns3:TrackPointExtension>
            <ns3:hr>131</ns3:hr>
          </ns3:TrackPointExtension>
        </extensions>
      </trkpt>
      <trkpt lat="48.10797524638473987579345703125" lon="-122.76640973053872585296630859375">
        <ele>-1.2000000476837158203125</ele>
        <time>2026-09-15T00:07:18.000Z</time>
        <extensions>
          <ns3:TrackPointExtension>
            <ns3:hr>135</ns3:hr>
          </ns3:TrackPointExtension>
        </extensions>
      </trkpt>
      <trkpt lat="48.107973821461200714111328125" lon="-122.76639078743755817413330078125">
        <ele>-1.2000000476837158203125</ele>
        <time>2026-09-15T00:07:19.000Z</time>
        <extensions>
          <ns3:TrackPointExtension>
            <ns3:hr>138</ns3:hr>
          </ns3:TrackPointExtension>
        </extensions>
      </trkpt>
      <trkpt lat="48.1079716421663761138916015625" lon="-122.76633328758180141448974609375">
        <ele>-1.39999997615814208984375</ele>
        <time>2026-09-15T00:07:22.000Z</time>
        <extensions>
          <ns3:TrackPointExtension>
            <ns3:hr>141</ns3:hr>
          </ns3:TrackPointExtension>
        </extensions>
      </trkpt>
      <trkpt lat="48.10796678066253662109375" lon="-122.76625717990100383758544921875">
        <ele>-1.39999997615814208984375</ele>
        <time>2026-09-15T00:07:26.000Z</time>
        <extensions>
          <ns3:TrackPointExtension>
            <ns3:hr>144</ns3:hr>
          </ns3:TrackPointExtension>
        </extensions>
      </trkpt>
      <trkpt lat="48.1079627573490142822265625" lon="-122.76616497896611690521240234375">
        <ele>-1.39999997615814208984375</ele>
        <time>2026-09-15T00:07:31.000Z</time>
        <extensions>
          <ns3:TrackPointExtension>
            <ns3:hr>140</ns3:hr>
          </ns3:TrackPointExtension>
        </extensions>
      </trkpt>
      <trkpt lat="48.10795932076871395111083984375" lon="-122.76609038002789020538330078125">
        <ele>-1.39999997615814208984375</ele>
        <time>2026-09-15T00:07:35.000Z</time>
        <extensions>
          <ns3:TrackPointExtension>
            <ns3:hr>138</ns3:hr>
          </ns3:TrackPointExtension>
        </extensions>
      </trkpt>
      <trkpt lat="48.10793652199208736419677734375" lon="-122.76586306281387805938720703125">
        <ele>-1.60000002384185791015625</ele>
        <time>2026-09-15T00:07:48.000Z</time>
        <extensions>
          <ns3:TrackPointExtension>
            <ns3:hr>138</ns3:hr>
          </ns3:TrackPointExtension>
        </extensions>
      </trkpt>
      <trkpt lat="48.10790886171162128448486328125" lon="-122.76567983441054821014404296875">
        <ele>-1.60000002384185791015625</ele>
        <time>2026-09-15T00:07:58.000Z</time>
        <extensions>
          <ns3:TrackPointExtension>
            <ns3:hr>135</ns3:hr>
          </ns3:TrackPointExtension>
        </extensions>
      </trkpt>
      <trkpt lat="48.10790307819843292236328125" lon="-122.76564194820821285247802734375">
        <ele>-1.60000002384185791015625</ele>
        <time>2026-09-15T00:08:00.000Z</time>
        <extensions>
          <ns3:TrackPointExtension>
            <ns3:hr>134</ns3:hr>
          </ns3:TrackPointExtension>
        </extensions>
      </trkpt>
      <trkpt lat="48.1078968755900859832763671875" lon="-122.765605486929416656494140625">
        <ele>-1.60000002384185791015625</ele>
        <time>2026-09-15T00:08:02.000Z</time>
        <extensions>
          <ns3:TrackPointExtension>
            <ns3:hr>131</ns3:hr>
          </ns3:TrackPointExtension>
        </extensions>
      </trkpt>
      <trkpt lat="48.10786762274801731109619140625" lon="-122.76541245169937610626220703125">
        <ele>-1.60000002384185791015625</ele>
        <time>2026-09-15T00:08:12.000Z</time>
        <extensions>
          <ns3:TrackPointExtension>
            <ns3:hr>128</ns3:hr>
          </ns3:TrackPointExtension>
        </extensions>
      </trkpt>
      <trkpt lat="48.10778640210628509521484375" lon="-122.76527297683060169219970703125">
        <ele>-1.60000002384185791015625</ele>
        <time>2026-09-15T00:08:21.000Z</time>
        <extensions>
          <ns3:TrackPointExtension>
            <ns3:hr>128</ns3:hr>
          </ns3:TrackPointExtension>
        </extensions>
      </trkpt>
      <trkpt lat="48.10770954005420207977294921875" lon="-122.76512528769671916961669921875">
        <ele>-1.60000002384185791015625</ele>
        <time>2026-09-15T00:08:30.000Z</time>
        <extensions>
          <ns3:TrackPointExtension>
            <ns3:hr>126</ns3:hr>
          </ns3:TrackPointExtension>
        </extensions>
      </trkpt>
      <trkpt lat="48.10768942348659038543701171875" lon="-122.7649213559925556182861328125">
        <ele>-1.60000002384185791015625</ele>
        <time>2026-09-15T00:08:40.000Z</time>
        <extensions>
          <ns3:TrackPointExtension>
            <ns3:hr>123</ns3:hr>
          </ns3:TrackPointExtension>
        </extensions>
      </trkpt>
      <trkpt lat="48.10769696719944477081298828125" lon="-122.764904089272022247314453125">
        <ele>-1.60000002384185791015625</ele>
        <time>2026-09-15T00:08:41.000Z</time>
        <extensions>
          <ns3:TrackPointExtension>
            <ns3:hr>122</ns3:hr>
          </ns3:TrackPointExtension>
        </extensions>
      </trkpt>
      <trkpt lat="48.10775597579777240753173828125" lon="-122.7648422308266162872314453125">
        <ele>-2</ele>
        <time>2026-09-15T00:08:46.000Z</time>
        <extensions>
          <ns3:TrackPointExtension>
            <ns3:hr>119</ns3:hr>
          </ns3:TrackPointExtension>
        </extensions>
      </trkpt>
      <trkpt lat="48.1077775172889232635498046875" lon="-122.7648425661027431488037109375">
        <ele>-2</ele>
        <time>2026-09-15T00:08:48.000Z</time>
        <extensions>
          <ns3:TrackPointExtension>
            <ns3:hr>120</ns3:hr>
          </ns3:TrackPointExtension>
        </extensions>
      </trkpt>
      <trkpt lat="48.10785018838942050933837890625" lon="-122.7648445777595043182373046875">
        <ele>-1.60000002384185791015625</ele>
        <time>2026-09-15T00:08:54.000Z</time>
        <extensions>
          <ns3:TrackPointExtension>
            <ns3:hr>123</ns3:hr>
          </ns3:TrackPointExtension>
        </extensions>
      </trkpt>
      <trkpt lat="48.1078781001269817352294921875" lon="-122.7648475952446460723876953125">
        <ele>-1.7999999523162841796875</ele>
        <time>2026-09-15T00:08:56.000Z</time>
        <extensions>
          <ns3:TrackPointExtension>
            <ns3:hr>124</ns3:hr>
          </ns3:TrackPointExtension>
        </extensions>
      </trkpt>
      <trkpt lat="48.10790651477873325347900390625" lon="-122.76486980728805065155029296875">
        <ele>-1.7999999523162841796875</ele>
        <time>2026-09-15T00:08:59.000Z</time>
        <extensions>
          <ns3:TrackPointExtension>
            <ns3:hr>127</ns3:hr>
          </ns3:TrackPointExtension>
        </extensions>
      </trkpt>
      <trkpt lat="48.107910789549350738525390625" lon="-122.76488606818020343780517578125">
        <ele>-1.7999999523162841796875</ele>
        <time>2026-09-15T00:09:01.000Z</time>
        <extensions>
          <ns3:TrackPointExtension>
            <ns3:hr>129</ns3:hr>
          </ns3:TrackPointExtension>
        </extensions>
      </trkpt>
      <trkpt lat="48.1079096160829067230224609375" lon="-122.76489260606467723846435546875">
        <ele>-1.7999999523162841796875</ele>
        <time>2026-09-15T00:09:02.000Z</time>
        <extensions>
          <ns3:TrackPointExtension>
            <ns3:hr>129</ns3:hr>
          </ns3:TrackPointExtension>
        </extensions>
      </trkpt>
      <trkpt lat="48.10790039598941802978515625" lon="-122.7649252116680145263671875">
        <ele>-1.39999997615814208984375</ele>
        <time>2026-09-15T00:09:07.000Z</time>
        <extensions>
          <ns3:TrackPointExtension>
            <ns3:hr>130</ns3:hr>
          </ns3:TrackPointExtension>
        </extensions>
      </trkpt>
      <trkpt lat="48.1078915111720561981201171875" lon="-122.7649374492466449737548828125">
        <ele>-1.60000002384185791015625</ele>
        <time>2026-09-15T00:09:10.000Z</time>
        <extensions>
          <ns3:TrackPointExtension>
            <ns3:hr>133</ns3:hr>
          </ns3:TrackPointExtension>
        </extensions>
      </trkpt>
      <trkpt lat="48.1078851409256458282470703125" lon="-122.7649508602917194366455078125">
        <ele>-1.39999997615814208984375</ele>
        <time>2026-09-15T00:09:12.000Z</time>
        <extensions>
          <ns3:TrackPointExtension>
            <ns3:hr>138</ns3:hr>
          </ns3:TrackPointExtension>
        </extensions>
      </trkpt>
      <trkpt lat="48.10789444483816623687744140625" lon="-122.7649719826877117156982421875">
        <ele>-1.39999997615814208984375</ele>
        <time>2026-09-15T00:09:17.000Z</time>
        <extensions>
          <ns3:TrackPointExtension>
            <ns3:hr>135</ns3:hr>
          </ns3:TrackPointExtension>
        </extensions>
      </trkpt>
      <trkpt lat="48.10792914591729640960693359375" lon="-122.76497810147702693939208984375">
        <ele>-1</ele>
        <time>2026-09-15T00:09:23.000Z</time>
        <extensions>
          <ns3:TrackPointExtension>
            <ns3:hr>133</ns3:hr>
          </ns3:TrackPointExtension>
        </extensions>
      </trkpt>
      <trkpt lat="48.10794054530560970306396484375" lon="-122.76497676037251949310302734375">
        <ele>-1</ele>
        <time>2026-09-15T00:09:24.000Z</time>
        <extensions>
          <ns3:TrackPointExtension>
            <ns3:hr>133</ns3:hr>
          </ns3:TrackPointExtension>
        </extensions>
      </trkpt>
      <trkpt lat="48.107964098453521728515625" lon="-122.7649842202663421630859375">
        <ele>-1</ele>
        <time>2026-09-15T00:09:26.000Z</time>
        <extensions>
          <ns3:TrackPointExtension>
            <ns3:hr>133</ns3:hr>
          </ns3:TrackPointExtension>
        </extensions>
      </trkpt>
      <trkpt lat="48.10797742567956447601318359375" lon="-122.7650004811584949493408203125">
        <ele>-1</ele>
        <time>2026-09-15T00:09:28.000Z</time>
        <extensions>
          <ns3:TrackPointExtension>
            <ns3:hr>136</ns3:hr>
          </ns3:TrackPointExtension>
        </extensions>
      </trkpt>
      <trkpt lat="48.10798496939241886138916015625" lon="-122.76501967571675777435302734375">
        <ele>-1.2000000476837158203125</ele>
        <time>2026-09-15T00:09:30.000Z</time>
        <extensions>
          <ns3:TrackPointExtension>
            <ns3:hr>137</ns3:hr>
          </ns3:TrackPointExtension>
        </extensions>
      </trkpt>
      <trkpt lat="48.1079753302037715911865234375" lon="-122.7650645188987255096435546875">
        <ele>-1</ele>
        <time>2026-09-15T00:09:35.000Z</time>
        <extensions>
          <ns3:TrackPointExtension>
            <ns3:hr>139</ns3:hr>
          </ns3:TrackPointExtension>
        </extensions>
      </trkpt>
      <trkpt lat="48.10797457583248615264892578125" lon="-122.76507784612476825714111328125">
        <ele>-1.2000000476837158203125</ele>
        <time>2026-09-15T00:09:36.000Z</time>
        <extensions>
          <ns3:TrackPointExtension>
            <ns3:hr>139</ns3:hr>
          </ns3:TrackPointExtension>
        </extensions>
      </trkpt>
      <trkpt lat="48.10795605182647705078125" lon="-122.76514171622693538665771484375">
        <ele>-1</ele>
        <time>2026-09-15T00:09:42.000Z</time>
        <extensions>
          <ns3:TrackPointExtension>
            <ns3:hr>139</ns3:hr>
          </ns3:TrackPointExtension>
        </extensions>
      </trkpt>
      <trkpt lat="48.107944987714290618896484375" lon="-122.76517423801124095916748046875">
        <ele>-1</ele>
        <time>2026-09-15T00:09:45.000Z</time>
        <extensions>
          <ns3:TrackPointExtension>
            <ns3:hr>138</ns3:hr>
          </ns3:TrackPointExtension>
        </extensions>
      </trkpt>
      <trkpt lat="48.1079173274338245391845703125" lon="-122.76521681807935237884521484375">
        <ele>-1</ele>
        <time>2026-09-15T00:09:49.000Z</time>
        <extensions>
          <ns3:TrackPointExtension>
            <ns3:hr>136</ns3:hr>
          </ns3:TrackPointExtension>
        </extensions>
      </trkpt>
      <trkpt lat="48.1079037487506866455078125" lon="-122.76527917943894863128662109375">
        <ele>-1</ele>
        <time>2026-09-15T00:09:54.000Z</time>
        <extensions>
          <ns3:TrackPointExtension>
            <ns3:hr>134</ns3:hr>
          </ns3:TrackPointExtension>
        </extensions>
      </trkpt>
      <trkpt lat="48.10788162052631378173828125" lon="-122.76537272147834300994873046875">
        <ele>-1.2000000476837158203125</ele>
        <time>2026-09-15T00:10:02.000Z</time>
        <extensions>
          <ns3:TrackPointExtension>
            <ns3:hr>129</ns3:hr>
          </ns3:TrackPointExtension>
        </extensions>
      </trkpt>
      <trkpt lat="48.1078750826418399810791015625" lon="-122.7653981186449527740478515625">
        <ele>-1.39999997615814208984375</ele>
        <time>2026-09-15T00:10:04.000Z</time>
        <extensions>
          <ns3:TrackPointExtension>
            <ns3:hr>126</ns3:hr>
          </ns3:TrackPointExtension>
        </extensions>
      </trkpt>
      <trkpt lat="48.107869215309619903564453125" lon="-122.76542703621089458465576171875">
        <ele>-1.39999997615814208984375</ele>
        <time>2026-09-15T00:10:06.000Z</time>
        <extensions>
          <ns3:TrackPointExtension>
            <ns3:hr>126</ns3:hr>
          </ns3:TrackPointExtension>
        </extensions>
      </trkpt>
      <trkpt lat="48.1077936105430126190185546875" lon="-122.7656240947544574737548828125">
        <ele>-1.39999997615814208984375</ele>
        <time>2026-09-15T00:10:20.000Z</time>
        <extensions>
          <ns3:TrackPointExtension>
            <ns3:hr>126</ns3:hr>
          </ns3:TrackPointExtension>
        </extensions>
      </trkpt>
      <trkpt lat="48.1077708117663860321044921875" lon="-122.76566742919385433197021484375">
        <ele>-1.39999997615814208984375</ele>
        <time>2026-09-15T00:10:23.000Z</time>
        <extensions>
          <ns3:TrackPointExtension>
            <ns3:hr>123</ns3:hr>
          </ns3:TrackPointExtension>
        </extensions>
      </trkpt>
      <trkpt lat="48.10776385478675365447998046875" lon="-122.7656807564198970794677734375">
        <ele>-1.39999997615814208984375</ele>
        <time>2026-09-15T00:10:24.000Z</time>
        <extensions>
          <ns3:TrackPointExtension>
            <ns3:hr>118</ns3:hr>
          </ns3:TrackPointExtension>
        </extensions>
      </trkpt>
      <trkpt lat="48.107755891978740692138671875" lon="-122.76569358073174953460693359375">
        <ele>-1.60000002384185791015625</ele>
        <time>2026-09-15T00:10:25.000Z</time>
        <extensions>
          <ns3:TrackPointExtension>
            <ns3:hr>114</ns3:hr>
          </ns3:TrackPointExtension>
        </extensions>
      </trkpt>
      <trkpt lat="48.10774977318942546844482421875" lon="-122.765706069767475128173828125">
        <ele>-1.60000002384185791015625</ele>
        <time>2026-09-15T00:10:26.000Z</time>
        <extensions>
          <ns3:TrackPointExtension>
            <ns3:hr>115</ns3:hr>
          </ns3:TrackPointExtension>
        </extensions>
      </trkpt>
      <trkpt lat="48.10768707655370235443115234375" lon="-122.7658520825207233428955078125">
        <ele>-1.39999997615814208984375</ele>
        <time>2026-09-15T00:10:35.000Z</time>
        <extensions>
          <ns3:TrackPointExtension>
            <ns3:hr>114</ns3:hr>
          </ns3:TrackPointExtension>
        </extensions>
      </trkpt>
      <trkpt lat="48.1076457537710666656494140625" lon="-122.76599382050335407257080078125">
        <ele>-1.39999997615814208984375</ele>
        <time>2026-09-15T00:10:41.000Z</time>
        <extensions>
          <ns3:TrackPointExtension>
            <ns3:hr>117</ns3:hr>
          </ns3:TrackPointExtension>
        </extensions>
      </trkpt>
      <trkpt lat="48.10765572823584079742431640625" lon="-122.7660264261066913604736328125">
        <ele>-1.39999997615814208984375</ele>
        <time>2026-09-15T00:10:43.000Z</time>
        <extensions>
          <ns3:TrackPointExtension>
            <ns3:hr>120</ns3:hr>
          </ns3:TrackPointExtension>
        </extensions>
      </trkpt>
      <trkpt lat="48.1076702289283275604248046875" lon="-122.76603120379149913787841796875">
        <ele>-1.39999997615814208984375</ele>
        <time>2026-09-15T00:10:44.000Z</time>
        <extensions>
          <ns3:TrackPointExtension>
            <ns3:hr>120</ns3:hr>
          </ns3:TrackPointExtension>
        </extensions>
      </trkpt>
      <trkpt lat="48.10769931413233280181884765625" lon="-122.7660284377634525299072265625">
        <ele>-1.39999997615814208984375</ele>
        <time>2026-09-15T00:10:46.000Z</time>
        <extensions>
          <ns3:TrackPointExtension>
            <ns3:hr>120</ns3:hr>
          </ns3:TrackPointExtension>
        </extensions>
      </trkpt>
      <trkpt lat="48.1077396310865879058837890625" lon="-122.76600572280585765838623046875">
        <ele>-1.60000002384185791015625</ele>
        <time>2026-09-15T00:10:49.000Z</time>
        <extensions>
          <ns3:TrackPointExtension>
            <ns3:hr>120</ns3:hr>
          </ns3:TrackPointExtension>
        </extensions>
      </trkpt>
      <trkpt lat="48.107825629413127899169921875" lon="-122.7659721113741397857666015625">
        <ele>-1.7999999523162841796875</ele>
        <time>2026-09-15T00:10:55.000Z</time>
        <extensions>
          <ns3:TrackPointExtension>
            <ns3:hr>123</ns3:hr>
          </ns3:TrackPointExtension>
        </extensions>
      </trkpt>
      <trkpt lat="48.10783728025853633880615234375" lon="-122.7659670822322368621826171875">
        <ele>-1.7999999523162841796875</ele>
        <time>2026-09-15T00:10:56.000Z</time>
        <extensions>
          <ns3:TrackPointExtension>
            <ns3:hr>127</ns3:hr>
          </ns3:TrackPointExtension>
        </extensions>
      </trkpt>
      <trkpt lat="48.1078894995152950286865234375" lon="-122.76594202034175395965576171875">
        <ele>-1.7999999523162841796875</ele>
        <time>2026-09-15T00:11:00.000Z</time>
        <extensions>
          <ns3:TrackPointExtension>
            <ns3:hr>124</ns3:hr>
          </ns3:TrackPointExtension>
        </extensions>
      </trkpt>
      <trkpt lat="48.10792059637606143951416015625" lon="-122.76591888628900051116943359375">
        <ele>-1.7999999523162841796875</ele>
        <time>2026-09-15T00:11:03.000Z</time>
        <extensions>
          <ns3:TrackPointExtension>
            <ns3:hr>121</ns3:hr>
          </ns3:TrackPointExtension>
        </extensions>
      </trkpt>
      <trkpt lat="48.1079359352588653564453125" lon="-122.76589524932205677032470703125">
        <ele>-1.7999999523162841796875</ele>
        <time>2026-09-15T00:11:05.000Z</time>
        <extensions>
          <ns3:TrackPointExtension>
            <ns3:hr>121</ns3:hr>
          </ns3:TrackPointExtension>
        </extensions>
      </trkpt>
      <trkpt lat="48.10795529745519161224365234375" lon="-122.76584663428366184234619140625">
        <ele>-1.7999999523162841796875</ele>
        <time>2026-09-15T00:11:08.000Z</time>
        <extensions>
          <ns3:TrackPointExtension>
            <ns3:hr>120</ns3:hr>
          </ns3:TrackPointExtension>
        </extensions>
      </trkpt>
      <trkpt lat="48.1080440618097782135009765625" lon="-122.76576004922389984130859375">
        <ele>-1.7999999523162841796875</ele>
        <time>2026-09-15T00:11:16.000Z</time>
        <extensions>
          <ns3:TrackPointExtension>
            <ns3:hr>116</ns3:hr>
          </ns3:TrackPointExtension>
        </extensions>
      </trkpt>
      <trkpt lat="48.108096532523632049560546875" lon="-122.76573699899017810821533203125">
        <ele>-1.7999999523162841796875</ele>
        <time>2026-09-15T00:11:20.000Z</time>
        <extensions>
          <ns3:TrackPointExtension>
            <ns3:hr>116</ns3:hr>
          </ns3:TrackPointExtension>
        </extensions>
      </trkpt>
      <trkpt lat="48.1081939302384853363037109375" lon="-122.76569433510303497314453125">
        <ele>-2</ele>
        <time>2026-09-15T00:11:29.000Z</time>
        <extensions>
          <ns3:TrackPointExtension>
            <ns3:hr>116</ns3:hr>
          </ns3:TrackPointExtension>
        </extensions>
      </trkpt>
      <trkpt lat="48.1081989593803882598876953125" lon="-122.7656981907784938812255859375">
        <ele>-2</ele>
        <time>2026-09-15T00:11:30.000Z</time>
        <extensions>
          <ns3:TrackPointExtension>
            <ns3:hr>116</ns3:hr>
          </ns3:TrackPointExtension>
        </extensions>
      </trkpt>
      <trkpt lat="48.10820306651294231414794921875" lon="-122.76570179499685764312744140625">
        <ele>-2</ele>
        <time>2026-09-15T00:11:31.000Z</time>
        <extensions>
          <ns3:TrackPointExtension>
            <ns3:hr>116</ns3:hr>
          </ns3:TrackPointExtension>
        </extensions>
      </trkpt>
      <trkpt lat="48.1081996299326419830322265625" lon="-122.7657223306596279144287109375">
        <ele>-1.7999999523162841796875</ele>
        <time>2026-09-15T00:11:34.000Z</time>
        <extensions>
          <ns3:TrackPointExtension>
            <ns3:hr>116</ns3:hr>
          </ns3:TrackPointExtension>
        </extensions>
      </trkpt>
      <trkpt lat="48.1081821955740451812744140625" lon="-122.76575066149234771728515625">
        <ele>-1.39999997615814208984375</ele>
        <time>2026-09-15T00:11:37.000Z</time>
        <extensions>
          <ns3:TrackPointExtension>
            <ns3:hr>119</ns3:hr>
          </ns3:TrackPointExtension>
        </extensions>
      </trkpt>
      <trkpt lat="48.108159564435482025146484375" lon="-122.76580589823424816131591796875">
        <ele>-1.39999997615814208984375</ele>
        <time>2026-09-15T00:11:41.000Z</time>
        <extensions>
          <ns3:TrackPointExtension>
            <ns3:hr>119</ns3:hr>
          </ns3:TrackPointExtension>
        </extensions>
      </trkpt>
      <trkpt lat="48.10812628827989101409912109375" lon="-122.765897177159786224365234375">
        <ele>-1.60000002384185791015625</ele>
        <time>2026-09-15T00:11:46.000Z</time>
        <extensions>
          <ns3:TrackPointExtension>
            <ns3:hr>122</ns3:hr>
          </ns3:TrackPointExtension>
        </extensions>
      </trkpt>
      <trkpt lat="48.10810700990259647369384765625" lon="-122.765953838825225830078125">
        <ele>-1.60000002384185791015625</ele>
        <time>2026-09-15T00:11:49.000Z</time>
        <extensions>
          <ns3:TrackPointExtension>
            <ns3:hr>125</ns3:hr>
          </ns3:TrackPointExtension>
        </extensions>
      </trkpt>
      <trkpt lat="48.1080926768481731414794921875" lon="-122.766015194356441497802734375">
        <ele>-1.60000002384185791015625</ele>
        <time>2026-09-15T00:11:52.000Z</time>
        <extensions>
          <ns3:TrackPointExtension>
            <ns3:hr>125</ns3:hr>
          </ns3:TrackPointExtension>
        </extensions>
      </trkpt>
      <trkpt lat="48.1080742366611957550048828125" lon="-122.7660946547985076904296875">
        <ele>-1.60000002384185791015625</ele>
        <time>2026-09-15T00:11:56.000Z</time>
        <extensions>
          <ns3:TrackPointExtension>
            <ns3:hr>120</ns3:hr>
          </ns3:TrackPointExtension>
        </extensions>
      </trkpt>
      <trkpt lat="48.10806962661445140838623046875" lon="-122.7661139331758022308349609375">
        <ele>-1.60000002384185791015625</ele>
        <time>2026-09-15T00:11:57.000Z</time>
        <extensions>
          <ns3:TrackPointExtension>
            <ns3:hr>116</ns3:hr>
          </ns3:TrackPointExtension>
        </extensions>
      </trkpt>
      <trkpt lat="48.10802754946053028106689453125" lon="-122.7662862651050090789794921875">
        <ele>-1.60000002384185791015625</ele>
        <time>2026-09-15T00:12:06.000Z</time>
        <extensions>
          <ns3:TrackPointExtension>
            <ns3:hr>113</ns3:hr>
          </ns3:TrackPointExtension>
        </extensions>
      </trkpt>
      <trkpt lat="48.10802235268056392669677734375" lon="-122.76630646549165248870849609375">
        <ele>-1.60000002384185791015625</ele>
        <time>2026-09-15T00:12:07.000Z</time>
        <extensions>
          <ns3:TrackPointExtension>
            <ns3:hr>113</ns3:hr>
          </ns3:TrackPointExtension>
        </extensions>
      </trkpt>
      <trkpt lat="48.107988573610782623291015625" lon="-122.7664787136018276214599609375">
        <ele>-1.60000002384185791015625</ele>
        <time>2026-09-15T00:12:15.000Z</time>
        <extensions>
          <ns3:TrackPointExtension>
            <ns3:hr>115</ns3:hr>
          </ns3:TrackPointExtension>
        </extensions>
      </trkpt>
      <trkpt lat="48.1080058403313159942626953125" lon="-122.76649723760783672332763671875">
        <ele>-1.60000002384185791015625</ele>
        <time>2026-09-15T00:12:17.000Z</time>
        <extensions>
          <ns3:TrackPointExtension>
            <ns3:hr>114</ns3:hr>
          </ns3:TrackPointExtension>
        </extensions>
      </trkpt>
      <trkpt lat="48.10813634656369686126708984375" lon="-122.7664743550121784210205078125">
        <ele>-2</ele>
        <time>2026-09-15T00:12:25.000Z</time>
        <extensions>
          <ns3:TrackPointExtension>
            <ns3:hr>113</ns3:hr>
          </ns3:TrackPointExtension>
        </extensions>
      </trkpt>
      <trkpt lat="48.1081878952682018280029296875" lon="-122.7664515562355518341064453125">
        <ele>-2</ele>
        <time>2026-09-15T00:12:28.000Z</time>
        <extensions>
          <ns3:TrackPointExtension>
            <ns3:hr>116</ns3:hr>
          </ns3:TrackPointExtension>
        </extensions>
      </trkpt>
      <trkpt lat="48.10820281505584716796875" lon="-122.76644342578947544097900390625">
        <ele>-2</ele>
        <time>2026-09-15T00:12:29.000Z</time>
        <extensions>
          <ns3:TrackPointExtension>
            <ns3:hr>123</ns3:hr>
          </ns3:TrackPointExtension>
        </extensions>
      </trkpt>
      <trkpt lat="48.10821823775768280029296875" lon="-122.76643789373338222503662109375">
        <ele>-2</ele>
        <time>2026-09-15T00:12:30.000Z</time>
        <extensions>
          <ns3:TrackPointExtension>
            <ns3:hr>128</ns3:hr>
          </ns3:TrackPointExtension>
        </extensions>
      </trkpt>
      <trkpt lat="48.108234666287899017333984375" lon="-122.76643462479114532470703125">
        <ele>-2</ele>
        <time>2026-09-15T00:12:31.000Z</time>
        <extensions>
          <ns3:TrackPointExtension>
            <ns3:hr>127</ns3:hr>
          </ns3:TrackPointExtension>
        </extensions>
      </trkpt>
      <trkpt lat="48.10826660133898258209228515625" lon="-122.76642381213605403900146484375">
        <ele>-2</ele>
        <time>2026-09-15T00:12:33.000Z</time>
        <extensions>
          <ns3:TrackPointExtension>
            <ns3:hr>123</ns3:hr>
          </ns3:TrackPointExtension>
        </extensions>
      </trkpt>
      <trkpt lat="48.10829878784716129302978515625" lon="-122.76643328368663787841796875">
        <ele>-2</ele>
        <time>2026-09-15T00:12:35.000Z</time>
        <extensions>
          <ns3:TrackPointExtension>
            <ns3:hr>121</ns3:hr>
          </ns3:TrackPointExtension>
        </extensions>
      </trkpt>
      <trkpt lat="48.1083163060247898101806640625" lon="-122.7664716728031635284423828125">
        <ele>-1.7999999523162841796875</ele>
        <time>2026-09-15T00:12:39.000Z</time>
        <extensions>
          <ns3:TrackPointExtension>
            <ns3:hr>121</ns3:hr>
          </ns3:TrackPointExtension>
        </extensions>
      </trkpt>
      <trkpt lat="48.10830180533230304718017578125" lon="-122.76651500724256038665771484375">
        <ele>-1.39999997615814208984375</ele>
        <time>2026-09-15T00:12:42.000Z</time>
        <extensions>
          <ns3:TrackPointExtension>
            <ns3:hr>122</ns3:hr>
          </ns3:TrackPointExtension>
        </extensions>
      </trkpt>
      <trkpt lat="48.1082707084715366363525390625" lon="-122.76662631891667842864990234375">
        <ele>-1.2000000476837158203125</ele>
        <time>2026-09-15T00:12:47.000Z</time>
        <extensions>
          <ns3:TrackPointExtension>
            <ns3:hr>121</ns3:hr>
          </ns3:TrackPointExtension>
        </extensions>
      </trkpt>
      <trkpt lat="48.108247406780719757080078125" lon="-122.76669639162719249725341796875">
        <ele>-1.2000000476837158203125</ele>
        <time>2026-09-15T00:12:50.000Z</time>
        <extensions>
          <ns3:TrackPointExtension>
            <ns3:hr>118</ns3:hr>
          </ns3:TrackPointExtension>
        </extensions>
      </trkpt>
      <trkpt lat="48.10818714089691638946533203125" lon="-122.766819857060909271240234375">
        <ele>-1.2000000476837158203125</ele>
        <time>2026-09-15T00:12:56.000Z</time>
        <extensions>
          <ns3:TrackPointExtension>
            <ns3:hr>122</ns3:hr>
          </ns3:TrackPointExtension>
        </extensions>
      </trkpt>
      <trkpt lat="48.10817624442279338836669921875" lon="-122.7668357826769351959228515625">
        <ele>-1.39999997615814208984375</ele>
        <time>2026-09-15T00:12:57.000Z</time>
        <extensions>
          <ns3:TrackPointExtension>
            <ns3:hr>125</ns3:hr>
          </ns3:TrackPointExtension>
        </extensions>
      </trkpt>
      <trkpt lat="48.10816434212028980255126953125" lon="-122.76684575714170932769775390625">
        <ele>-1.39999997615814208984375</ele>
        <time>2026-09-15T00:12:58.000Z</time>
        <extensions>
          <ns3:TrackPointExtension>
            <ns3:hr>127</ns3:hr>
          </ns3:TrackPointExtension>
        </extensions>
      </trkpt>
      <trkpt lat="48.108152858912944793701171875" lon="-122.76684793643653392791748046875">
        <ele>-1.39999997615814208984375</ele>
        <time>2026-09-15T00:12:59.000Z</time>
        <extensions>
          <ns3:TrackPointExtension>
            <ns3:hr>128</ns3:hr>
          </ns3:TrackPointExtension>
        </extensions>
      </trkpt>
      <trkpt lat="48.10813299380242824554443359375" lon="-122.7668242156505584716796875">
        <ele>-1.39999997615814208984375</ele>
        <time>2026-09-15T00:13:01.000Z</time>
        <extensions>
          <ns3:TrackPointExtension>
            <ns3:hr>129</ns3:hr>
          </ns3:TrackPointExtension>
        </extensions>
      </trkpt>
      <trkpt lat="48.1081265397369861602783203125" lon="-122.76680753566324710845947265625">
        <ele>-1.60000002384185791015625</ele>
        <time>2026-09-15T00:13:02.000Z</time>
        <extensions>
          <ns3:TrackPointExtension>
            <ns3:hr>130</ns3:hr>
          </ns3:TrackPointExtension>
        </extensions>
      </trkpt>
      <trkpt lat="48.10807348228991031646728515625" lon="-122.766592204570770263671875">
        <ele>-1.39999997615814208984375</ele>
        <time>2026-09-15T00:13:14.000Z</time>
        <extensions>
          <ns3:TrackPointExtension>
            <ns3:hr>132</ns3:hr>
          </ns3:TrackPointExtension>
        </extensions>
      </trkpt>
      <trkpt lat="48.1080333329737186431884765625" lon="-122.76640168391168117523193359375">
        <ele>-1.60000002384185791015625</ele>
        <time>2026-09-15T00:13:24.000Z</time>
        <extensions>
          <ns3:TrackPointExtension>
            <ns3:hr>132</ns3:hr>
          </ns3:TrackPointExtension>
        </extensions>
      </trkpt>
      <trkpt lat="48.1079998053610324859619140625" lon="-122.766152657568454742431640625">
        <ele>-1.60000002384185791015625</ele>
        <time>2026-09-15T00:13:38.000Z</time>
        <extensions>
          <ns3:TrackPointExtension>
            <ns3:hr>132</ns3:hr>
          </ns3:TrackPointExtension>
        </extensions>
      </trkpt>
      <trkpt lat="48.10799284838140010833740234375" lon="-122.76608861982822418212890625">
        <ele>-1.60000002384185791015625</ele>
        <time>2026-09-15T00:13:42.000Z</time>
        <extensions>
          <ns3:TrackPointExtension>
            <ns3:hr>135</ns3:hr>
          </ns3:TrackPointExtension>
        </extensions>
      </trkpt>
      <trkpt lat="48.1079790182411670684814453125" lon="-122.76598711498081684112548828125">
        <ele>-1.7999999523162841796875</ele>
        <time>2026-09-15T00:13:48.000Z</time>
        <extensions>
          <ns3:TrackPointExtension>
            <ns3:hr>132</ns3:hr>
          </ns3:TrackPointExtension>
        </extensions>
      </trkpt>
      <trkpt lat="48.1079708039760589599609375" lon="-122.76591972447931766510009765625">
        <ele>-1.60000002384185791015625</ele>
        <time>2026-09-15T00:13:52.000Z</time>
        <extensions>
          <ns3:TrackPointExtension>
            <ns3:hr>129</ns3:hr>
          </ns3:TrackPointExtension>
        </extensions>
      </trkpt>
      <trkpt lat="48.1079646013677120208740234375" lon="-122.76588334701955318450927734375">
        <ele>-1.60000002384185791015625</ele>
        <time>2026-09-15T00:13:54.000Z</time>
        <extensions>
          <ns3:TrackPointExtension>
            <ns3:hr>126</ns3:hr>
          </ns3:TrackPointExtension>
        </extensions>
      </trkpt>
      <trkpt lat="48.1079619191586971282958984375" lon="-122.76586591266095638275146484375">
        <ele>-1.7999999523162841796875</ele>
        <time>2026-09-15T00:13:55.000Z</time>
        <extensions>
          <ns3:TrackPointExtension>
            <ns3:hr>125</ns3:hr>
          </ns3:TrackPointExtension>
        </extensions>
      </trkpt>
      <trkpt lat="48.10795747675001621246337890625" lon="-122.7658296190202236175537109375">
        <ele>-1.7999999523162841796875</ele>
        <time>2026-09-15T00:13:57.000Z</time>
        <extensions>
          <ns3:TrackPointExtension>
            <ns3:hr>122</ns3:hr>
          </ns3:TrackPointExtension>
        </extensions>
      </trkpt>
      <trkpt lat="48.10793367214500904083251953125" lon="-122.76563490740954875946044921875">
        <ele>-1.7999999523162841796875</ele>
        <time>2026-09-15T00:14:07.000Z</time>
        <extensions>
          <ns3:TrackPointExtension>
            <ns3:hr>121</ns3:hr>
          </ns3:TrackPointExtension>
        </extensions>
      </trkpt>
      <trkpt lat="48.10790450312197208404541015625" lon="-122.76537942700088024139404296875">
        <ele>-1.7999999523162841796875</ele>
        <time>2026-09-15T00:14:19.000Z</time>
        <extensions>
          <ns3:TrackPointExtension>
            <ns3:hr>120</ns3:hr>
          </ns3:TrackPointExtension>
        </extensions>
      </trkpt>
      <trkpt lat="48.107896707952022552490234375" lon="-122.7650941908359527587890625">
        <ele>-2</ele>
        <time>2026-09-15T00:14:33.000Z</time>
        <extensions>
          <ns3:TrackPointExtension>
            <ns3:hr>121</ns3:hr>
          </ns3:TrackPointExtension>
        </extensions>
      </trkpt>
      <trkpt lat="48.10788975097239017486572265625" lon="-122.76500375010073184967041015625">
        <ele>-2</ele>
        <time>2026-09-15T00:14:38.000Z</time>
        <extensions>
          <ns3:TrackPointExtension>
            <ns3:hr>118</ns3:hr>
          </ns3:TrackPointExtension>
        </extensions>
      </trkpt>
      <trkpt lat="48.1078891642391681671142578125" lon="-122.76496234349906444549560546875">
        <ele>-2</ele>
        <time>2026-09-15T00:14:40.000Z</time>
        <extensions>
          <ns3:TrackPointExtension>
            <ns3:hr>115</ns3:hr>
          </ns3:TrackPointExtension>
        </extensions>
      </trkpt>
      <trkpt lat="48.1078787706792354583740234375" lon="-122.7648941986262798309326171875">
        <ele>-1.7999999523162841796875</ele>
        <time>2026-09-15T00:14:44.000Z</time>
        <extensions>
          <ns3:TrackPointExtension>
            <ns3:hr>115</ns3:hr>
          </ns3:TrackPointExtension>
        </extensions>
      </trkpt>
      <trkpt lat="48.10785689391195774078369140625" lon="-122.7647684700787067413330078125">
        <ele>-1.7999999523162841796875</ele>
        <time>2026-09-15T00:14:51.000Z</time>
        <extensions>
          <ns3:TrackPointExtension>
            <ns3:hr>118</ns3:hr>
          </ns3:TrackPointExtension>
        </extensions>
      </trkpt>
      <trkpt lat="48.1078474223613739013671875" lon="-122.76473670266568660736083984375">
        <ele>-1.7999999523162841796875</ele>
        <time>2026-09-15T00:14:53.000Z</time>
        <extensions>
          <ns3:TrackPointExtension>
            <ns3:hr>121</ns3:hr>
          </ns3:TrackPointExtension>
        </extensions>
      </trkpt>
      <trkpt lat="48.1078348495066165924072265625" lon="-122.7646450884640216827392578125">
        <ele>-1.7999999523162841796875</ele>
        <time>2026-09-15T00:14:58.000Z</time>
        <extensions>
          <ns3:TrackPointExtension>
            <ns3:hr>124</ns3:hr>
          </ns3:TrackPointExtension>
        </extensions>
      </trkpt>
      <trkpt lat="48.10784096829593181610107421875" lon="-122.76462840847671031951904296875">
        <ele>-1.7999999523162841796875</ele>
        <time>2026-09-15T00:14:59.000Z</time>
        <extensions>
          <ns3:TrackPointExtension>
            <ns3:hr>123</ns3:hr>
          </ns3:TrackPointExtension>
        </extensions>
      </trkpt>
      <trkpt lat="48.107870556414127349853515625" lon="-122.76458658277988433837890625">
        <ele>-1.7999999523162841796875</ele>
        <time>2026-09-15T00:15:02.000Z</time>
        <extensions>
          <ns3:TrackPointExtension>
            <ns3:hr>118</ns3:hr>
          </ns3:TrackPointExtension>
        </extensions>
      </trkpt>
      <trkpt lat="48.10788086615502834320068359375" lon="-122.7645847387611865997314453125">
        <ele>-1.60000002384185791015625</ele>
        <time>2026-09-15T00:15:03.000Z</time>
        <extensions>
          <ns3:TrackPointExtension>
            <ns3:hr>116</ns3:hr>
          </ns3:TrackPointExtension>
        </extensions>
      </trkpt>
      <trkpt lat="48.10789612121880054473876953125" lon="-122.764591611921787261962890625">
        <ele>-1.60000002384185791015625</ele>
        <time>2026-09-15T00:15:05.000Z</time>
        <extensions>
          <ns3:TrackPointExtension>
            <ns3:hr>115</ns3:hr>
          </ns3:TrackPointExtension>
        </extensions>
      </trkpt>
      <trkpt lat="48.10790450312197208404541015625" lon="-122.764607369899749755859375">
        <ele>-1.60000002384185791015625</ele>
        <time>2026-09-15T00:15:07.000Z</time>
        <extensions>
          <ns3:TrackPointExtension>
            <ns3:hr>116</ns3:hr>
          </ns3:TrackPointExtension>
        </extensions>
      </trkpt>
      <trkpt lat="48.10789327137172222137451171875" lon="-122.76464760303497314453125">
        <ele>-1.39999997615814208984375</ele>
        <time>2026-09-15T00:15:10.000Z</time>
        <extensions>
          <ns3:TrackPointExtension>
            <ns3:hr>119</ns3:hr>
          </ns3:TrackPointExtension>
        </extensions>
      </trkpt>
      <trkpt lat="48.107851780951023101806640625" lon="-122.764789424836635589599609375">
        <ele>-1.60000002384185791015625</ele>
        <time>2026-09-15T00:15:21.000Z</time>
        <extensions>
          <ns3:TrackPointExtension>
            <ns3:hr>120</ns3:hr>
          </ns3:TrackPointExtension>
        </extensions>
      </trkpt>
      <trkpt lat="48.10783912427723407745361328125" lon="-122.76482806541025638580322265625">
        <ele>-1.60000002384185791015625</ele>
        <time>2026-09-15T00:15:24.000Z</time>
        <extensions>
          <ns3:TrackPointExtension>
            <ns3:hr>123</ns3:hr>
          </ns3:TrackPointExtension>
        </extensions>
      </trkpt>
      <trkpt lat="48.107835687696933746337890625" lon="-122.76484130881726741790771484375">
        <ele>-1.60000002384185791015625</ele>
        <time>2026-09-15T00:15:25.000Z</time>
        <extensions>
          <ns3:TrackPointExtension>
            <ns3:hr>127</ns3:hr>
          </ns3:TrackPointExtension>
        </extensions>
      </trkpt>
      <trkpt lat="48.10782856307923793792724609375" lon="-122.76486343704164028167724609375">
        <ele>-1.60000002384185791015625</ele>
        <time>2026-09-15T00:15:27.000Z</time>
        <extensions>
          <ns3:TrackPointExtension>
            <ns3:hr>131</ns3:hr>
          </ns3:TrackPointExtension>
        </extensions>
      </trkpt>
      <trkpt lat="48.10782529413700103759765625" lon="-122.7648760937154293060302734375">
        <ele>-1.60000002384185791015625</ele>
        <time>2026-09-15T00:15:28.000Z</time>
        <extensions>
          <ns3:TrackPointExtension>
            <ns3:hr>134</ns3:hr>
          </ns3:TrackPointExtension>
        </extensions>
      </trkpt>
      <trkpt lat="48.10781314037740230560302734375" lon="-122.7649171650409698486328125">
        <ele>-1.60000002384185791015625</ele>
        <time>2026-09-15T00:15:31.000Z</time>
        <extensions>
          <ns3:TrackPointExtension>
            <ns3:hr>137</ns3:hr>
          </ns3:TrackPointExtension>
        </extensions>
      </trkpt>
      <trkpt lat="48.1078053452074527740478515625" lon="-122.76494557969272136688232421875">
        <ele>-1.60000002384185791015625</ele>
        <time>2026-09-15T00:15:33.000Z</time>
        <extensions>
          <ns3:TrackPointExtension>
            <ns3:hr>137</ns3:hr>
          </ns3:TrackPointExtension>
        </extensions>
      </trkpt>
      <trkpt lat="48.1077624298632144927978515625" lon="-122.765034176409244537353515625">
        <ele>-1.7999999523162841796875</ele>
        <time>2026-09-15T00:15:40.000Z</time>
        <extensions>
          <ns3:TrackPointExtension>
            <ns3:hr>134</ns3:hr>
          </ns3:TrackPointExtension>
        </extensions>
      </trkpt>
      <trkpt lat="48.10775094665586948394775390625" lon="-122.7650620043277740478515625">
        <ele>-1.7999999523162841796875</ele>
        <time>2026-09-15T00:15:42.000Z</time>
        <extensions>
          <ns3:TrackPointExtension>
            <ns3:hr>131</ns3:hr>
          </ns3:TrackPointExtension>
        </extensions>
      </trkpt>
      <trkpt lat="48.107744157314300537109375" lon="-122.7650876529514789581298828125">
        <ele>-1.7999999523162841796875</ele>
        <time>2026-09-15T00:15:44.000Z</time>
        <extensions>
          <ns3:TrackPointExtension>
            <ns3:hr>126</ns3:hr>
          </ns3:TrackPointExtension>
        </extensions>
      </trkpt>
      <trkpt lat="48.10773518867790699005126953125" lon="-122.76511388830840587615966796875">
        <ele>-1.7999999523162841796875</ele>
        <time>2026-09-15T00:15:46.000Z</time>
        <extensions>
          <ns3:TrackPointExtension>
            <ns3:hr>122</ns3:hr>
          </ns3:TrackPointExtension>
        </extensions>
      </trkpt>
      <trkpt lat="48.10773141682147979736328125" lon="-122.76512914337217807769775390625">
        <ele>-1.7999999523162841796875</ele>
        <time>2026-09-15T00:15:47.000Z</time>
        <extensions>
          <ns3:TrackPointExtension>
            <ns3:hr>118</ns3:hr>
          </ns3:TrackPointExtension>
        </extensions>
      </trkpt>
      <trkpt lat="48.10772714205086231231689453125" lon="-122.76514356024563312530517578125">
        <ele>-1.7999999523162841796875</ele>
        <time>2026-09-15T00:15:48.000Z</time>
        <extensions>
          <ns3:TrackPointExtension>
            <ns3:hr>118</ns3:hr>
          </ns3:TrackPointExtension>
        </extensions>
      </trkpt>
      <trkpt lat="48.1076930277049541473388671875" lon="-122.76528454385697841644287109375">
        <ele>-1.60000002384185791015625</ele>
        <time>2026-09-15T00:15:58.000Z</time>
        <extensions>
          <ns3:TrackPointExtension>
            <ns3:hr>117</ns3:hr>
          </ns3:TrackPointExtension>
        </extensions>
      </trkpt>
      <trkpt lat="48.107647933065891265869140625" lon="-122.7655114419758319854736328125">
        <ele>-1.60000002384185791015625</ele>
        <time>2026-09-15T00:16:11.000Z</time>
        <extensions>
          <ns3:TrackPointExtension>
            <ns3:hr>117</ns3:hr>
          </ns3:TrackPointExtension>
        </extensions>
      </trkpt>
      <trkpt lat="48.10763611458241939544677734375" lon="-122.765622921288013458251953125">
        <ele>-1.60000002384185791015625</ele>
        <time>2026-09-15T00:16:17.000Z</time>
        <extensions>
          <ns3:TrackPointExtension>
            <ns3:hr>114</ns3:hr>
          </ns3:TrackPointExtension>
        </extensions>
      </trkpt>
      <trkpt lat="48.1076346896588802337646484375" lon="-122.76567958295345306396484375">
        <ele>-1.60000002384185791015625</ele>
        <time>2026-09-15T00:16:20.000Z</time>
        <extensions>
          <ns3:TrackPointExtension>
            <ns3:hr>110</ns3:hr>
          </ns3:TrackPointExtension>
        </extensions>
      </trkpt>
      <trkpt lat="48.10763360001146793365478515625" lon="-122.76573666371405124664306640625">
        <ele>-1.60000002384185791015625</ele>
        <time>2026-09-15T00:16:23.000Z</time>
        <extensions>
          <ns3:TrackPointExtension>
            <ns3:hr>110</ns3:hr>
          </ns3:TrackPointExtension>
        </extensions>
      </trkpt>
      <trkpt lat="48.107622452080249786376953125" lon="-122.765812017023563385009765625">
        <ele>-1.60000002384185791015625</ele>
        <time>2026-09-15T00:16:28.000Z</time>
        <extensions>
          <ns3:TrackPointExtension>
            <ns3:hr>113</ns3:hr>
          </ns3:TrackPointExtension>
        </extensions>
      </trkpt>
      <trkpt lat="48.10761474072933197021484375" lon="-122.7659023739397525787353515625">
        <ele>-1.60000002384185791015625</ele>
        <time>2026-09-15T00:16:34.000Z</time>
        <extensions>
          <ns3:TrackPointExtension>
            <ns3:hr>112</ns3:hr>
          </ns3:TrackPointExtension>
        </extensions>
      </trkpt>
      <trkpt lat="48.10758850537240505218505859375" lon="-122.76602734811604022979736328125">
        <ele>-1.60000002384185791015625</ele>
        <time>2026-09-15T00:16:43.000Z</time>
        <extensions>
          <ns3:TrackPointExtension>
            <ns3:hr>113</ns3:hr>
          </ns3:TrackPointExtension>
        </extensions>
      </trkpt>
      <trkpt lat="48.1075833924114704132080078125" lon="-122.7660401724278926849365234375">
        <ele>-1.60000002384185791015625</ele>
        <time>2026-09-15T00:16:44.000Z</time>
        <extensions>
          <ns3:TrackPointExtension>
            <ns3:hr>113</ns3:hr>
          </ns3:TrackPointExtension>
        </extensions>
      </trkpt>
      <trkpt lat="48.1075537204742431640625" lon="-122.76614888571202754974365234375">
        <ele>-1.60000002384185791015625</ele>
        <time>2026-09-15T00:16:52.000Z</time>
        <extensions>
          <ns3:TrackPointExtension>
            <ns3:hr>110</ns3:hr>
          </ns3:TrackPointExtension>
        </extensions>
      </trkpt>
      <trkpt lat="48.107540644705295562744140625" lon="-122.76618593372404575347900390625">
        <ele>-1.60000002384185791015625</ele>
        <time>2026-09-15T00:16:55.000Z</time>
        <extensions>
          <ns3:TrackPointExtension>
            <ns3:hr>113</ns3:hr>
          </ns3:TrackPointExtension>
        </extensions>
      </trkpt>
      <trkpt lat="48.107534945011138916015625" lon="-122.76620001532137393951416015625">
        <ele>-1.60000002384185791015625</ele>
        <time>2026-09-15T00:16:56.000Z</time>
        <extensions>
          <ns3:TrackPointExtension>
            <ns3:hr>113</ns3:hr>
          </ns3:TrackPointExtension>
        </extensions>
      </trkpt>
      <trkpt lat="48.1074747629463672637939453125" lon="-122.76638776995241641998291015625">
        <ele>-1.7999999523162841796875</ele>
        <time>2026-09-15T00:17:08.000Z</time>
        <extensions>
          <ns3:TrackPointExtension>
            <ns3:hr>114</ns3:hr>
          </ns3:TrackPointExtension>
        </extensions>
      </trkpt>
      <trkpt lat="48.10748054645955562591552734375" lon="-122.76639967225492000579833984375">
        <ele>-1.7999999523162841796875</ele>
        <time>2026-09-15T00:17:09.000Z</time>
        <extensions>
          <ns3:TrackPointExtension>
            <ns3:hr>114</ns3:hr>
          </ns3:TrackPointExtension>
        </extensions>
      </trkpt>
      <trkpt lat="48.10749663971364498138427734375" lon="-122.76640838943421840667724609375">
        <ele>-1.7999999523162841796875</ele>
        <time>2026-09-15T00:17:11.000Z</time>
        <extensions>
          <ns3:TrackPointExtension>
            <ns3:hr>114</ns3:hr>
          </ns3:TrackPointExtension>
        </extensions>
      </trkpt>
      <trkpt lat="48.1075253896415233612060546875" lon="-122.76638978160917758941650390625">
        <ele>-1.7999999523162841796875</ele>
        <time>2026-09-15T00:17:14.000Z</time>
        <extensions>
          <ns3:TrackPointExtension>
            <ns3:hr>114</ns3:hr>
          </ns3:TrackPointExtension>
        </extensions>
      </trkpt>
      <trkpt lat="48.10756335966289043426513671875" lon="-122.76631702668964862823486328125">
        <ele>-1.7999999523162841796875</ele>
        <time>2026-09-15T00:17:19.000Z</time>
        <extensions>
          <ns3:TrackPointExtension>
            <ns3:hr>117</ns3:hr>
          </ns3:TrackPointExtension>
        </extensions>
      </trkpt>
      <trkpt lat="48.10758397914469242095947265625" lon="-122.76627377606928348541259765625">
        <ele>-1.7999999523162841796875</ele>
        <time>2026-09-15T00:17:23.000Z</time>
        <extensions>
          <ns3:TrackPointExtension>
            <ns3:hr>118</ns3:hr>
          </ns3:TrackPointExtension>
        </extensions>
      </trkpt>
      <trkpt lat="48.10766260139644145965576171875" lon="-122.76621929369866847991943359375">
        <ele>-2</ele>
        <time>2026-09-15T00:17:33.000Z</time>
        <extensions>
          <ns3:TrackPointExtension>
            <ns3:hr>118</ns3:hr>
          </ns3:TrackPointExtension>
        </extensions>
      </trkpt>
      <trkpt lat="48.10769923031330108642578125" lon="-122.7662064693868160247802734375">
        <ele>-2</ele>
        <time>2026-09-15T00:17:37.000Z</time>
        <extensions>
          <ns3:TrackPointExtension>
            <ns3:hr>115</ns3:hr>
          </ns3:TrackPointExtension>
        </extensions>
      </trkpt>
      <trkpt lat="48.10775262303650379180908203125" lon="-122.76619096286594867706298828125">
        <ele>-1.7999999523162841796875</ele>
        <time>2026-09-15T00:17:42.000Z</time>
        <extensions>
          <ns3:TrackPointExtension>
            <ns3:hr>112</ns3:hr>
          </ns3:TrackPointExtension>
        </extensions>
      </trkpt>
      <trkpt lat="48.10782856307923793792724609375" lon="-122.7661679126322269439697265625">
        <ele>-1.7999999523162841796875</ele>
        <time>2026-09-15T00:17:49.000Z</time>
        <extensions>
          <ns3:TrackPointExtension>
            <ns3:hr>111</ns3:hr>
          </ns3:TrackPointExtension>
        </extensions>
      </trkpt>
      <trkpt lat="48.107961080968379974365234375" lon="-122.766141258180141448974609375">
        <ele>-1.7999999523162841796875</ele>
        <time>2026-09-15T00:17:59.000Z</time>
        <extensions>
          <ns3:TrackPointExtension>
            <ns3:hr>114</ns3:hr>
          </ns3:TrackPointExtension>
        </extensions>
      </trkpt>
      <trkpt lat="48.10798890888690948486328125" lon="-122.76612407527863979339599609375">
        <ele>-1.7999999523162841796875</ele>
        <time>2026-09-15T00:18:01.000Z</time>
        <extensions>
          <ns3:TrackPointExtension>
            <ns3:hr>115</ns3:hr>
          </ns3:TrackPointExtension>
        </extensions>
      </trkpt>
      <trkpt lat="48.1080960296094417572021484375" lon="-122.766101025044918060302734375">
        <ele>-1.7999999523162841796875</ele>
        <time>2026-09-15T00:18:07.000Z</time>
        <extensions>
          <ns3:TrackPointExtension>
            <ns3:hr>112</ns3:hr>
          </ns3:TrackPointExtension>
        </extensions>
      </trkpt>
      <trkpt lat="48.108162246644496917724609375" lon="-122.76609658263623714447021484375">
        <ele>-1.7999999523162841796875</ele>
        <time>2026-09-15T00:18:11.000Z</time>
        <extensions>
          <ns3:TrackPointExtension>
            <ns3:hr>111</ns3:hr>
          </ns3:TrackPointExtension>
        </extensions>
      </trkpt>
      <trkpt lat="48.10834228992462158203125" lon="-122.7660954929888248443603515625">
        <ele>-1.60000002384185791015625</ele>
        <time>2026-09-15T00:18:22.000Z</time>
        <extensions>
          <ns3:TrackPointExtension>
            <ns3:hr>110</ns3:hr>
          </ns3:TrackPointExtension>
        </extensions>
      </trkpt>
      <trkpt lat="48.108423091471195220947265625" lon="-122.7661350555717945098876953125">
        <ele>-1.7999999523162841796875</ele>
        <time>2026-09-15T00:18:28.000Z</time>
        <extensions>
          <ns3:TrackPointExtension>
            <ns3:hr>111</ns3:hr>
          </ns3:TrackPointExtension>
        </extensions>
      </trkpt>
      <trkpt lat="48.1084240972995758056640625" lon="-122.76614938862621784210205078125">
        <ele>-1.7999999523162841796875</ele>
        <time>2026-09-15T00:18:29.000Z</time>
        <extensions>
          <ns3:TrackPointExtension>
            <ns3:hr>111</ns3:hr>
          </ns3:TrackPointExtension>
        </extensions>
      </trkpt>
      <trkpt lat="48.108420073986053466796875" lon="-122.766160704195499420166015625">
        <ele>-1.7999999523162841796875</ele>
        <time>2026-09-15T00:18:30.000Z</time>
        <extensions>
          <ns3:TrackPointExtension>
            <ns3:hr>111</ns3:hr>
          </ns3:TrackPointExtension>
        </extensions>
      </trkpt>
      <trkpt lat="48.1083950959146022796630859375" lon="-122.76621459983289241790771484375">
        <ele>-1.39999997615814208984375</ele>
        <time>2026-09-15T00:18:34.000Z</time>
        <extensions>
          <ns3:TrackPointExtension>
            <ns3:hr>112</ns3:hr>
          </ns3:TrackPointExtension>
        </extensions>
      </trkpt>
      <trkpt lat="48.10831638984382152557373046875" lon="-122.766422219574451446533203125">
        <ele>-1.2000000476837158203125</ele>
        <time>2026-09-15T00:18:45.000Z</time>
        <extensions>
          <ns3:TrackPointExtension>
            <ns3:hr>115</ns3:hr>
          </ns3:TrackPointExtension>
        </extensions>
      </trkpt>
      <trkpt lat="48.10831035487353801727294921875" lon="-122.766444683074951171875">
        <ele>-1.2000000476837158203125</ele>
        <time>2026-09-15T00:18:46.000Z</time>
        <extensions>
          <ns3:TrackPointExtension>
            <ns3:hr>115</ns3:hr>
          </ns3:TrackPointExtension>
        </extensions>
      </trkpt>
      <trkpt lat="48.10822670347988605499267578125" lon="-122.76668231002986431121826171875">
        <ele>-1.2000000476837158203125</ele>
        <time>2026-09-15T00:18:59.000Z</time>
        <extensions>
          <ns3:TrackPointExtension>
            <ns3:hr>114</ns3:hr>
          </ns3:TrackPointExtension>
        </extensions>
      </trkpt>
      <trkpt lat="48.108208514750003814697265625" lon="-122.766728661954402923583984375">
        <ele>-1.2000000476837158203125</ele>
        <time>2026-09-15T00:19:03.000Z</time>
        <extensions>
          <ns3:TrackPointExtension>
            <ns3:hr>121</ns3:hr>
          </ns3:TrackPointExtension>
        </extensions>
      </trkpt>
      <trkpt lat="48.108205161988735198974609375" lon="-122.76674031279981136322021484375">
        <ele>-1.2000000476837158203125</ele>
        <time>2026-09-15T00:19:04.000Z</time>
        <extensions>
          <ns3:TrackPointExtension>
            <ns3:hr>121</ns3:hr>
          </ns3:TrackPointExtension>
        </extensions>
      </trkpt>
      <trkpt lat="48.108200468122959136962890625" lon="-122.76675204746425151824951171875">
        <ele>-1.2000000476837158203125</ele>
        <time>2026-09-15T00:19:05.000Z</time>
        <extensions>
          <ns3:TrackPointExtension>
            <ns3:hr>128</ns3:hr>
          </ns3:TrackPointExtension>
        </extensions>
      </trkpt>
      <trkpt lat="48.1081942655146121978759765625" lon="-122.7667613513767719268798828125">
        <ele>-1.2000000476837158203125</ele>
        <time>2026-09-15T00:19:06.000Z</time>
        <extensions>
          <ns3:TrackPointExtension>
            <ns3:hr>132</ns3:hr>
          </ns3:TrackPointExtension>
        </extensions>
      </trkpt>
      <trkpt lat="48.10818965546786785125732421875" lon="-122.7667704038321971893310546875">
        <ele>-1.2000000476837158203125</ele>
        <time>2026-09-15T00:19:07.000Z</time>
        <extensions>
          <ns3:TrackPointExtension>
            <ns3:hr>133</ns3:hr>
          </ns3:TrackPointExtension>
        </extensions>
      </trkpt>
      <trkpt lat="48.10817825607955455780029296875" lon="-122.7668109722435474395751953125">
        <ele>-1.2000000476837158203125</ele>
        <time>2026-09-15T00:19:11.000Z</time>
        <extensions>
          <ns3:TrackPointExtension>
            <ns3:hr>129</ns3:hr>
          </ns3:TrackPointExtension>
        </extensions>
      </trkpt>
      <trkpt lat="48.10817062854766845703125" lon="-122.76682564057409763336181640625">
        <ele>-1.2000000476837158203125</ele>
        <time>2026-09-15T00:19:12.000Z</time>
        <extensions>
          <ns3:TrackPointExtension>
            <ns3:hr>126</ns3:hr>
          </ns3:TrackPointExtension>
        </extensions>
      </trkpt>
      <trkpt lat="48.10815922915935516357421875" lon="-122.76683821342885494232177734375">
        <ele>-1.2000000476837158203125</ele>
        <time>2026-09-15T00:19:13.000Z</time>
        <extensions>
          <ns3:TrackPointExtension>
            <ns3:hr>123</ns3:hr>
          </ns3:TrackPointExtension>
        </extensions>
      </trkpt>
      <trkpt lat="48.10813718475401401519775390625" lon="-122.76684139855206012725830078125">
        <ele>-1.39999997615814208984375</ele>
        <time>2026-09-15T00:19:15.000Z</time>
        <extensions>
          <ns3:TrackPointExtension>
            <ns3:hr>121</ns3:hr>
          </ns3:TrackPointExtension>
        </extensions>
      </trkpt>
      <trkpt lat="48.10809946618974208831787109375" lon="-122.76682555675506591796875">
        <ele>-1.39999997615814208984375</ele>
        <time>2026-09-15T00:19:18.000Z</time>
        <extensions>
          <ns3:TrackPointExtension>
            <ns3:hr>120</ns3:hr>
          </ns3:TrackPointExtension>
        </extensions>
      </trkpt>
      <trkpt lat="48.1080655194818973541259765625" lon="-122.766754142940044403076171875">
        <ele>-1.60000002384185791015625</ele>
        <time>2026-09-15T00:19:22.000Z</time>
        <extensions>
          <ns3:TrackPointExtension>
            <ns3:hr>120</ns3:hr>
          </ns3:TrackPointExtension>
        </extensions>
      </trkpt>
      <trkpt lat="48.10804464854300022125244140625" lon="-122.76663486845791339874267578125">
        <ele>-1.60000002384185791015625</ele>
        <time>2026-09-15T00:19:28.000Z</time>
        <extensions>
          <ns3:TrackPointExtension>
            <ns3:hr>125</ns3:hr>
          </ns3:TrackPointExtension>
        </extensions>
      </trkpt>
      <trkpt lat="48.10803241096436977386474609375" lon="-122.766551971435546875">
        <ele>-1.60000002384185791015625</ele>
        <time>2026-09-15T00:19:32.000Z</time>
        <extensions>
          <ns3:TrackPointExtension>
            <ns3:hr>128</ns3:hr>
          </ns3:TrackPointExtension>
        </extensions>
      </trkpt>
      <trkpt lat="48.10802721418440341949462890625" lon="-122.76651106774806976318359375">
        <ele>-1.60000002384185791015625</ele>
        <time>2026-09-15T00:19:34.000Z</time>
        <extensions>
          <ns3:TrackPointExtension>
            <ns3:hr>127</ns3:hr>
          </ns3:TrackPointExtension>
        </extensions>
      </trkpt>
      <trkpt lat="48.1080185808241367340087890625" lon="-122.766420543193817138671875">
        <ele>-1.60000002384185791015625</ele>
        <time>2026-09-15T00:19:38.000Z</time>
        <extensions>
          <ns3:TrackPointExtension>
            <ns3:hr>133</ns3:hr>
          </ns3:TrackPointExtension>
        </extensions>
      </trkpt>
      <trkpt lat="48.10801497660577297210693359375" lon="-122.7663982473313808441162109375">
        <ele>-1.60000002384185791015625</ele>
        <time>2026-09-15T00:19:39.000Z</time>
        <extensions>
          <ns3:TrackPointExtension>
            <ns3:hr>139</ns3:hr>
          </ns3:TrackPointExtension>
        </extensions>
      </trkpt>
      <trkpt lat="48.108012042939662933349609375" lon="-122.7663754485547542572021484375">
        <ele>-1.60000002384185791015625</ele>
        <time>2026-09-15T00:19:40.000Z</time>
        <extensions>
          <ns3:TrackPointExtension>
            <ns3:hr>139</ns3:hr>
          </ns3:TrackPointExtension>
        </extensions>
      </trkpt>
      <trkpt lat="48.1079840473830699920654296875" lon="-122.7660812437534332275390625">
        <ele>-1.60000002384185791015625</ele>
        <time>2026-09-15T00:19:52.000Z</time>
        <extensions>
          <ns3:TrackPointExtension>
            <ns3:hr>138</ns3:hr>
          </ns3:TrackPointExtension>
        </extensions>
      </trkpt>
      <trkpt lat="48.10796937905251979827880859375" lon="-122.76592978276312351226806640625">
        <ele>-1.60000002384185791015625</ele>
        <time>2026-09-15T00:19:58.000Z</time>
        <extensions>
          <ns3:TrackPointExtension>
            <ns3:hr>135</ns3:hr>
          </ns3:TrackPointExtension>
        </extensions>
      </trkpt>
      <trkpt lat="48.1079464964568614959716796875" lon="-122.76571537367999553680419921875">
        <ele>-1.60000002384185791015625</ele>
        <time>2026-09-15T00:20:06.000Z</time>
        <extensions>
          <ns3:TrackPointExtension>
            <ns3:hr>135</ns3:hr>
          </ns3:TrackPointExtension>
        </extensions>
      </trkpt>
      <trkpt lat="48.107899725437164306640625" lon="-122.76526660658419132232666015625">
        <ele>-1.60000002384185791015625</ele>
        <time>2026-09-15T00:20:23.000Z</time>
        <extensions>
          <ns3:TrackPointExtension>
            <ns3:hr>133</ns3:hr>
          </ns3:TrackPointExtension>
        </extensions>
      </trkpt>
      <trkpt lat="48.1079354323446750640869140625" lon="-122.765086479485034942626953125">
        <ele>-1.39999997615814208984375</ele>
        <time>2026-09-15T00:20:31.000Z</time>
        <extensions>
          <ns3:TrackPointExtension>
            <ns3:hr>130</ns3:hr>
          </ns3:TrackPointExtension>
        </extensions>
      </trkpt>
      <trkpt lat="48.1079475022852420806884765625" lon="-122.76508287526667118072509765625">
        <ele>-1.2000000476837158203125</ele>
        <time>2026-09-15T00:20:32.000Z</time>
        <extensions>
          <ns3:TrackPointExtension>
            <ns3:hr>130</ns3:hr>
          </ns3:TrackPointExtension>
        </extensions>
      </trkpt>
      <trkpt lat="48.10800055973231792449951171875" lon="-122.76508639566600322723388671875">
        <ele>-1.2000000476837158203125</ele>
        <time>2026-09-15T00:20:36.000Z</time>
        <extensions>
          <ns3:TrackPointExtension>
            <ns3:hr>127</ns3:hr>
          </ns3:TrackPointExtension>
        </extensions>
      </trkpt>
      <trkpt lat="48.108116649091243743896484375" lon="-122.765114307403564453125">
        <ele>-1.2000000476837158203125</ele>
        <time>2026-09-15T00:20:43.000Z</time>
        <extensions>
          <ns3:TrackPointExtension>
            <ns3:hr>130</ns3:hr>
          </ns3:TrackPointExtension>
        </extensions>
      </trkpt>
      <trkpt lat="48.10818194411695003509521484375" lon="-122.7651379443705081939697265625">
        <ele>-1.7999999523162841796875</ele>
        <time>2026-09-15T00:20:47.000Z</time>
        <extensions>
          <ns3:TrackPointExtension>
            <ns3:hr>127</ns3:hr>
          </ns3:TrackPointExtension>
        </extensions>
      </trkpt>
      <trkpt lat="48.10819854028522968292236328125" lon="-122.7651449851691722869873046875">
        <ele>-1.7999999523162841796875</ele>
        <time>2026-09-15T00:20:48.000Z</time>
        <extensions>
          <ns3:TrackPointExtension>
            <ns3:hr>124</ns3:hr>
          </ns3:TrackPointExtension>
        </extensions>
      </trkpt>
      <trkpt lat="48.108213879168033599853515625" lon="-122.76515194214880466461181640625">
        <ele>-1.7999999523162841796875</ele>
        <time>2026-09-15T00:20:49.000Z</time>
        <extensions>
          <ns3:TrackPointExtension>
            <ns3:hr>124</ns3:hr>
          </ns3:TrackPointExtension>
        </extensions>
      </trkpt>
      <trkpt lat="48.1082824431359767913818359375" lon="-122.7651987969875335693359375">
        <ele>-1.2000000476837158203125</ele>
        <time>2026-09-15T00:20:54.000Z</time>
        <extensions>
          <ns3:TrackPointExtension>
            <ns3:hr>123</ns3:hr>
          </ns3:TrackPointExtension>
        </extensions>
      </trkpt>
      <trkpt lat="48.10834187082946300506591796875" lon="-122.7652323246002197265625">
        <ele>-1</ele>
        <time>2026-09-15T00:20:58.000Z</time>
        <extensions>
          <ns3:TrackPointExtension>
            <ns3:hr>120</ns3:hr>
          </ns3:TrackPointExtension>
        </extensions>
      </trkpt>
      <trkpt lat="48.10837523080408573150634765625" lon="-122.7652499265968799591064453125">
        <ele>-1</ele>
        <time>2026-09-15T00:21:00.000Z</time>
        <extensions>
          <ns3:TrackPointExtension>
            <ns3:hr>117</ns3:hr>
          </ns3:TrackPointExtension>
        </extensions>
      </trkpt>
      <trkpt lat="48.10853113420307636260986328125" lon="-122.76532142423093318939208984375">
        <ele>-1</ele>
        <time>2026-09-15T00:21:08.000Z</time>
        <extensions>
          <ns3:TrackPointExtension>
            <ns3:hr>115</ns3:hr>
          </ns3:TrackPointExtension>
        </extensions>
      </trkpt>
      <trkpt lat="48.10855024494230747222900390625" lon="-122.765331566333770751953125">
        <ele>-1</ele>
        <time>2026-09-15T00:21:09.000Z</time>
        <extensions>
          <ns3:TrackPointExtension>
            <ns3:hr>114</ns3:hr>
          </ns3:TrackPointExtension>
        </extensions>
      </trkpt>
      <trkpt lat="48.1087866984307765960693359375" lon="-122.7654339931905269622802734375">
        <ele>-1.39999997615814208984375</ele>
        <time>2026-09-15T00:21:23.000Z</time>
        <extensions>
          <ns3:TrackPointExtension>
            <ns3:hr>114</ns3:hr>
          </ns3:TrackPointExtension>
        </extensions>
      </trkpt>
      <trkpt lat="48.1087915599346160888671875" lon="-122.76545830070972442626953125">
        <ele>-1.39999997615814208984375</ele>
        <time>2026-09-15T00:21:25.000Z</time>
        <extensions>
          <ns3:TrackPointExtension>
            <ns3:hr>114</ns3:hr>
          </ns3:TrackPointExtension>
        </extensions>
      </trkpt>
      <trkpt lat="48.10877772979438304901123046875" lon="-122.76547665707767009735107421875">
        <ele>-1.39999997615814208984375</ele>
        <time>2026-09-15T00:21:27.000Z</time>
        <extensions>
          <ns3:TrackPointExtension>
            <ns3:hr>113</ns3:hr>
          </ns3:TrackPointExtension>
        </extensions>
      </trkpt>
      <trkpt lat="48.1087152846157550811767578125" lon="-122.7656277827918529510498046875">
        <ele>-0.800000011920928955078125</ele>
        <time>2026-09-15T00:21:35.000Z</time>
        <extensions>
          <ns3:TrackPointExtension>
            <ns3:hr>114</ns3:hr>
          </ns3:TrackPointExtension>
        </extensions>
      </trkpt>
      <trkpt lat="48.10860045254230499267578125" lon="-122.76587697677314281463623046875">
        <ele>-1</ele>
        <time>2026-09-15T00:21:47.000Z</time>
        <extensions>
          <ns3:TrackPointExtension>
            <ns3:hr>113</ns3:hr>
          </ns3:TrackPointExtension>
        </extensions>
      </trkpt>
      <trkpt lat="48.10857220552861690521240234375" lon="-122.76593799702823162078857421875">
        <ele>-1</ele>
        <time>2026-09-15T00:21:50.000Z</time>
        <extensions>
          <ns3:TrackPointExtension>
            <ns3:hr>116</ns3:hr>
          </ns3:TrackPointExtension>
        </extensions>
      </trkpt>
      <trkpt lat="48.10844731517136096954345703125" lon="-122.76623371057212352752685546875">
        <ele>-1.2000000476837158203125</ele>
        <time>2026-09-15T00:22:02.000Z</time>
        <extensions>
          <ns3:TrackPointExtension>
            <ns3:hr>119</ns3:hr>
          </ns3:TrackPointExtension>
        </extensions>
      </trkpt>
      <trkpt lat="48.108310438692569732666015625" lon="-122.76655021123588085174560546875">
        <ele>-1.2000000476837158203125</ele>
        <time>2026-09-15T00:22:16.000Z</time>
        <extensions>
          <ns3:TrackPointExtension>
            <ns3:hr>118</ns3:hr>
          </ns3:TrackPointExtension>
        </extensions>
      </trkpt>
      <trkpt lat="48.10830096714198589324951171875" lon="-122.76656932197511196136474609375">
        <ele>-1.2000000476837158203125</ele>
        <time>2026-09-15T00:22:17.000Z</time>
        <extensions>
          <ns3:TrackPointExtension>
            <ns3:hr>115</ns3:hr>
          </ns3:TrackPointExtension>
        </extensions>
      </trkpt>
      <trkpt lat="48.10828487388789653778076171875" lon="-122.766607291996479034423828125">
        <ele>-1.2000000476837158203125</ele>
        <time>2026-09-15T00:22:19.000Z</time>
        <extensions>
          <ns3:TrackPointExtension>
            <ns3:hr>112</ns3:hr>
          </ns3:TrackPointExtension>
        </extensions>
      </trkpt>
      <trkpt lat="48.108252100646495819091796875" lon="-122.7666708268225193023681640625">
        <ele>-1.2000000476837158203125</ele>
        <time>2026-09-15T00:22:23.000Z</time>
        <extensions>
          <ns3:TrackPointExtension>
            <ns3:hr>120</ns3:hr>
          </ns3:TrackPointExtension>
        </extensions>
      </trkpt>
      <trkpt lat="48.10822536237537860870361328125" lon="-122.76672857813537120819091796875">
        <ele>-1.2000000476837158203125</ele>
        <time>2026-09-15T00:22:27.000Z</time>
        <extensions>
          <ns3:TrackPointExtension>
            <ns3:hr>116</ns3:hr>
          </ns3:TrackPointExtension>
        </extensions>
      </trkpt>
      <trkpt lat="48.10821128077805042266845703125" lon="-122.76675791479647159576416015625">
        <ele>-1.2000000476837158203125</ele>
        <time>2026-09-15T00:22:29.000Z</time>
        <extensions>
          <ns3:TrackPointExtension>
            <ns3:hr>112</ns3:hr>
          </ns3:TrackPointExtension>
        </extensions>
      </trkpt>
      <trkpt lat="48.10815881006419658660888671875" lon="-122.76686151511967182159423828125">
        <ele>-1.2000000476837158203125</ele>
        <time>2026-09-15T00:22:37.000Z</time>
        <extensions>
          <ns3:TrackPointExtension>
            <ns3:hr>111</ns3:hr>
          </ns3:TrackPointExtension>
        </extensions>
      </trkpt>
      <trkpt lat="48.108139447867870330810546875" lon="-122.7668535523116588592529296875">
        <ele>-1.2000000476837158203125</ele>
        <time>2026-09-15T00:22:39.000Z</time>
        <extensions>
          <ns3:TrackPointExtension>
            <ns3:hr>111</ns3:hr>
          </ns3:TrackPointExtension>
        </extensions>
      </trkpt>
      <trkpt lat="48.1081265397369861602783203125" lon="-122.76682966388761997222900390625">
        <ele>-1.2000000476837158203125</ele>
        <time>2026-09-15T00:22:41.000Z</time>
        <extensions>
          <ns3:TrackPointExtension>
            <ns3:hr>115</ns3:hr>
          </ns3:TrackPointExtension>
        </extensions>
      </trkpt>
      <trkpt lat="48.10812301933765411376953125" lon="-122.76681457646191120147705078125">
        <ele>-1.2000000476837158203125</ele>
        <time>2026-09-15T00:22:42.000Z</time>
        <extensions>
          <ns3:TrackPointExtension>
            <ns3:hr>115</ns3:hr>
          </ns3:TrackPointExtension>
        </extensions>
      </trkpt>
      <trkpt lat="48.108118660748004913330078125" lon="-122.7667992375791072845458984375">
        <ele>-1.2000000476837158203125</ele>
        <time>2026-09-15T00:22:43.000Z</time>
        <extensions>
          <ns3:TrackPointExtension>
            <ns3:hr>118</ns3:hr>
          </ns3:TrackPointExtension>
        </extensions>
      </trkpt>
      <trkpt lat="48.10810483060777187347412109375" lon="-122.766725979745388031005859375">
        <ele>-1.39999997615814208984375</ele>
        <time>2026-09-15T00:22:49.000Z</time>
        <extensions>
          <ns3:TrackPointExtension>
            <ns3:hr>121</ns3:hr>
          </ns3:TrackPointExtension>
        </extensions>
      </trkpt>
      <trkpt lat="48.10809862799942493438720703125" lon="-122.766715250909328460693359375">
        <ele>-1.39999997615814208984375</ele>
        <time>2026-09-15T00:22:50.000Z</time>
        <extensions>
          <ns3:TrackPointExtension>
            <ns3:hr>127</ns3:hr>
          </ns3:TrackPointExtension>
        </extensions>
      </trkpt>
      <trkpt lat="48.1080901622772216796875" lon="-122.76669236831367015838623046875">
        <ele>-1.39999997615814208984375</ele>
        <time>2026-09-15T00:22:52.000Z</time>
        <extensions>
          <ns3:TrackPointExtension>
            <ns3:hr>130</ns3:hr>
          </ns3:TrackPointExtension>
        </extensions>
      </trkpt>
      <trkpt lat="48.10807717032730579376220703125" lon="-122.766646854579448699951171875">
        <ele>-1.39999997615814208984375</ele>
        <time>2026-09-15T00:22:56.000Z</time>
        <extensions>
          <ns3:TrackPointExtension>
            <ns3:hr>127</ns3:hr>
          </ns3:TrackPointExtension>
        </extensions>
      </trkpt>
      <trkpt lat="48.108073733747005462646484375" lon="-122.7666258998215198516845703125">
        <ele>-1.39999997615814208984375</ele>
        <time>2026-09-15T00:22:58.000Z</time>
        <extensions>
          <ns3:TrackPointExtension>
            <ns3:hr>124</ns3:hr>
          </ns3:TrackPointExtension>
        </extensions>
      </trkpt>
      <trkpt lat="48.10806811787188053131103515625" lon="-122.76658994145691394805908203125">
        <ele>-1.39999997615814208984375</ele>
        <time>2026-09-15T00:23:01.000Z</time>
        <extensions>
          <ns3:TrackPointExtension>
            <ns3:hr>121</ns3:hr>
          </ns3:TrackPointExtension>
        </extensions>
      </trkpt>
      <trkpt lat="48.10805437155067920684814453125" lon="-122.76653587818145751953125">
        <ele>-1.39999997615814208984375</ele>
        <time>2026-09-15T00:23:05.000Z</time>
        <extensions>
          <ns3:TrackPointExtension>
            <ns3:hr>118</ns3:hr>
          </ns3:TrackPointExtension>
        </extensions>
      </trkpt>
      <trkpt lat="48.108039535582065582275390625" lon="-122.7664874307811260223388671875">
        <ele>-1.39999997615814208984375</ele>
        <time>2026-09-15T00:23:09.000Z</time>
        <extensions>
          <ns3:TrackPointExtension>
            <ns3:hr>121</ns3:hr>
          </ns3:TrackPointExtension>
        </extensions>
      </trkpt>
      <trkpt lat="48.1080340035259723663330078125" lon="-122.76645063422620296478271484375">
        <ele>-1.39999997615814208984375</ele>
        <time>2026-09-15T00:23:12.000Z</time>
        <extensions>
          <ns3:TrackPointExtension>
            <ns3:hr>125</ns3:hr>
          </ns3:TrackPointExtension>
        </extensions>
      </trkpt>
      <trkpt lat="48.108024112880229949951171875" lon="-122.76634787209331989288330078125">
        <ele>-1.39999997615814208984375</ele>
        <time>2026-09-15T00:23:19.000Z</time>
        <extensions>
          <ns3:TrackPointExtension>
            <ns3:hr>126</ns3:hr>
          </ns3:TrackPointExtension>
        </extensions>
      </trkpt>
      <trkpt lat="48.108019419014453887939453125" lon="-122.76629406027495861053466796875">
        <ele>-1.39999997615814208984375</ele>
        <time>2026-09-15T00:23:23.000Z</time>
        <extensions>
          <ns3:TrackPointExtension>
            <ns3:hr>129</ns3:hr>
          </ns3:TrackPointExtension>
        </extensions>
      </trkpt>
      <trkpt lat="48.1079967878758907318115234375" lon="-122.7660954929888248443603515625">
        <ele>-1.39999997615814208984375</ele>
        <time>2026-09-15T00:23:36.000Z</time>
        <extensions>
          <ns3:TrackPointExtension>
            <ns3:hr>130</ns3:hr>
          </ns3:TrackPointExtension>
        </extensions>
      </trkpt>
      <trkpt lat="48.10797658748924732208251953125" lon="-122.76584244333207607269287109375">
        <ele>-1.39999997615814208984375</ele>
        <time>2026-09-15T00:23:53.000Z</time>
        <extensions>
          <ns3:TrackPointExtension>
            <ns3:hr>130</ns3:hr>
          </ns3:TrackPointExtension>
        </extensions>
      </trkpt>
      <trkpt lat="48.10797072015702724456787109375" lon="-122.765771448612213134765625">
        <ele>-1.39999997615814208984375</ele>
        <time>2026-09-15T00:23:57.000Z</time>
        <extensions>
          <ns3:TrackPointExtension>
            <ns3:hr>127</ns3:hr>
          </ns3:TrackPointExtension>
        </extensions>
      </trkpt>
      <trkpt lat="48.10795479454100131988525390625" lon="-122.76566055603325366973876953125">
        <ele>-1.60000002384185791015625</ele>
        <time>2026-09-15T00:24:04.000Z</time>
        <extensions>
          <ns3:TrackPointExtension>
            <ns3:hr>124</ns3:hr>
          </ns3:TrackPointExtension>
        </extensions>
      </trkpt>
      <trkpt lat="48.10794507153332233428955078125" lon="-122.7656113542616367340087890625">
        <ele>-1.60000002384185791015625</ele>
        <time>2026-09-15T00:24:07.000Z</time>
        <extensions>
          <ns3:TrackPointExtension>
            <ns3:hr>119</ns3:hr>
          </ns3:TrackPointExtension>
        </extensions>
      </trkpt>
      <trkpt lat="48.10794197022914886474609375" lon="-122.7655976079404354095458984375">
        <ele>-1.60000002384185791015625</ele>
        <time>2026-09-15T00:24:08.000Z</time>
        <extensions>
          <ns3:TrackPointExtension>
            <ns3:hr>112</ns3:hr>
          </ns3:TrackPointExtension>
        </extensions>
      </trkpt>
      <trkpt lat="48.107914142310619354248046875" lon="-122.76545033790171146392822265625">
        <ele>-1.60000002384185791015625</ele>
        <time>2026-09-15T00:24:19.000Z</time>
        <extensions>
          <ns3:TrackPointExtension>
            <ns3:hr>116</ns3:hr>
          </ns3:TrackPointExtension>
        </extensions>
      </trkpt>
      <trkpt lat="48.1079099513590335845947265625" lon="-122.76543726213276386260986328125">
        <ele>-1.60000002384185791015625</ele>
        <time>2026-09-15T00:24:20.000Z</time>
        <extensions>
          <ns3:TrackPointExtension>
            <ns3:hr>117</ns3:hr>
          </ns3:TrackPointExtension>
        </extensions>
      </trkpt>
      <trkpt lat="48.1079019047319889068603515625" lon="-122.76515797711908817291259765625">
        <ele>-1.60000002384185791015625</ele>
        <time>2026-09-15T00:24:37.000Z</time>
        <extensions>
          <ns3:TrackPointExtension>
            <ns3:hr>117</ns3:hr>
          </ns3:TrackPointExtension>
        </extensions>
      </trkpt>
      <trkpt lat="48.10797424055635929107666015625" lon="-122.765129394829273223876953125">
        <ele>-1.39999997615814208984375</ele>
        <time>2026-09-15T00:24:43.000Z</time>
        <extensions>
          <ns3:TrackPointExtension>
            <ns3:hr>117</ns3:hr>
          </ns3:TrackPointExtension>
        </extensions>
      </trkpt>
      <trkpt lat="48.1080785952508449554443359375" lon="-122.7651627548038959503173828125">
        <ele>-1.39999997615814208984375</ele>
        <time>2026-09-15T00:24:52.000Z</time>
        <extensions>
          <ns3:TrackPointExtension>
            <ns3:hr>116</ns3:hr>
          </ns3:TrackPointExtension>
        </extensions>
      </trkpt>
      <trkpt lat="48.1081037409603595733642578125" lon="-122.76516937650740146636962890625">
        <ele>-1.60000002384185791015625</ele>
        <time>2026-09-15T00:24:54.000Z</time>
        <extensions>
          <ns3:TrackPointExtension>
            <ns3:hr>125</ns3:hr>
          </ns3:TrackPointExtension>
        </extensions>
      </trkpt>
      <trkpt lat="48.1081630848348140716552734375" lon="-122.76517926715314388275146484375">
        <ele>-1.39999997615814208984375</ele>
        <time>2026-09-15T00:24:58.000Z</time>
        <extensions>
          <ns3:TrackPointExtension>
            <ns3:hr>122</ns3:hr>
          </ns3:TrackPointExtension>
        </extensions>
      </trkpt>
      <trkpt lat="48.10823793523013591766357421875" lon="-122.76519217528402805328369140625">
        <ele>-1.39999997615814208984375</ele>
        <time>2026-09-15T00:25:03.000Z</time>
        <extensions>
          <ns3:TrackPointExtension>
            <ns3:hr>123</ns3:hr>
          </ns3:TrackPointExtension>
        </extensions>
      </trkpt>
      <trkpt lat="48.10834941454231739044189453125" lon="-122.76519686914980411529541015625">
        <ele>-1.39999997615814208984375</ele>
        <time>2026-09-15T00:25:11.000Z</time>
        <extensions>
          <ns3:TrackPointExtension>
            <ns3:hr>119</ns3:hr>
          </ns3:TrackPointExtension>
        </extensions>
      </trkpt>
      <trkpt lat="48.108363412320613861083984375" lon="-122.765197791159152984619140625">
        <ele>-1.39999997615814208984375</ele>
        <time>2026-09-15T00:25:12.000Z</time>
        <extensions>
          <ns3:TrackPointExtension>
            <ns3:hr>116</ns3:hr>
          </ns3:TrackPointExtension>
        </extensions>
      </trkpt>
      <trkpt lat="48.108380846679210662841796875" lon="-122.7651986293494701385498046875">
        <ele>-1.39999997615814208984375</ele>
        <time>2026-09-15T00:25:13.000Z</time>
        <extensions>
          <ns3:TrackPointExtension>
            <ns3:hr>116</ns3:hr>
          </ns3:TrackPointExtension>
        </extensions>
      </trkpt>
      <trkpt lat="48.108592741191387176513671875" lon="-122.76521229185163974761962890625">
        <ele>-1.39999997615814208984375</ele>
        <time>2026-09-15T00:25:25.000Z</time>
        <extensions>
          <ns3:TrackPointExtension>
            <ns3:hr>115</ns3:hr>
          </ns3:TrackPointExtension>
        </extensions>
      </trkpt>
      <trkpt lat="48.10867714695632457733154296875" lon="-122.765225283801555633544921875">
        <ele>-1.7999999523162841796875</ele>
        <time>2026-09-15T00:25:31.000Z</time>
        <extensions>
          <ns3:TrackPointExtension>
            <ns3:hr>115</ns3:hr>
          </ns3:TrackPointExtension>
        </extensions>
      </trkpt>
      <trkpt lat="48.10868402011692523956298828125" lon="-122.7652497589588165283203125">
        <ele>-1.7999999523162841796875</ele>
        <time>2026-09-15T00:25:33.000Z</time>
        <extensions>
          <ns3:TrackPointExtension>
            <ns3:hr>115</ns3:hr>
          </ns3:TrackPointExtension>
        </extensions>
      </trkpt>
      <trkpt lat="48.10867614112794399261474609375" lon="-122.76527465321123600006103515625">
        <ele>-1.60000002384185791015625</ele>
        <time>2026-09-15T00:25:35.000Z</time>
        <extensions>
          <ns3:TrackPointExtension>
            <ns3:hr>115</ns3:hr>
          </ns3:TrackPointExtension>
        </extensions>
      </trkpt>
      <trkpt lat="48.1086562760174274444580078125" lon="-122.76532553136348724365234375">
        <ele>-1</ele>
        <time>2026-09-15T00:25:39.000Z</time>
        <extensions>
          <ns3:TrackPointExtension>
            <ns3:hr>115</ns3:hr>
          </ns3:TrackPointExtension>
        </extensions>
      </trkpt>
      <trkpt lat="48.10861780308187007904052734375" lon="-122.76542435400187969207763671875">
        <ele>-1</ele>
        <time>2026-09-15T00:25:45.000Z</time>
        <extensions>
          <ns3:TrackPointExtension>
            <ns3:hr>118</ns3:hr>
          </ns3:TrackPointExtension>
        </extensions>
      </trkpt>
      <trkpt lat="48.1086056493222713470458984375" lon="-122.76546441949903964996337890625">
        <ele>-1</ele>
        <time>2026-09-15T00:25:47.000Z</time>
        <extensions>
          <ns3:TrackPointExtension>
            <ns3:hr>123</ns3:hr>
          </ns3:TrackPointExtension>
        </extensions>
      </trkpt>
      <trkpt lat="48.1085999496281147003173828125" lon="-122.7654839493334293365478515625">
        <ele>-1.2000000476837158203125</ele>
        <time>2026-09-15T00:25:48.000Z</time>
        <extensions>
          <ns3:TrackPointExtension>
            <ns3:hr>124</ns3:hr>
          </ns3:TrackPointExtension>
        </extensions>
      </trkpt>
      <trkpt lat="48.108554184436798095703125" lon="-122.76564714498817920684814453125">
        <ele>-1.2000000476837158203125</ele>
        <time>2026-09-15T00:25:56.000Z</time>
        <extensions>
          <ns3:TrackPointExtension>
            <ns3:hr>121</ns3:hr>
          </ns3:TrackPointExtension>
        </extensions>
      </trkpt>
      <trkpt lat="48.10852132737636566162109375" lon="-122.76575191877782344818115234375">
        <ele>-1.39999997615814208984375</ele>
        <time>2026-09-15T00:26:01.000Z</time>
        <extensions>
          <ns3:TrackPointExtension>
            <ns3:hr>120</ns3:hr>
          </ns3:TrackPointExtension>
        </extensions>
      </trkpt>
      <trkpt lat="48.1085040606558322906494140625" lon="-122.765805311501026153564453125">
        <ele>-1.39999997615814208984375</ele>
        <time>2026-09-15T00:26:04.000Z</time>
        <extensions>
          <ns3:TrackPointExtension>
            <ns3:hr>117</ns3:hr>
          </ns3:TrackPointExtension>
        </extensions>
      </trkpt>
      <trkpt lat="48.1084872968494892120361328125" lon="-122.76585803367197513580322265625">
        <ele>-1.39999997615814208984375</ele>
        <time>2026-09-15T00:26:07.000Z</time>
        <extensions>
          <ns3:TrackPointExtension>
            <ns3:hr>113</ns3:hr>
          </ns3:TrackPointExtension>
        </extensions>
      </trkpt>
      <trkpt lat="48.1084745563566684722900390625" lon="-122.76589139364659786224365234375">
        <ele>-1.39999997615814208984375</ele>
        <time>2026-09-15T00:26:09.000Z</time>
        <extensions>
          <ns3:TrackPointExtension>
            <ns3:hr>109</ns3:hr>
          </ns3:TrackPointExtension>
        </extensions>
      </trkpt>
      <trkpt lat="48.10844681225717067718505859375" lon="-122.76599566452205181121826171875">
        <ele>-1.39999997615814208984375</ele>
        <time>2026-09-15T00:26:15.000Z</time>
        <extensions>
          <ns3:TrackPointExtension>
            <ns3:hr>107</ns3:hr>
          </ns3:TrackPointExtension>
        </extensions>
      </trkpt>
      <trkpt lat="48.1084229238331317901611328125" lon="-122.7660785615444183349609375">
        <ele>-1.39999997615814208984375</ele>
        <time>2026-09-15T00:26:19.000Z</time>
        <extensions>
          <ns3:TrackPointExtension>
            <ns3:hr>104</ns3:hr>
          </ns3:TrackPointExtension>
        </extensions>
      </trkpt>
      <trkpt lat="48.108349330723285675048828125" lon="-122.766313590109348297119140625">
        <ele>-1.2000000476837158203125</ele>
        <time>2026-09-15T00:26:32.000Z</time>
        <extensions>
          <ns3:TrackPointExtension>
            <ns3:hr>106</ns3:hr>
          </ns3:TrackPointExtension>
        </extensions>
      </trkpt>
      <trkpt lat="48.10828864574432373046875" lon="-122.7665018476545810699462890625">
        <ele>-1.2000000476837158203125</ele>
        <time>2026-09-15T00:26:43.000Z</time>
        <extensions>
          <ns3:TrackPointExtension>
            <ns3:hr>103</ns3:hr>
          </ns3:TrackPointExtension>
        </extensions>
      </trkpt>
      <trkpt lat="48.10826475732028484344482421875" lon="-122.7665694057941436767578125">
        <ele>-1.39999997615814208984375</ele>
        <time>2026-09-15T00:26:48.000Z</time>
        <extensions>
          <ns3:TrackPointExtension>
            <ns3:hr>104</ns3:hr>
          </ns3:TrackPointExtension>
        </extensions>
      </trkpt>
      <trkpt lat="48.10820004902780055999755859375" lon="-122.76677233166992664337158203125">
        <ele>-1.39999997615814208984375</ele>
        <time>2026-09-15T00:27:02.000Z</time>
        <extensions>
          <ns3:TrackPointExtension>
            <ns3:hr>108</ns3:hr>
          </ns3:TrackPointExtension>
        </extensions>
      </trkpt>
      <trkpt lat="48.10819552280008792877197265625" lon="-122.7667888440191745758056640625">
        <ele>-1.39999997615814208984375</ele>
        <time>2026-09-15T00:27:03.000Z</time>
        <extensions>
          <ns3:TrackPointExtension>
            <ns3:hr>107</ns3:hr>
          </ns3:TrackPointExtension>
        </extensions>
      </trkpt>
      <trkpt lat="48.10816417448222637176513671875" lon="-122.76685967110097408294677734375">
        <ele>-1.39999997615814208984375</ele>
        <time>2026-09-15T00:27:09.000Z</time>
        <extensions>
          <ns3:TrackPointExtension>
            <ns3:hr>108</ns3:hr>
          </ns3:TrackPointExtension>
        </extensions>
      </trkpt>
      <trkpt lat="48.1081429682672023773193359375" lon="-122.7668622694909572601318359375">
        <ele>-1.39999997615814208984375</ele>
        <time>2026-09-15T00:27:11.000Z</time>
        <extensions>
          <ns3:TrackPointExtension>
            <ns3:hr>108</ns3:hr>
          </ns3:TrackPointExtension>
        </extensions>
      </trkpt>
      <trkpt lat="48.1081342510879039764404296875" lon="-122.766856737434864044189453125">
        <ele>-1.39999997615814208984375</ele>
        <time>2026-09-15T00:27:12.000Z</time>
        <extensions>
          <ns3:TrackPointExtension>
            <ns3:hr>109</ns3:hr>
          </ns3:TrackPointExtension>
        </extensions>
      </trkpt>
      <trkpt lat="48.1081067584455013275146484375" lon="-122.76680099777877330780029296875">
        <ele>-1.39999997615814208984375</ele>
        <time>2026-09-15T00:27:16.000Z</time>
        <extensions>
          <ns3:TrackPointExtension>
            <ns3:hr>113</ns3:hr>
          </ns3:TrackPointExtension>
        </extensions>
      </trkpt>
      <trkpt lat="48.10809795744717121124267578125" lon="-122.76674064807593822479248046875">
        <ele>-1.39999997615814208984375</ele>
        <time>2026-09-15T00:27:20.000Z</time>
        <extensions>
          <ns3:TrackPointExtension>
            <ns3:hr>117</ns3:hr>
          </ns3:TrackPointExtension>
        </extensions>
      </trkpt>
      <trkpt lat="48.1080963648855686187744140625" lon="-122.766724638640880584716796875">
        <ele>-1.39999997615814208984375</ele>
        <time>2026-09-15T00:27:21.000Z</time>
        <extensions>
          <ns3:TrackPointExtension>
            <ns3:hr>120</ns3:hr>
          </ns3:TrackPointExtension>
        </extensions>
      </trkpt>
      <trkpt lat="48.1080936826765537261962890625" lon="-122.7667087130248546600341796875">
        <ele>-1.39999997615814208984375</ele>
        <time>2026-09-15T00:27:22.000Z</time>
        <extensions>
          <ns3:TrackPointExtension>
            <ns3:hr>123</ns3:hr>
          </ns3:TrackPointExtension>
        </extensions>
      </trkpt>
      <trkpt lat="48.10808035545051097869873046875" lon="-122.76656278409063816070556640625">
        <ele>-1.39999997615814208984375</ele>
        <time>2026-09-15T00:27:32.000Z</time>
        <extensions>
          <ns3:TrackPointExtension>
            <ns3:hr>128</ns3:hr>
          </ns3:TrackPointExtension>
        </extensions>
      </trkpt>
      <trkpt lat="48.1080782599747180938720703125" lon="-122.76654920540750026702880859375">
        <ele>-1.39999997615814208984375</ele>
        <time>2026-09-15T00:27:33.000Z</time>
        <extensions>
          <ns3:TrackPointExtension>
            <ns3:hr>130</ns3:hr>
          </ns3:TrackPointExtension>
        </extensions>
      </trkpt>
      <trkpt lat="48.10807499103248119354248046875" lon="-122.76653294451534748077392578125">
        <ele>-1.39999997615814208984375</ele>
        <time>2026-09-15T00:27:34.000Z</time>
        <extensions>
          <ns3:TrackPointExtension>
            <ns3:hr>133</ns3:hr>
          </ns3:TrackPointExtension>
        </extensions>
      </trkpt>
      <trkpt lat="48.10807281173765659332275390625" lon="-122.7665038593113422393798828125">
        <ele>-1.39999997615814208984375</ele>
        <time>2026-09-15T00:27:36.000Z</time>
        <extensions>
          <ns3:TrackPointExtension>
            <ns3:hr>128</ns3:hr>
          </ns3:TrackPointExtension>
        </extensions>
      </trkpt>
      <trkpt lat="48.10806677676737308502197265625" lon="-122.766463458538055419921875">
        <ele>-1.60000002384185791015625</ele>
        <time>2026-09-15T00:27:39.000Z</time>
        <extensions>
          <ns3:TrackPointExtension>
            <ns3:hr>125</ns3:hr>
          </ns3:TrackPointExtension>
        </extensions>
      </trkpt>
      <trkpt lat="48.10805738903582096099853515625" lon="-122.76638056151568889617919921875">
        <ele>-1.60000002384185791015625</ele>
        <time>2026-09-15T00:27:45.000Z</time>
        <extensions>
          <ns3:TrackPointExtension>
            <ns3:hr>126</ns3:hr>
          </ns3:TrackPointExtension>
        </extensions>
      </trkpt>
      <trkpt lat="48.10804833658039569854736328125" lon="-122.76631685905158519744873046875">
        <ele>-1.60000002384185791015625</ele>
        <time>2026-09-15T00:27:50.000Z</time>
        <extensions>
          <ns3:TrackPointExtension>
            <ns3:hr>123</ns3:hr>
          </ns3:TrackPointExtension>
        </extensions>
      </trkpt>
      <trkpt lat="48.10803584754467010498046875" lon="-122.76623211801052093505859375">
        <ele>-1.39999997615814208984375</ele>
        <time>2026-09-15T00:27:57.000Z</time>
        <extensions>
          <ns3:TrackPointExtension>
            <ns3:hr>126</ns3:hr>
          </ns3:TrackPointExtension>
        </extensions>
      </trkpt>
      <trkpt lat="48.108029477298259735107421875" lon="-122.7661732770502567291259765625">
        <ele>-1.60000002384185791015625</ele>
        <time>2026-09-15T00:28:02.000Z</time>
        <extensions>
          <ns3:TrackPointExtension>
            <ns3:hr>121</ns3:hr>
          </ns3:TrackPointExtension>
        </extensions>
      </trkpt>
      <trkpt lat="48.1080279685556888580322265625" lon="-122.76616238057613372802734375">
        <ele>-1.60000002384185791015625</ele>
        <time>2026-09-15T00:28:03.000Z</time>
        <extensions>
          <ns3:TrackPointExtension>
            <ns3:hr>121</ns3:hr>
          </ns3:TrackPointExtension>
        </extensions>
      </trkpt>
      <trkpt lat="48.10802687890827655792236328125" lon="-122.76611133478581905364990234375">
        <ele>-1.60000002384185791015625</ele>
        <time>2026-09-15T00:28:08.000Z</time>
        <extensions>
          <ns3:TrackPointExtension>
            <ns3:hr>124</ns3:hr>
          </ns3:TrackPointExtension>
        </extensions>
      </trkpt>
      <trkpt lat="48.10802252031862735748291015625" lon="-122.7660356462001800537109375">
        <ele>-1.39999997615814208984375</ele>
        <time>2026-09-15T00:28:17.000Z</time>
        <extensions>
          <ns3:TrackPointExtension>
            <ns3:hr>125</ns3:hr>
          </ns3:TrackPointExtension>
        </extensions>
      </trkpt>
      <trkpt lat="48.1080110371112823486328125" lon="-122.76597823016345500946044921875">
        <ele>-1.60000002384185791015625</ele>
        <time>2026-09-15T00:28:24.000Z</time>
        <extensions>
          <ns3:TrackPointExtension>
            <ns3:hr>120</ns3:hr>
          </ns3:TrackPointExtension>
        </extensions>
      </trkpt>
      <trkpt lat="48.10801112093031406402587890625" lon="-122.76597135700285434722900390625">
        <ele>-1.60000002384185791015625</ele>
        <time>2026-09-15T00:28:25.000Z</time>
        <extensions>
          <ns3:TrackPointExtension>
            <ns3:hr>117</ns3:hr>
          </ns3:TrackPointExtension>
        </extensions>
      </trkpt>
      <trkpt lat="48.1080115400254726409912109375" lon="-122.7659627236425876617431640625">
        <ele>-1.60000002384185791015625</ele>
        <time>2026-09-15T00:28:26.000Z</time>
        <extensions>
          <ns3:TrackPointExtension>
            <ns3:hr>117</ns3:hr>
          </ns3:TrackPointExtension>
        </extensions>
      </trkpt>
      <trkpt lat="48.108012713491916656494140625" lon="-122.765946127474308013916015625">
        <ele>-1.60000002384185791015625</ele>
        <time>2026-09-15T00:28:28.000Z</time>
        <extensions>
          <ns3:TrackPointExtension>
            <ns3:hr>117</ns3:hr>
          </ns3:TrackPointExtension>
        </extensions>
      </trkpt>
      <trkpt lat="48.1080098636448383331298828125" lon="-122.7658584527671337127685546875">
        <ele>-1.60000002384185791015625</ele>
        <time>2026-09-15T00:28:41.000Z</time>
        <extensions>
          <ns3:TrackPointExtension>
            <ns3:hr>116</ns3:hr>
          </ns3:TrackPointExtension>
        </extensions>
      </trkpt>
      <trkpt lat="48.10799653641879558563232421875" lon="-122.7657742984592914581298828125">
        <ele>-1.60000002384185791015625</ele>
        <time>2026-09-15T00:28:53.000Z</time>
        <extensions>
          <ns3:TrackPointExtension>
            <ns3:hr>116</ns3:hr>
          </ns3:TrackPointExtension>
        </extensions>
      </trkpt>
      <trkpt lat="48.1079934351146221160888671875" lon="-122.76570397429168224334716796875">
        <ele>-1.60000002384185791015625</ele>
        <time>2026-09-15T00:29:02.000Z</time>
        <extensions>
          <ns3:TrackPointExtension>
            <ns3:hr>119</ns3:hr>
          </ns3:TrackPointExtension>
        </extensions>
      </trkpt>
      <trkpt lat="48.10798966325819492340087890625" lon="-122.76562459766864776611328125">
        <ele>-1.60000002384185791015625</ele>
        <time>2026-09-15T00:29:12.000Z</time>
        <extensions>
          <ns3:TrackPointExtension>
            <ns3:hr>120</ns3:hr>
          </ns3:TrackPointExtension>
        </extensions>
      </trkpt>
      <trkpt lat="48.10797843150794506072998046875" lon="-122.76553851552307605743408203125">
        <ele>-1.7999999523162841796875</ele>
        <time>2026-09-15T00:29:22.000Z</time>
        <extensions>
          <ns3:TrackPointExtension>
            <ns3:hr>117</ns3:hr>
          </ns3:TrackPointExtension>
        </extensions>
      </trkpt>
      <trkpt lat="48.1079734861850738525390625" lon="-122.7655057422816753387451171875">
        <ele>-1.7999999523162841796875</ele>
        <time>2026-09-15T00:29:26.000Z</time>
        <extensions>
          <ns3:TrackPointExtension>
            <ns3:hr>118</ns3:hr>
          </ns3:TrackPointExtension>
        </extensions>
      </trkpt>
      <trkpt lat="48.107964433729648590087890625" lon="-122.76545603759586811065673828125">
        <ele>-1.7999999523162841796875</ele>
        <time>2026-09-15T00:29:33.000Z</time>
        <extensions>
          <ns3:TrackPointExtension>
            <ns3:hr>121</ns3:hr>
          </ns3:TrackPointExtension>
        </extensions>
      </trkpt>
      <trkpt lat="48.1079619191586971282958984375" lon="-122.76542603038251399993896484375">
        <ele>-1.7999999523162841796875</ele>
        <time>2026-09-15T00:29:37.000Z</time>
        <extensions>
          <ns3:TrackPointExtension>
            <ns3:hr>124</ns3:hr>
          </ns3:TrackPointExtension>
        </extensions>
      </trkpt>
      <trkpt lat="48.107950352132320404052734375" lon="-122.76537154801189899444580078125">
        <ele>-1.7999999523162841796875</ele>
        <time>2026-09-15T00:29:44.000Z</time>
        <extensions>
          <ns3:TrackPointExtension>
            <ns3:hr>123</ns3:hr>
          </ns3:TrackPointExtension>
        </extensions>
      </trkpt>
      <trkpt lat="48.10794440098106861114501953125" lon="-122.76533701457083225250244140625">
        <ele>-1.7999999523162841796875</ele>
        <time>2026-09-15T00:29:48.000Z</time>
        <extensions>
          <ns3:TrackPointExtension>
            <ns3:hr>119</ns3:hr>
          </ns3:TrackPointExtension>
        </extensions>
      </trkpt>
      <trkpt lat="48.107926212251186370849609375" lon="-122.7652626670897006988525390625">
        <ele>-1.7999999523162841796875</ele>
        <time>2026-09-15T00:29:57.000Z</time>
        <extensions>
          <ns3:TrackPointExtension>
            <ns3:hr>116</ns3:hr>
          </ns3:TrackPointExtension>
        </extensions>
      </trkpt>
      <trkpt lat="48.107905089855194091796875" lon="-122.76521447114646434783935546875">
        <ele>-1.7999999523162841796875</ele>
        <time>2026-09-15T00:30:04.000Z</time>
        <extensions>
          <ns3:TrackPointExtension>
            <ns3:hr>119</ns3:hr>
          </ns3:TrackPointExtension>
        </extensions>
      </trkpt>
      <trkpt lat="48.10790651477873325347900390625" lon="-122.76519737206399440765380859375">
        <ele>-1.7999999523162841796875</ele>
        <time>2026-09-15T00:30:06.000Z</time>
        <extensions>
          <ns3:TrackPointExtension>
            <ns3:hr>117</ns3:hr>
          </ns3:TrackPointExtension>
        </extensions>
      </trkpt>
      <trkpt lat="48.10790416784584522247314453125" lon="-122.76517130434513092041015625">
        <ele>-1.7999999523162841796875</ele>
        <time>2026-09-15T00:30:09.000Z</time>
        <extensions>
          <ns3:TrackPointExtension>
            <ns3:hr>114</ns3:hr>
          </ns3:TrackPointExtension>
        </extensions>
      </trkpt>
      <trkpt lat="48.10790366493165493011474609375" lon="-122.7651567198336124420166015625">
        <ele>-3</ele>
        <time>2026-09-15T00:30:11.000Z</time>
        <extensions>
          <ns3:TrackPointExtension>
            <ns3:hr>112</ns3:hr>
          </ns3:TrackPointExtension>
        </extensions>
      </trkpt>
      <trkpt lat="48.10789746232330799102783203125" lon="-122.7651124633848667144775390625">
        <ele>-1.7999999523162841796875</ele>
        <time>2026-09-15T00:30:17.000Z</time>
        <extensions>
          <ns3:TrackPointExtension>
            <ns3:hr>112</ns3:hr>
          </ns3:TrackPointExtension>
        </extensions>
      </trkpt>
      <trkpt lat="48.1078796088695526123046875" lon="-122.76507298462092876434326171875">
        <ele>-1.2000000476837158203125</ele>
        <time>2026-09-15T00:30:23.000Z</time>
        <extensions>
          <ns3:TrackPointExtension>
            <ns3:hr>119</ns3:hr>
          </ns3:TrackPointExtension>
        </extensions>
      </trkpt>
      <trkpt lat="48.10787550173699855804443359375" lon="-122.7650675363838672637939453125">
        <ele>-1.2000000476837158203125</ele>
        <time>2026-09-15T00:30:24.000Z</time>
        <extensions>
          <ns3:TrackPointExtension>
            <ns3:hr>119</ns3:hr>
          </ns3:TrackPointExtension>
        </extensions>
      </trkpt>
      <trkpt lat="48.10782730579376220703125" lon="-122.765056304633617401123046875">
        <ele>-1.7999999523162841796875</ele>
        <time>2026-09-15T00:30:33.000Z</time>
        <extensions>
          <ns3:TrackPointExtension>
            <ns3:hr>116</ns3:hr>
          </ns3:TrackPointExtension>
        </extensions>
      </trkpt>
      <trkpt lat="48.1078073568642139434814453125" lon="-122.7650638483464717864990234375">
        <ele>-1.7999999523162841796875</ele>
        <time>2026-09-15T00:30:37.000Z</time>
        <extensions>
          <ns3:TrackPointExtension>
            <ns3:hr>116</ns3:hr>
          </ns3:TrackPointExtension>
        </extensions>
      </trkpt>
      <trkpt lat="48.10776452533900737762451171875" lon="-122.765118665993213653564453125">
        <ele>-1.60000002384185791015625</ele>
        <time>2026-09-15T00:30:50.000Z</time>
        <extensions>
          <ns3:TrackPointExtension>
            <ns3:hr>117</ns3:hr>
          </ns3:TrackPointExtension>
        </extensions>
      </trkpt>
      <trkpt lat="48.10774893499910831451416015625" lon="-122.765155546367168426513671875">
        <ele>-1.60000002384185791015625</ele>
        <time>2026-09-15T00:30:55.000Z</time>
        <extensions>
          <ns3:TrackPointExtension>
            <ns3:hr>114</ns3:hr>
          </ns3:TrackPointExtension>
        </extensions>
      </trkpt>
      <trkpt lat="48.107744492590427398681640625" lon="-122.7651858888566493988037109375">
        <ele>-1.60000002384185791015625</ele>
        <time>2026-09-15T00:30:58.000Z</time>
        <extensions>
          <ns3:TrackPointExtension>
            <ns3:hr>107</ns3:hr>
          </ns3:TrackPointExtension>
        </extensions>
      </trkpt>
      <trkpt lat="48.1077468395233154296875" lon="-122.76519603095948696136474609375">
        <ele>-1.60000002384185791015625</ele>
        <time>2026-09-15T00:30:59.000Z</time>
        <extensions>
          <ns3:TrackPointExtension>
            <ns3:hr>104</ns3:hr>
          </ns3:TrackPointExtension>
        </extensions>
      </trkpt>
      <trkpt lat="48.1077513657510280609130859375" lon="-122.76520307175815105438232421875">
        <ele>-1.60000002384185791015625</ele>
        <time>2026-09-15T00:31:00.000Z</time>
        <extensions>
          <ns3:TrackPointExtension>
            <ns3:hr>104</ns3:hr>
          </ns3:TrackPointExtension>
        </extensions>
      </trkpt>
      <trkpt lat="48.1077929399907588958740234375" lon="-122.76522360742092132568359375">
        <ele>-2.2000000476837158203125</ele>
        <time>2026-09-15T00:31:07.000Z</time>
        <extensions>
          <ns3:TrackPointExtension>
            <ns3:hr>107</ns3:hr>
          </ns3:TrackPointExtension>
        </extensions>
      </trkpt>
      <trkpt lat="48.107801489531993865966796875" lon="-122.76522251777350902557373046875">
        <ele>-2</ele>
        <time>2026-09-15T00:31:08.000Z</time>
        <extensions>
          <ns3:TrackPointExtension>
            <ns3:hr>107</ns3:hr>
          </ns3:TrackPointExtension>
        </extensions>
      </trkpt>
      <trkpt lat="48.107810877263545989990234375" lon="-122.76522000320255756378173828125">
        <ele>-1.7999999523162841796875</ele>
        <time>2026-09-15T00:31:09.000Z</time>
        <extensions>
          <ns3:TrackPointExtension>
            <ns3:hr>107</ns3:hr>
          </ns3:TrackPointExtension>
        </extensions>
      </trkpt>
      <trkpt lat="48.1078834645450115203857421875" lon="-122.7651907503604888916015625">
        <ele>-1.60000002384185791015625</ele>
        <time>2026-09-15T00:31:15.000Z</time>
        <extensions>
          <ns3:TrackPointExtension>
            <ns3:hr>110</ns3:hr>
          </ns3:TrackPointExtension>
        </extensions>
      </trkpt>
      <trkpt lat="48.107894696295261383056640625" lon="-122.765187062323093414306640625">
        <ele>-1.60000002384185791015625</ele>
        <time>2026-09-15T00:31:16.000Z</time>
        <extensions>
          <ns3:TrackPointExtension>
            <ns3:hr>110</ns3:hr>
          </ns3:TrackPointExtension>
        </extensions>
      </trkpt>
      <trkpt lat="48.10794406570494174957275390625" lon="-122.76516820304095745086669921875">
        <ele>-1.60000002384185791015625</ele>
        <time>2026-09-15T00:31:20.000Z</time>
        <extensions>
          <ns3:TrackPointExtension>
            <ns3:hr>113</ns3:hr>
          </ns3:TrackPointExtension>
        </extensions>
      </trkpt>
      <trkpt lat="48.107969462871551513671875" lon="-122.7651597373187541961669921875">
        <ele>-1.60000002384185791015625</ele>
        <time>2026-09-15T00:31:22.000Z</time>
        <extensions>
          <ns3:TrackPointExtension>
            <ns3:hr>116</ns3:hr>
          </ns3:TrackPointExtension>
        </extensions>
      </trkpt>
      <trkpt lat="48.10798354446887969970703125" lon="-122.76515529491007328033447265625">
        <ele>-1.60000002384185791015625</ele>
        <time>2026-09-15T00:31:23.000Z</time>
        <extensions>
          <ns3:TrackPointExtension>
            <ns3:hr>119</ns3:hr>
          </ns3:TrackPointExtension>
        </extensions>
      </trkpt>
      <trkpt lat="48.10799720697104930877685546875" lon="-122.76514984667301177978515625">
        <ele>-1.60000002384185791015625</ele>
        <time>2026-09-15T00:31:24.000Z</time>
        <extensions>
          <ns3:TrackPointExtension>
            <ns3:hr>119</ns3:hr>
          </ns3:TrackPointExtension>
        </extensions>
      </trkpt>
      <trkpt lat="48.1080993823707103729248046875" lon="-122.76511271484196186065673828125">
        <ele>-1.60000002384185791015625</ele>
        <time>2026-09-15T00:31:32.000Z</time>
        <extensions>
          <ns3:TrackPointExtension>
            <ns3:hr>116</ns3:hr>
          </ns3:TrackPointExtension>
        </extensions>
      </trkpt>
      <trkpt lat="48.108111284673213958740234375" lon="-122.76510835625231266021728515625">
        <ele>-1.60000002384185791015625</ele>
        <time>2026-09-15T00:31:33.000Z</time>
        <extensions>
          <ns3:TrackPointExtension>
            <ns3:hr>116</ns3:hr>
          </ns3:TrackPointExtension>
        </extensions>
      </trkpt>
      <trkpt lat="48.1082891486585140228271484375" lon="-122.7650534547865390777587890625">
        <ele>-1.60000002384185791015625</ele>
        <time>2026-09-15T00:31:48.000Z</time>
        <extensions>
          <ns3:TrackPointExtension>
            <ns3:hr>114</ns3:hr>
          </ns3:TrackPointExtension>
        </extensions>
      </trkpt>
      <trkpt lat="48.1083890609443187713623046875" lon="-122.7650115452706813812255859375">
        <ele>-1.60000002384185791015625</ele>
        <time>2026-09-15T00:31:56.000Z</time>
        <extensions>
          <ns3:TrackPointExtension>
            <ns3:hr>111</ns3:hr>
          </ns3:TrackPointExtension>
        </extensions>
      </trkpt>
      <trkpt lat="48.10840599238872528076171875" lon="-122.76502646505832672119140625">
        <ele>-1.39999997615814208984375</ele>
        <time>2026-09-15T00:31:58.000Z</time>
        <extensions>
          <ns3:TrackPointExtension>
            <ns3:hr>111</ns3:hr>
          </ns3:TrackPointExtension>
        </extensions>
      </trkpt>
      <trkpt lat="48.1084081716835498809814453125" lon="-122.76504079811275005340576171875">
        <ele>-1.39999997615814208984375</ele>
        <time>2026-09-15T00:31:59.000Z</time>
        <extensions>
          <ns3:TrackPointExtension>
            <ns3:hr>111</ns3:hr>
          </ns3:TrackPointExtension>
        </extensions>
      </trkpt>
      <trkpt lat="48.10840037651360034942626953125" lon="-122.765099890530109405517578125">
        <ele>-1.39999997615814208984375</ele>
        <time>2026-09-15T00:32:04.000Z</time>
        <extensions>
          <ns3:TrackPointExtension>
            <ns3:hr>111</ns3:hr>
          </ns3:TrackPointExtension>
        </extensions>
      </trkpt>
      <trkpt lat="48.108388222754001617431640625" lon="-122.765194438397884368896484375">
        <ele>-1.39999997615814208984375</ele>
        <time>2026-09-15T00:32:12.000Z</time>
        <extensions>
          <ns3:TrackPointExtension>
            <ns3:hr>114</ns3:hr>
          </ns3:TrackPointExtension>
        </extensions>
      </trkpt>
      <trkpt lat="48.10837824828922748565673828125" lon="-122.76523835957050323486328125">
        <ele>-1.60000002384185791015625</ele>
        <time>2026-09-15T00:32:16.000Z</time>
        <extensions>
          <ns3:TrackPointExtension>
            <ns3:hr>115</ns3:hr>
          </ns3:TrackPointExtension>
        </extensions>
      </trkpt>
      <trkpt lat="48.10837514698505401611328125" lon="-122.76525068096816539764404296875">
        <ele>-1.60000002384185791015625</ele>
        <time>2026-09-15T00:32:17.000Z</time>
        <extensions>
          <ns3:TrackPointExtension>
            <ns3:hr>119</ns3:hr>
          </ns3:TrackPointExtension>
        </extensions>
      </trkpt>
      <trkpt lat="48.10837238095700740814208984375" lon="-122.7652623318135738372802734375">
        <ele>-1.60000002384185791015625</ele>
        <time>2026-09-15T00:32:18.000Z</time>
        <extensions>
          <ns3:TrackPointExtension>
            <ns3:hr>123</ns3:hr>
          </ns3:TrackPointExtension>
        </extensions>
      </trkpt>
      <trkpt lat="48.10836969874799251556396484375" lon="-122.7652744017541408538818359375">
        <ele>-1.60000002384185791015625</ele>
        <time>2026-09-15T00:32:19.000Z</time>
        <extensions>
          <ns3:TrackPointExtension>
            <ns3:hr>123</ns3:hr>
          </ns3:TrackPointExtension>
        </extensions>
      </trkpt>
      <trkpt lat="48.108366429805755615234375" lon="-122.76528932154178619384765625">
        <ele>-1.60000002384185791015625</ele>
        <time>2026-09-15T00:32:20.000Z</time>
        <extensions>
          <ns3:TrackPointExtension>
            <ns3:hr>120</ns3:hr>
          </ns3:TrackPointExtension>
        </extensions>
      </trkpt>
      <trkpt lat="48.10836198739707469940185546875" lon="-122.765307091176509857177734375">
        <ele>-1.60000002384185791015625</ele>
        <time>2026-09-15T00:32:21.000Z</time>
        <extensions>
          <ns3:TrackPointExtension>
            <ns3:hr>117</ns3:hr>
          </ns3:TrackPointExtension>
        </extensions>
      </trkpt>
      <trkpt lat="48.108355365693569183349609375" lon="-122.76535914279520511627197265625">
        <ele>-1.60000002384185791015625</ele>
        <time>2026-09-15T00:32:24.000Z</time>
        <extensions>
          <ns3:TrackPointExtension>
            <ns3:hr>114</ns3:hr>
          </ns3:TrackPointExtension>
        </extensions>
      </trkpt>
      <trkpt lat="48.1083489954471588134765625" lon="-122.765412367880344390869140625">
        <ele>-1.60000002384185791015625</ele>
        <time>2026-09-15T00:32:27.000Z</time>
        <extensions>
          <ns3:TrackPointExtension>
            <ns3:hr>114</ns3:hr>
          </ns3:TrackPointExtension>
        </extensions>
      </trkpt>
      <trkpt lat="48.10829979367554187774658203125" lon="-122.76571579277515411376953125">
        <ele>-1.39999997615814208984375</ele>
        <time>2026-09-15T00:32:43.000Z</time>
        <extensions>
          <ns3:TrackPointExtension>
            <ns3:hr>111</ns3:hr>
          </ns3:TrackPointExtension>
        </extensions>
      </trkpt>
      <trkpt lat="48.10829258523881435394287109375" lon="-122.76577320881187915802001953125">
        <ele>-1.39999997615814208984375</ele>
        <time>2026-09-15T00:32:46.000Z</time>
        <extensions>
          <ns3:TrackPointExtension>
            <ns3:hr>111</ns3:hr>
          </ns3:TrackPointExtension>
        </extensions>
      </trkpt>
      <trkpt lat="48.1082526035606861114501953125" lon="-122.766053415834903717041015625">
        <ele>-1.39999997615814208984375</ele>
        <time>2026-09-15T00:32:59.000Z</time>
        <extensions>
          <ns3:TrackPointExtension>
            <ns3:hr>114</ns3:hr>
          </ns3:TrackPointExtension>
        </extensions>
      </trkpt>
      <trkpt lat="48.10824749059975147247314453125" lon="-122.766100354492664337158203125">
        <ele>-1.39999997615814208984375</ele>
        <time>2026-09-15T00:33:01.000Z</time>
        <extensions>
          <ns3:TrackPointExtension>
            <ns3:hr>114</ns3:hr>
          </ns3:TrackPointExtension>
        </extensions>
      </trkpt>
      <trkpt lat="48.108207173645496368408203125" lon="-122.76636279188096523284912109375">
        <ele>-1.39999997615814208984375</ele>
        <time>2026-09-15T00:33:14.000Z</time>
        <extensions>
          <ns3:TrackPointExtension>
            <ns3:hr>114</ns3:hr>
          </ns3:TrackPointExtension>
        </extensions>
      </trkpt>
      <trkpt lat="48.1081811897456645965576171875" lon="-122.766521461308002471923828125">
        <ele>-1.39999997615814208984375</ele>
        <time>2026-09-15T00:33:23.000Z</time>
        <extensions>
          <ns3:TrackPointExtension>
            <ns3:hr>117</ns3:hr>
          </ns3:TrackPointExtension>
        </extensions>
      </trkpt>
      <trkpt lat="48.10819233767688274383544921875" lon="-122.76653931476175785064697265625">
        <ele>-1.60000002384185791015625</ele>
        <time>2026-09-15T00:33:25.000Z</time>
        <extensions>
          <ns3:TrackPointExtension>
            <ns3:hr>120</ns3:hr>
          </ns3:TrackPointExtension>
        </extensions>
      </trkpt>
      <trkpt lat="48.10823340900242328643798828125" lon="-122.7665330283343791961669921875">
        <ele>-1.60000002384185791015625</ele>
        <time>2026-09-15T00:33:29.000Z</time>
        <extensions>
          <ns3:TrackPointExtension>
            <ns3:hr>115</ns3:hr>
          </ns3:TrackPointExtension>
        </extensions>
      </trkpt>
      <trkpt lat="48.10824581421911716461181640625" lon="-122.7665313519537448883056640625">
        <ele>-1.60000002384185791015625</ele>
        <time>2026-09-15T00:33:30.000Z</time>
        <extensions>
          <ns3:TrackPointExtension>
            <ns3:hr>114</ns3:hr>
          </ns3:TrackPointExtension>
        </extensions>
      </trkpt>
      <trkpt lat="48.10834656469523906707763671875" lon="-122.7664974890649318695068359375">
        <ele>-1.39999997615814208984375</ele>
        <time>2026-09-15T00:33:39.000Z</time>
        <extensions>
          <ns3:TrackPointExtension>
            <ns3:hr>115</ns3:hr>
          </ns3:TrackPointExtension>
        </extensions>
      </trkpt>
      <trkpt lat="48.10835192911326885223388671875" lon="-122.76650075800716876983642578125">
        <ele>-1.39999997615814208984375</ele>
        <time>2026-09-15T00:33:40.000Z</time>
        <extensions>
          <ns3:TrackPointExtension>
            <ns3:hr>115</ns3:hr>
          </ns3:TrackPointExtension>
        </extensions>
      </trkpt>
      <trkpt lat="48.10835796408355236053466796875" lon="-122.7665135823190212249755859375">
        <ele>-1.60000002384185791015625</ele>
        <time>2026-09-15T00:33:42.000Z</time>
        <extensions>
          <ns3:TrackPointExtension>
            <ns3:hr>115</ns3:hr>
          </ns3:TrackPointExtension>
        </extensions>
      </trkpt>
      <trkpt lat="48.1083498336374759674072265625" lon="-122.7665340341627597808837890625">
        <ele>-1.60000002384185791015625</ele>
        <time>2026-09-15T00:33:44.000Z</time>
        <extensions>
          <ns3:TrackPointExtension>
            <ns3:hr>113</ns3:hr>
          </ns3:TrackPointExtension>
        </extensions>
      </trkpt>
      <trkpt lat="48.1083025597035884857177734375" lon="-122.76658994145691394805908203125">
        <ele>-1.39999997615814208984375</ele>
        <time>2026-09-15T00:33:52.000Z</time>
        <extensions>
          <ns3:TrackPointExtension>
            <ns3:hr>114</ns3:hr>
          </ns3:TrackPointExtension>
        </extensions>
      </trkpt>
      <trkpt lat="48.10823458246886730194091796875" lon="-122.76668834500014781951904296875">
        <ele>-1.60000002384185791015625</ele>
        <time>2026-09-15T00:34:04.000Z</time>
        <extensions>
          <ns3:TrackPointExtension>
            <ns3:hr>110</ns3:hr>
          </ns3:TrackPointExtension>
        </extensions>
      </trkpt>
      <trkpt lat="48.10822871513664722442626953125" lon="-122.7666959725320339202880859375">
        <ele>-1.60000002384185791015625</ele>
        <time>2026-09-15T00:34:05.000Z</time>
        <extensions>
          <ns3:TrackPointExtension>
            <ns3:hr>109</ns3:hr>
          </ns3:TrackPointExtension>
        </extensions>
      </trkpt>
      <trkpt lat="48.108172304928302764892578125" lon="-122.7668364532291889190673828125">
        <ele>-1.39999997615814208984375</ele>
        <time>2026-09-15T00:34:16.000Z</time>
        <extensions>
          <ns3:TrackPointExtension>
            <ns3:hr>110</ns3:hr>
          </ns3:TrackPointExtension>
        </extensions>
      </trkpt>
      <trkpt lat="48.1081513501703739166259765625" lon="-122.766860760748386383056640625">
        <ele>-1.60000002384185791015625</ele>
        <time>2026-09-15T00:34:18.000Z</time>
        <extensions>
          <ns3:TrackPointExtension>
            <ns3:hr>110</ns3:hr>
          </ns3:TrackPointExtension>
        </extensions>
      </trkpt>
      <trkpt lat="48.10811941511929035186767578125" lon="-122.7668548934161663055419921875">
        <ele>-1.60000002384185791015625</ele>
        <time>2026-09-15T00:34:20.000Z</time>
        <extensions>
          <ns3:TrackPointExtension>
            <ns3:hr>111</ns3:hr>
          </ns3:TrackPointExtension>
        </extensions>
      </trkpt>
      <trkpt lat="48.108104579150676727294921875" lon="-122.7668414823710918426513671875">
        <ele>-1.60000002384185791015625</ele>
        <time>2026-09-15T00:34:21.000Z</time>
        <extensions>
          <ns3:TrackPointExtension>
            <ns3:hr>112</ns3:hr>
          </ns3:TrackPointExtension>
        </extensions>
      </trkpt>
      <trkpt lat="48.1080718897283077239990234375" lon="-122.76679161004722118377685546875">
        <ele>-1.60000002384185791015625</ele>
        <time>2026-09-15T00:34:24.000Z</time>
        <extensions>
          <ns3:TrackPointExtension>
            <ns3:hr>115</ns3:hr>
          </ns3:TrackPointExtension>
        </extensions>
      </trkpt>
      <trkpt lat="48.1080378592014312744140625" lon="-122.7667191065847873687744140625">
        <ele>-1.60000002384185791015625</ele>
        <time>2026-09-15T00:34:28.000Z</time>
        <extensions>
          <ns3:TrackPointExtension>
            <ns3:hr>116</ns3:hr>
          </ns3:TrackPointExtension>
        </extensions>
      </trkpt>
      <trkpt lat="48.1079924292862415313720703125" lon="-122.76650595478713512420654296875">
        <ele>-1.7999999523162841796875</ele>
        <time>2026-09-15T00:34:38.000Z</time>
        <extensions>
          <ns3:TrackPointExtension>
            <ns3:hr>117</ns3:hr>
          </ns3:TrackPointExtension>
        </extensions>
      </trkpt>
      <trkpt lat="48.1079498492181301116943359375" lon="-122.766274027526378631591796875">
        <ele>-1.7999999523162841796875</ele>
        <time>2026-09-15T00:34:48.000Z</time>
        <extensions>
          <ns3:TrackPointExtension>
            <ns3:hr>118</ns3:hr>
          </ns3:TrackPointExtension>
        </extensions>
      </trkpt>
      <trkpt lat="48.10794892720878124237060546875" lon="-122.7662309445440769195556640625">
        <ele>-1.60000002384185791015625</ele>
        <time>2026-09-15T00:34:50.000Z</time>
        <extensions>
          <ns3:TrackPointExtension>
            <ns3:hr>115</ns3:hr>
          </ns3:TrackPointExtension>
        </extensions>
      </trkpt>
      <trkpt lat="48.10794197022914886474609375" lon="-122.7661561779677867889404296875">
        <ele>-1.7999999523162841796875</ele>
        <time>2026-09-15T00:34:54.000Z</time>
        <extensions>
          <ns3:TrackPointExtension>
            <ns3:hr>127</ns3:hr>
          </ns3:TrackPointExtension>
        </extensions>
      </trkpt>
      <trkpt lat="48.10794222168624401092529296875" lon="-122.76613983325660228729248046875">
        <ele>-1.7999999523162841796875</ele>
        <time>2026-09-15T00:34:55.000Z</time>
        <extensions>
          <ns3:TrackPointExtension>
            <ns3:hr>137</ns3:hr>
          </ns3:TrackPointExtension>
        </extensions>
      </trkpt>
      <trkpt lat="48.10794138349592685699462890625" lon="-122.76612206362187862396240234375">
        <ele>-1.7999999523162841796875</ele>
        <time>2026-09-15T00:34:56.000Z</time>
        <extensions>
          <ns3:TrackPointExtension>
            <ns3:hr>137</ns3:hr>
          </ns3:TrackPointExtension>
        </extensions>
      </trkpt>
      <trkpt lat="48.1079374440014362335205078125" lon="-122.766087949275970458984375">
        <ele>-1.7999999523162841796875</ele>
        <time>2026-09-15T00:34:58.000Z</time>
        <extensions>
          <ns3:TrackPointExtension>
            <ns3:hr>135</ns3:hr>
          </ns3:TrackPointExtension>
        </extensions>
      </trkpt>
      <trkpt lat="48.10795814730226993560791015625" lon="-122.76589575223624706268310546875">
        <ele>-1.7999999523162841796875</ele>
        <time>2026-09-15T00:35:07.000Z</time>
        <extensions>
          <ns3:TrackPointExtension>
            <ns3:hr>135</ns3:hr>
          </ns3:TrackPointExtension>
        </extensions>
      </trkpt>
      <trkpt lat="48.1079421378672122955322265625" lon="-122.7657350711524486541748046875">
        <ele>-1.60000002384185791015625</ele>
        <time>2026-09-15T00:35:15.000Z</time>
        <extensions>
          <ns3:TrackPointExtension>
            <ns3:hr>132</ns3:hr>
          </ns3:TrackPointExtension>
        </extensions>
      </trkpt>
      <trkpt lat="48.10793886892497539520263671875" lon="-122.76571604423224925994873046875">
        <ele>-1.60000002384185791015625</ele>
        <time>2026-09-15T00:35:16.000Z</time>
        <extensions>
          <ns3:TrackPointExtension>
            <ns3:hr>131</ns3:hr>
          </ns3:TrackPointExtension>
        </extensions>
      </trkpt>
      <trkpt lat="48.10791539959609508514404296875" lon="-122.7655969373881816864013671875">
        <ele>-1.39999997615814208984375</ele>
        <time>2026-09-15T00:35:23.000Z</time>
        <extensions>
          <ns3:TrackPointExtension>
            <ns3:hr>134</ns3:hr>
          </ns3:TrackPointExtension>
        </extensions>
      </trkpt>
      <trkpt lat="48.10790668241679668426513671875" lon="-122.76554103009402751922607421875">
        <ele>-1.39999997615814208984375</ele>
        <time>2026-09-15T00:35:27.000Z</time>
        <extensions>
          <ns3:TrackPointExtension>
            <ns3:hr>137</ns3:hr>
          </ns3:TrackPointExtension>
        </extensions>
      </trkpt>
      <trkpt lat="48.1079045869410037994384765625" lon="-122.76543240062892436981201171875">
        <ele>-1.2000000476837158203125</ele>
        <time>2026-09-15T00:35:34.000Z</time>
        <extensions>
          <ns3:TrackPointExtension>
            <ns3:hr>134</ns3:hr>
          </ns3:TrackPointExtension>
        </extensions>
      </trkpt>
      <trkpt lat="48.10789762996137142181396484375" lon="-122.76535126380622386932373046875">
        <ele>-1.39999997615814208984375</ele>
        <time>2026-09-15T00:35:39.000Z</time>
        <extensions>
          <ns3:TrackPointExtension>
            <ns3:hr>131</ns3:hr>
          </ns3:TrackPointExtension>
        </extensions>
      </trkpt>
      <trkpt lat="48.10789612121880054473876953125" lon="-122.76533550582826137542724609375">
        <ele>-1.39999997615814208984375</ele>
        <time>2026-09-15T00:35:40.000Z</time>
        <extensions>
          <ns3:TrackPointExtension>
            <ns3:hr>131</ns3:hr>
          </ns3:TrackPointExtension>
        </extensions>
      </trkpt>
      <trkpt lat="48.10789234936237335205078125" lon="-122.76522469706833362579345703125">
        <ele>-1.39999997615814208984375</ele>
        <time>2026-09-15T00:35:47.000Z</time>
        <extensions>
          <ns3:TrackPointExtension>
            <ns3:hr>123</ns3:hr>
          </ns3:TrackPointExtension>
        </extensions>
      </trkpt>
      <trkpt lat="48.10788706876337528228759765625" lon="-122.765199132263660430908203125">
        <ele>-1.2000000476837158203125</ele>
        <time>2026-09-15T00:35:49.000Z</time>
        <extensions>
          <ns3:TrackPointExtension>
            <ns3:hr>119</ns3:hr>
          </ns3:TrackPointExtension>
        </extensions>
      </trkpt>
      <trkpt lat="48.107881285250186920166015625" lon="-122.7651335857808589935302734375">
        <ele>-1.2000000476837158203125</ele>
        <time>2026-09-15T00:35:53.000Z</time>
        <extensions>
          <ns3:TrackPointExtension>
            <ns3:hr>116</ns3:hr>
          </ns3:TrackPointExtension>
        </extensions>
      </trkpt>
      <trkpt lat="48.10789092443883419036865234375" lon="-122.765101231634616851806640625">
        <ele>-1.39999997615814208984375</ele>
        <time>2026-09-15T00:35:55.000Z</time>
        <extensions>
          <ns3:TrackPointExtension>
            <ns3:hr>115</ns3:hr>
          </ns3:TrackPointExtension>
        </extensions>
      </trkpt>
      <trkpt lat="48.10789796523749828338623046875" lon="-122.76508748531341552734375">
        <ele>-1.39999997615814208984375</ele>
        <time>2026-09-15T00:35:56.000Z</time>
        <extensions>
          <ns3:TrackPointExtension>
            <ns3:hr>115</ns3:hr>
          </ns3:TrackPointExtension>
        </extensions>
      </trkpt>
      <trkpt lat="48.1079064309597015380859375" lon="-122.76507675647735595703125">
        <ele>-1.39999997615814208984375</ele>
        <time>2026-09-15T00:35:57.000Z</time>
        <extensions>
          <ns3:TrackPointExtension>
            <ns3:hr>118</ns3:hr>
          </ns3:TrackPointExtension>
        </extensions>
      </trkpt>
      <trkpt lat="48.107915483415126800537109375" lon="-122.765068374574184417724609375">
        <ele>-1.39999997615814208984375</ele>
        <time>2026-09-15T00:35:58.000Z</time>
        <extensions>
          <ns3:TrackPointExtension>
            <ns3:hr>122</ns3:hr>
          </ns3:TrackPointExtension>
        </extensions>
      </trkpt>
      <trkpt lat="48.10792881064116954803466796875" lon="-122.76506192050874233245849609375">
        <ele>-1.39999997615814208984375</ele>
        <time>2026-09-15T00:35:59.000Z</time>
        <extensions>
          <ns3:TrackPointExtension>
            <ns3:hr>132</ns3:hr>
          </ns3:TrackPointExtension>
        </extensions>
      </trkpt>
      <trkpt lat="48.1079424731433391571044921875" lon="-122.76505789719521999359130859375">
        <ele>-1.39999997615814208984375</ele>
        <time>2026-09-15T00:36:00.000Z</time>
        <extensions>
          <ns3:TrackPointExtension>
            <ns3:hr>135</ns3:hr>
          </ns3:TrackPointExtension>
        </extensions>
      </trkpt>
      <trkpt lat="48.10795781202614307403564453125" lon="-122.76505454443395137786865234375">
        <ele>-1.39999997615814208984375</ele>
        <time>2026-09-15T00:36:01.000Z</time>
        <extensions>
          <ns3:TrackPointExtension>
            <ns3:hr>136</ns3:hr>
          </ns3:TrackPointExtension>
        </extensions>
      </trkpt>
      <trkpt lat="48.1080695427954196929931640625" lon="-122.7650678716599941253662109375">
        <ele>-1.39999997615814208984375</ele>
        <time>2026-09-15T00:36:09.000Z</time>
        <extensions>
          <ns3:TrackPointExtension>
            <ns3:hr>139</ns3:hr>
          </ns3:TrackPointExtension>
        </extensions>
      </trkpt>
      <trkpt lat="48.108164928853511810302734375" lon="-122.7651158161461353302001953125">
        <ele>-1.39999997615814208984375</ele>
        <time>2026-09-15T00:36:17.000Z</time>
        <extensions>
          <ns3:TrackPointExtension>
            <ns3:hr>135</ns3:hr>
          </ns3:TrackPointExtension>
        </extensions>
      </trkpt>
      <trkpt lat="48.108179681003093719482421875" lon="-122.76511556468904018402099609375">
        <ele>-1.39999997615814208984375</ele>
        <time>2026-09-15T00:36:18.000Z</time>
        <extensions>
          <ns3:TrackPointExtension>
            <ns3:hr>133</ns3:hr>
          </ns3:TrackPointExtension>
        </extensions>
      </trkpt>
      <trkpt lat="48.1082821078598499298095703125" lon="-122.76511858217418193817138671875">
        <ele>-1.60000002384185791015625</ele>
        <time>2026-09-15T00:36:24.000Z</time>
        <extensions>
          <ns3:TrackPointExtension>
            <ns3:hr>130</ns3:hr>
          </ns3:TrackPointExtension>
        </extensions>
      </trkpt>
      <trkpt lat="48.10834069736301898956298828125" lon="-122.7651255391538143157958984375">
        <ele>-1.60000002384185791015625</ele>
        <time>2026-09-15T00:36:28.000Z</time>
        <extensions>
          <ns3:TrackPointExtension>
            <ns3:hr>127</ns3:hr>
          </ns3:TrackPointExtension>
        </extensions>
      </trkpt>
      <trkpt lat="48.1083543598651885986328125" lon="-122.7651252038776874542236328125">
        <ele>-1.60000002384185791015625</ele>
        <time>2026-09-15T00:36:29.000Z</time>
        <extensions>
          <ns3:TrackPointExtension>
            <ns3:hr>125</ns3:hr>
          </ns3:TrackPointExtension>
        </extensions>
      </trkpt>
      <trkpt lat="48.10838210396468639373779296875" lon="-122.76512176729738712310791015625">
        <ele>-1.60000002384185791015625</ele>
        <time>2026-09-15T00:36:31.000Z</time>
        <extensions>
          <ns3:TrackPointExtension>
            <ns3:hr>122</ns3:hr>
          </ns3:TrackPointExtension>
        </extensions>
      </trkpt>
      <trkpt lat="48.10847304761409759521484375" lon="-122.7651148103177547454833984375">
        <ele>-1.60000002384185791015625</ele>
        <time>2026-09-15T00:36:38.000Z</time>
        <extensions>
          <ns3:TrackPointExtension>
            <ns3:hr>119</ns3:hr>
          </ns3:TrackPointExtension>
        </extensions>
      </trkpt>
      <trkpt lat="48.10848553664982318878173828125" lon="-122.7651252038776874542236328125">
        <ele>-1.60000002384185791015625</ele>
        <time>2026-09-15T00:36:40.000Z</time>
        <extensions>
          <ns3:TrackPointExtension>
            <ns3:hr>119</ns3:hr>
          </ns3:TrackPointExtension>
        </extensions>
      </trkpt>
      <trkpt lat="48.10848352499306201934814453125" lon="-122.765142805874347686767578125">
        <ele>-1.60000002384185791015625</ele>
        <time>2026-09-15T00:36:42.000Z</time>
        <extensions>
          <ns3:TrackPointExtension>
            <ns3:hr>118</ns3:hr>
          </ns3:TrackPointExtension>
        </extensions>
      </trkpt>
      <trkpt lat="48.10846625827252864837646484375" lon="-122.76515730656683444976806640625">
        <ele>-1.60000002384185791015625</ele>
        <time>2026-09-15T00:36:45.000Z</time>
        <extensions>
          <ns3:TrackPointExtension>
            <ns3:hr>118</ns3:hr>
          </ns3:TrackPointExtension>
        </extensions>
      </trkpt>
      <trkpt lat="48.1084423698484897613525390625" lon="-122.7652049995958805084228515625">
        <ele>-1</ele>
        <time>2026-09-15T00:36:49.000Z</time>
        <extensions>
          <ns3:TrackPointExtension>
            <ns3:hr>117</ns3:hr>
          </ns3:TrackPointExtension>
        </extensions>
      </trkpt>
      <trkpt lat="48.10842703096568584442138671875" lon="-122.765262164175510406494140625">
        <ele>-1</ele>
        <time>2026-09-15T00:36:53.000Z</time>
        <extensions>
          <ns3:TrackPointExtension>
            <ns3:hr>117</ns3:hr>
          </ns3:TrackPointExtension>
        </extensions>
      </trkpt>
      <trkpt lat="48.10842401348054409027099609375" lon="-122.765276916325092315673828125">
        <ele>-1</ele>
        <time>2026-09-15T00:36:54.000Z</time>
        <extensions>
          <ns3:TrackPointExtension>
            <ns3:hr>117</ns3:hr>
          </ns3:TrackPointExtension>
        </extensions>
      </trkpt>
      <trkpt lat="48.108406327664852142333984375" lon="-122.76534564793109893798828125">
        <ele>-1</ele>
        <time>2026-09-15T00:36:59.000Z</time>
        <extensions>
          <ns3:TrackPointExtension>
            <ns3:hr>120</ns3:hr>
          </ns3:TrackPointExtension>
        </extensions>
      </trkpt>
      <trkpt lat="48.10837523080408573150634765625" lon="-122.76546643115580081939697265625">
        <ele>-1.2000000476837158203125</ele>
        <time>2026-09-15T00:37:08.000Z</time>
        <extensions>
          <ns3:TrackPointExtension>
            <ns3:hr>122</ns3:hr>
          </ns3:TrackPointExtension>
        </extensions>
      </trkpt>
      <trkpt lat="48.108336590230464935302734375" lon="-122.7655784972012042999267578125">
        <ele>-1.2000000476837158203125</ele>
        <time>2026-09-15T00:37:20.000Z</time>
        <extensions>
          <ns3:TrackPointExtension>
            <ns3:hr>121</ns3:hr>
          </ns3:TrackPointExtension>
        </extensions>
      </trkpt>
      <trkpt lat="48.10830272734165191650390625" lon="-122.76565334759652614593505859375">
        <ele>-1.2000000476837158203125</ele>
        <time>2026-09-15T00:37:28.000Z</time>
        <extensions>
          <ns3:TrackPointExtension>
            <ns3:hr>120</ns3:hr>
          </ns3:TrackPointExtension>
        </extensions>
      </trkpt>
      <trkpt lat="48.10829191468656063079833984375" lon="-122.76568016968667507171630859375">
        <ele>-1.2000000476837158203125</ele>
        <time>2026-09-15T00:37:30.000Z</time>
        <extensions>
          <ns3:TrackPointExtension>
            <ns3:hr>116</ns3:hr>
          </ns3:TrackPointExtension>
        </extensions>
      </trkpt>
      <trkpt lat="48.1082730554044246673583984375" lon="-122.76573230512440204620361328125">
        <ele>-1.2000000476837158203125</ele>
        <time>2026-09-15T00:37:33.000Z</time>
        <extensions>
          <ns3:TrackPointExtension>
            <ns3:hr>112</ns3:hr>
          </ns3:TrackPointExtension>
        </extensions>
      </trkpt>
      <trkpt lat="48.10823433101177215576171875" lon="-122.765830792486667633056640625">
        <ele>-1.39999997615814208984375</ele>
        <time>2026-09-15T00:37:38.000Z</time>
        <extensions>
          <ns3:TrackPointExtension>
            <ns3:hr>114</ns3:hr>
          </ns3:TrackPointExtension>
        </extensions>
      </trkpt>
      <trkpt lat="48.10818479396402835845947265625" lon="-122.76595341973006725311279296875">
        <ele>-1.2000000476837158203125</ele>
        <time>2026-09-15T00:37:45.000Z</time>
        <extensions>
          <ns3:TrackPointExtension>
            <ns3:hr>111</ns3:hr>
          </ns3:TrackPointExtension>
        </extensions>
      </trkpt>
      <trkpt lat="48.10816903598606586456298828125" lon="-122.7659818343818187713623046875">
        <ele>-1.2000000476837158203125</ele>
        <time>2026-09-15T00:37:47.000Z</time>
        <extensions>
          <ns3:TrackPointExtension>
            <ns3:hr>108</ns3:hr>
          </ns3:TrackPointExtension>
        </extensions>
      </trkpt>
      <trkpt lat="48.1081490032374858856201171875" lon="-122.766031287610530853271484375">
        <ele>-1.2000000476837158203125</ele>
        <time>2026-09-15T00:37:50.000Z</time>
        <extensions>
          <ns3:TrackPointExtension>
            <ns3:hr>104</ns3:hr>
          </ns3:TrackPointExtension>
        </extensions>
      </trkpt>
      <trkpt lat="48.1080584786832332611083984375" lon="-122.7662366442382335662841796875">
        <ele>-1</ele>
        <time>2026-09-15T00:38:03.000Z</time>
        <extensions>
          <ns3:TrackPointExtension>
            <ns3:hr>105</ns3:hr>
          </ns3:TrackPointExtension>
        </extensions>
      </trkpt>
      <trkpt lat="48.10805235989391803741455078125" lon="-122.76627511717379093170166015625">
        <ele>-1</ele>
        <time>2026-09-15T00:38:05.000Z</time>
        <extensions>
          <ns3:TrackPointExtension>
            <ns3:hr>107</ns3:hr>
          </ns3:TrackPointExtension>
        </extensions>
      </trkpt>
      <trkpt lat="48.10806610621511936187744140625" lon="-122.76629908941686153411865234375">
        <ele>-1.2000000476837158203125</ele>
        <time>2026-09-15T00:38:07.000Z</time>
        <extensions>
          <ns3:TrackPointExtension>
            <ns3:hr>105</ns3:hr>
          </ns3:TrackPointExtension>
        </extensions>
      </trkpt>
      <trkpt lat="48.10807767324149608612060546875" lon="-122.7663067169487476348876953125">
        <ele>-1.2000000476837158203125</ele>
        <time>2026-09-15T00:38:08.000Z</time>
        <extensions>
          <ns3:TrackPointExtension>
            <ns3:hr>105</ns3:hr>
          </ns3:TrackPointExtension>
        </extensions>
      </trkpt>
      <trkpt lat="48.1082033179700374603271484375" lon="-122.7663083933293819427490234375">
        <ele>-1.39999997615814208984375</ele>
        <time>2026-09-15T00:38:16.000Z</time>
        <extensions>
          <ns3:TrackPointExtension>
            <ns3:hr>105</ns3:hr>
          </ns3:TrackPointExtension>
        </extensions>
      </trkpt>
      <trkpt lat="48.10827079229056835174560546875" lon="-122.76630696840584278106689453125">
        <ele>-1.39999997615814208984375</ele>
        <time>2026-09-15T00:38:20.000Z</time>
        <extensions>
          <ns3:TrackPointExtension>
            <ns3:hr>108</ns3:hr>
          </ns3:TrackPointExtension>
        </extensions>
      </trkpt>
      <trkpt lat="48.10830515809357166290283203125" lon="-122.7663011848926544189453125">
        <ele>-1.39999997615814208984375</ele>
        <time>2026-09-15T00:38:22.000Z</time>
        <extensions>
          <ns3:TrackPointExtension>
            <ns3:hr>112</ns3:hr>
          </ns3:TrackPointExtension>
        </extensions>
      </trkpt>
      <trkpt lat="48.1083622388541698455810546875" lon="-122.7662979997694492340087890625">
        <ele>-1.39999997615814208984375</ele>
        <time>2026-09-15T00:38:25.000Z</time>
        <extensions>
          <ns3:TrackPointExtension>
            <ns3:hr>115</ns3:hr>
          </ns3:TrackPointExtension>
        </extensions>
      </trkpt>
      <trkpt lat="48.10839333571493625640869140625" lon="-122.76629917323589324951171875">
        <ele>-1.39999997615814208984375</ele>
        <time>2026-09-15T00:38:27.000Z</time>
        <extensions>
          <ns3:TrackPointExtension>
            <ns3:hr>117</ns3:hr>
          </ns3:TrackPointExtension>
        </extensions>
      </trkpt>
      <trkpt lat="48.10847011394798755645751953125" lon="-122.7663288451731204986572265625">
        <ele>-1.39999997615814208984375</ele>
        <time>2026-09-15T00:38:33.000Z</time>
        <extensions>
          <ns3:TrackPointExtension>
            <ns3:hr>115</ns3:hr>
          </ns3:TrackPointExtension>
        </extensions>
      </trkpt>
      <trkpt lat="48.1084758974611759185791015625" lon="-122.766338400542736053466796875">
        <ele>-1.39999997615814208984375</ele>
        <time>2026-09-15T00:38:34.000Z</time>
        <extensions>
          <ns3:TrackPointExtension>
            <ns3:hr>115</ns3:hr>
          </ns3:TrackPointExtension>
        </extensions>
      </trkpt>
      <trkpt lat="48.10846240259706974029541015625" lon="-122.7663751132786273956298828125">
        <ele>-1</ele>
        <time>2026-09-15T00:38:37.000Z</time>
        <extensions>
          <ns3:TrackPointExtension>
            <ns3:hr>114</ns3:hr>
          </ns3:TrackPointExtension>
        </extensions>
      </trkpt>
      <trkpt lat="48.1084442138671875" lon="-122.7663910388946533203125">
        <ele>-1</ele>
        <time>2026-09-15T00:38:39.000Z</time>
        <extensions>
          <ns3:TrackPointExtension>
            <ns3:hr>114</ns3:hr>
          </ns3:TrackPointExtension>
        </extensions>
      </trkpt>
      <trkpt lat="48.10835997574031352996826171875" lon="-122.76652607135474681854248046875">
        <ele>-1</ele>
        <time>2026-09-15T00:38:49.000Z</time>
        <extensions>
          <ns3:TrackPointExtension>
            <ns3:hr>115</ns3:hr>
          </ns3:TrackPointExtension>
        </extensions>
      </trkpt>
      <trkpt lat="48.1082733906805515289306640625" lon="-122.766661942005157470703125">
        <ele>-1.2000000476837158203125</ele>
        <time>2026-09-15T00:38:59.000Z</time>
        <extensions>
          <ns3:TrackPointExtension>
            <ns3:hr>115</ns3:hr>
          </ns3:TrackPointExtension>
        </extensions>
      </trkpt>
      <trkpt lat="48.10818915255367755889892578125" lon="-122.76681574992835521697998046875">
        <ele>-1.2000000476837158203125</ele>
        <time>2026-09-15T00:39:11.000Z</time>
        <extensions>
          <ns3:TrackPointExtension>
            <ns3:hr>115</ns3:hr>
          </ns3:TrackPointExtension>
        </extensions>
      </trkpt>
      <trkpt lat="48.10816769488155841827392578125" lon="-122.76685095392167568206787109375">
        <ele>-1.2000000476837158203125</ele>
        <time>2026-09-15T00:39:15.000Z</time>
        <extensions>
          <ns3:TrackPointExtension>
            <ns3:hr>113</ns3:hr>
          </ns3:TrackPointExtension>
        </extensions>
      </trkpt>
      <trkpt lat="48.108139447867870330810546875" lon="-122.7668424881994724273681640625">
        <ele>-1.39999997615814208984375</ele>
        <time>2026-09-15T00:39:18.000Z</time>
        <extensions>
          <ns3:TrackPointExtension>
            <ns3:hr>112</ns3:hr>
          </ns3:TrackPointExtension>
        </extensions>
      </trkpt>
      <trkpt lat="48.10808789916336536407470703125" lon="-122.7667858265340328216552734375">
        <ele>-1.39999997615814208984375</ele>
        <time>2026-09-15T00:39:26.000Z</time>
        <extensions>
          <ns3:TrackPointExtension>
            <ns3:hr>111</ns3:hr>
          </ns3:TrackPointExtension>
        </extensions>
      </trkpt>
      <trkpt lat="48.10805789195001125335693359375" lon="-122.7666792087256908416748046875">
        <ele>-1.39999997615814208984375</ele>
        <time>2026-09-15T00:39:35.000Z</time>
        <extensions>
          <ns3:TrackPointExtension>
            <ns3:hr>112</ns3:hr>
          </ns3:TrackPointExtension>
        </extensions>
      </trkpt>
      <trkpt lat="48.10805194079875946044921875" lon="-122.766656912863254547119140625">
        <ele>-1.39999997615814208984375</ele>
        <time>2026-09-15T00:39:37.000Z</time>
        <extensions>
          <ns3:TrackPointExtension>
            <ns3:hr>109</ns3:hr>
          </ns3:TrackPointExtension>
        </extensions>
      </trkpt>
      <trkpt lat="48.10804682783782482147216796875" lon="-122.766644172370433807373046875">
        <ele>-1.39999997615814208984375</ele>
        <time>2026-09-15T00:39:38.000Z</time>
        <extensions>
          <ns3:TrackPointExtension>
            <ns3:hr>106</ns3:hr>
          </ns3:TrackPointExtension>
        </extensions>
      </trkpt>
      <trkpt lat="48.10803928412497043609619140625" lon="-122.76662061922252178192138671875">
        <ele>-1.39999997615814208984375</ele>
        <time>2026-09-15T00:39:40.000Z</time>
        <extensions>
          <ns3:TrackPointExtension>
            <ns3:hr>102</ns3:hr>
          </ns3:TrackPointExtension>
        </extensions>
      </trkpt>
      <trkpt lat="48.1080353446304798126220703125" lon="-122.7666091360151767730712890625">
        <ele>-1.39999997615814208984375</ele>
        <time>2026-09-15T00:39:41.000Z</time>
        <extensions>
          <ns3:TrackPointExtension>
            <ns3:hr>106</ns3:hr>
          </ns3:TrackPointExtension>
        </extensions>
      </trkpt>
      <trkpt lat="48.10803308151662349700927734375" lon="-122.76659664697945117950439453125">
        <ele>-1.39999997615814208984375</ele>
        <time>2026-09-15T00:39:42.000Z</time>
        <extensions>
          <ns3:TrackPointExtension>
            <ns3:hr>117</ns3:hr>
          </ns3:TrackPointExtension>
        </extensions>
      </trkpt>
      <trkpt lat="48.1080299802124500274658203125" lon="-122.7665854990482330322265625">
        <ele>-1.39999997615814208984375</ele>
        <time>2026-09-15T00:39:43.000Z</time>
        <extensions>
          <ns3:TrackPointExtension>
            <ns3:hr>126</ns3:hr>
          </ns3:TrackPointExtension>
        </extensions>
      </trkpt>
      <trkpt lat="48.108014054596424102783203125" lon="-122.76649187318980693817138671875">
        <ele>-1.39999997615814208984375</ele>
        <time>2026-09-15T00:39:51.000Z</time>
        <extensions>
          <ns3:TrackPointExtension>
            <ns3:hr>128</ns3:hr>
          </ns3:TrackPointExtension>
        </extensions>
      </trkpt>
      <trkpt lat="48.1079538725316524505615234375" lon="-122.76636363007128238677978515625">
        <ele>-1.39999997615814208984375</ele>
        <time>2026-09-15T00:40:03.000Z</time>
        <extensions>
          <ns3:TrackPointExtension>
            <ns3:hr>128</ns3:hr>
          </ns3:TrackPointExtension>
        </extensions>
      </trkpt>
      <trkpt lat="48.1078884936869144439697265625" lon="-122.766264975070953369140625">
        <ele>-1.39999997615814208984375</ele>
        <time>2026-09-15T00:40:13.000Z</time>
        <extensions>
          <ns3:TrackPointExtension>
            <ns3:hr>125</ns3:hr>
          </ns3:TrackPointExtension>
        </extensions>
      </trkpt>
      <trkpt lat="48.10786276124417781829833984375" lon="-122.76622734032571315765380859375">
        <ele>-1.39999997615814208984375</ele>
        <time>2026-09-15T00:40:17.000Z</time>
        <extensions>
          <ns3:TrackPointExtension>
            <ns3:hr>122</ns3:hr>
          </ns3:TrackPointExtension>
        </extensions>
      </trkpt>
      <trkpt lat="48.10784817673265933990478515625" lon="-122.7662104927003383636474609375">
        <ele>-1.39999997615814208984375</ele>
        <time>2026-09-15T00:40:19.000Z</time>
        <extensions>
          <ns3:TrackPointExtension>
            <ns3:hr>123</ns3:hr>
          </ns3:TrackPointExtension>
        </extensions>
      </trkpt>
      <trkpt lat="48.1077865697443485260009765625" lon="-122.76614486239850521087646484375">
        <ele>-1.60000002384185791015625</ele>
        <time>2026-09-15T00:40:26.000Z</time>
        <extensions>
          <ns3:TrackPointExtension>
            <ns3:hr>120</ns3:hr>
          </ns3:TrackPointExtension>
        </extensions>
      </trkpt>
      <trkpt lat="48.10775580815970897674560546875" lon="-122.766104042530059814453125">
        <ele>-1.60000002384185791015625</ele>
        <time>2026-09-15T00:40:30.000Z</time>
        <extensions>
          <ns3:TrackPointExtension>
            <ns3:hr>119</ns3:hr>
          </ns3:TrackPointExtension>
        </extensions>
      </trkpt>
      <trkpt lat="48.10772814787924289703369140625" lon="-122.7659845165908336639404296875">
        <ele>-1.60000002384185791015625</ele>
        <time>2026-09-15T00:40:39.000Z</time>
        <extensions>
          <ns3:TrackPointExtension>
            <ns3:hr>117</ns3:hr>
          </ns3:TrackPointExtension>
        </extensions>
      </trkpt>
      <trkpt lat="48.10773074626922607421875" lon="-122.76594671420753002166748046875">
        <ele>-1.60000002384185791015625</ele>
        <time>2026-09-15T00:40:41.000Z</time>
        <extensions>
          <ns3:TrackPointExtension>
            <ns3:hr>113</ns3:hr>
          </ns3:TrackPointExtension>
        </extensions>
      </trkpt>
      <trkpt lat="48.107733093202114105224609375" lon="-122.76592894457280635833740234375">
        <ele>-1.60000002384185791015625</ele>
        <time>2026-09-15T00:40:42.000Z</time>
        <extensions>
          <ns3:TrackPointExtension>
            <ns3:hr>109</ns3:hr>
          </ns3:TrackPointExtension>
        </extensions>
      </trkpt>
      <trkpt lat="48.10773686505854129791259765625" lon="-122.765911258757114410400390625">
        <ele>-1.60000002384185791015625</ele>
        <time>2026-09-15T00:40:43.000Z</time>
        <extensions>
          <ns3:TrackPointExtension>
            <ns3:hr>106</ns3:hr>
          </ns3:TrackPointExtension>
        </extensions>
      </trkpt>
      <trkpt lat="48.10776569880545139312744140625" lon="-122.76576432399451732635498046875">
        <ele>-1.60000002384185791015625</ele>
        <time>2026-09-15T00:40:50.000Z</time>
        <extensions>
          <ns3:TrackPointExtension>
            <ns3:hr>106</ns3:hr>
          </ns3:TrackPointExtension>
        </extensions>
      </trkpt>
      <trkpt lat="48.10782386921346187591552734375" lon="-122.7655546925961971282958984375">
        <ele>-1.39999997615814208984375</ele>
        <time>2026-09-15T00:40:59.000Z</time>
        <extensions>
          <ns3:TrackPointExtension>
            <ns3:hr>109</ns3:hr>
          </ns3:TrackPointExtension>
        </extensions>
      </trkpt>
      <trkpt lat="48.107841052114963531494140625" lon="-122.765471376478672027587890625">
        <ele>-1.39999997615814208984375</ele>
        <time>2026-09-15T00:41:02.000Z</time>
        <extensions>
          <ns3:TrackPointExtension>
            <ns3:hr>112</ns3:hr>
          </ns3:TrackPointExtension>
        </extensions>
      </trkpt>
      <trkpt lat="48.10788187198340892791748046875" lon="-122.76526677422225475311279296875">
        <ele>-1.39999997615814208984375</ele>
        <time>2026-09-15T00:41:10.000Z</time>
        <extensions>
          <ns3:TrackPointExtension>
            <ns3:hr>113</ns3:hr>
          </ns3:TrackPointExtension>
        </extensions>
      </trkpt>
      <trkpt lat="48.10789243318140506744384765625" lon="-122.76522620581090450286865234375">
        <ele>-1.39999997615814208984375</ele>
        <time>2026-09-15T00:41:12.000Z</time>
        <extensions>
          <ns3:TrackPointExtension>
            <ns3:hr>116</ns3:hr>
          </ns3:TrackPointExtension>
        </extensions>
      </trkpt>
      <trkpt lat="48.10793970711529254913330078125" lon="-122.76516996324062347412109375">
        <ele>-1.2000000476837158203125</ele>
        <time>2026-09-15T00:41:16.000Z</time>
        <extensions>
          <ns3:TrackPointExtension>
            <ns3:hr>118</ns3:hr>
          </ns3:TrackPointExtension>
        </extensions>
      </trkpt>
      <trkpt lat="48.10803475789725780487060546875" lon="-122.765168957412242889404296875">
        <ele>-1.39999997615814208984375</ele>
        <time>2026-09-15T00:41:24.000Z</time>
        <extensions>
          <ns3:TrackPointExtension>
            <ns3:hr>116</ns3:hr>
          </ns3:TrackPointExtension>
        </extensions>
      </trkpt>
      <trkpt lat="48.10808605514466762542724609375" lon="-122.76517935097217559814453125">
        <ele>-1.39999997615814208984375</ele>
        <time>2026-09-15T00:41:30.000Z</time>
        <extensions>
          <ns3:TrackPointExtension>
            <ns3:hr>119</ns3:hr>
          </ns3:TrackPointExtension>
        </extensions>
      </trkpt>
      <trkpt lat="48.10812025330960750579833984375" lon="-122.76518412865698337554931640625">
        <ele>-1.39999997615814208984375</ele>
        <time>2026-09-15T00:41:34.000Z</time>
        <extensions>
          <ns3:TrackPointExtension>
            <ns3:hr>116</ns3:hr>
          </ns3:TrackPointExtension>
        </extensions>
      </trkpt>
      <trkpt lat="48.10813182033598423004150390625" lon="-122.76518530212342739105224609375">
        <ele>-1.39999997615814208984375</ele>
        <time>2026-09-15T00:41:35.000Z</time>
        <extensions>
          <ns3:TrackPointExtension>
            <ns3:hr>117</ns3:hr>
          </ns3:TrackPointExtension>
        </extensions>
      </trkpt>
      <trkpt lat="48.1082670204341411590576171875" lon="-122.76521413587033748626708984375">
        <ele>-1.2000000476837158203125</ele>
        <time>2026-09-15T00:41:44.000Z</time>
        <extensions>
          <ns3:TrackPointExtension>
            <ns3:hr>117</ns3:hr>
          </ns3:TrackPointExtension>
        </extensions>
      </trkpt>
      <trkpt lat="48.10834388248622417449951171875" lon="-122.76522872038185596466064453125">
        <ele>-1.39999997615814208984375</ele>
        <time>2026-09-15T00:41:49.000Z</time>
        <extensions>
          <ns3:TrackPointExtension>
            <ns3:hr>114</ns3:hr>
          </ns3:TrackPointExtension>
        </extensions>
      </trkpt>
      <trkpt lat="48.10842317529022693634033203125" lon="-122.76523056440055370330810546875">
        <ele>-1.2000000476837158203125</ele>
        <time>2026-09-15T00:41:55.000Z</time>
        <extensions>
          <ns3:TrackPointExtension>
            <ns3:hr>114</ns3:hr>
          </ns3:TrackPointExtension>
        </extensions>
      </trkpt>
      <trkpt lat="48.10855812393128871917724609375" lon="-122.76524783112108707427978515625">
        <ele>-1.39999997615814208984375</ele>
        <time>2026-09-15T00:42:07.000Z</time>
        <extensions>
          <ns3:TrackPointExtension>
            <ns3:hr>114</ns3:hr>
          </ns3:TrackPointExtension>
        </extensions>
      </trkpt>
      <trkpt lat="48.10857907868921756744384765625" lon="-122.76525286026298999786376953125">
        <ele>-1.39999997615814208984375</ele>
        <time>2026-09-15T00:42:09.000Z</time>
        <extensions>
          <ns3:TrackPointExtension>
            <ns3:hr>106</ns3:hr>
          </ns3:TrackPointExtension>
        </extensions>
      </trkpt>
      <trkpt lat="48.1085885502398014068603515625" lon="-122.7652546204626560211181640625">
        <ele>-1.39999997615814208984375</ele>
        <time>2026-09-15T00:42:10.000Z</time>
        <extensions>
          <ns3:TrackPointExtension>
            <ns3:hr>106</ns3:hr>
          </ns3:TrackPointExtension>
        </extensions>
      </trkpt>
      <trkpt lat="48.10876230709254741668701171875" lon="-122.765282280743122100830078125">
        <ele>-1.39999997615814208984375</ele>
        <time>2026-09-15T00:42:23.000Z</time>
        <extensions>
          <ns3:TrackPointExtension>
            <ns3:hr>109</ns3:hr>
          </ns3:TrackPointExtension>
        </extensions>
      </trkpt>
      <trkpt lat="48.10877387411892414093017578125" lon="-122.76528420858085155487060546875">
        <ele>-1.60000002384185791015625</ele>
        <time>2026-09-15T00:42:24.000Z</time>
        <extensions>
          <ns3:TrackPointExtension>
            <ns3:hr>110</ns3:hr>
          </ns3:TrackPointExtension>
        </extensions>
      </trkpt>
      <trkpt lat="48.1088022887706756591796875" lon="-122.7653267048299312591552734375">
        <ele>-1.60000002384185791015625</ele>
        <time>2026-09-15T00:42:29.000Z</time>
        <extensions>
          <ns3:TrackPointExtension>
            <ns3:hr>112</ns3:hr>
          </ns3:TrackPointExtension>
        </extensions>
      </trkpt>
      <trkpt lat="48.10879885219037532806396484375" lon="-122.76534162461757659912109375">
        <ele>-1.60000002384185791015625</ele>
        <time>2026-09-15T00:42:30.000Z</time>
        <extensions>
          <ns3:TrackPointExtension>
            <ns3:hr>112</ns3:hr>
          </ns3:TrackPointExtension>
        </extensions>
      </trkpt>
      <trkpt lat="48.10879357159137725830078125" lon="-122.7653535269200801849365234375">
        <ele>-1.60000002384185791015625</ele>
        <time>2026-09-15T00:42:31.000Z</time>
        <extensions>
          <ns3:TrackPointExtension>
            <ns3:hr>112</ns3:hr>
          </ns3:TrackPointExtension>
        </extensions>
      </trkpt>
      <trkpt lat="48.108769096434116363525390625" lon="-122.76540222577750682830810546875">
        <ele>-1.2000000476837158203125</ele>
        <time>2026-09-15T00:42:36.000Z</time>
        <extensions>
          <ns3:TrackPointExtension>
            <ns3:hr>115</ns3:hr>
          </ns3:TrackPointExtension>
        </extensions>
      </trkpt>
      <trkpt lat="48.10875090770423412322998046875" lon="-122.765449248254299163818359375">
        <ele>-1</ele>
        <time>2026-09-15T00:42:39.000Z</time>
        <extensions>
          <ns3:TrackPointExtension>
            <ns3:hr>118</ns3:hr>
          </ns3:TrackPointExtension>
        </extensions>
      </trkpt>
      <trkpt lat="48.10872056521475315093994140625" lon="-122.76553072035312652587890625">
        <ele>-1</ele>
        <time>2026-09-15T00:42:43.000Z</time>
        <extensions>
          <ns3:TrackPointExtension>
            <ns3:hr>121</ns3:hr>
          </ns3:TrackPointExtension>
        </extensions>
      </trkpt>
      <trkpt lat="48.1087042205035686492919921875" lon="-122.76557497680187225341796875">
        <ele>-1</ele>
        <time>2026-09-15T00:42:45.000Z</time>
        <extensions>
          <ns3:TrackPointExtension>
            <ns3:hr>121</ns3:hr>
          </ns3:TrackPointExtension>
        </extensions>
      </trkpt>
      <trkpt lat="48.1086198985576629638671875" lon="-122.76577287353575229644775390625">
        <ele>-1.2000000476837158203125</ele>
        <time>2026-09-15T00:42:54.000Z</time>
        <extensions>
          <ns3:TrackPointExtension>
            <ns3:hr>123</ns3:hr>
          </ns3:TrackPointExtension>
        </extensions>
      </trkpt>
      <trkpt lat="48.10858477838337421417236328125" lon="-122.7658668346703052520751953125">
        <ele>-1.39999997615814208984375</ele>
        <time>2026-09-15T00:42:58.000Z</time>
        <extensions>
          <ns3:TrackPointExtension>
            <ns3:hr>119</ns3:hr>
          </ns3:TrackPointExtension>
        </extensions>
      </trkpt>
      <trkpt lat="48.10849157162010669708251953125" lon="-122.7660948224365711212158203125">
        <ele>-1.39999997615814208984375</ele>
        <time>2026-09-15T00:43:08.000Z</time>
        <extensions>
          <ns3:TrackPointExtension>
            <ns3:hr>114</ns3:hr>
          </ns3:TrackPointExtension>
        </extensions>
      </trkpt>
      <trkpt lat="48.10847296379506587982177734375" lon="-122.7661397494375705718994140625">
        <ele>-1.39999997615814208984375</ele>
        <time>2026-09-15T00:43:10.000Z</time>
        <extensions>
          <ns3:TrackPointExtension>
            <ns3:hr>111</ns3:hr>
          </ns3:TrackPointExtension>
        </extensions>
      </trkpt>
      <trkpt lat="48.1084509193897247314453125" lon="-122.76617788709700107574462890625">
        <ele>-1.39999997615814208984375</ele>
        <time>2026-09-15T00:43:12.000Z</time>
        <extensions>
          <ns3:TrackPointExtension>
            <ns3:hr>107</ns3:hr>
          </ns3:TrackPointExtension>
        </extensions>
      </trkpt>
      <trkpt lat="48.10836081393063068389892578125" lon="-122.76637050323188304901123046875">
        <ele>-1.2000000476837158203125</ele>
        <time>2026-09-15T00:43:21.000Z</time>
        <extensions>
          <ns3:TrackPointExtension>
            <ns3:hr>106</ns3:hr>
          </ns3:TrackPointExtension>
        </extensions>
      </trkpt>
      <trkpt lat="48.10825671069324016571044921875" lon="-122.76666353456676006317138671875">
        <ele>-1.2000000476837158203125</ele>
        <time>2026-09-15T00:43:34.000Z</time>
        <extensions>
          <ns3:TrackPointExtension>
            <ns3:hr>106</ns3:hr>
          </ns3:TrackPointExtension>
        </extensions>
      </trkpt>
      <trkpt lat="48.10815596021711826324462890625" lon="-122.7668622694909572601318359375">
        <ele>-1.39999997615814208984375</ele>
        <time>2026-09-15T00:43:44.000Z</time>
        <extensions>
          <ns3:TrackPointExtension>
            <ns3:hr>105</ns3:hr>
          </ns3:TrackPointExtension>
        </extensions>
      </trkpt>
      <trkpt lat="48.10808588750660419464111328125" lon="-122.7667740918695926666259765625">
        <ele>-1.60000002384185791015625</ele>
        <time>2026-09-15T00:43:50.000Z</time>
        <extensions>
          <ns3:TrackPointExtension>
            <ns3:hr>105</ns3:hr>
          </ns3:TrackPointExtension>
        </extensions>
      </trkpt>
      <trkpt lat="48.10804682783782482147216796875" lon="-122.76660972274839878082275390625">
        <ele>-1.2000000476837158203125</ele>
        <time>2026-09-15T00:43:58.000Z</time>
        <extensions>
          <ns3:TrackPointExtension>
            <ns3:hr>106</ns3:hr>
          </ns3:TrackPointExtension>
        </extensions>
      </trkpt>
      <trkpt lat="48.108041547238826751708984375" lon="-122.7665908634662628173828125">
        <ele>-1.2000000476837158203125</ele>
        <time>2026-09-15T00:43:59.000Z</time>
        <extensions>
          <ns3:TrackPointExtension>
            <ns3:hr>109</ns3:hr>
          </ns3:TrackPointExtension>
        </extensions>
      </trkpt>
      <trkpt lat="48.10803593136370182037353515625" lon="-122.76657518930733203887939453125">
        <ele>-1.2000000476837158203125</ele>
        <time>2026-09-15T00:44:00.000Z</time>
        <extensions>
          <ns3:TrackPointExtension>
            <ns3:hr>112</ns3:hr>
          </ns3:TrackPointExtension>
        </extensions>
      </trkpt>
      <trkpt lat="48.10800726525485515594482421875" lon="-122.76649095118045806884765625">
        <ele>-1.2000000476837158203125</ele>
        <time>2026-09-15T00:44:05.000Z</time>
        <extensions>
          <ns3:TrackPointExtension>
            <ns3:hr>114</ns3:hr>
          </ns3:TrackPointExtension>
        </extensions>
      </trkpt>
      <trkpt lat="48.10799469240009784698486328125" lon="-122.766455076634883880615234375">
        <ele>-1.2000000476837158203125</ele>
        <time>2026-09-15T00:44:07.000Z</time>
        <extensions>
          <ns3:TrackPointExtension>
            <ns3:hr>109</ns3:hr>
          </ns3:TrackPointExtension>
        </extensions>
      </trkpt>
      <trkpt lat="48.10798932798206806182861328125" lon="-122.76643688790500164031982421875">
        <ele>-1.2000000476837158203125</ele>
        <time>2026-09-15T00:44:08.000Z</time>
        <extensions>
          <ns3:TrackPointExtension>
            <ns3:hr>105</ns3:hr>
          </ns3:TrackPointExtension>
        </extensions>
      </trkpt>
      <trkpt lat="48.10797491110861301422119140625" lon="-122.76639916934072971343994140625">
        <ele>-1.2000000476837158203125</ele>
        <time>2026-09-15T00:44:10.000Z</time>
        <extensions>
          <ns3:TrackPointExtension>
            <ns3:hr>101</ns3:hr>
          </ns3:TrackPointExtension>
        </extensions>
      </trkpt>
      <trkpt lat="48.107948005199432373046875" lon="-122.7663231454789638519287109375">
        <ele>-1.2000000476837158203125</ele>
        <time>2026-09-15T00:44:14.000Z</time>
        <extensions>
          <ns3:TrackPointExtension>
            <ns3:hr>107</ns3:hr>
          </ns3:TrackPointExtension>
        </extensions>
      </trkpt>
      <trkpt lat="48.10794121585786342620849609375" lon="-122.7663040347397327423095703125">
        <ele>-1.2000000476837158203125</ele>
        <time>2026-09-15T00:44:15.000Z</time>
        <extensions>
          <ns3:TrackPointExtension>
            <ns3:hr>113</ns3:hr>
          </ns3:TrackPointExtension>
        </extensions>
      </trkpt>
      <trkpt lat="48.107937611639499664306640625" lon="-122.7662872709333896636962890625">
        <ele>-1.39999997615814208984375</ele>
        <time>2026-09-15T00:44:16.000Z</time>
        <extensions>
          <ns3:TrackPointExtension>
            <ns3:hr>116</ns3:hr>
          </ns3:TrackPointExtension>
        </extensions>
      </trkpt>
      <trkpt lat="48.10792998410761356353759765625" lon="-122.766270674765110015869140625">
        <ele>-1.39999997615814208984375</ele>
        <time>2026-09-15T00:44:17.000Z</time>
        <extensions>
          <ns3:TrackPointExtension>
            <ns3:hr>120</ns3:hr>
          </ns3:TrackPointExtension>
        </extensions>
      </trkpt>
      <trkpt lat="48.1079236976802349090576171875" lon="-122.76625692844390869140625">
        <ele>-1.39999997615814208984375</ele>
        <time>2026-09-15T00:44:18.000Z</time>
        <extensions>
          <ns3:TrackPointExtension>
            <ns3:hr>119</ns3:hr>
          </ns3:TrackPointExtension>
        </extensions>
      </trkpt>
      <trkpt lat="48.107864856719970703125" lon="-122.7660894580185413360595703125">
        <ele>-1.2000000476837158203125</ele>
        <time>2026-09-15T00:44:28.000Z</time>
        <extensions>
          <ns3:TrackPointExtension>
            <ns3:hr>118</ns3:hr>
          </ns3:TrackPointExtension>
        </extensions>
      </trkpt>
      <trkpt lat="48.10778246261179447174072265625" lon="-122.76587672531604766845703125">
        <ele>-1.39999997615814208984375</ele>
        <time>2026-09-15T00:44:41.000Z</time>
        <extensions>
          <ns3:TrackPointExtension>
            <ns3:hr>117</ns3:hr>
          </ns3:TrackPointExtension>
        </extensions>
      </trkpt>
      <trkpt lat="48.10775245539844036102294921875" lon="-122.7657808363437652587890625">
        <ele>-1.39999997615814208984375</ele>
        <time>2026-09-15T00:44:47.000Z</time>
        <extensions>
          <ns3:TrackPointExtension>
            <ns3:hr>114</ns3:hr>
          </ns3:TrackPointExtension>
        </extensions>
      </trkpt>
      <trkpt lat="48.10773652978241443634033203125" lon="-122.7657406032085418701171875">
        <ele>-1.39999997615814208984375</ele>
        <time>2026-09-15T00:44:50.000Z</time>
        <extensions>
          <ns3:TrackPointExtension>
            <ns3:hr>114</ns3:hr>
          </ns3:TrackPointExtension>
        </extensions>
      </trkpt>
      <trkpt lat="48.107739798724651336669921875" lon="-122.7656810916960239410400390625">
        <ele>-1.39999997615814208984375</ele>
        <time>2026-09-15T00:44:54.000Z</time>
        <extensions>
          <ns3:TrackPointExtension>
            <ns3:hr>111</ns3:hr>
          </ns3:TrackPointExtension>
        </extensions>
      </trkpt>
      <trkpt lat="48.1077577359974384307861328125" lon="-122.76562719605863094329833984375">
        <ele>-1.39999997615814208984375</ele>
        <time>2026-09-15T00:44:57.000Z</time>
        <extensions>
          <ns3:TrackPointExtension>
            <ns3:hr>111</ns3:hr>
          </ns3:TrackPointExtension>
        </extensions>
      </trkpt>
      <trkpt lat="48.10777676291763782501220703125" lon="-122.765567936003208160400390625">
        <ele>-1.60000002384185791015625</ele>
        <time>2026-09-15T00:45:00.000Z</time>
        <extensions>
          <ns3:TrackPointExtension>
            <ns3:hr>114</ns3:hr>
          </ns3:TrackPointExtension>
        </extensions>
      </trkpt>
      <trkpt lat="48.10783241875469684600830078125" lon="-122.76538462378084659576416015625">
        <ele>-1.7999999523162841796875</ele>
        <time>2026-09-15T00:45:08.000Z</time>
        <extensions>
          <ns3:TrackPointExtension>
            <ns3:hr>115</ns3:hr>
          </ns3:TrackPointExtension>
        </extensions>
      </trkpt>
      <trkpt lat="48.1078715622425079345703125" lon="-122.7652432210743427276611328125">
        <ele>-1.2000000476837158203125</ele>
        <time>2026-09-15T00:45:14.000Z</time>
        <extensions>
          <ns3:TrackPointExtension>
            <ns3:hr>118</ns3:hr>
          </ns3:TrackPointExtension>
        </extensions>
      </trkpt>
      <trkpt lat="48.10790182091295719146728515625" lon="-122.7651842124760150909423828125">
        <ele>-1.2000000476837158203125</ele>
        <time>2026-09-15T00:45:17.000Z</time>
        <extensions>
          <ns3:TrackPointExtension>
            <ns3:hr>115</ns3:hr>
          </ns3:TrackPointExtension>
        </extensions>
      </trkpt>
      <trkpt lat="48.10792579315602779388427734375" lon="-122.76515915058553218841552734375">
        <ele>-1.2000000476837158203125</ele>
        <time>2026-09-15T00:45:19.000Z</time>
        <extensions>
          <ns3:TrackPointExtension>
            <ns3:hr>115</ns3:hr>
          </ns3:TrackPointExtension>
        </extensions>
      </trkpt>
      <trkpt lat="48.10803526081144809722900390625" lon="-122.76512964628636837005615234375">
        <ele>-1</ele>
        <time>2026-09-15T00:45:27.000Z</time>
        <extensions>
          <ns3:TrackPointExtension>
            <ns3:hr>111</ns3:hr>
          </ns3:TrackPointExtension>
        </extensions>
      </trkpt>
      <trkpt lat="48.10808186419308185577392578125" lon="-122.7651174925267696380615234375">
        <ele>-1</ele>
        <time>2026-09-15T00:45:31.000Z</time>
        <extensions>
          <ns3:TrackPointExtension>
            <ns3:hr>115</ns3:hr>
          </ns3:TrackPointExtension>
        </extensions>
      </trkpt>
      <trkpt lat="48.108103238046169281005859375" lon="-122.7651151455938816070556640625">
        <ele>-1.2000000476837158203125</ele>
        <time>2026-09-15T00:45:33.000Z</time>
        <extensions>
          <ns3:TrackPointExtension>
            <ns3:hr>118</ns3:hr>
          </ns3:TrackPointExtension>
        </extensions>
      </trkpt>
      <trkpt lat="48.108148835599422454833984375" lon="-122.76511489413678646087646484375">
        <ele>-1.2000000476837158203125</ele>
        <time>2026-09-15T00:45:38.000Z</time>
        <extensions>
          <ns3:TrackPointExtension>
            <ns3:hr>120</ns3:hr>
          </ns3:TrackPointExtension>
        </extensions>
      </trkpt>
      <trkpt lat="48.108155541121959686279296875" lon="-122.76513635180890560150146484375">
        <ele>-1.39999997615814208984375</ele>
        <time>2026-09-15T00:45:41.000Z</time>
        <extensions>
          <ns3:TrackPointExtension>
            <ns3:hr>123</ns3:hr>
          </ns3:TrackPointExtension>
        </extensions>
      </trkpt>
      <trkpt lat="48.10815327800810337066650390625" lon="-122.7651550434529781341552734375">
        <ele>-1.39999997615814208984375</ele>
        <time>2026-09-15T00:45:43.000Z</time>
        <extensions>
          <ns3:TrackPointExtension>
            <ns3:hr>120</ns3:hr>
          </ns3:TrackPointExtension>
        </extensions>
      </trkpt>
      <trkpt lat="48.10815193690359592437744140625" lon="-122.7651639282703399658203125">
        <ele>-1.39999997615814208984375</ele>
        <time>2026-09-15T00:45:44.000Z</time>
        <extensions>
          <ns3:TrackPointExtension>
            <ns3:hr>119</ns3:hr>
          </ns3:TrackPointExtension>
        </extensions>
      </trkpt>
      <trkpt lat="48.108143471181392669677734375" lon="-122.7652150578796863555908203125">
        <ele>-1.2000000476837158203125</ele>
        <time>2026-09-15T00:45:48.000Z</time>
        <extensions>
          <ns3:TrackPointExtension>
            <ns3:hr>117</ns3:hr>
          </ns3:TrackPointExtension>
        </extensions>
      </trkpt>
      <trkpt lat="48.1081218458712100982666015625" lon="-122.76530248112976551055908203125">
        <ele>-1.39999997615814208984375</ele>
        <time>2026-09-15T00:45:53.000Z</time>
        <extensions>
          <ns3:TrackPointExtension>
            <ns3:hr>118</ns3:hr>
          </ns3:TrackPointExtension>
        </extensions>
      </trkpt>
      <trkpt lat="48.10805319808423519134521484375" lon="-122.76551672257483005523681640625">
        <ele>-1.60000002384185791015625</ele>
        <time>2026-09-15T00:46:04.000Z</time>
        <extensions>
          <ns3:TrackPointExtension>
            <ns3:hr>117</ns3:hr>
          </ns3:TrackPointExtension>
        </extensions>
      </trkpt>
      <trkpt lat="48.10797239653766155242919921875" lon="-122.765689976513385772705078125">
        <ele>-1.60000002384185791015625</ele>
        <time>2026-09-15T00:46:15.000Z</time>
        <extensions>
          <ns3:TrackPointExtension>
            <ns3:hr>114</ns3:hr>
          </ns3:TrackPointExtension>
        </extensions>
      </trkpt>
      <trkpt lat="48.107959739863872528076171875" lon="-122.76571445167064666748046875">
        <ele>-1.60000002384185791015625</ele>
        <time>2026-09-15T00:46:17.000Z</time>
        <extensions>
          <ns3:TrackPointExtension>
            <ns3:hr>113</ns3:hr>
          </ns3:TrackPointExtension>
        </extensions>
      </trkpt>
      <trkpt lat="48.10792453587055206298828125" lon="-122.76579064317047595977783203125">
        <ele>-1.7999999523162841796875</ele>
        <time>2026-09-15T00:46:23.000Z</time>
        <extensions>
          <ns3:TrackPointExtension>
            <ns3:hr>110</ns3:hr>
          </ns3:TrackPointExtension>
        </extensions>
      </trkpt>
      <trkpt lat="48.10791389085352420806884765625" lon="-122.7658131904900074005126953125">
        <ele>-1.60000002384185791015625</ele>
        <time>2026-09-15T00:46:25.000Z</time>
        <extensions>
          <ns3:TrackPointExtension>
            <ns3:hr>107</ns3:hr>
          </ns3:TrackPointExtension>
        </extensions>
      </trkpt>
      <trkpt lat="48.10789863578975200653076171875" lon="-122.76584261097013950347900390625">
        <ele>-1.60000002384185791015625</ele>
        <time>2026-09-15T00:46:28.000Z</time>
        <extensions>
          <ns3:TrackPointExtension>
            <ns3:hr>103</ns3:hr>
          </ns3:TrackPointExtension>
        </extensions>
      </trkpt>
      <trkpt lat="48.107880614697933197021484375" lon="-122.7658718638122081756591796875">
        <ele>-1.60000002384185791015625</ele>
        <time>2026-09-15T00:46:31.000Z</time>
        <extensions>
          <ns3:TrackPointExtension>
            <ns3:hr>101</ns3:hr>
          </ns3:TrackPointExtension>
        </extensions>
      </trkpt>
      <trkpt lat="48.10783468186855316162109375" lon="-122.7659620530903339385986328125">
        <ele>-1.7999999523162841796875</ele>
        <time>2026-09-15T00:46:39.000Z</time>
        <extensions>
          <ns3:TrackPointExtension>
            <ns3:hr>104</ns3:hr>
          </ns3:TrackPointExtension>
        </extensions>
      </trkpt>
      <trkpt lat="48.10778908431529998779296875" lon="-122.76607193984091281890869140625">
        <ele>-1.7999999523162841796875</ele>
        <time>2026-09-15T00:46:46.000Z</time>
        <extensions>
          <ns3:TrackPointExtension>
            <ns3:hr>106</ns3:hr>
          </ns3:TrackPointExtension>
        </extensions>
      </trkpt>
      <trkpt lat="48.10776284895837306976318359375" lon="-122.76614972390234470367431640625">
        <ele>-1.7999999523162841796875</ele>
        <time>2026-09-15T00:46:50.000Z</time>
        <extensions>
          <ns3:TrackPointExtension>
            <ns3:hr>109</ns3:hr>
          </ns3:TrackPointExtension>
        </extensions>
      </trkpt>
      <trkpt lat="48.10771708376705646514892578125" lon="-122.7662842534482479095458984375">
        <ele>-1.60000002384185791015625</ele>
        <time>2026-09-15T00:46:57.000Z</time>
        <extensions>
          <ns3:TrackPointExtension>
            <ns3:hr>105</ns3:hr>
          </ns3:TrackPointExtension>
        </extensions>
      </trkpt>
      <trkpt lat="48.10767634771764278411865234375" lon="-122.766370587050914764404296875">
        <ele>-1.60000002384185791015625</ele>
        <time>2026-09-15T00:47:02.000Z</time>
        <extensions>
          <ns3:TrackPointExtension>
            <ns3:hr>102</ns3:hr>
          </ns3:TrackPointExtension>
        </extensions>
      </trkpt>
      <trkpt lat="48.10765095055103302001953125" lon="-122.7664689905941486358642578125">
        <ele>-1.60000002384185791015625</ele>
        <time>2026-09-15T00:47:08.000Z</time>
        <extensions>
          <ns3:TrackPointExtension>
            <ns3:hr>100</ns3:hr>
          </ns3:TrackPointExtension>
        </extensions>
      </trkpt>
      <trkpt lat="48.10766746290028095245361328125" lon="-122.7664894424378871917724609375">
        <ele>-1.60000002384185791015625</ele>
        <time>2026-09-15T00:47:10.000Z</time>
        <extensions>
          <ns3:TrackPointExtension>
            <ns3:hr>100</ns3:hr>
          </ns3:TrackPointExtension>
        </extensions>
      </trkpt>
      <trkpt lat="48.10768439434468746185302734375" lon="-122.7664995007216930389404296875">
        <ele>-1.7999999523162841796875</ele>
        <time>2026-09-15T00:47:12.000Z</time>
        <extensions>
          <ns3:TrackPointExtension>
            <ns3:hr>103</ns3:hr>
          </ns3:TrackPointExtension>
        </extensions>
      </trkpt>
      <trkpt lat="48.10769227333366870880126953125" lon="-122.766497991979122161865234375">
        <ele>-1.7999999523162841796875</ele>
        <time>2026-09-15T00:47:13.000Z</time>
        <extensions>
          <ns3:TrackPointExtension>
            <ns3:hr>103</ns3:hr>
          </ns3:TrackPointExtension>
        </extensions>
      </trkpt>
      <trkpt lat="48.107812218368053436279296875" lon="-122.76643202640116214752197265625">
        <ele>-1.60000002384185791015625</ele>
        <time>2026-09-15T00:47:24.000Z</time>
        <extensions>
          <ns3:TrackPointExtension>
            <ns3:hr>103</ns3:hr>
          </ns3:TrackPointExtension>
        </extensions>
      </trkpt>
      <trkpt lat="48.1079091131687164306640625" lon="-122.76640000753104686737060546875">
        <ele>-1.60000002384185791015625</ele>
        <time>2026-09-15T00:47:32.000Z</time>
        <extensions>
          <ns3:TrackPointExtension>
            <ns3:hr>106</ns3:hr>
          </ns3:TrackPointExtension>
        </extensions>
      </trkpt>
      <trkpt lat="48.10795781202614307403564453125" lon="-122.76637519709765911102294921875">
        <ele>-1.60000002384185791015625</ele>
        <time>2026-09-15T00:47:36.000Z</time>
        <extensions>
          <ns3:TrackPointExtension>
            <ns3:hr>106</ns3:hr>
          </ns3:TrackPointExtension>
        </extensions>
      </trkpt>
      <trkpt lat="48.1080671958625316619873046875" lon="-122.76631920598447322845458984375">
        <ele>-1.60000002384185791015625</ele>
        <time>2026-09-15T00:47:44.000Z</time>
        <extensions>
          <ns3:TrackPointExtension>
            <ns3:hr>110</ns3:hr>
          </ns3:TrackPointExtension>
        </extensions>
      </trkpt>
      <trkpt lat="48.10809644870460033416748046875" lon="-122.766306884586811065673828125">
        <ele>-1.7999999523162841796875</ele>
        <time>2026-09-15T00:47:46.000Z</time>
        <extensions>
          <ns3:TrackPointExtension>
            <ns3:hr>115</ns3:hr>
          </ns3:TrackPointExtension>
        </extensions>
      </trkpt>
      <trkpt lat="48.108142130076885223388671875" lon="-122.7662931382656097412109375">
        <ele>-1.7999999523162841796875</ele>
        <time>2026-09-15T00:47:49.000Z</time>
        <extensions>
          <ns3:TrackPointExtension>
            <ns3:hr>114</ns3:hr>
          </ns3:TrackPointExtension>
        </extensions>
      </trkpt>
      <trkpt lat="48.10816727578639984130859375" lon="-122.7662802301347255706787109375">
        <ele>-2</ele>
        <time>2026-09-15T00:47:51.000Z</time>
        <extensions>
          <ns3:TrackPointExtension>
            <ns3:hr>117</ns3:hr>
          </ns3:TrackPointExtension>
        </extensions>
      </trkpt>
      <trkpt lat="48.1082546152174472808837890625" lon="-122.76624494232237339019775390625">
        <ele>-2</ele>
        <time>2026-09-15T00:47:57.000Z</time>
        <extensions>
          <ns3:TrackPointExtension>
            <ns3:hr>114</ns3:hr>
          </ns3:TrackPointExtension>
        </extensions>
      </trkpt>
      <trkpt lat="48.10828395187854766845703125" lon="-122.76624343357980251312255859375">
        <ele>-2</ele>
        <time>2026-09-15T00:47:59.000Z</time>
        <extensions>
          <ns3:TrackPointExtension>
            <ns3:hr>113</ns3:hr>
          </ns3:TrackPointExtension>
        </extensions>
      </trkpt>
      <trkpt lat="48.1083672679960727691650390625" lon="-122.76626723818480968475341796875">
        <ele>-2</ele>
        <time>2026-09-15T00:48:04.000Z</time>
        <extensions>
          <ns3:TrackPointExtension>
            <ns3:hr>111</ns3:hr>
          </ns3:TrackPointExtension>
        </extensions>
      </trkpt>
      <trkpt lat="48.108372800052165985107421875" lon="-122.7662822417914867401123046875">
        <ele>-2</ele>
        <time>2026-09-15T00:48:05.000Z</time>
        <extensions>
          <ns3:TrackPointExtension>
            <ns3:hr>111</ns3:hr>
          </ns3:TrackPointExtension>
        </extensions>
      </trkpt>
      <trkpt lat="48.10835880227386951446533203125" lon="-122.7663575112819671630859375">
        <ele>-1.7999999523162841796875</ele>
        <time>2026-09-15T00:48:10.000Z</time>
        <extensions>
          <ns3:TrackPointExtension>
            <ns3:hr>112</ns3:hr>
          </ns3:TrackPointExtension>
        </extensions>
      </trkpt>
      <trkpt lat="48.10831270180642604827880859375" lon="-122.766496650874614715576171875">
        <ele>-1.39999997615814208984375</ele>
        <time>2026-09-15T00:48:20.000Z</time>
        <extensions>
          <ns3:TrackPointExtension>
            <ns3:hr>113</ns3:hr>
          </ns3:TrackPointExtension>
        </extensions>
      </trkpt>
      <trkpt lat="48.108282275497913360595703125" lon="-122.76656999252736568450927734375">
        <ele>-1.39999997615814208984375</ele>
        <time>2026-09-15T00:48:25.000Z</time>
        <extensions>
          <ns3:TrackPointExtension>
            <ns3:hr>116</ns3:hr>
          </ns3:TrackPointExtension>
        </extensions>
      </trkpt>
      <trkpt lat="48.108229972422122955322265625" lon="-122.76671734638512134552001953125">
        <ele>-1.60000002384185791015625</ele>
        <time>2026-09-15T00:48:33.000Z</time>
        <extensions>
          <ns3:TrackPointExtension>
            <ns3:hr>113</ns3:hr>
          </ns3:TrackPointExtension>
        </extensions>
      </trkpt>
      <trkpt lat="48.10822284780442714691162109375" lon="-122.7667378820478916168212890625">
        <ele>-1.60000002384185791015625</ele>
        <time>2026-09-15T00:48:34.000Z</time>
        <extensions>
          <ns3:TrackPointExtension>
            <ns3:hr>112</ns3:hr>
          </ns3:TrackPointExtension>
        </extensions>
      </trkpt>
      <trkpt lat="48.10817674733698368072509765625" lon="-122.76686377823352813720703125">
        <ele>-1.60000002384185791015625</ele>
        <time>2026-09-15T00:48:40.000Z</time>
        <extensions>
          <ns3:TrackPointExtension>
            <ns3:hr>112</ns3:hr>
          </ns3:TrackPointExtension>
        </extensions>
      </trkpt>
      <trkpt lat="48.108143471181392669677734375" lon="-122.76687853038311004638671875">
        <ele>-1.60000002384185791015625</ele>
        <time>2026-09-15T00:48:42.000Z</time>
        <extensions>
          <ns3:TrackPointExtension>
            <ns3:hr>113</ns3:hr>
          </ns3:TrackPointExtension>
        </extensions>
      </trkpt>
      <trkpt lat="48.10812771320343017578125" lon="-122.7668709866702556610107421875">
        <ele>-1.60000002384185791015625</ele>
        <time>2026-09-15T00:48:43.000Z</time>
        <extensions>
          <ns3:TrackPointExtension>
            <ns3:hr>113</ns3:hr>
          </ns3:TrackPointExtension>
        </extensions>
      </trkpt>
      <trkpt lat="48.108038194477558135986328125" lon="-122.76674333028495311737060546875">
        <ele>-1.7999999523162841796875</ele>
        <time>2026-09-15T00:48:50.000Z</time>
        <extensions>
          <ns3:TrackPointExtension>
            <ns3:hr>113</ns3:hr>
          </ns3:TrackPointExtension>
        </extensions>
      </trkpt>
      <trkpt lat="48.1079582311213016510009765625" lon="-122.76653931476175785064697265625">
        <ele>-1.7999999523162841796875</ele>
        <time>2026-09-15T00:49:00.000Z</time>
        <extensions>
          <ns3:TrackPointExtension>
            <ns3:hr>115</ns3:hr>
          </ns3:TrackPointExtension>
        </extensions>
      </trkpt>
      <trkpt lat="48.10789997689425945281982421875" lon="-122.7663908712565898895263671875">
        <ele>-1.7999999523162841796875</ele>
        <time>2026-09-15T00:49:08.000Z</time>
        <extensions>
          <ns3:TrackPointExtension>
            <ns3:hr>114</ns3:hr>
          </ns3:TrackPointExtension>
        </extensions>
      </trkpt>
      <trkpt lat="48.10783962719142436981201171875" lon="-122.7661920525133609771728515625">
        <ele>-1.7999999523162841796875</ele>
        <time>2026-09-15T00:49:19.000Z</time>
        <extensions>
          <ns3:TrackPointExtension>
            <ns3:hr>120</ns3:hr>
          </ns3:TrackPointExtension>
        </extensions>
      </trkpt>
      <trkpt lat="48.107831664383411407470703125" lon="-122.7661719359457492828369140625">
        <ele>-1.7999999523162841796875</ele>
        <time>2026-09-15T00:49:20.000Z</time>
        <extensions>
          <ns3:TrackPointExtension>
            <ns3:hr>127</ns3:hr>
          </ns3:TrackPointExtension>
        </extensions>
      </trkpt>
      <trkpt lat="48.10775865800678730010986328125" lon="-122.76593975722789764404296875">
        <ele>-1.7999999523162841796875</ele>
        <time>2026-09-15T00:49:32.000Z</time>
        <extensions>
          <ns3:TrackPointExtension>
            <ns3:hr>125</ns3:hr>
          </ns3:TrackPointExtension>
        </extensions>
      </trkpt>
      <trkpt lat="48.1077225320041179656982421875" lon="-122.76584479026496410369873046875">
        <ele>-1.7999999523162841796875</ele>
        <time>2026-09-15T00:49:38.000Z</time>
        <extensions>
          <ns3:TrackPointExtension>
            <ns3:hr>122</ns3:hr>
          </ns3:TrackPointExtension>
        </extensions>
      </trkpt>
      <trkpt lat="48.10770115815103054046630859375" lon="-122.7657679282128810882568359375">
        <ele>-1.7999999523162841796875</ele>
        <time>2026-09-15T00:49:42.000Z</time>
        <extensions>
          <ns3:TrackPointExtension>
            <ns3:hr>121</ns3:hr>
          </ns3:TrackPointExtension>
        </extensions>
      </trkpt>
      <trkpt lat="48.10767148621380329132080078125" lon="-122.76562937535345554351806640625">
        <ele>-2</ele>
        <time>2026-09-15T00:49:49.000Z</time>
        <extensions>
          <ns3:TrackPointExtension>
            <ns3:hr>124</ns3:hr>
          </ns3:TrackPointExtension>
        </extensions>
      </trkpt>
      <trkpt lat="48.10766830109059810638427734375" lon="-122.7656078338623046875">
        <ele>-2</ele>
        <time>2026-09-15T00:49:50.000Z</time>
        <extensions>
          <ns3:TrackPointExtension>
            <ns3:hr>124</ns3:hr>
          </ns3:TrackPointExtension>
        </extensions>
      </trkpt>
      <trkpt lat="48.10766712762415409088134765625" lon="-122.7655850350856781005859375">
        <ele>-2</ele>
        <time>2026-09-15T00:49:51.000Z</time>
        <extensions>
          <ns3:TrackPointExtension>
            <ns3:hr>124</ns3:hr>
          </ns3:TrackPointExtension>
        </extensions>
      </trkpt>
      <trkpt lat="48.10771255753934383392333984375" lon="-122.76542611420154571533203125">
        <ele>-2.2000000476837158203125</ele>
        <time>2026-09-15T00:49:58.000Z</time>
        <extensions>
          <ns3:TrackPointExtension>
            <ns3:hr>125</ns3:hr>
          </ns3:TrackPointExtension>
        </extensions>
      </trkpt>
      <trkpt lat="48.107846081256866455078125" lon="-122.765207849442958831787109375">
        <ele>-1.60000002384185791015625</ele>
        <time>2026-09-15T00:50:09.000Z</time>
        <extensions>
          <ns3:TrackPointExtension>
            <ns3:hr>124</ns3:hr>
          </ns3:TrackPointExtension>
        </extensions>
      </trkpt>
      <trkpt lat="48.10788966715335845947265625" lon="-122.76518010534346103668212890625">
        <ele>-1.39999997615814208984375</ele>
        <time>2026-09-15T00:50:12.000Z</time>
        <extensions>
          <ns3:TrackPointExtension>
            <ns3:hr>121</ns3:hr>
          </ns3:TrackPointExtension>
        </extensions>
      </trkpt>
      <trkpt lat="48.10793568380177021026611328125" lon="-122.76518647558987140655517578125">
        <ele>-1.39999997615814208984375</ele>
        <time>2026-09-15T00:50:16.000Z</time>
        <extensions>
          <ns3:TrackPointExtension>
            <ns3:hr>121</ns3:hr>
          </ns3:TrackPointExtension>
        </extensions>
      </trkpt>
      <trkpt lat="48.10801615007221698760986328125" lon="-122.7651520259678363800048828125">
        <ele>-2</ele>
        <time>2026-09-15T00:50:24.000Z</time>
        <extensions>
          <ns3:TrackPointExtension>
            <ns3:hr>119</ns3:hr>
          </ns3:TrackPointExtension>
        </extensions>
      </trkpt>
      <trkpt lat="48.10806275345385074615478515625" lon="-122.76505672372877597808837890625">
        <ele>-2</ele>
        <time>2026-09-15T00:50:29.000Z</time>
        <extensions>
          <ns3:TrackPointExtension>
            <ns3:hr>116</ns3:hr>
          </ns3:TrackPointExtension>
        </extensions>
      </trkpt>
      <trkpt lat="48.10806526802480220794677734375" lon="-122.76497223414480686187744140625">
        <ele>-2</ele>
        <time>2026-09-15T00:50:32.000Z</time>
        <extensions>
          <ns3:TrackPointExtension>
            <ns3:hr>115</ns3:hr>
          </ns3:TrackPointExtension>
        </extensions>
      </trkpt>
      <trkpt lat="48.108047582209110260009765625" lon="-122.76493149809539318084716796875">
        <ele>-1.7999999523162841796875</ele>
        <time>2026-09-15T00:50:34.000Z</time>
        <extensions>
          <ns3:TrackPointExtension>
            <ns3:hr>115</ns3:hr>
          </ns3:TrackPointExtension>
        </extensions>
      </trkpt>
      <trkpt lat="48.1080061756074428558349609375" lon="-122.7649149857461452484130859375">
        <ele>-1.7999999523162841796875</ele>
        <time>2026-09-15T00:50:37.000Z</time>
        <extensions>
          <ns3:TrackPointExtension>
            <ns3:hr>116</ns3:hr>
          </ns3:TrackPointExtension>
        </extensions>
      </trkpt>
      <trkpt lat="48.10796904377639293670654296875" lon="-122.7649367786943912506103515625">
        <ele>-1.7999999523162841796875</ele>
        <time>2026-09-15T00:50:40.000Z</time>
        <extensions>
          <ns3:TrackPointExtension>
            <ns3:hr>119</ns3:hr>
          </ns3:TrackPointExtension>
        </extensions>
      </trkpt>
      <trkpt lat="48.10795806348323822021484375" lon="-122.76494842953979969024658203125">
        <ele>-1.7999999523162841796875</ele>
        <time>2026-09-15T00:50:41.000Z</time>
        <extensions>
          <ns3:TrackPointExtension>
            <ns3:hr>120</ns3:hr>
          </ns3:TrackPointExtension>
        </extensions>
      </trkpt>
      <trkpt lat="48.107935599982738494873046875" lon="-122.76497642509639263153076171875">
        <ele>-1.7999999523162841796875</ele>
        <time>2026-09-15T00:50:43.000Z</time>
        <extensions>
          <ns3:TrackPointExtension>
            <ns3:hr>118</ns3:hr>
          </ns3:TrackPointExtension>
        </extensions>
      </trkpt>
      <trkpt lat="48.1078402139246463775634765625" lon="-122.7650980465114116668701171875">
        <ele>-1.60000002384185791015625</ele>
        <time>2026-09-15T00:50:52.000Z</time>
        <extensions>
          <ns3:TrackPointExtension>
            <ns3:hr>121</ns3:hr>
          </ns3:TrackPointExtension>
        </extensions>
      </trkpt>
      <trkpt lat="48.10782621614634990692138671875" lon="-122.7651091106235980987548828125">
        <ele>-1.60000002384185791015625</ele>
        <time>2026-09-15T00:50:53.000Z</time>
        <extensions>
          <ns3:TrackPointExtension>
            <ns3:hr>121</ns3:hr>
          </ns3:TrackPointExtension>
        </extensions>
      </trkpt>
      <trkpt lat="48.10776972211897373199462890625" lon="-122.765158899128437042236328125">
        <ele>-1.60000002384185791015625</ele>
        <time>2026-09-15T00:50:57.000Z</time>
        <extensions>
          <ns3:TrackPointExtension>
            <ns3:hr>119</ns3:hr>
          </ns3:TrackPointExtension>
        </extensions>
      </trkpt>
      <trkpt lat="48.1077657826244831085205078125" lon="-122.76519804261624813079833984375">
        <ele>-1.7999999523162841796875</ele>
        <time>2026-09-15T00:50:59.000Z</time>
        <extensions>
          <ns3:TrackPointExtension>
            <ns3:hr>117</ns3:hr>
          </ns3:TrackPointExtension>
        </extensions>
      </trkpt>
      <trkpt lat="48.107779361307621002197265625" lon="-122.7652190811932086944580078125">
        <ele>-2</ele>
        <time>2026-09-15T00:51:01.000Z</time>
        <extensions>
          <ns3:TrackPointExtension>
            <ns3:hr>116</ns3:hr>
          </ns3:TrackPointExtension>
        </extensions>
      </trkpt>
      <trkpt lat="48.10779972933232784271240234375" lon="-122.76521346531808376312255859375">
        <ele>-2.2000000476837158203125</ele>
        <time>2026-09-15T00:51:03.000Z</time>
        <extensions>
          <ns3:TrackPointExtension>
            <ns3:hr>116</ns3:hr>
          </ns3:TrackPointExtension>
        </extensions>
      </trkpt>
      <trkpt lat="48.10782403685152530670166015625" lon="-122.76519536040723323822021484375">
        <ele>-2.2000000476837158203125</ele>
        <time>2026-09-15T00:51:05.000Z</time>
        <extensions>
          <ns3:TrackPointExtension>
            <ns3:hr>119</ns3:hr>
          </ns3:TrackPointExtension>
        </extensions>
      </trkpt>
      <trkpt lat="48.10791313648223876953125" lon="-122.76505286805331707000732421875">
        <ele>-2.2000000476837158203125</ele>
        <time>2026-09-15T00:51:12.000Z</time>
        <extensions>
          <ns3:TrackPointExtension>
            <ns3:hr>120</ns3:hr>
          </ns3:TrackPointExtension>
        </extensions>
      </trkpt>
      <trkpt lat="48.10795730911195278167724609375" lon="-122.7649827115237712860107421875">
        <ele>-1.7999999523162841796875</ele>
        <time>2026-09-15T00:51:16.000Z</time>
        <extensions>
          <ns3:TrackPointExtension>
            <ns3:hr>121</ns3:hr>
          </ns3:TrackPointExtension>
        </extensions>
      </trkpt>
      <trkpt lat="48.10796854086220264434814453125" lon="-122.76498480699956417083740234375">
        <ele>-1.7999999523162841796875</ele>
        <time>2026-09-15T00:51:17.000Z</time>
        <extensions>
          <ns3:TrackPointExtension>
            <ns3:hr>122</ns3:hr>
          </ns3:TrackPointExtension>
        </extensions>
      </trkpt>
      <trkpt lat="48.107981868088245391845703125" lon="-122.7650008164346218109130859375">
        <ele>-1.7999999523162841796875</ele>
        <time>2026-09-15T00:51:19.000Z</time>
        <extensions>
          <ns3:TrackPointExtension>
            <ns3:hr>125</ns3:hr>
          </ns3:TrackPointExtension>
        </extensions>
      </trkpt>
      <trkpt lat="48.10797457583248615264892578125" lon="-122.765021435916423797607421875">
        <ele>-1.7999999523162841796875</ele>
        <time>2026-09-15T00:51:21.000Z</time>
        <extensions>
          <ns3:TrackPointExtension>
            <ns3:hr>127</ns3:hr>
          </ns3:TrackPointExtension>
        </extensions>
      </trkpt>
      <trkpt lat="48.10796451754868030548095703125" lon="-122.7650298178195953369140625">
        <ele>-1.7999999523162841796875</ele>
        <time>2026-09-15T00:51:22.000Z</time>
        <extensions>
          <ns3:TrackPointExtension>
            <ns3:hr>127</ns3:hr>
          </ns3:TrackPointExtension>
        </extensions>
      </trkpt>
      <trkpt lat="48.10793752782046794891357421875" lon="-122.7651013992726802825927734375">
        <ele>-1.60000002384185791015625</ele>
        <time>2026-09-15T00:51:27.000Z</time>
        <extensions>
          <ns3:TrackPointExtension>
            <ns3:hr>124</ns3:hr>
          </ns3:TrackPointExtension>
        </extensions>
      </trkpt>
      <trkpt lat="48.1079374440014362335205078125" lon="-122.76514087803661823272705078125">
        <ele>-1.60000002384185791015625</ele>
        <time>2026-09-15T00:51:30.000Z</time>
        <extensions>
          <ns3:TrackPointExtension>
            <ns3:hr>126</ns3:hr>
          </ns3:TrackPointExtension>
        </extensions>
      </trkpt>
      <trkpt lat="48.10793551616370677947998046875" lon="-122.7651531994342803955078125">
        <ele>-1.60000002384185791015625</ele>
        <time>2026-09-15T00:51:31.000Z</time>
        <extensions>
          <ns3:TrackPointExtension>
            <ns3:hr>131</ns3:hr>
          </ns3:TrackPointExtension>
        </extensions>
      </trkpt>
      <trkpt lat="48.1079357676208019256591796875" lon="-122.76516602374613285064697265625">
        <ele>-1.60000002384185791015625</ele>
        <time>2026-09-15T00:51:32.000Z</time>
        <extensions>
          <ns3:TrackPointExtension>
            <ns3:hr>131</ns3:hr>
          </ns3:TrackPointExtension>
        </extensions>
      </trkpt>
      <trkpt lat="48.107931911945343017578125" lon="-122.76519267819821834564208984375">
        <ele>-1.7999999523162841796875</ele>
        <time>2026-09-15T00:51:34.000Z</time>
        <extensions>
          <ns3:TrackPointExtension>
            <ns3:hr>128</ns3:hr>
          </ns3:TrackPointExtension>
        </extensions>
      </trkpt>
      <trkpt lat="48.10792445205152034759521484375" lon="-122.76522302068769931793212890625">
        <ele>-1.7999999523162841796875</ele>
        <time>2026-09-15T00:51:36.000Z</time>
        <extensions>
          <ns3:TrackPointExtension>
            <ns3:hr>124</ns3:hr>
          </ns3:TrackPointExtension>
        </extensions>
      </trkpt>
      <trkpt lat="48.1079220212996006011962890625" lon="-122.7652522735297679901123046875">
        <ele>-1.7999999523162841796875</ele>
        <time>2026-09-15T00:51:38.000Z</time>
        <extensions>
          <ns3:TrackPointExtension>
            <ns3:hr>121</ns3:hr>
          </ns3:TrackPointExtension>
        </extensions>
      </trkpt>
      <trkpt lat="48.10790366493165493011474609375" lon="-122.7653427980840206146240234375">
        <ele>-1.7999999523162841796875</ele>
        <time>2026-09-15T00:51:44.000Z</time>
        <extensions>
          <ns3:TrackPointExtension>
            <ns3:hr>124</ns3:hr>
          </ns3:TrackPointExtension>
        </extensions>
      </trkpt>
      <trkpt lat="48.10788723640143871307373046875" lon="-122.76542703621089458465576171875">
        <ele>-2</ele>
        <time>2026-09-15T00:51:49.000Z</time>
        <extensions>
          <ns3:TrackPointExtension>
            <ns3:hr>125</ns3:hr>
          </ns3:TrackPointExtension>
        </extensions>
      </trkpt>
      <trkpt lat="48.1078677065670490264892578125" lon="-122.76552812196314334869384765625">
        <ele>-2</ele>
        <time>2026-09-15T00:51:55.000Z</time>
        <extensions>
          <ns3:TrackPointExtension>
            <ns3:hr>120</ns3:hr>
          </ns3:TrackPointExtension>
        </extensions>
      </trkpt>
      <trkpt lat="48.10786460526287555694580078125" lon="-122.76554471813142299652099609375">
        <ele>-2</ele>
        <time>2026-09-15T00:51:56.000Z</time>
        <extensions>
          <ns3:TrackPointExtension>
            <ns3:hr>117</ns3:hr>
          </ns3:TrackPointExtension>
        </extensions>
      </trkpt>
      <trkpt lat="48.1078546307981014251708984375" lon="-122.7656120248138904571533203125">
        <ele>-2</ele>
        <time>2026-09-15T00:52:00.000Z</time>
        <extensions>
          <ns3:TrackPointExtension>
            <ns3:hr>114</ns3:hr>
          </ns3:TrackPointExtension>
        </extensions>
      </trkpt>
      <trkpt lat="48.10784985311329364776611328125" lon="-122.76566483080387115478515625">
        <ele>-2.2000000476837158203125</ele>
        <time>2026-09-15T00:52:03.000Z</time>
        <extensions>
          <ns3:TrackPointExtension>
            <ns3:hr>112</ns3:hr>
          </ns3:TrackPointExtension>
        </extensions>
      </trkpt>
      <trkpt lat="48.10784566216170787811279296875" lon="-122.76574068702757358551025390625">
        <ele>-2.2000000476837158203125</ele>
        <time>2026-09-15T00:52:07.000Z</time>
        <extensions>
          <ns3:TrackPointExtension>
            <ns3:hr>116</ns3:hr>
          </ns3:TrackPointExtension>
        </extensions>
      </trkpt>
      <trkpt lat="48.10783577151596546173095703125" lon="-122.76585317216813564300537109375">
        <ele>-2.2000000476837158203125</ele>
        <time>2026-09-15T00:52:13.000Z</time>
        <extensions>
          <ns3:TrackPointExtension>
            <ns3:hr>113</ns3:hr>
          </ns3:TrackPointExtension>
        </extensions>
      </trkpt>
      <trkpt lat="48.1078278087079524993896484375" lon="-122.76591167785227298736572265625">
        <ele>-2.2000000476837158203125</ele>
        <time>2026-09-15T00:52:16.000Z</time>
        <extensions>
          <ns3:TrackPointExtension>
            <ns3:hr>110</ns3:hr>
          </ns3:TrackPointExtension>
        </extensions>
      </trkpt>
      <trkpt lat="48.1078194268047809600830078125" lon="-122.76598795317113399505615234375">
        <ele>-2.2000000476837158203125</ele>
        <time>2026-09-15T00:52:20.000Z</time>
        <extensions>
          <ns3:TrackPointExtension>
            <ns3:hr>109</ns3:hr>
          </ns3:TrackPointExtension>
        </extensions>
      </trkpt>
      <trkpt lat="48.10780291445553302764892578125" lon="-122.76627511717379093170166015625">
        <ele>-2.2000000476837158203125</ele>
        <time>2026-09-15T00:52:35.000Z</time>
        <extensions>
          <ns3:TrackPointExtension>
            <ns3:hr>107</ns3:hr>
          </ns3:TrackPointExtension>
        </extensions>
      </trkpt>
      <trkpt lat="48.10778195969760417938232421875" lon="-122.7665863372385501861572265625">
        <ele>-2.2000000476837158203125</ele>
        <time>2026-09-15T00:52:51.000Z</time>
        <extensions>
          <ns3:TrackPointExtension>
            <ns3:hr>104</ns3:hr>
          </ns3:TrackPointExtension>
        </extensions>
      </trkpt>
      <trkpt lat="48.10778263024985790252685546875" lon="-122.76662774384021759033203125">
        <ele>-2.2000000476837158203125</ele>
        <time>2026-09-15T00:52:53.000Z</time>
        <extensions>
          <ns3:TrackPointExtension>
            <ns3:hr>104</ns3:hr>
          </ns3:TrackPointExtension>
        </extensions>
      </trkpt>
      <trkpt lat="48.1077852286398410797119140625" lon="-122.7668639458715915679931640625">
        <ele>-2.2000000476837158203125</ele>
        <time>2026-09-15T00:53:06.000Z</time>
        <extensions>
          <ns3:TrackPointExtension>
            <ns3:hr>105</ns3:hr>
          </ns3:TrackPointExtension>
        </extensions>
      </trkpt>
      <trkpt lat="48.1078040041029453277587890625" lon="-122.7669605053961277008056640625">
        <ele>-2.2000000476837158203125</ele>
        <time>2026-09-15T00:53:11.000Z</time>
        <extensions>
          <ns3:TrackPointExtension>
            <ns3:hr>103</ns3:hr>
          </ns3:TrackPointExtension>
        </extensions>
      </trkpt>
      <trkpt lat="48.107826299965381622314453125" lon="-122.7669690549373626708984375">
        <ele>-2.2000000476837158203125</ele>
        <time>2026-09-15T00:53:13.000Z</time>
        <extensions>
          <ns3:TrackPointExtension>
            <ns3:hr>102</ns3:hr>
          </ns3:TrackPointExtension>
        </extensions>
      </trkpt>
      <trkpt lat="48.10787516646087169647216796875" lon="-122.76693753898143768310546875">
        <ele>-2.2000000476837158203125</ele>
        <time>2026-09-15T00:53:17.000Z</time>
        <extensions>
          <ns3:TrackPointExtension>
            <ns3:hr>105</ns3:hr>
          </ns3:TrackPointExtension>
        </extensions>
      </trkpt>
      <trkpt lat="48.107888996601104736328125" lon="-122.766926474869251251220703125">
        <ele>-2.2000000476837158203125</ele>
        <time>2026-09-15T00:53:18.000Z</time>
        <extensions>
          <ns3:TrackPointExtension>
            <ns3:hr>109</ns3:hr>
          </ns3:TrackPointExtension>
        </extensions>
      </trkpt>
      <trkpt lat="48.1079037487506866455078125" lon="-122.76691683568060398101806640625">
        <ele>-2.2000000476837158203125</ele>
        <time>2026-09-15T00:53:19.000Z</time>
        <extensions>
          <ns3:TrackPointExtension>
            <ns3:hr>114</ns3:hr>
          </ns3:TrackPointExtension>
        </extensions>
      </trkpt>
      <trkpt lat="48.10791690833866596221923828125" lon="-122.76690694503486156463623046875">
        <ele>-2.400000095367431640625</ele>
        <time>2026-09-15T00:53:20.000Z</time>
        <extensions>
          <ns3:TrackPointExtension>
            <ns3:hr>117</ns3:hr>
          </ns3:TrackPointExtension>
        </extensions>
      </trkpt>
      <trkpt lat="48.10797340236604213714599609375" lon="-122.76686117984354496002197265625">
        <ele>-2.400000095367431640625</ele>
        <time>2026-09-15T00:53:25.000Z</time>
        <extensions>
          <ns3:TrackPointExtension>
            <ns3:hr>109</ns3:hr>
          </ns3:TrackPointExtension>
        </extensions>
      </trkpt>
      <trkpt lat="48.1079863943159580230712890625" lon="-122.76684978045523166656494140625">
        <ele>-2.400000095367431640625</ele>
        <time>2026-09-15T00:53:26.000Z</time>
        <extensions>
          <ns3:TrackPointExtension>
            <ns3:hr>103</ns3:hr>
          </ns3:TrackPointExtension>
        </extensions>
      </trkpt>
      <trkpt lat="48.10799896717071533203125" lon="-122.766835279762744903564453125">
        <ele>-2.400000095367431640625</ele>
        <time>2026-09-15T00:53:27.000Z</time>
        <extensions>
          <ns3:TrackPointExtension>
            <ns3:hr>104</ns3:hr>
          </ns3:TrackPointExtension>
        </extensions>
      </trkpt>
      <trkpt lat="48.10805051587522029876708984375" lon="-122.766784988343715667724609375">
        <ele>-2.400000095367431640625</ele>
        <time>2026-09-15T00:53:31.000Z</time>
        <extensions>
          <ns3:TrackPointExtension>
            <ns3:hr>106</ns3:hr>
          </ns3:TrackPointExtension>
        </extensions>
      </trkpt>
      <trkpt lat="48.10806258581578731536865234375" lon="-122.76677048765122890472412109375">
        <ele>-2.400000095367431640625</ele>
        <time>2026-09-15T00:53:32.000Z</time>
        <extensions>
          <ns3:TrackPointExtension>
            <ns3:hr>103</ns3:hr>
          </ns3:TrackPointExtension>
        </extensions>
      </trkpt>
      <trkpt lat="48.108099885284900665283203125" lon="-122.76673209853470325469970703125">
        <ele>-2.400000095367431640625</ele>
        <time>2026-09-15T00:53:35.000Z</time>
        <extensions>
          <ns3:TrackPointExtension>
            <ns3:hr>111</ns3:hr>
          </ns3:TrackPointExtension>
        </extensions>
      </trkpt>
      <trkpt lat="48.10811103321611881256103515625" lon="-122.766717262566089630126953125">
        <ele>-2.400000095367431640625</ele>
        <time>2026-09-15T00:53:36.000Z</time>
        <extensions>
          <ns3:TrackPointExtension>
            <ns3:hr>114</ns3:hr>
          </ns3:TrackPointExtension>
        </extensions>
      </trkpt>
      <trkpt lat="48.10818345285952091217041015625" lon="-122.76661961339414119720458984375">
        <ele>-2.400000095367431640625</ele>
        <time>2026-09-15T00:53:44.000Z</time>
        <extensions>
          <ns3:TrackPointExtension>
            <ns3:hr>114</ns3:hr>
          </ns3:TrackPointExtension>
        </extensions>
      </trkpt>
      <trkpt lat="48.10826693661510944366455078125" lon="-122.76653252542018890380859375">
        <ele>-2.599999904632568359375</ele>
        <time>2026-09-15T00:53:55.000Z</time>
        <extensions>
          <ns3:TrackPointExtension>
            <ns3:hr>113</ns3:hr>
          </ns3:TrackPointExtension>
        </extensions>
      </trkpt>
      <trkpt lat="48.10826928354799747467041015625" lon="-122.76657921262085437774658203125">
        <ele>-2.400000095367431640625</ele>
        <time>2026-09-15T00:54:01.000Z</time>
        <extensions>
          <ns3:TrackPointExtension>
            <ns3:hr>112</ns3:hr>
          </ns3:TrackPointExtension>
        </extensions>
      </trkpt>
      <trkpt lat="48.10826123692095279693603515625" lon="-122.76658725924789905548095703125">
        <ele>-2.2000000476837158203125</ele>
        <time>2026-09-15T00:54:02.000Z</time>
        <extensions>
          <ns3:TrackPointExtension>
            <ns3:hr>111</ns3:hr>
          </ns3:TrackPointExtension>
        </extensions>
      </trkpt>
      <trkpt lat="48.10822502709925174713134765625" lon="-122.76668541133403778076171875">
        <ele>-2</ele>
        <time>2026-09-15T00:54:08.000Z</time>
        <extensions>
          <ns3:TrackPointExtension>
            <ns3:hr>110</ns3:hr>
          </ns3:TrackPointExtension>
        </extensions>
      </trkpt>
      <trkpt lat="48.1082068383693695068359375" lon="-122.7667657099664211273193359375">
        <ele>-2</ele>
        <time>2026-09-15T00:54:12.000Z</time>
        <extensions>
          <ns3:TrackPointExtension>
            <ns3:hr>113</ns3:hr>
          </ns3:TrackPointExtension>
        </extensions>
      </trkpt>
      <trkpt lat="48.1081476621329784393310546875" lon="-122.7668589167296886444091796875">
        <ele>-2.2000000476837158203125</ele>
        <time>2026-09-15T00:54:18.000Z</time>
        <extensions>
          <ns3:TrackPointExtension>
            <ns3:hr>112</ns3:hr>
          </ns3:TrackPointExtension>
        </extensions>
      </trkpt>
      <trkpt lat="48.10811790637671947479248046875" lon="-122.76684374548494815826416015625">
        <ele>-2.2000000476837158203125</ele>
        <time>2026-09-15T00:54:20.000Z</time>
        <extensions>
          <ns3:TrackPointExtension>
            <ns3:hr>115</ns3:hr>
          </ns3:TrackPointExtension>
        </extensions>
      </trkpt>
      <trkpt lat="48.10809158720076084136962890625" lon="-122.7667955495417118072509765625">
        <ele>-2.2000000476837158203125</ele>
        <time>2026-09-15T00:54:23.000Z</time>
        <extensions>
          <ns3:TrackPointExtension>
            <ns3:hr>117</ns3:hr>
          </ns3:TrackPointExtension>
        </extensions>
      </trkpt>
      <trkpt lat="48.10804062522947788238525390625" lon="-122.76662816293537616729736328125">
        <ele>-2.400000095367431640625</ele>
        <time>2026-09-15T00:54:33.000Z</time>
        <extensions>
          <ns3:TrackPointExtension>
            <ns3:hr>118</ns3:hr>
          </ns3:TrackPointExtension>
        </extensions>
      </trkpt>
      <trkpt lat="48.10803777538239955902099609375" lon="-122.76661341078579425811767578125">
        <ele>-2.400000095367431640625</ele>
        <time>2026-09-15T00:54:34.000Z</time>
        <extensions>
          <ns3:TrackPointExtension>
            <ns3:hr>118</ns3:hr>
          </ns3:TrackPointExtension>
        </extensions>
      </trkpt>
      <trkpt lat="48.10800231993198394775390625" lon="-122.766508050262928009033203125">
        <ele>-2.400000095367431640625</ele>
        <time>2026-09-15T00:54:41.000Z</time>
        <extensions>
          <ns3:TrackPointExtension>
            <ns3:hr>117</ns3:hr>
          </ns3:TrackPointExtension>
        </extensions>
      </trkpt>
      <trkpt lat="48.10798329301178455352783203125" lon="-122.76641023345291614532470703125">
        <ele>-2.400000095367431640625</ele>
        <time>2026-09-15T00:54:48.000Z</time>
        <extensions>
          <ns3:TrackPointExtension>
            <ns3:hr>114</ns3:hr>
          </ns3:TrackPointExtension>
        </extensions>
      </trkpt>
      <trkpt lat="48.10797147452831268310546875" lon="-122.76635390706360340118408203125">
        <ele>-2.599999904632568359375</ele>
        <time>2026-09-15T00:54:53.000Z</time>
        <extensions>
          <ns3:TrackPointExtension>
            <ns3:hr>113</ns3:hr>
          </ns3:TrackPointExtension>
        </extensions>
      </trkpt>
      <trkpt lat="48.107941634953022003173828125" lon="-122.766217030584812164306640625">
        <ele>-2.400000095367431640625</ele>
        <time>2026-09-15T00:55:04.000Z</time>
        <extensions>
          <ns3:TrackPointExtension>
            <ns3:hr>115</ns3:hr>
          </ns3:TrackPointExtension>
        </extensions>
      </trkpt>
      <trkpt lat="48.1079330854117870330810546875" lon="-122.7661648951470851898193359375">
        <ele>-2.400000095367431640625</ele>
        <time>2026-09-15T00:55:08.000Z</time>
        <extensions>
          <ns3:TrackPointExtension>
            <ns3:hr>118</ns3:hr>
          </ns3:TrackPointExtension>
        </extensions>
      </trkpt>
      <trkpt lat="48.1079270504415035247802734375" lon="-122.7661437727510929107666015625">
        <ele>-2.400000095367431640625</ele>
        <time>2026-09-15T00:55:10.000Z</time>
        <extensions>
          <ns3:TrackPointExtension>
            <ns3:hr>114</ns3:hr>
          </ns3:TrackPointExtension>
        </extensions>
      </trkpt>
      <trkpt lat="48.10791959054768085479736328125" lon="-122.7661095745861530303955078125">
        <ele>-2.2000000476837158203125</ele>
        <time>2026-09-15T00:55:13.000Z</time>
        <extensions>
          <ns3:TrackPointExtension>
            <ns3:hr>117</ns3:hr>
          </ns3:TrackPointExtension>
        </extensions>
      </trkpt>
      <trkpt lat="48.1079136393964290618896484375" lon="-122.76608350686728954315185546875">
        <ele>-2.2000000476837158203125</ele>
        <time>2026-09-15T00:55:15.000Z</time>
        <extensions>
          <ns3:TrackPointExtension>
            <ns3:hr>123</ns3:hr>
          </ns3:TrackPointExtension>
        </extensions>
      </trkpt>
      <trkpt lat="48.1079082749783992767333984375" lon="-122.7660576067864894866943359375">
        <ele>-2.2000000476837158203125</ele>
        <time>2026-09-15T00:55:17.000Z</time>
        <extensions>
          <ns3:TrackPointExtension>
            <ns3:hr>123</ns3:hr>
          </ns3:TrackPointExtension>
        </extensions>
      </trkpt>
      <trkpt lat="48.10789930634200572967529296875" lon="-122.76600069366395473480224609375">
        <ele>-2.400000095367431640625</ele>
        <time>2026-09-15T00:55:21.000Z</time>
        <extensions>
          <ns3:TrackPointExtension>
            <ns3:hr>120</ns3:hr>
          </ns3:TrackPointExtension>
        </extensions>
      </trkpt>
      <trkpt lat="48.10788975097239017486572265625" lon="-122.76587094180285930633544921875">
        <ele>-2.400000095367431640625</ele>
        <time>2026-09-15T00:55:29.000Z</time>
        <extensions>
          <ns3:TrackPointExtension>
            <ns3:hr>121</ns3:hr>
          </ns3:TrackPointExtension>
        </extensions>
      </trkpt>
      <trkpt lat="48.10787022113800048828125" lon="-122.765659801661968231201171875">
        <ele>-2.400000095367431640625</ele>
        <time>2026-09-15T00:55:40.000Z</time>
        <extensions>
          <ns3:TrackPointExtension>
            <ns3:hr>117</ns3:hr>
          </ns3:TrackPointExtension>
        </extensions>
      </trkpt>
      <trkpt lat="48.10786494053900241851806640625" lon="-122.7656187303364276885986328125">
        <ele>-2.400000095367431640625</ele>
        <time>2026-09-15T00:55:42.000Z</time>
        <extensions>
          <ns3:TrackPointExtension>
            <ns3:hr>115</ns3:hr>
          </ns3:TrackPointExtension>
        </extensions>
      </trkpt>
      <trkpt lat="48.10786527581512928009033203125" lon="-122.765392921864986419677734375">
        <ele>-2.400000095367431640625</ele>
        <time>2026-09-15T00:55:54.000Z</time>
        <extensions>
          <ns3:TrackPointExtension>
            <ns3:hr>117</ns3:hr>
          </ns3:TrackPointExtension>
        </extensions>
      </trkpt>
      <trkpt lat="48.107890672981739044189453125" lon="-122.7651020698249340057373046875">
        <ele>-2.400000095367431640625</ele>
        <time>2026-09-15T00:56:08.000Z</time>
        <extensions>
          <ns3:TrackPointExtension>
            <ns3:hr>118</ns3:hr>
          </ns3:TrackPointExtension>
        </extensions>
      </trkpt>
      <trkpt lat="48.10791917145252227783203125" lon="-122.764864861965179443359375">
        <ele>-2.400000095367431640625</ele>
        <time>2026-09-15T00:56:19.000Z</time>
        <extensions>
          <ns3:TrackPointExtension>
            <ns3:hr>116</ns3:hr>
          </ns3:TrackPointExtension>
        </extensions>
      </trkpt>
      <trkpt lat="48.10789863578975200653076171875" lon="-122.7647962979972362518310546875">
        <ele>-2.2000000476837158203125</ele>
        <time>2026-09-15T00:56:23.000Z</time>
        <extensions>
          <ns3:TrackPointExtension>
            <ns3:hr>113</ns3:hr>
          </ns3:TrackPointExtension>
        </extensions>
      </trkpt>
      <trkpt lat="48.107889331877231597900390625" lon="-122.7647911012172698974609375">
        <ele>-2.2000000476837158203125</ele>
        <time>2026-09-15T00:56:24.000Z</time>
        <extensions>
          <ns3:TrackPointExtension>
            <ns3:hr>113</ns3:hr>
          </ns3:TrackPointExtension>
        </extensions>
      </trkpt>
      <trkpt lat="48.1078797765076160430908203125" lon="-122.76478783227503299713134765625">
        <ele>-2.2000000476837158203125</ele>
        <time>2026-09-15T00:56:25.000Z</time>
        <extensions>
          <ns3:TrackPointExtension>
            <ns3:hr>113</ns3:hr>
          </ns3:TrackPointExtension>
        </extensions>
      </trkpt>
      <trkpt lat="48.10786259360611438751220703125" lon="-122.7647966332733631134033203125">
        <ele>-2.2000000476837158203125</ele>
        <time>2026-09-15T00:56:27.000Z</time>
        <extensions>
          <ns3:TrackPointExtension>
            <ns3:hr>113</ns3:hr>
          </ns3:TrackPointExtension>
        </extensions>
      </trkpt>
      <trkpt lat="48.107837699353694915771484375" lon="-122.76482655666768550872802734375">
        <ele>-2</ele>
        <time>2026-09-15T00:56:31.000Z</time>
        <extensions>
          <ns3:TrackPointExtension>
            <ns3:hr>112</ns3:hr>
          </ns3:TrackPointExtension>
        </extensions>
      </trkpt>
      <trkpt lat="48.10781188309192657470703125" lon="-122.76496569626033306121826171875">
        <ele>-1.7999999523162841796875</ele>
        <time>2026-09-15T00:56:42.000Z</time>
        <extensions>
          <ns3:TrackPointExtension>
            <ns3:hr>114</ns3:hr>
          </ns3:TrackPointExtension>
        </extensions>
      </trkpt>
      <trkpt lat="48.10780383646488189697265625" lon="-122.76504498906433582305908203125">
        <ele>-2.2000000476837158203125</ele>
        <time>2026-09-15T00:56:48.000Z</time>
        <extensions>
          <ns3:TrackPointExtension>
            <ns3:hr>111</ns3:hr>
          </ns3:TrackPointExtension>
        </extensions>
      </trkpt>
      <trkpt lat="48.10780425556004047393798828125" lon="-122.76507616974413394927978515625">
        <ele>-2</ele>
        <time>2026-09-15T00:56:50.000Z</time>
        <extensions>
          <ns3:TrackPointExtension>
            <ns3:hr>122</ns3:hr>
          </ns3:TrackPointExtension>
        </extensions>
      </trkpt>
      <trkpt lat="48.10780777595937252044677734375" lon="-122.7650889940559864044189453125">
        <ele>-2</ele>
        <time>2026-09-15T00:56:51.000Z</time>
        <extensions>
          <ns3:TrackPointExtension>
            <ns3:hr>124</ns3:hr>
          </ns3:TrackPointExtension>
        </extensions>
      </trkpt>
      <trkpt lat="48.107814230024814605712890625" lon="-122.76509620249271392822265625">
        <ele>-2</ele>
        <time>2026-09-15T00:56:52.000Z</time>
        <extensions>
          <ns3:TrackPointExtension>
            <ns3:hr>131</ns3:hr>
          </ns3:TrackPointExtension>
        </extensions>
      </trkpt>
      <trkpt lat="48.10782127082347869873046875" lon="-122.76510215364396572113037109375">
        <ele>-2</ele>
        <time>2026-09-15T00:56:53.000Z</time>
        <extensions>
          <ns3:TrackPointExtension>
            <ns3:hr>134</ns3:hr>
          </ns3:TrackPointExtension>
        </extensions>
      </trkpt>
      <trkpt lat="48.10782906599342823028564453125" lon="-122.76510450057685375213623046875">
        <ele>-2.2000000476837158203125</ele>
        <time>2026-09-15T00:56:54.000Z</time>
        <extensions>
          <ns3:TrackPointExtension>
            <ns3:hr>135</ns3:hr>
          </ns3:TrackPointExtension>
        </extensions>
      </trkpt>
      <trkpt lat="48.10785488225519657135009765625" lon="-122.7650826238095760345458984375">
        <ele>-2.400000095367431640625</ele>
        <time>2026-09-15T00:56:58.000Z</time>
        <extensions>
          <ns3:TrackPointExtension>
            <ns3:hr>131</ns3:hr>
          </ns3:TrackPointExtension>
        </extensions>
      </trkpt>
      <trkpt lat="48.10786007903516292572021484375" lon="-122.765074409544467926025390625">
        <ele>-2.400000095367431640625</ele>
        <time>2026-09-15T00:56:59.000Z</time>
        <extensions>
          <ns3:TrackPointExtension>
            <ns3:hr>128</ns3:hr>
          </ns3:TrackPointExtension>
        </extensions>
      </trkpt>
      <trkpt lat="48.10786443762481212615966796875" lon="-122.76506477035582065582275390625">
        <ele>-2.400000095367431640625</ele>
        <time>2026-09-15T00:57:00.000Z</time>
        <extensions>
          <ns3:TrackPointExtension>
            <ns3:hr>125</ns3:hr>
          </ns3:TrackPointExtension>
        </extensions>
      </trkpt>
      <trkpt lat="48.10787064023315906524658203125" lon="-122.7650524489581584930419921875">
        <ele>-2.400000095367431640625</ele>
        <time>2026-09-15T00:57:01.000Z</time>
        <extensions>
          <ns3:TrackPointExtension>
            <ns3:hr>122</ns3:hr>
          </ns3:TrackPointExtension>
        </extensions>
      </trkpt>
      <trkpt lat="48.1078777648508548736572265625" lon="-122.76503727771341800689697265625">
        <ele>-2.2000000476837158203125</ele>
        <time>2026-09-15T00:57:02.000Z</time>
        <extensions>
          <ns3:TrackPointExtension>
            <ns3:hr>119</ns3:hr>
          </ns3:TrackPointExtension>
        </extensions>
      </trkpt>
      <trkpt lat="48.10790131799876689910888671875" lon="-122.7649954520165920257568359375">
        <ele>-2.2000000476837158203125</ele>
        <time>2026-09-15T00:57:05.000Z</time>
        <extensions>
          <ns3:TrackPointExtension>
            <ns3:hr>116</ns3:hr>
          </ns3:TrackPointExtension>
        </extensions>
      </trkpt>
      <trkpt lat="48.10792855918407440185546875" lon="-122.7649666182696819305419921875">
        <ele>-2.2000000476837158203125</ele>
        <time>2026-09-15T00:57:08.000Z</time>
        <extensions>
          <ns3:TrackPointExtension>
            <ns3:hr>112</ns3:hr>
          </ns3:TrackPointExtension>
        </extensions>
      </trkpt>
      <trkpt lat="48.10796971432864665985107421875" lon="-122.76493401266634464263916015625">
        <ele>-2.2000000476837158203125</ele>
        <time>2026-09-15T00:57:13.000Z</time>
        <extensions>
          <ns3:TrackPointExtension>
            <ns3:hr>109</ns3:hr>
          </ns3:TrackPointExtension>
        </extensions>
      </trkpt>
      <trkpt lat="48.107980526983737945556640625" lon="-122.76493820361793041229248046875">
        <ele>-2.2000000476837158203125</ele>
        <time>2026-09-15T00:57:15.000Z</time>
        <extensions>
          <ns3:TrackPointExtension>
            <ns3:hr>112</ns3:hr>
          </ns3:TrackPointExtension>
        </extensions>
      </trkpt>
      <trkpt lat="48.1079833768308162689208984375" lon="-122.7649451605975627899169921875">
        <ele>-2.2000000476837158203125</ele>
        <time>2026-09-15T00:57:16.000Z</time>
        <extensions>
          <ns3:TrackPointExtension>
            <ns3:hr>116</ns3:hr>
          </ns3:TrackPointExtension>
        </extensions>
      </trkpt>
      <trkpt lat="48.1079833768308162689208984375" lon="-122.76496209204196929931640625">
        <ele>-2.2000000476837158203125</ele>
        <time>2026-09-15T00:57:18.000Z</time>
        <extensions>
          <ns3:TrackPointExtension>
            <ns3:hr>119</ns3:hr>
          </ns3:TrackPointExtension>
        </extensions>
      </trkpt>
      <trkpt lat="48.10797876678407192230224609375" lon="-122.76500961743295192718505859375">
        <ele>-2</ele>
        <time>2026-09-15T00:57:24.000Z</time>
        <extensions>
          <ns3:TrackPointExtension>
            <ns3:hr>120</ns3:hr>
          </ns3:TrackPointExtension>
        </extensions>
      </trkpt>
      <trkpt lat="48.10797549784183502197265625" lon="-122.76502436958253383636474609375">
        <ele>-2</ele>
        <time>2026-09-15T00:57:26.000Z</time>
        <extensions>
          <ns3:TrackPointExtension>
            <ns3:hr>123</ns3:hr>
          </ns3:TrackPointExtension>
        </extensions>
      </trkpt>
      <trkpt lat="48.107973150908946990966796875" lon="-122.765036858618259429931640625">
        <ele>-2</ele>
        <time>2026-09-15T00:57:28.000Z</time>
        <extensions>
          <ns3:TrackPointExtension>
            <ns3:hr>126</ns3:hr>
          </ns3:TrackPointExtension>
        </extensions>
      </trkpt>
      <trkpt lat="48.10795043595135211944580078125" lon="-122.76510131545364856719970703125">
        <ele>-2.2000000476837158203125</ele>
        <time>2026-09-15T00:57:36.000Z</time>
        <extensions>
          <ns3:TrackPointExtension>
            <ns3:hr>125</ns3:hr>
          </ns3:TrackPointExtension>
        </extensions>
      </trkpt>
      <trkpt lat="48.10793769545853137969970703125" lon="-122.76513149030506610870361328125">
        <ele>-2.2000000476837158203125</ele>
        <time>2026-09-15T00:57:40.000Z</time>
        <extensions>
          <ns3:TrackPointExtension>
            <ns3:hr>122</ns3:hr>
          </ns3:TrackPointExtension>
        </extensions>
      </trkpt>
      <trkpt lat="48.10792311094701290130615234375" lon="-122.76518337428569793701171875">
        <ele>-2.2000000476837158203125</ele>
        <time>2026-09-15T00:57:45.000Z</time>
        <extensions>
          <ns3:TrackPointExtension>
            <ns3:hr>119</ns3:hr>
          </ns3:TrackPointExtension>
        </extensions>
      </trkpt>
      <trkpt lat="48.10790710151195526123046875" lon="-122.7652371861040592193603515625">
        <ele>-2.2000000476837158203125</ele>
        <time>2026-09-15T00:57:50.000Z</time>
        <extensions>
          <ns3:TrackPointExtension>
            <ns3:hr>116</ns3:hr>
          </ns3:TrackPointExtension>
        </extensions>
      </trkpt>
      <trkpt lat="48.1078935228288173675537109375" lon="-122.765266187489032745361328125">
        <ele>-2.400000095367431640625</ele>
        <time>2026-09-15T00:57:53.000Z</time>
        <extensions>
          <ns3:TrackPointExtension>
            <ns3:hr>113</ns3:hr>
          </ns3:TrackPointExtension>
        </extensions>
      </trkpt>
      <trkpt lat="48.10788941569626331329345703125" lon="-122.765283286571502685546875">
        <ele>-2.400000095367431640625</ele>
        <time>2026-09-15T00:57:55.000Z</time>
        <extensions>
          <ns3:TrackPointExtension>
            <ns3:hr>110</ns3:hr>
          </ns3:TrackPointExtension>
        </extensions>
      </trkpt>
      <trkpt lat="48.107881955802440643310546875" lon="-122.76530499570071697235107421875">
        <ele>-2.400000095367431640625</ele>
        <time>2026-09-15T00:57:57.000Z</time>
        <extensions>
          <ns3:TrackPointExtension>
            <ns3:hr>107</ns3:hr>
          </ns3:TrackPointExtension>
        </extensions>
      </trkpt>
      <trkpt lat="48.107869215309619903564453125" lon="-122.7653317339718341827392578125">
        <ele>-2.400000095367431640625</ele>
        <time>2026-09-15T00:58:00.000Z</time>
        <extensions>
          <ns3:TrackPointExtension>
            <ns3:hr>107</ns3:hr>
          </ns3:TrackPointExtension>
        </extensions>
      </trkpt>
      <trkpt lat="48.1078501045703887939453125" lon="-122.7653642557561397552490234375">
        <ele>-2.400000095367431640625</ele>
        <time>2026-09-15T00:58:04.000Z</time>
        <extensions>
          <ns3:TrackPointExtension>
            <ns3:hr>103</ns3:hr>
          </ns3:TrackPointExtension>
        </extensions>
      </trkpt>
      <trkpt lat="48.1078475899994373321533203125" lon="-122.76537121273577213287353515625">
        <ele>-2.400000095367431640625</ele>
        <time>2026-09-15T00:58:05.000Z</time>
        <extensions>
          <ns3:TrackPointExtension>
            <ns3:hr>99</ns3:hr>
          </ns3:TrackPointExtension>
        </extensions>
      </trkpt>
      <trkpt lat="48.1078395433723926544189453125" lon="-122.7653826959431171417236328125">
        <ele>-2.400000095367431640625</ele>
        <time>2026-09-15T00:58:07.000Z</time>
        <extensions>
          <ns3:TrackPointExtension>
            <ns3:hr>96</ns3:hr>
          </ns3:TrackPointExtension>
        </extensions>
      </trkpt>
      <trkpt lat="48.1078247912228107452392578125" lon="-122.765426449477672576904296875">
        <ele>-2.400000095367431640625</ele>
        <time>2026-09-15T00:58:12.000Z</time>
        <extensions>
          <ns3:TrackPointExtension>
            <ns3:hr>97</ns3:hr>
          </ns3:TrackPointExtension>
        </extensions>
      </trkpt>
      <trkpt lat="48.1078143976628780364990234375" lon="-122.7654527686536312103271484375">
        <ele>-2.400000095367431640625</ele>
        <time>2026-09-15T00:58:15.000Z</time>
        <extensions>
          <ns3:TrackPointExtension>
            <ns3:hr>100</ns3:hr>
          </ns3:TrackPointExtension>
        </extensions>
      </trkpt>
      <trkpt lat="48.107803165912628173828125" lon="-122.7654943428933620452880859375">
        <ele>-2.400000095367431640625</ele>
        <time>2026-09-15T00:58:20.000Z</time>
        <extensions>
          <ns3:TrackPointExtension>
            <ns3:hr>95</ns3:hr>
          </ns3:TrackPointExtension>
        </extensions>
      </trkpt>
      <trkpt lat="48.10778514482080936431884765625" lon="-122.76554622687399387359619140625">
        <ele>-2.400000095367431640625</ele>
        <time>2026-09-15T00:58:28.000Z</time>
        <extensions>
          <ns3:TrackPointExtension>
            <ns3:hr>95</ns3:hr>
          </ns3:TrackPointExtension>
        </extensions>
      </trkpt>
      <trkpt lat="48.10774876736104488372802734375" lon="-122.76563800871372222900390625">
        <ele>-2.400000095367431640625</ele>
        <time>2026-09-15T00:58:43.000Z</time>
        <extensions>
          <ns3:TrackPointExtension>
            <ns3:hr>95</ns3:hr>
          </ns3:TrackPointExtension>
        </extensions>
      </trkpt>
      <trkpt lat="48.10769545845687389373779296875" lon="-122.7657513320446014404296875">
        <ele>-2.400000095367431640625</ele>
        <time>2026-09-15T00:59:01.000Z</time>
        <extensions>
          <ns3:TrackPointExtension>
            <ns3:hr>96</ns3:hr>
          </ns3:TrackPointExtension>
        </extensions>
      </trkpt>
      <trkpt lat="48.10765505768358707427978515625" lon="-122.765862978994846343994140625">
        <ele>-2.400000095367431640625</ele>
        <time>2026-09-15T00:59:14.000Z</time>
        <extensions>
          <ns3:TrackPointExtension>
            <ns3:hr>93</ns3:hr>
          </ns3:TrackPointExtension>
        </extensions>
      </trkpt>
      <trkpt lat="48.10763812623918056488037109375" lon="-122.7659177966415882110595703125">
        <ele>-2.400000095367431640625</ele>
        <time>2026-09-15T00:59:19.000Z</time>
        <extensions>
          <ns3:TrackPointExtension>
            <ns3:hr>93</ns3:hr>
          </ns3:TrackPointExtension>
        </extensions>
      </trkpt>
      <trkpt lat="48.1076041795313358306884765625" lon="-122.7660562656819820404052734375">
        <ele>-2.599999904632568359375</ele>
        <time>2026-09-15T00:59:30.000Z</time>
        <extensions>
          <ns3:TrackPointExtension>
            <ns3:hr>92</ns3:hr>
          </ns3:TrackPointExtension>
        </extensions>
      </trkpt>
      <trkpt lat="48.10758498497307300567626953125" lon="-122.76613782159984111785888671875">
        <ele>-2.599999904632568359375</ele>
        <time>2026-09-15T00:59:36.000Z</time>
        <extensions>
          <ns3:TrackPointExtension>
            <ns3:hr>91</ns3:hr>
          </ns3:TrackPointExtension>
        </extensions>
      </trkpt>
      <trkpt lat="48.10760141350328922271728515625" lon="-122.7661994285881519317626953125">
        <ele>-2.599999904632568359375</ele>
        <time>2026-09-15T00:59:41.000Z</time>
        <extensions>
          <ns3:TrackPointExtension>
            <ns3:hr>90</ns3:hr>
          </ns3:TrackPointExtension>
        </extensions>
      </trkpt>
      <trkpt lat="48.10761365108191967010498046875" lon="-122.76620554737746715545654296875">
        <ele>-2.599999904632568359375</ele>
        <time>2026-09-15T00:59:43.000Z</time>
        <extensions>
          <ns3:TrackPointExtension>
            <ns3:hr>89</ns3:hr>
          </ns3:TrackPointExtension>
        </extensions>
      </trkpt>
      <trkpt lat="48.10765095055103302001953125" lon="-122.7661873586475849151611328125">
        <ele>-2.599999904632568359375</ele>
        <time>2026-09-15T00:59:48.000Z</time>
        <extensions>
          <ns3:TrackPointExtension>
            <ns3:hr>92</ns3:hr>
          </ns3:TrackPointExtension>
        </extensions>
      </trkpt>
      <trkpt lat="48.10766704380512237548828125" lon="-122.7661749534308910369873046875">
        <ele>-2.599999904632568359375</ele>
        <time>2026-09-15T00:59:50.000Z</time>
        <extensions>
          <ns3:TrackPointExtension>
            <ns3:hr>92</ns3:hr>
          </ns3:TrackPointExtension>
        </extensions>
      </trkpt>
      <trkpt lat="48.10776016674935817718505859375" lon="-122.76611954905092716217041015625">
        <ele>-2.599999904632568359375</ele>
        <time>2026-09-15T01:00:00.000Z</time>
        <extensions>
          <ns3:TrackPointExtension>
            <ns3:hr>93</ns3:hr>
          </ns3:TrackPointExtension>
        </extensions>
      </trkpt>
      <trkpt lat="48.1077698059380054473876953125" lon="-122.76611167006194591522216796875">
        <ele>-2.599999904632568359375</ele>
        <time>2026-09-15T01:00:01.000Z</time>
        <extensions>
          <ns3:TrackPointExtension>
            <ns3:hr>102</ns3:hr>
          </ns3:TrackPointExtension>
        </extensions>
      </trkpt>
      <trkpt lat="48.107776679098606109619140625" lon="-122.76610295288264751434326171875">
        <ele>-2.599999904632568359375</ele>
        <time>2026-09-15T01:00:02.000Z</time>
        <extensions>
          <ns3:TrackPointExtension>
            <ns3:hr>108</ns3:hr>
          </ns3:TrackPointExtension>
        </extensions>
      </trkpt>
      <trkpt lat="48.1078006513416767120361328125" lon="-122.766086943447589874267578125">
        <ele>-2.599999904632568359375</ele>
        <time>2026-09-15T01:00:04.000Z</time>
        <extensions>
          <ns3:TrackPointExtension>
            <ns3:hr>111</ns3:hr>
          </ns3:TrackPointExtension>
        </extensions>
      </trkpt>
      <trkpt lat="48.10785773210227489471435546875" lon="-122.766052074730396270751953125">
        <ele>-2.599999904632568359375</ele>
        <time>2026-09-15T01:00:09.000Z</time>
        <extensions>
          <ns3:TrackPointExtension>
            <ns3:hr>108</ns3:hr>
          </ns3:TrackPointExtension>
        </extensions>
      </trkpt>
      <trkpt lat="48.1078814528882503509521484375" lon="-122.7660369873046875">
        <ele>-2.599999904632568359375</ele>
        <time>2026-09-15T01:00:11.000Z</time>
        <extensions>
          <ns3:TrackPointExtension>
            <ns3:hr>106</ns3:hr>
          </ns3:TrackPointExtension>
        </extensions>
      </trkpt>
      <trkpt lat="48.10799670405685901641845703125" lon="-122.76598577387630939483642578125">
        <ele>-2.599999904632568359375</ele>
        <time>2026-09-15T01:00:20.000Z</time>
        <extensions>
          <ns3:TrackPointExtension>
            <ns3:hr>103</ns3:hr>
          </ns3:TrackPointExtension>
        </extensions>
      </trkpt>
      <trkpt lat="48.10802419669926166534423828125" lon="-122.76597387157380580902099609375">
        <ele>-2.599999904632568359375</ele>
        <time>2026-09-15T01:00:22.000Z</time>
        <extensions>
          <ns3:TrackPointExtension>
            <ns3:hr>101</ns3:hr>
          </ns3:TrackPointExtension>
        </extensions>
      </trkpt>
      <trkpt lat="48.10816400684416294097900390625" lon="-122.765919975936412811279296875">
        <ele>-2.599999904632568359375</ele>
        <time>2026-09-15T01:00:34.000Z</time>
        <extensions>
          <ns3:TrackPointExtension>
            <ns3:hr>104</ns3:hr>
          </ns3:TrackPointExtension>
        </extensions>
      </trkpt>
      <trkpt lat="48.1081748194992542266845703125" lon="-122.76592257432639598846435546875">
        <ele>-2.599999904632568359375</ele>
        <time>2026-09-15T01:00:35.000Z</time>
        <extensions>
          <ns3:TrackPointExtension>
            <ns3:hr>103</ns3:hr>
          </ns3:TrackPointExtension>
        </extensions>
      </trkpt>
      <trkpt lat="48.1082686968147754669189453125" lon="-122.76586339809000492095947265625">
        <ele>-2.599999904632568359375</ele>
        <time>2026-09-15T01:00:42.000Z</time>
        <extensions>
          <ns3:TrackPointExtension>
            <ns3:hr>100</ns3:hr>
          </ns3:TrackPointExtension>
        </extensions>
      </trkpt>
      <trkpt lat="48.10831571929156780242919921875" lon="-122.7658671699464321136474609375">
        <ele>-2.599999904632568359375</ele>
        <time>2026-09-15T01:00:46.000Z</time>
        <extensions>
          <ns3:TrackPointExtension>
            <ns3:hr>99</ns3:hr>
          </ns3:TrackPointExtension>
        </extensions>
      </trkpt>
      <trkpt lat="48.10832150280475616455078125" lon="-122.76587379164993762969970703125">
        <ele>-2.599999904632568359375</ele>
        <time>2026-09-15T01:00:47.000Z</time>
        <extensions>
          <ns3:TrackPointExtension>
            <ns3:hr>100</ns3:hr>
          </ns3:TrackPointExtension>
        </extensions>
      </trkpt>
      <trkpt lat="48.1083303876221179962158203125" lon="-122.76589374057948589324951171875">
        <ele>-2.599999904632568359375</ele>
        <time>2026-09-15T01:00:49.000Z</time>
        <extensions>
          <ns3:TrackPointExtension>
            <ns3:hr>100</ns3:hr>
          </ns3:TrackPointExtension>
        </extensions>
      </trkpt>
      <trkpt lat="48.108326531946659088134765625" lon="-122.76593011803925037384033203125">
        <ele>-2.599999904632568359375</ele>
        <time>2026-09-15T01:00:52.000Z</time>
        <extensions>
          <ns3:TrackPointExtension>
            <ns3:hr>101</ns3:hr>
          </ns3:TrackPointExtension>
        </extensions>
      </trkpt>
      <trkpt lat="48.108323514461517333984375" lon="-122.765943445265293121337890625">
        <ele>-2.599999904632568359375</ele>
        <time>2026-09-15T01:00:53.000Z</time>
        <extensions>
          <ns3:TrackPointExtension>
            <ns3:hr>102</ns3:hr>
          </ns3:TrackPointExtension>
        </extensions>
      </trkpt>
      <trkpt lat="48.1082982011139392852783203125" lon="-122.76605232618749141693115234375">
        <ele>-2.599999904632568359375</ele>
        <time>2026-09-15T01:01:01.000Z</time>
        <extensions>
          <ns3:TrackPointExtension>
            <ns3:hr>102</ns3:hr>
          </ns3:TrackPointExtension>
        </extensions>
      </trkpt>
      <trkpt lat="48.10828797519207000732421875" lon="-122.766088955104351043701171875">
        <ele>-2.599999904632568359375</ele>
        <time>2026-09-15T01:01:04.000Z</time>
        <extensions>
          <ns3:TrackPointExtension>
            <ns3:hr>97</ns3:hr>
          </ns3:TrackPointExtension>
        </extensions>
      </trkpt>
      <trkpt lat="48.10828520916402339935302734375" lon="-122.766101025044918060302734375">
        <ele>-2.599999904632568359375</ele>
        <time>2026-09-15T01:01:05.000Z</time>
        <extensions>
          <ns3:TrackPointExtension>
            <ns3:hr>97</ns3:hr>
          </ns3:TrackPointExtension>
        </extensions>
      </trkpt>
      <trkpt lat="48.1082794256508350372314453125" lon="-122.766123153269290924072265625">
        <ele>-2.599999904632568359375</ele>
        <time>2026-09-15T01:01:07.000Z</time>
        <extensions>
          <ns3:TrackPointExtension>
            <ns3:hr>94</ns3:hr>
          </ns3:TrackPointExtension>
        </extensions>
      </trkpt>
      <trkpt lat="48.10824371874332427978515625" lon="-122.76627712883055210113525390625">
        <ele>-2.599999904632568359375</ele>
        <time>2026-09-15T01:01:19.000Z</time>
        <extensions>
          <ns3:TrackPointExtension>
            <ns3:hr>94</ns3:hr>
          </ns3:TrackPointExtension>
        </extensions>
      </trkpt>
      <trkpt lat="48.1082137115299701690673828125" lon="-122.76638232171535491943359375">
        <ele>-2.599999904632568359375</ele>
        <time>2026-09-15T01:01:26.000Z</time>
        <extensions>
          <ns3:TrackPointExtension>
            <ns3:hr>91</ns3:hr>
          </ns3:TrackPointExtension>
        </extensions>
      </trkpt>
      <trkpt lat="48.10819451697170734405517578125" lon="-122.76644594036042690277099609375">
        <ele>-2.599999904632568359375</ele>
        <time>2026-09-15T01:01:30.000Z</time>
        <extensions>
          <ns3:TrackPointExtension>
            <ns3:hr>94</ns3:hr>
          </ns3:TrackPointExtension>
        </extensions>
      </trkpt>
      <trkpt lat="48.108189739286899566650390625" lon="-122.76646421290934085845947265625">
        <ele>-2.599999904632568359375</ele>
        <time>2026-09-15T01:01:31.000Z</time>
        <extensions>
          <ns3:TrackPointExtension>
            <ns3:hr>98</ns3:hr>
          </ns3:TrackPointExtension>
        </extensions>
      </trkpt>
      <trkpt lat="48.108166269958019256591796875" lon="-122.7665518037974834442138671875">
        <ele>-2.599999904632568359375</ele>
        <time>2026-09-15T01:01:36.000Z</time>
        <extensions>
          <ns3:TrackPointExtension>
            <ns3:hr>98</ns3:hr>
          </ns3:TrackPointExtension>
        </extensions>
      </trkpt>
      <trkpt lat="48.10817322693765163421630859375" lon="-122.76663520373404026031494140625">
        <ele>-2.7999999523162841796875</ele>
        <time>2026-09-15T01:01:41.000Z</time>
        <extensions>
          <ns3:TrackPointExtension>
            <ns3:hr>97</ns3:hr>
          </ns3:TrackPointExtension>
        </extensions>
      </trkpt>
      <trkpt lat="48.1081826984882354736328125" lon="-122.76663956232368946075439453125">
        <ele>-2.7999999523162841796875</ele>
        <time>2026-09-15T01:01:42.000Z</time>
        <extensions>
          <ns3:TrackPointExtension>
            <ns3:hr>97</ns3:hr>
          </ns3:TrackPointExtension>
        </extensions>
      </trkpt>
      <trkpt lat="48.10820440761744976043701171875" lon="-122.76663310825824737548828125">
        <ele>-2.7999999523162841796875</ele>
        <time>2026-09-15T01:01:44.000Z</time>
        <extensions>
          <ns3:TrackPointExtension>
            <ns3:hr>97</ns3:hr>
          </ns3:TrackPointExtension>
        </extensions>
      </trkpt>
      <trkpt lat="48.10824682004749774932861328125" lon="-122.7665994130074977874755859375">
        <ele>-2.599999904632568359375</ele>
        <time>2026-09-15T01:01:48.000Z</time>
        <extensions>
          <ns3:TrackPointExtension>
            <ns3:hr>96</ns3:hr>
          </ns3:TrackPointExtension>
        </extensions>
      </trkpt>
      <trkpt lat="48.1082928366959095001220703125" lon="-122.76656395755708217620849609375">
        <ele>-2.599999904632568359375</ele>
        <time>2026-09-15T01:01:52.000Z</time>
        <extensions>
          <ns3:TrackPointExtension>
            <ns3:hr>99</ns3:hr>
          </ns3:TrackPointExtension>
        </extensions>
      </trkpt>
      <trkpt lat="48.10832276009023189544677734375" lon="-122.766568399965763092041015625">
        <ele>-2.599999904632568359375</ele>
        <time>2026-09-15T01:01:55.000Z</time>
        <extensions>
          <ns3:TrackPointExtension>
            <ns3:hr>103</ns3:hr>
          </ns3:TrackPointExtension>
        </extensions>
      </trkpt>
      <trkpt lat="48.10832879506051540374755859375" lon="-122.76657669804990291595458984375">
        <ele>-2.599999904632568359375</ele>
        <time>2026-09-15T01:01:56.000Z</time>
        <extensions>
          <ns3:TrackPointExtension>
            <ns3:hr>104</ns3:hr>
          </ns3:TrackPointExtension>
        </extensions>
      </trkpt>
      <trkpt lat="48.10832552611827850341796875" lon="-122.76661357842385768890380859375">
        <ele>-2.400000095367431640625</ele>
        <time>2026-09-15T01:02:01.000Z</time>
        <extensions>
          <ns3:TrackPointExtension>
            <ns3:hr>105</ns3:hr>
          </ns3:TrackPointExtension>
        </extensions>
      </trkpt>
      <trkpt lat="48.10828722082078456878662109375" lon="-122.76666127145290374755859375">
        <ele>-2.2000000476837158203125</ele>
        <time>2026-09-15T01:02:07.000Z</time>
        <extensions>
          <ns3:TrackPointExtension>
            <ns3:hr>108</ns3:hr>
          </ns3:TrackPointExtension>
        </extensions>
      </trkpt>
      <trkpt lat="48.10827179811894893646240234375" lon="-122.7666802145540714263916015625">
        <ele>-2.2000000476837158203125</ele>
        <time>2026-09-15T01:02:09.000Z</time>
        <extensions>
          <ns3:TrackPointExtension>
            <ns3:hr>108</ns3:hr>
          </ns3:TrackPointExtension>
        </extensions>
      </trkpt>
      <trkpt lat="48.1082100234925746917724609375" lon="-122.76678733527660369873046875">
        <ele>-2.599999904632568359375</ele>
        <time>2026-09-15T01:02:20.000Z</time>
        <extensions>
          <ns3:TrackPointExtension>
            <ns3:hr>106</ns3:hr>
          </ns3:TrackPointExtension>
        </extensions>
      </trkpt>
      <trkpt lat="48.10820080339908599853515625" lon="-122.76680518873035907745361328125">
        <ele>-2.599999904632568359375</ele>
        <time>2026-09-15T01:02:22.000Z</time>
        <extensions>
          <ns3:TrackPointExtension>
            <ns3:hr>103</ns3:hr>
          </ns3:TrackPointExtension>
        </extensions>
      </trkpt>
      <trkpt lat="48.1081456504762172698974609375" lon="-122.76684123091399669647216796875">
        <ele>-2.599999904632568359375</ele>
        <time>2026-09-15T01:02:30.000Z</time>
        <extensions>
          <ns3:TrackPointExtension>
            <ns3:hr>103</ns3:hr>
          </ns3:TrackPointExtension>
        </extensions>
      </trkpt>
      <trkpt lat="48.10812301933765411376953125" lon="-122.76682890951633453369140625">
        <ele>-2.599999904632568359375</ele>
        <time>2026-09-15T01:02:33.000Z</time>
        <extensions>
          <ns3:TrackPointExtension>
            <ns3:hr>100</ns3:hr>
          </ns3:TrackPointExtension>
        </extensions>
      </trkpt>
      <trkpt lat="48.108105920255184173583984375" lon="-122.76681725867092609405517578125">
        <ele>-2.599999904632568359375</ele>
        <time>2026-09-15T01:02:35.000Z</time>
        <extensions>
          <ns3:TrackPointExtension>
            <ns3:hr>97</ns3:hr>
          </ns3:TrackPointExtension>
        </extensions>
      </trkpt>
      <trkpt lat="48.10807985253632068634033203125" lon="-122.76678943075239658355712890625">
        <ele>-2.599999904632568359375</ele>
        <time>2026-09-15T01:02:39.000Z</time>
        <extensions>
          <ns3:TrackPointExtension>
            <ns3:hr>102</ns3:hr>
          </ns3:TrackPointExtension>
        </extensions>
      </trkpt>
      <trkpt lat="48.1080671958625316619873046875" lon="-122.7667663805186748504638671875">
        <ele>-2.599999904632568359375</ele>
        <time>2026-09-15T01:02:41.000Z</time>
        <extensions>
          <ns3:TrackPointExtension>
            <ns3:hr>106</ns3:hr>
          </ns3:TrackPointExtension>
        </extensions>
      </trkpt>
      <trkpt lat="48.10801975429058074951171875" lon="-122.76665096171200275421142578125">
        <ele>-2.599999904632568359375</ele>
        <time>2026-09-15T01:02:53.000Z</time>
        <extensions>
          <ns3:TrackPointExtension>
            <ns3:hr>107</ns3:hr>
          </ns3:TrackPointExtension>
        </extensions>
      </trkpt>
      <trkpt lat="48.1079786829650402069091796875" lon="-122.76656026951968669891357421875">
        <ele>-2.7999999523162841796875</ele>
        <time>2026-09-15T01:03:03.000Z</time>
        <extensions>
          <ns3:TrackPointExtension>
            <ns3:hr>104</ns3:hr>
          </ns3:TrackPointExtension>
        </extensions>
      </trkpt>
      <trkpt lat="48.10797474347054958343505859375" lon="-122.76655130088329315185546875">
        <ele>-2.7999999523162841796875</ele>
        <time>2026-09-15T01:03:04.000Z</time>
        <extensions>
          <ns3:TrackPointExtension>
            <ns3:hr>103</ns3:hr>
          </ns3:TrackPointExtension>
        </extensions>
      </trkpt>
      <trkpt lat="48.10796267352998256683349609375" lon="-122.7665222994983196258544921875">
        <ele>-2.7999999523162841796875</ele>
        <time>2026-09-15T01:03:07.000Z</time>
        <extensions>
          <ns3:TrackPointExtension>
            <ns3:hr>102</ns3:hr>
          </ns3:TrackPointExtension>
        </extensions>
      </trkpt>
      <trkpt lat="48.10794909484684467315673828125" lon="-122.76648784987628459930419921875">
        <ele>-2.7999999523162841796875</ele>
        <time>2026-09-15T01:03:11.000Z</time>
        <extensions>
          <ns3:TrackPointExtension>
            <ns3:hr>98</ns3:hr>
          </ns3:TrackPointExtension>
        </extensions>
      </trkpt>
      <trkpt lat="48.107920847833156585693359375" lon="-122.7664192020893096923828125">
        <ele>-2.7999999523162841796875</ele>
        <time>2026-09-15T01:03:18.000Z</time>
        <extensions>
          <ns3:TrackPointExtension>
            <ns3:hr>98</ns3:hr>
          </ns3:TrackPointExtension>
        </extensions>
      </trkpt>
      <trkpt lat="48.107894696295261383056640625" lon="-122.7663583494722843170166015625">
        <ele>-3</ele>
        <time>2026-09-15T01:03:24.000Z</time>
        <extensions>
          <ns3:TrackPointExtension>
            <ns3:hr>95</ns3:hr>
          </ns3:TrackPointExtension>
        </extensions>
      </trkpt>
      <trkpt lat="48.10787349008023738861083984375" lon="-122.76631048880517482757568359375">
        <ele>-3</ele>
        <time>2026-09-15T01:03:28.000Z</time>
        <extensions>
          <ns3:TrackPointExtension>
            <ns3:hr>97</ns3:hr>
          </ns3:TrackPointExtension>
        </extensions>
      </trkpt>
      <trkpt lat="48.10785857029259204864501953125" lon="-122.76628383435308933258056640625">
        <ele>-3</ele>
        <time>2026-09-15T01:03:30.000Z</time>
        <extensions>
          <ns3:TrackPointExtension>
            <ns3:hr>101</ns3:hr>
          </ns3:TrackPointExtension>
        </extensions>
      </trkpt>
      <trkpt lat="48.1078516133129596710205078125" lon="-122.7662695012986660003662109375">
        <ele>-3</ele>
        <time>2026-09-15T01:03:31.000Z</time>
        <extensions>
          <ns3:TrackPointExtension>
            <ns3:hr>104</ns3:hr>
          </ns3:TrackPointExtension>
        </extensions>
      </trkpt>
      <trkpt lat="48.10783828608691692352294921875" lon="-122.76624125428497791290283203125">
        <ele>-2.7999999523162841796875</ele>
        <time>2026-09-15T01:03:33.000Z</time>
        <extensions>
          <ns3:TrackPointExtension>
            <ns3:hr>108</ns3:hr>
          </ns3:TrackPointExtension>
        </extensions>
      </trkpt>
      <trkpt lat="48.1077946163713932037353515625" lon="-122.76612776331603527069091796875">
        <ele>-2.7999999523162841796875</ele>
        <time>2026-09-15T01:03:41.000Z</time>
        <extensions>
          <ns3:TrackPointExtension>
            <ns3:hr>107</ns3:hr>
          </ns3:TrackPointExtension>
        </extensions>
      </trkpt>
      <trkpt lat="48.1077470071613788604736328125" lon="-122.766017206013202667236328125">
        <ele>-3</ele>
        <time>2026-09-15T01:03:49.000Z</time>
        <extensions>
          <ns3:TrackPointExtension>
            <ns3:hr>111</ns3:hr>
          </ns3:TrackPointExtension>
        </extensions>
      </trkpt>
      <trkpt lat="48.10773753561079502105712890625" lon="-122.76599097065627574920654296875">
        <ele>-2.7999999523162841796875</ele>
        <time>2026-09-15T01:03:51.000Z</time>
        <extensions>
          <ns3:TrackPointExtension>
            <ns3:hr>107</ns3:hr>
          </ns3:TrackPointExtension>
        </extensions>
      </trkpt>
      <trkpt lat="48.10773116536438465118408203125" lon="-122.76597906835377216339111328125">
        <ele>-2.7999999523162841796875</ele>
        <time>2026-09-15T01:03:52.000Z</time>
        <extensions>
          <ns3:TrackPointExtension>
            <ns3:hr>104</ns3:hr>
          </ns3:TrackPointExtension>
        </extensions>
      </trkpt>
      <trkpt lat="48.1077248789370059967041015625" lon="-122.765965573489665985107421875">
        <ele>-2.7999999523162841796875</ele>
        <time>2026-09-15T01:03:53.000Z</time>
        <extensions>
          <ns3:TrackPointExtension>
            <ns3:hr>104</ns3:hr>
          </ns3:TrackPointExtension>
        </extensions>
      </trkpt>
      <trkpt lat="48.107719011604785919189453125" lon="-122.7659523300826549530029296875">
        <ele>-2.7999999523162841796875</ele>
        <time>2026-09-15T01:03:54.000Z</time>
        <extensions>
          <ns3:TrackPointExtension>
            <ns3:hr>105</ns3:hr>
          </ns3:TrackPointExtension>
        </extensions>
      </trkpt>
      <trkpt lat="48.1076729111373424530029296875" lon="-122.765848226845264434814453125">
        <ele>-2.7999999523162841796875</ele>
        <time>2026-09-15T01:04:03.000Z</time>
        <extensions>
          <ns3:TrackPointExtension>
            <ns3:hr>100</ns3:hr>
          </ns3:TrackPointExtension>
        </extensions>
      </trkpt>
      <trkpt lat="48.1076692230999469757080078125" lon="-122.7658356539905071258544921875">
        <ele>-2.7999999523162841796875</ele>
        <time>2026-09-15T01:04:04.000Z</time>
        <extensions>
          <ns3:TrackPointExtension>
            <ns3:hr>97</ns3:hr>
          </ns3:TrackPointExtension>
        </extensions>
      </trkpt>
      <trkpt lat="48.107658326625823974609375" lon="-122.7658141963183879852294921875">
        <ele>-3</ele>
        <time>2026-09-15T01:04:06.000Z</time>
        <extensions>
          <ns3:TrackPointExtension>
            <ns3:hr>94</ns3:hr>
          </ns3:TrackPointExtension>
        </extensions>
      </trkpt>
      <trkpt lat="48.1076229549944400787353515625" lon="-122.76572710834443569183349609375">
        <ele>-2.7999999523162841796875</ele>
        <time>2026-09-15T01:04:13.000Z</time>
        <extensions>
          <ns3:TrackPointExtension>
            <ns3:hr>96</ns3:hr>
          </ns3:TrackPointExtension>
        </extensions>
      </trkpt>
      <trkpt lat="48.10763024725019931793212890625" lon="-122.76565250940620899200439453125">
        <ele>-2.7999999523162841796875</ele>
        <time>2026-09-15T01:04:20.000Z</time>
        <extensions>
          <ns3:TrackPointExtension>
            <ns3:hr>100</ns3:hr>
          </ns3:TrackPointExtension>
        </extensions>
      </trkpt>
      <trkpt lat="48.10763309709727764129638671875" lon="-122.7656401880085468292236328125">
        <ele>-2.7999999523162841796875</ele>
        <time>2026-09-15T01:04:21.000Z</time>
        <extensions>
          <ns3:TrackPointExtension>
            <ns3:hr>101</ns3:hr>
          </ns3:TrackPointExtension>
        </extensions>
      </trkpt>
      <trkpt lat="48.10766545124351978302001953125" lon="-122.76555745862424373626708984375">
        <ele>-2.599999904632568359375</ele>
        <time>2026-09-15T01:04:26.000Z</time>
        <extensions>
          <ns3:TrackPointExtension>
            <ns3:hr>97</ns3:hr>
          </ns3:TrackPointExtension>
        </extensions>
      </trkpt>
      <trkpt lat="48.10767240822315216064453125" lon="-122.76554103009402751922607421875">
        <ele>-2.599999904632568359375</ele>
        <time>2026-09-15T01:04:27.000Z</time>
        <extensions>
          <ns3:TrackPointExtension>
            <ns3:hr>97</ns3:hr>
          </ns3:TrackPointExtension>
        </extensions>
      </trkpt>
      <trkpt lat="48.10770702548325061798095703125" lon="-122.76547598652541637420654296875">
        <ele>-2.7999999523162841796875</ele>
        <time>2026-09-15T01:04:31.000Z</time>
        <extensions>
          <ns3:TrackPointExtension>
            <ns3:hr>94</ns3:hr>
          </ns3:TrackPointExtension>
        </extensions>
      </trkpt>
      <trkpt lat="48.10778464190661907196044921875" lon="-122.765342630445957183837890625">
        <ele>-2.7999999523162841796875</ele>
        <time>2026-09-15T01:04:38.000Z</time>
        <extensions>
          <ns3:TrackPointExtension>
            <ns3:hr>99</ns3:hr>
          </ns3:TrackPointExtension>
        </extensions>
      </trkpt>
      <trkpt lat="48.10787801630795001983642578125" lon="-122.76510885916650295257568359375">
        <ele>-2.599999904632568359375</ele>
        <time>2026-09-15T01:04:48.000Z</time>
        <extensions>
          <ns3:TrackPointExtension>
            <ns3:hr>100</ns3:hr>
          </ns3:TrackPointExtension>
        </extensions>
      </trkpt>
      <trkpt lat="48.1079216860234737396240234375" lon="-122.76495178230106830596923828125">
        <ele>-2.599999904632568359375</ele>
        <time>2026-09-15T01:04:55.000Z</time>
        <extensions>
          <ns3:TrackPointExtension>
            <ns3:hr>101</ns3:hr>
          </ns3:TrackPointExtension>
        </extensions>
      </trkpt>
      <trkpt lat="48.1079139746725559234619140625" lon="-122.76493434794247150421142578125">
        <ele>-2.599999904632568359375</ele>
        <time>2026-09-15T01:04:56.000Z</time>
        <extensions>
          <ns3:TrackPointExtension>
            <ns3:hr>101</ns3:hr>
          </ns3:TrackPointExtension>
        </extensions>
      </trkpt>
      <trkpt lat="48.10788187198340892791748046875" lon="-122.76491490192711353302001953125">
        <ele>-2.400000095367431640625</ele>
        <time>2026-09-15T01:04:59.000Z</time>
        <extensions>
          <ns3:TrackPointExtension>
            <ns3:hr>101</ns3:hr>
          </ns3:TrackPointExtension>
        </extensions>
      </trkpt>
      <trkpt lat="48.107857145369052886962890625" lon="-122.76492747478187084197998046875">
        <ele>-2.400000095367431640625</ele>
        <time>2026-09-15T01:05:01.000Z</time>
        <extensions>
          <ns3:TrackPointExtension>
            <ns3:hr>101</ns3:hr>
          </ns3:TrackPointExtension>
        </extensions>
      </trkpt>
      <trkpt lat="48.10782923363149166107177734375" lon="-122.7649662829935550689697265625">
        <ele>-2.400000095367431640625</ele>
        <time>2026-09-15T01:05:05.000Z</time>
        <extensions>
          <ns3:TrackPointExtension>
            <ns3:hr>102</ns3:hr>
          </ns3:TrackPointExtension>
        </extensions>
      </trkpt>
      <trkpt lat="48.1077436544001102447509765625" lon="-122.765058316290378570556640625">
        <ele>-2.2000000476837158203125</ele>
        <time>2026-09-15T01:05:13.000Z</time>
        <extensions>
          <ns3:TrackPointExtension>
            <ns3:hr>105</ns3:hr>
          </ns3:TrackPointExtension>
        </extensions>
      </trkpt>
      <trkpt lat="48.10771523974835872650146484375" lon="-122.765134759247303009033203125">
        <ele>-2.400000095367431640625</ele>
        <time>2026-09-15T01:05:21.000Z</time>
        <extensions>
          <ns3:TrackPointExtension>
            <ns3:hr>105</ns3:hr>
          </ns3:TrackPointExtension>
        </extensions>
      </trkpt>
      <trkpt lat="48.10772471129894256591796875" lon="-122.7651748247444629669189453125">
        <ele>-2.599999904632568359375</ele>
        <time>2026-09-15T01:05:28.000Z</time>
        <extensions>
          <ns3:TrackPointExtension>
            <ns3:hr>110</ns3:hr>
          </ns3:TrackPointExtension>
        </extensions>
      </trkpt>
      <trkpt lat="48.107728399336338043212890625" lon="-122.7651754952967166900634765625">
        <ele>-2.599999904632568359375</ele>
        <time>2026-09-15T01:05:29.000Z</time>
        <extensions>
          <ns3:TrackPointExtension>
            <ns3:hr>113</ns3:hr>
          </ns3:TrackPointExtension>
        </extensions>
      </trkpt>
      <trkpt lat="48.10777030885219573974609375" lon="-122.7651785127818584442138671875">
        <ele>-2.400000095367431640625</ele>
        <time>2026-09-15T01:05:35.000Z</time>
        <extensions>
          <ns3:TrackPointExtension>
            <ns3:hr>113</ns3:hr>
          </ns3:TrackPointExtension>
        </extensions>
      </trkpt>
      <trkpt lat="48.1077803671360015869140625" lon="-122.76517457328736782073974609375">
        <ele>-2.400000095367431640625</ele>
        <time>2026-09-15T01:05:36.000Z</time>
        <extensions>
          <ns3:TrackPointExtension>
            <ns3:hr>113</ns3:hr>
          </ns3:TrackPointExtension>
        </extensions>
      </trkpt>
      <trkpt lat="48.1078794412314891815185546875" lon="-122.76510315947234630584716796875">
        <ele>-2.400000095367431640625</ele>
        <time>2026-09-15T01:05:45.000Z</time>
        <extensions>
          <ns3:TrackPointExtension>
            <ns3:hr>115</ns3:hr>
          </ns3:TrackPointExtension>
        </extensions>
      </trkpt>
      <trkpt lat="48.10792453587055206298828125" lon="-122.76502110064029693603515625">
        <ele>-2.2000000476837158203125</ele>
        <time>2026-09-15T01:05:51.000Z</time>
        <extensions>
          <ns3:TrackPointExtension>
            <ns3:hr>118</ns3:hr>
          </ns3:TrackPointExtension>
        </extensions>
      </trkpt>
      <trkpt lat="48.10794440098106861114501953125" lon="-122.765010036528110504150390625">
        <ele>-2.2000000476837158203125</ele>
        <time>2026-09-15T01:05:53.000Z</time>
        <extensions>
          <ns3:TrackPointExtension>
            <ns3:hr>113</ns3:hr>
          </ns3:TrackPointExtension>
        </extensions>
      </trkpt>
      <trkpt lat="48.107953704893589019775390625" lon="-122.76500794105231761932373046875">
        <ele>-2.2000000476837158203125</ele>
        <time>2026-09-15T01:05:54.000Z</time>
        <extensions>
          <ns3:TrackPointExtension>
            <ns3:hr>113</ns3:hr>
          </ns3:TrackPointExtension>
        </extensions>
      </trkpt>
      <trkpt lat="48.10797038488090038299560546875" lon="-122.7650145627558231353759765625">
        <ele>-2.2000000476837158203125</ele>
        <time>2026-09-15T01:05:56.000Z</time>
        <extensions>
          <ns3:TrackPointExtension>
            <ns3:hr>110</ns3:hr>
          </ns3:TrackPointExtension>
        </extensions>
      </trkpt>
      <trkpt lat="48.1079761683940887451171875" lon="-122.76502939872443675994873046875">
        <ele>-2.2000000476837158203125</ele>
        <time>2026-09-15T01:05:59.000Z</time>
        <extensions>
          <ns3:TrackPointExtension>
            <ns3:hr>111</ns3:hr>
          </ns3:TrackPointExtension>
        </extensions>
      </trkpt>
      <trkpt lat="48.10796485282480716705322265625" lon="-122.7650477550923824310302734375">
        <ele>-2.2000000476837158203125</ele>
        <time>2026-09-15T01:06:01.000Z</time>
        <extensions>
          <ns3:TrackPointExtension>
            <ns3:hr>114</ns3:hr>
          </ns3:TrackPointExtension>
        </extensions>
      </trkpt>
      <trkpt lat="48.10794037766754627227783203125" lon="-122.76509209536015987396240234375">
        <ele>-2</ele>
        <time>2026-09-15T01:06:06.000Z</time>
        <extensions>
          <ns3:TrackPointExtension>
            <ns3:hr>114</ns3:hr>
          </ns3:TrackPointExtension>
        </extensions>
      </trkpt>
      <trkpt lat="48.10791305266320705413818359375" lon="-122.765164263546466827392578125">
        <ele>-2</ele>
        <time>2026-09-15T01:06:12.000Z</time>
        <extensions>
          <ns3:TrackPointExtension>
            <ns3:hr>116</ns3:hr>
          </ns3:TrackPointExtension>
        </extensions>
      </trkpt>
      <trkpt lat="48.10790299437940120697021484375" lon="-122.7651949413120746612548828125">
        <ele>-2</ele>
        <time>2026-09-15T01:06:14.000Z</time>
        <extensions>
          <ns3:TrackPointExtension>
            <ns3:hr>118</ns3:hr>
          </ns3:TrackPointExtension>
        </extensions>
      </trkpt>
      <trkpt lat="48.1079062633216381072998046875" lon="-122.76523911394178867340087890625">
        <ele>-2.2000000476837158203125</ele>
        <time>2026-09-15T01:06:17.000Z</time>
        <extensions>
          <ns3:TrackPointExtension>
            <ns3:hr>119</ns3:hr>
          </ns3:TrackPointExtension>
        </extensions>
      </trkpt>
      <trkpt lat="48.10792076401412487030029296875" lon="-122.7652489207684993743896484375">
        <ele>-2.2000000476837158203125</ele>
        <time>2026-09-15T01:06:19.000Z</time>
        <extensions>
          <ns3:TrackPointExtension>
            <ns3:hr>118</ns3:hr>
          </ns3:TrackPointExtension>
        </extensions>
      </trkpt>
      <trkpt lat="48.10792847536504268646240234375" lon="-122.76524799875915050506591796875">
        <ele>-2.400000095367431640625</ele>
        <time>2026-09-15T01:06:20.000Z</time>
        <extensions>
          <ns3:TrackPointExtension>
            <ns3:hr>117</ns3:hr>
          </ns3:TrackPointExtension>
        </extensions>
      </trkpt>
      <trkpt lat="48.1079672835767269134521484375" lon="-122.76523240841925144195556640625">
        <ele>-2.400000095367431640625</ele>
        <time>2026-09-15T01:06:23.000Z</time>
        <extensions>
          <ns3:TrackPointExtension>
            <ns3:hr>108</ns3:hr>
          </ns3:TrackPointExtension>
        </extensions>
      </trkpt>
      <trkpt lat="48.1079803593456745147705078125" lon="-122.76522989384829998016357421875">
        <ele>-2.400000095367431640625</ele>
        <time>2026-09-15T01:06:24.000Z</time>
        <extensions>
          <ns3:TrackPointExtension>
            <ns3:hr>103</ns3:hr>
          </ns3:TrackPointExtension>
        </extensions>
      </trkpt>
      <trkpt lat="48.1079961173236370086669921875" lon="-122.76522603817284107208251953125">
        <ele>-2.400000095367431640625</ele>
        <time>2026-09-15T01:06:25.000Z</time>
        <extensions>
          <ns3:TrackPointExtension>
            <ns3:hr>96</ns3:hr>
          </ns3:TrackPointExtension>
        </extensions>
      </trkpt>
      <trkpt lat="48.10804548673331737518310546875" lon="-122.765231318771839141845703125">
        <ele>-2.400000095367431640625</ele>
        <time>2026-09-15T01:06:28.000Z</time>
        <extensions>
          <ns3:TrackPointExtension>
            <ns3:hr>94</ns3:hr>
          </ns3:TrackPointExtension>
        </extensions>
      </trkpt>
      <trkpt lat="48.10807876288890838623046875" lon="-122.7652363479137420654296875">
        <ele>-2.599999904632568359375</ele>
        <time>2026-09-15T01:06:30.000Z</time>
        <extensions>
          <ns3:TrackPointExtension>
            <ns3:hr>98</ns3:hr>
          </ns3:TrackPointExtension>
        </extensions>
      </trkpt>
      <trkpt lat="48.108092509210109710693359375" lon="-122.765239365398883819580078125">
        <ele>-2.599999904632568359375</ele>
        <time>2026-09-15T01:06:31.000Z</time>
        <extensions>
          <ns3:TrackPointExtension>
            <ns3:hr>102</ns3:hr>
          </ns3:TrackPointExtension>
        </extensions>
      </trkpt>
      <trkpt lat="48.1081583909690380096435546875" lon="-122.76524330489337444305419921875">
        <ele>-2.599999904632568359375</ele>
        <time>2026-09-15T01:06:35.000Z</time>
        <extensions>
          <ns3:TrackPointExtension>
            <ns3:hr>105</ns3:hr>
          </ns3:TrackPointExtension>
        </extensions>
      </trkpt>
      <trkpt lat="48.10817205347120761871337890625" lon="-122.76524079032242298126220703125">
        <ele>-2.400000095367431640625</ele>
        <time>2026-09-15T01:06:36.000Z</time>
        <extensions>
          <ns3:TrackPointExtension>
            <ns3:hr>105</ns3:hr>
          </ns3:TrackPointExtension>
        </extensions>
      </trkpt>
      <trkpt lat="48.10825981199741363525390625" lon="-122.765223272144794464111328125">
        <ele>-2.400000095367431640625</ele>
        <time>2026-09-15T01:06:43.000Z</time>
        <extensions>
          <ns3:TrackPointExtension>
            <ns3:hr>107</ns3:hr>
          </ns3:TrackPointExtension>
        </extensions>
      </trkpt>
      <trkpt lat="48.1082941778004169464111328125" lon="-122.7652053348720073699951171875">
        <ele>-2.599999904632568359375</ele>
        <time>2026-09-15T01:06:46.000Z</time>
        <extensions>
          <ns3:TrackPointExtension>
            <ns3:hr>110</ns3:hr>
          </ns3:TrackPointExtension>
        </extensions>
      </trkpt>
      <trkpt lat="48.108404316008090972900390625" lon="-122.76517893187701702117919921875">
        <ele>-2.599999904632568359375</ele>
        <time>2026-09-15T01:06:54.000Z</time>
        <extensions>
          <ns3:TrackPointExtension>
            <ns3:hr>109</ns3:hr>
          </ns3:TrackPointExtension>
        </extensions>
      </trkpt>
      <trkpt lat="48.1084455549716949462890625" lon="-122.7651972882449626922607421875">
        <ele>-2.599999904632568359375</ele>
        <time>2026-09-15T01:06:58.000Z</time>
        <extensions>
          <ns3:TrackPointExtension>
            <ns3:hr>110</ns3:hr>
          </ns3:TrackPointExtension>
        </extensions>
      </trkpt>
      <trkpt lat="48.10844765044748783111572265625" lon="-122.76520960964262485504150390625">
        <ele>-2.599999904632568359375</ele>
        <time>2026-09-15T01:06:59.000Z</time>
        <extensions>
          <ns3:TrackPointExtension>
            <ns3:hr>110</ns3:hr>
          </ns3:TrackPointExtension>
        </extensions>
      </trkpt>
      <trkpt lat="48.10843524523079395294189453125" lon="-122.76530046947300434112548828125">
        <ele>-2</ele>
        <time>2026-09-15T01:07:05.000Z</time>
        <extensions>
          <ns3:TrackPointExtension>
            <ns3:hr>110</ns3:hr>
          </ns3:TrackPointExtension>
        </extensions>
      </trkpt>
      <trkpt lat="48.1084272824227809906005859375" lon="-122.76533684693276882171630859375">
        <ele>-2</ele>
        <time>2026-09-15T01:07:07.000Z</time>
        <extensions>
          <ns3:TrackPointExtension>
            <ns3:hr>106</ns3:hr>
          </ns3:TrackPointExtension>
        </extensions>
      </trkpt>
      <trkpt lat="48.10841177590191364288330078125" lon="-122.765390239655971527099609375">
        <ele>-2</ele>
        <time>2026-09-15T01:07:10.000Z</time>
        <extensions>
          <ns3:TrackPointExtension>
            <ns3:hr>103</ns3:hr>
          </ns3:TrackPointExtension>
        </extensions>
      </trkpt>
      <trkpt lat="48.10840188525617122650146484375" lon="-122.76542636565864086151123046875">
        <ele>-2.2000000476837158203125</ele>
        <time>2026-09-15T01:07:12.000Z</time>
        <extensions>
          <ns3:TrackPointExtension>
            <ns3:hr>102</ns3:hr>
          </ns3:TrackPointExtension>
        </extensions>
      </trkpt>
      <trkpt lat="48.108391575515270233154296875" lon="-122.7655018866062164306640625">
        <ele>-2.2000000476837158203125</ele>
        <time>2026-09-15T01:07:16.000Z</time>
        <extensions>
          <ns3:TrackPointExtension>
            <ns3:hr>106</ns3:hr>
          </ns3:TrackPointExtension>
        </extensions>
      </trkpt>
      <trkpt lat="48.10838193632662296295166015625" lon="-122.76559174060821533203125">
        <ele>-2.2000000476837158203125</ele>
        <time>2026-09-15T01:07:21.000Z</time>
        <extensions>
          <ns3:TrackPointExtension>
            <ns3:hr>109</ns3:hr>
          </ns3:TrackPointExtension>
        </extensions>
      </trkpt>
      <trkpt lat="48.1083766557276248931884765625" lon="-122.76560992933809757232666015625">
        <ele>-2.2000000476837158203125</ele>
        <time>2026-09-15T01:07:22.000Z</time>
        <extensions>
          <ns3:TrackPointExtension>
            <ns3:hr>109</ns3:hr>
          </ns3:TrackPointExtension>
        </extensions>
      </trkpt>
      <trkpt lat="48.108345977962017059326171875" lon="-122.7657511644065380096435546875">
        <ele>-2.400000095367431640625</ele>
        <time>2026-09-15T01:07:31.000Z</time>
        <extensions>
          <ns3:TrackPointExtension>
            <ns3:hr>110</ns3:hr>
          </ns3:TrackPointExtension>
        </extensions>
      </trkpt>
      <trkpt lat="48.10831521637737751007080078125" lon="-122.76587747968733310699462890625">
        <ele>-2.400000095367431640625</ele>
        <time>2026-09-15T01:07:41.000Z</time>
        <extensions>
          <ns3:TrackPointExtension>
            <ns3:hr>109</ns3:hr>
          </ns3:TrackPointExtension>
        </extensions>
      </trkpt>
      <trkpt lat="48.10829962603747844696044921875" lon="-122.7659382484853267669677734375">
        <ele>-2.400000095367431640625</ele>
        <time>2026-09-15T01:07:46.000Z</time>
        <extensions>
          <ns3:TrackPointExtension>
            <ns3:hr>106</ns3:hr>
          </ns3:TrackPointExtension>
        </extensions>
      </trkpt>
      <trkpt lat="48.1082961894571781158447265625" lon="-122.7659610472619533538818359375">
        <ele>-2.400000095367431640625</ele>
        <time>2026-09-15T01:07:48.000Z</time>
        <extensions>
          <ns3:TrackPointExtension>
            <ns3:hr>102</ns3:hr>
          </ns3:TrackPointExtension>
        </extensions>
      </trkpt>
      <trkpt lat="48.10827632434666156768798828125" lon="-122.76601326651871204376220703125">
        <ele>-2.400000095367431640625</ele>
        <time>2026-09-15T01:07:54.000Z</time>
        <extensions>
          <ns3:TrackPointExtension>
            <ns3:hr>101</ns3:hr>
          </ns3:TrackPointExtension>
        </extensions>
      </trkpt>
      <trkpt lat="48.10822804458439350128173828125" lon="-122.76612172834575176239013671875">
        <ele>-2.599999904632568359375</ele>
        <time>2026-09-15T01:08:08.000Z</time>
        <extensions>
          <ns3:TrackPointExtension>
            <ns3:hr>103</ns3:hr>
          </ns3:TrackPointExtension>
        </extensions>
      </trkpt>
      <trkpt lat="48.1081798486411571502685546875" lon="-122.7662636339664459228515625">
        <ele>-2.599999904632568359375</ele>
        <time>2026-09-15T01:08:20.000Z</time>
        <extensions>
          <ns3:TrackPointExtension>
            <ns3:hr>102</ns3:hr>
          </ns3:TrackPointExtension>
        </extensions>
      </trkpt>
      <trkpt lat="48.1081469915807247161865234375" lon="-122.766393721103668212890625">
        <ele>-2.599999904632568359375</ele>
        <time>2026-09-15T01:08:30.000Z</time>
        <extensions>
          <ns3:TrackPointExtension>
            <ns3:hr>106</ns3:hr>
          </ns3:TrackPointExtension>
        </extensions>
      </trkpt>
      <trkpt lat="48.1081493385136127471923828125" lon="-122.76641023345291614532470703125">
        <ele>-2.599999904632568359375</ele>
        <time>2026-09-15T01:08:31.000Z</time>
        <extensions>
          <ns3:TrackPointExtension>
            <ns3:hr>109</ns3:hr>
          </ns3:TrackPointExtension>
        </extensions>
      </trkpt>
      <trkpt lat="48.10815260745584964752197265625" lon="-122.7664207108318805694580078125">
        <ele>-2.599999904632568359375</ele>
        <time>2026-09-15T01:08:32.000Z</time>
        <extensions>
          <ns3:TrackPointExtension>
            <ns3:hr>109</ns3:hr>
          </ns3:TrackPointExtension>
        </extensions>
      </trkpt>
      <trkpt lat="48.10815922915935516357421875" lon="-122.76642515324056148529052734375">
        <ele>-2.599999904632568359375</ele>
        <time>2026-09-15T01:08:33.000Z</time>
        <extensions>
          <ns3:TrackPointExtension>
            <ns3:hr>111</ns3:hr>
          </ns3:TrackPointExtension>
        </extensions>
      </trkpt>
      <trkpt lat="48.1081821955740451812744140625" lon="-122.76641182601451873779296875">
        <ele>-2.599999904632568359375</ele>
        <time>2026-09-15T01:08:36.000Z</time>
        <extensions>
          <ns3:TrackPointExtension>
            <ns3:hr>114</ns3:hr>
          </ns3:TrackPointExtension>
        </extensions>
      </trkpt>
      <trkpt lat="48.1081907451152801513671875" lon="-122.76640553958714008331298828125">
        <ele>-2.599999904632568359375</ele>
        <time>2026-09-15T01:08:37.000Z</time>
        <extensions>
          <ns3:TrackPointExtension>
            <ns3:hr>127</ns3:hr>
          </ns3:TrackPointExtension>
        </extensions>
      </trkpt>
      <trkpt lat="48.10820641927421092987060546875" lon="-122.76639414019882678985595703125">
        <ele>-2.599999904632568359375</ele>
        <time>2026-09-15T01:08:39.000Z</time>
        <extensions>
          <ns3:TrackPointExtension>
            <ns3:hr>122</ns3:hr>
          </ns3:TrackPointExtension>
        </extensions>
      </trkpt>
      <trkpt lat="48.1082170642912387847900390625" lon="-122.766388021409511566162109375">
        <ele>-2.400000095367431640625</ele>
        <time>2026-09-15T01:08:40.000Z</time>
        <extensions>
          <ns3:TrackPointExtension>
            <ns3:hr>116</ns3:hr>
          </ns3:TrackPointExtension>
        </extensions>
      </trkpt>
      <trkpt lat="48.1082277931272983551025390625" lon="-122.766382992267608642578125">
        <ele>-2.400000095367431640625</ele>
        <time>2026-09-15T01:08:41.000Z</time>
        <extensions>
          <ns3:TrackPointExtension>
            <ns3:hr>113</ns3:hr>
          </ns3:TrackPointExtension>
        </extensions>
      </trkpt>
      <trkpt lat="48.1082381866872310638427734375" lon="-122.7663788013160228729248046875">
        <ele>-2.400000095367431640625</ele>
        <time>2026-09-15T01:08:42.000Z</time>
        <extensions>
          <ns3:TrackPointExtension>
            <ns3:hr>113</ns3:hr>
          </ns3:TrackPointExtension>
        </extensions>
      </trkpt>
      <trkpt lat="48.10825981199741363525390625" lon="-122.76636748574674129486083984375">
        <ele>-2.400000095367431640625</ele>
        <time>2026-09-15T01:08:44.000Z</time>
        <extensions>
          <ns3:TrackPointExtension>
            <ns3:hr>116</ns3:hr>
          </ns3:TrackPointExtension>
        </extensions>
      </trkpt>
      <trkpt lat="48.108320496976375579833984375" lon="-122.76633161120116710662841796875">
        <ele>-2.599999904632568359375</ele>
        <time>2026-09-15T01:08:50.000Z</time>
        <extensions>
          <ns3:TrackPointExtension>
            <ns3:hr>118</ns3:hr>
          </ns3:TrackPointExtension>
        </extensions>
      </trkpt>
      <trkpt lat="48.10834723524749279022216796875" lon="-122.76636580936610698699951171875">
        <ele>-2.7999999523162841796875</ele>
        <time>2026-09-15T01:08:56.000Z</time>
        <extensions>
          <ns3:TrackPointExtension>
            <ns3:hr>116</ns3:hr>
          </ns3:TrackPointExtension>
        </extensions>
      </trkpt>
      <trkpt lat="48.1083033978939056396484375" lon="-122.766455747187137603759765625">
        <ele>-2.599999904632568359375</ele>
        <time>2026-09-15T01:09:05.000Z</time>
        <extensions>
          <ns3:TrackPointExtension>
            <ns3:hr>113</ns3:hr>
          </ns3:TrackPointExtension>
        </extensions>
      </trkpt>
      <trkpt lat="48.10828420333564281463623046875" lon="-122.76650913991034030914306640625">
        <ele>-2.599999904632568359375</ele>
        <time>2026-09-15T01:09:10.000Z</time>
        <extensions>
          <ns3:TrackPointExtension>
            <ns3:hr>116</ns3:hr>
          </ns3:TrackPointExtension>
        </extensions>
      </trkpt>
      <trkpt lat="48.10826542787253856658935546875" lon="-122.76655557565391063690185546875">
        <ele>-2.7999999523162841796875</ele>
        <time>2026-09-15T01:09:15.000Z</time>
        <extensions>
          <ns3:TrackPointExtension>
            <ns3:hr>121</ns3:hr>
          </ns3:TrackPointExtension>
        </extensions>
      </trkpt>
      <trkpt lat="48.10826249420642852783203125" lon="-122.76656337082386016845703125">
        <ele>-2.7999999523162841796875</ele>
        <time>2026-09-15T01:09:16.000Z</time>
        <extensions>
          <ns3:TrackPointExtension>
            <ns3:hr>122</ns3:hr>
          </ns3:TrackPointExtension>
        </extensions>
      </trkpt>
      <trkpt lat="48.10826115310192108154296875" lon="-122.76657284237444400787353515625">
        <ele>-2.7999999523162841796875</ele>
        <time>2026-09-15T01:09:17.000Z</time>
        <extensions>
          <ns3:TrackPointExtension>
            <ns3:hr>112</ns3:hr>
          </ns3:TrackPointExtension>
        </extensions>
      </trkpt>
      <trkpt lat="48.10825872235000133514404296875" lon="-122.76658348739147186279296875">
        <ele>-2.7999999523162841796875</ele>
        <time>2026-09-15T01:09:18.000Z</time>
        <extensions>
          <ns3:TrackPointExtension>
            <ns3:hr>103</ns3:hr>
          </ns3:TrackPointExtension>
        </extensions>
      </trkpt>
      <trkpt lat="48.10825721360743045806884765625" lon="-122.7665937133133411407470703125">
        <ele>-2.7999999523162841796875</ele>
        <time>2026-09-15T01:09:19.000Z</time>
        <extensions>
          <ns3:TrackPointExtension>
            <ns3:hr>99</ns3:hr>
          </ns3:TrackPointExtension>
        </extensions>
      </trkpt>
      <trkpt lat="48.10825486667454242706298828125" lon="-122.7666027657687664031982421875">
        <ele>-2.7999999523162841796875</ele>
        <time>2026-09-15T01:09:20.000Z</time>
        <extensions>
          <ns3:TrackPointExtension>
            <ns3:hr>99</ns3:hr>
          </ns3:TrackPointExtension>
        </extensions>
      </trkpt>
      <trkpt lat="48.10824380256235599517822265625" lon="-122.76665682904422283172607421875">
        <ele>-2.7999999523162841796875</ele>
        <time>2026-09-15T01:09:27.000Z</time>
        <extensions>
          <ns3:TrackPointExtension>
            <ns3:hr>99</ns3:hr>
          </ns3:TrackPointExtension>
        </extensions>
      </trkpt>
      <trkpt lat="48.10821362771093845367431640625" lon="-122.76674198918044567108154296875">
        <ele>-2.7999999523162841796875</ele>
        <time>2026-09-15T01:09:40.000Z</time>
        <extensions>
          <ns3:TrackPointExtension>
            <ns3:hr>101</ns3:hr>
          </ns3:TrackPointExtension>
        </extensions>
      </trkpt>
      <trkpt lat="48.1082073412835597991943359375" lon="-122.7667683921754360198974609375">
        <ele>-2.7999999523162841796875</ele>
        <time>2026-09-15T01:09:44.000Z</time>
        <extensions>
          <ns3:TrackPointExtension>
            <ns3:hr>96</ns3:hr>
          </ns3:TrackPointExtension>
        </extensions>
      </trkpt>
      <trkpt lat="48.1081875599920749664306640625" lon="-122.7668324299156665802001953125">
        <ele>-2.7999999523162841796875</ele>
        <time>2026-09-15T01:09:53.000Z</time>
        <extensions>
          <ns3:TrackPointExtension>
            <ns3:hr>98</ns3:hr>
          </ns3:TrackPointExtension>
        </extensions>
      </trkpt>
      <trkpt lat="48.1081290543079376220703125" lon="-122.7668287418782711029052734375">
        <ele>-2.7999999523162841796875</ele>
        <time>2026-09-15T01:10:03.000Z</time>
        <extensions>
          <ns3:TrackPointExtension>
            <ns3:hr>99</ns3:hr>
          </ns3:TrackPointExtension>
        </extensions>
      </trkpt>
      <trkpt lat="48.108111955225467681884765625" lon="-122.76678188703954219818115234375">
        <ele>-2.7999999523162841796875</ele>
        <time>2026-09-15T01:10:09.000Z</time>
        <extensions>
          <ns3:TrackPointExtension>
            <ns3:hr>102</ns3:hr>
          </ns3:TrackPointExtension>
        </extensions>
      </trkpt>
      <trkpt lat="48.108100555837154388427734375" lon="-122.76674685068428516387939453125">
        <ele>-2.7999999523162841796875</ele>
        <time>2026-09-15T01:10:13.000Z</time>
        <extensions>
          <ns3:TrackPointExtension>
            <ns3:hr>99</ns3:hr>
          </ns3:TrackPointExtension>
        </extensions>
      </trkpt>
      <trkpt lat="48.10808907262980937957763671875" lon="-122.766695134341716766357421875">
        <ele>-3</ele>
        <time>2026-09-15T01:10:19.000Z</time>
        <extensions>
          <ns3:TrackPointExtension>
            <ns3:hr>102</ns3:hr>
          </ns3:TrackPointExtension>
        </extensions>
      </trkpt>
      <trkpt lat="48.10808387584984302520751953125" lon="-122.76666101999580860137939453125">
        <ele>-3</ele>
        <time>2026-09-15T01:10:23.000Z</time>
        <extensions>
          <ns3:TrackPointExtension>
            <ns3:hr>99</ns3:hr>
          </ns3:TrackPointExtension>
        </extensions>
      </trkpt>
      <trkpt lat="48.10807851143181324005126953125" lon="-122.76661760173738002777099609375">
        <ele>-3</ele>
        <time>2026-09-15T01:10:28.000Z</time>
        <extensions>
          <ns3:TrackPointExtension>
            <ns3:hr>96</ns3:hr>
          </ns3:TrackPointExtension>
        </extensions>
      </trkpt>
      <trkpt lat="48.108078427612781524658203125" lon="-122.7665846608579158782958984375">
        <ele>-3</ele>
        <time>2026-09-15T01:10:33.000Z</time>
        <extensions>
          <ns3:TrackPointExtension>
            <ns3:hr>94</ns3:hr>
          </ns3:TrackPointExtension>
        </extensions>
      </trkpt>
      <trkpt lat="48.1080752424895763397216796875" lon="-122.76652808301150798797607421875">
        <ele>-3</ele>
        <time>2026-09-15T01:10:42.000Z</time>
        <extensions>
          <ns3:TrackPointExtension>
            <ns3:hr>97</ns3:hr>
          </ns3:TrackPointExtension>
        </extensions>
      </trkpt>
      <trkpt lat="48.1080728955566883087158203125" lon="-122.7665142528712749481201171875">
        <ele>-3</ele>
        <time>2026-09-15T01:10:44.000Z</time>
        <extensions>
          <ns3:TrackPointExtension>
            <ns3:hr>101</ns3:hr>
          </ns3:TrackPointExtension>
        </extensions>
      </trkpt>
      <trkpt lat="48.10806979425251483917236328125" lon="-122.76649539358913898468017578125">
        <ele>-3</ele>
        <time>2026-09-15T01:10:46.000Z</time>
        <extensions>
          <ns3:TrackPointExtension>
            <ns3:hr>105</ns3:hr>
          </ns3:TrackPointExtension>
        </extensions>
      </trkpt>
      <trkpt lat="48.108068369328975677490234375" lon="-122.76648114435374736785888671875">
        <ele>-3</ele>
        <time>2026-09-15T01:10:48.000Z</time>
        <extensions>
          <ns3:TrackPointExtension>
            <ns3:hr>103</ns3:hr>
          </ns3:TrackPointExtension>
        </extensions>
      </trkpt>
      <trkpt lat="48.10806023888289928436279296875" lon="-122.766426242887973785400390625">
        <ele>-3</ele>
        <time>2026-09-15T01:10:56.000Z</time>
        <extensions>
          <ns3:TrackPointExtension>
            <ns3:hr>101</ns3:hr>
          </ns3:TrackPointExtension>
        </extensions>
      </trkpt>
      <trkpt lat="48.108043558895587921142578125" lon="-122.76631082408130168914794921875">
        <ele>-3</ele>
        <time>2026-09-15T01:11:11.000Z</time>
        <extensions>
          <ns3:TrackPointExtension>
            <ns3:hr>99</ns3:hr>
          </ns3:TrackPointExtension>
        </extensions>
      </trkpt>
      <trkpt lat="48.10804246924817562103271484375" lon="-122.76628165505826473236083984375">
        <ele>-3</ele>
        <time>2026-09-15T01:11:14.000Z</time>
        <extensions>
          <ns3:TrackPointExtension>
            <ns3:hr>96</ns3:hr>
          </ns3:TrackPointExtension>
        </extensions>
      </trkpt>
      <trkpt lat="48.10801581479609012603759765625" lon="-122.76619590818881988525390625">
        <ele>-3</ele>
        <time>2026-09-15T01:11:24.000Z</time>
        <extensions>
          <ns3:TrackPointExtension>
            <ns3:hr>97</ns3:hr>
          </ns3:TrackPointExtension>
        </extensions>
      </trkpt>
      <trkpt lat="48.1080051697790622711181640625" lon="-122.76611032895743846893310546875">
        <ele>-2.7999999523162841796875</ele>
        <time>2026-09-15T01:11:31.000Z</time>
        <extensions>
          <ns3:TrackPointExtension>
            <ns3:hr>97</ns3:hr>
          </ns3:TrackPointExtension>
        </extensions>
      </trkpt>
      <trkpt lat="48.10800659470260143280029296875" lon="-122.7660839259624481201171875">
        <ele>-2.7999999523162841796875</ele>
        <time>2026-09-15T01:11:33.000Z</time>
        <extensions>
          <ns3:TrackPointExtension>
            <ns3:hr>100</ns3:hr>
          </ns3:TrackPointExtension>
        </extensions>
      </trkpt>
      <trkpt lat="48.10800206847488880157470703125" lon="-122.76604436337947845458984375">
        <ele>-2.7999999523162841796875</ele>
        <time>2026-09-15T01:11:36.000Z</time>
        <extensions>
          <ns3:TrackPointExtension>
            <ns3:hr>103</ns3:hr>
          </ns3:TrackPointExtension>
        </extensions>
      </trkpt>
      <trkpt lat="48.108004666864871978759765625" lon="-122.766024582087993621826171875">
        <ele>-2.7999999523162841796875</ele>
        <time>2026-09-15T01:11:38.000Z</time>
        <extensions>
          <ns3:TrackPointExtension>
            <ns3:hr>100</ns3:hr>
          </ns3:TrackPointExtension>
        </extensions>
      </trkpt>
      <trkpt lat="48.10799963772296905517578125" lon="-122.76598007418215274810791015625">
        <ele>-2.7999999523162841796875</ele>
        <time>2026-09-15T01:11:41.000Z</time>
        <extensions>
          <ns3:TrackPointExtension>
            <ns3:hr>99</ns3:hr>
          </ns3:TrackPointExtension>
        </extensions>
      </trkpt>
      <trkpt lat="48.10799829661846160888671875" lon="-122.76595316827297210693359375">
        <ele>-2.7999999523162841796875</ele>
        <time>2026-09-15T01:11:43.000Z</time>
        <extensions>
          <ns3:TrackPointExtension>
            <ns3:hr>104</ns3:hr>
          </ns3:TrackPointExtension>
        </extensions>
      </trkpt>
      <trkpt lat="48.1079971231520175933837890625" lon="-122.76593900285661220550537109375">
        <ele>-2.7999999523162841796875</ele>
        <time>2026-09-15T01:11:44.000Z</time>
        <extensions>
          <ns3:TrackPointExtension>
            <ns3:hr>107</ns3:hr>
          </ns3:TrackPointExtension>
        </extensions>
      </trkpt>
      <trkpt lat="48.1079920940101146697998046875" lon="-122.765869684517383575439453125">
        <ele>-2.7999999523162841796875</ele>
        <time>2026-09-15T01:11:49.000Z</time>
        <extensions>
          <ns3:TrackPointExtension>
            <ns3:hr>111</ns3:hr>
          </ns3:TrackPointExtension>
        </extensions>
      </trkpt>
      <trkpt lat="48.10798848979175090789794921875" lon="-122.7658517472445964813232421875">
        <ele>-2.7999999523162841796875</ele>
        <time>2026-09-15T01:11:50.000Z</time>
        <extensions>
          <ns3:TrackPointExtension>
            <ns3:hr>114</ns3:hr>
          </ns3:TrackPointExtension>
        </extensions>
      </trkpt>
      <trkpt lat="48.10798228718340396881103515625" lon="-122.7657853625714778900146484375">
        <ele>-2.7999999523162841796875</ele>
        <time>2026-09-15T01:11:55.000Z</time>
        <extensions>
          <ns3:TrackPointExtension>
            <ns3:hr>114</ns3:hr>
          </ns3:TrackPointExtension>
        </extensions>
      </trkpt>
      <trkpt lat="48.10797440819442272186279296875" lon="-122.76571311056613922119140625">
        <ele>-2.7999999523162841796875</ele>
        <time>2026-09-15T01:12:00.000Z</time>
        <extensions>
          <ns3:TrackPointExtension>
            <ns3:hr>117</ns3:hr>
          </ns3:TrackPointExtension>
        </extensions>
      </trkpt>
      <trkpt lat="48.1079706363379955291748046875" lon="-122.76562384329736232757568359375">
        <ele>-2.7999999523162841796875</ele>
        <time>2026-09-15T01:12:07.000Z</time>
        <extensions>
          <ns3:TrackPointExtension>
            <ns3:hr>115</ns3:hr>
          </ns3:TrackPointExtension>
        </extensions>
      </trkpt>
      <trkpt lat="48.107969127595424652099609375" lon="-122.76555863209068775177001953125">
        <ele>-2.7999999523162841796875</ele>
        <time>2026-09-15T01:12:13.000Z</time>
        <extensions>
          <ns3:TrackPointExtension>
            <ns3:hr>111</ns3:hr>
          </ns3:TrackPointExtension>
        </extensions>
      </trkpt>
      <trkpt lat="48.10796300880610942840576171875" lon="-122.76552862487733364105224609375">
        <ele>-2.7999999523162841796875</ele>
        <time>2026-09-15T01:12:16.000Z</time>
        <extensions>
          <ns3:TrackPointExtension>
            <ns3:hr>114</ns3:hr>
          </ns3:TrackPointExtension>
        </extensions>
      </trkpt>
      <trkpt lat="48.107961751520633697509765625" lon="-122.76552024297416210174560546875">
        <ele>-2.7999999523162841796875</ele>
        <time>2026-09-15T01:12:17.000Z</time>
        <extensions>
          <ns3:TrackPointExtension>
            <ns3:hr>111</ns3:hr>
          </ns3:TrackPointExtension>
        </extensions>
      </trkpt>
      <trkpt lat="48.10795915313065052032470703125" lon="-122.76550414972007274627685546875">
        <ele>-2.7999999523162841796875</ele>
        <time>2026-09-15T01:12:19.000Z</time>
        <extensions>
          <ns3:TrackPointExtension>
            <ns3:hr>114</ns3:hr>
          </ns3:TrackPointExtension>
        </extensions>
      </trkpt>
      <trkpt lat="48.1079547107219696044921875" lon="-122.76547565124928951263427734375">
        <ele>-2.7999999523162841796875</ele>
        <time>2026-09-15T01:12:22.000Z</time>
        <extensions>
          <ns3:TrackPointExtension>
            <ns3:hr>111</ns3:hr>
          </ns3:TrackPointExtension>
        </extensions>
      </trkpt>
      <trkpt lat="48.10794406570494174957275390625" lon="-122.76539032347500324249267578125">
        <ele>-2.599999904632568359375</ele>
        <time>2026-09-15T01:12:32.000Z</time>
        <extensions>
          <ns3:TrackPointExtension>
            <ns3:hr>112</ns3:hr>
          </ns3:TrackPointExtension>
        </extensions>
      </trkpt>
      <trkpt lat="48.10793031938374042510986328125" lon="-122.765303738415241241455078125">
        <ele>-2.599999904632568359375</ele>
        <time>2026-09-15T01:12:44.000Z</time>
        <extensions>
          <ns3:TrackPointExtension>
            <ns3:hr>114</ns3:hr>
          </ns3:TrackPointExtension>
        </extensions>
      </trkpt>
      <trkpt lat="48.10792361386120319366455078125" lon="-122.76529057882726192474365234375">
        <ele>-2.599999904632568359375</ele>
        <time>2026-09-15T01:12:46.000Z</time>
        <extensions>
          <ns3:TrackPointExtension>
            <ns3:hr>118</ns3:hr>
          </ns3:TrackPointExtension>
        </extensions>
      </trkpt>
      <trkpt lat="48.10792076401412487030029296875" lon="-122.765247412025928497314453125">
        <ele>-2.599999904632568359375</ele>
        <time>2026-09-15T01:12:52.000Z</time>
        <extensions>
          <ns3:TrackPointExtension>
            <ns3:hr>117</ns3:hr>
          </ns3:TrackPointExtension>
        </extensions>
      </trkpt>
      <trkpt lat="48.10791959054768085479736328125" lon="-122.76523844338953495025634765625">
        <ele>-2.599999904632568359375</ele>
        <time>2026-09-15T01:12:53.000Z</time>
        <extensions>
          <ns3:TrackPointExtension>
            <ns3:hr>114</ns3:hr>
          </ns3:TrackPointExtension>
        </extensions>
      </trkpt>
      <trkpt lat="48.1079156510531902313232421875" lon="-122.7652122080326080322265625">
        <ele>-2.599999904632568359375</ele>
        <time>2026-09-15T01:12:57.000Z</time>
        <extensions>
          <ns3:TrackPointExtension>
            <ns3:hr>111</ns3:hr>
          </ns3:TrackPointExtension>
        </extensions>
      </trkpt>
      <trkpt lat="48.107901401817798614501953125" lon="-122.7651309035718441009521484375">
        <ele>-2.599999904632568359375</ele>
        <time>2026-09-15T01:13:06.000Z</time>
        <extensions>
          <ns3:TrackPointExtension>
            <ns3:hr>109</ns3:hr>
          </ns3:TrackPointExtension>
        </extensions>
      </trkpt>
      <trkpt lat="48.10789100825786590576171875" lon="-122.7650507725775241851806640625">
        <ele>-2.400000095367431640625</ele>
        <time>2026-09-15T01:13:15.000Z</time>
        <extensions>
          <ns3:TrackPointExtension>
            <ns3:hr>108</ns3:hr>
          </ns3:TrackPointExtension>
        </extensions>
      </trkpt>
      <trkpt lat="48.10788832604885101318359375" lon="-122.7650229446589946746826171875">
        <ele>-2.400000095367431640625</ele>
        <time>2026-09-15T01:13:18.000Z</time>
        <extensions>
          <ns3:TrackPointExtension>
            <ns3:hr>113</ns3:hr>
          </ns3:TrackPointExtension>
        </extensions>
      </trkpt>
      <trkpt lat="48.1078908406198024749755859375" lon="-122.76497173123061656951904296875">
        <ele>-2.599999904632568359375</ele>
        <time>2026-09-15T01:13:23.000Z</time>
        <extensions>
          <ns3:TrackPointExtension>
            <ns3:hr>110</ns3:hr>
          </ns3:TrackPointExtension>
        </extensions>
      </trkpt>
      <trkpt lat="48.1078931875526905059814453125" lon="-122.76491506956517696380615234375">
        <ele>-2.400000095367431640625</ele>
        <time>2026-09-15T01:13:28.000Z</time>
        <extensions>
          <ns3:TrackPointExtension>
            <ns3:hr>108</ns3:hr>
          </ns3:TrackPointExtension>
        </extensions>
      </trkpt>
      <trkpt lat="48.10792730189859867095947265625" lon="-122.76478213258087635040283203125">
        <ele>-2.400000095367431640625</ele>
        <time>2026-09-15T01:13:40.000Z</time>
        <extensions>
          <ns3:TrackPointExtension>
            <ns3:hr>107</ns3:hr>
          </ns3:TrackPointExtension>
        </extensions>
      </trkpt>
      <trkpt lat="48.10793249867856502532958984375" lon="-122.7647696435451507568359375">
        <ele>-2.400000095367431640625</ele>
        <time>2026-09-15T01:13:41.000Z</time>
        <extensions>
          <ns3:TrackPointExtension>
            <ns3:hr>107</ns3:hr>
          </ns3:TrackPointExtension>
        </extensions>
      </trkpt>
      <trkpt lat="48.1079877354204654693603515625" lon="-122.76470250450074672698974609375">
        <ele>-2.400000095367431640625</ele>
        <time>2026-09-15T01:13:48.000Z</time>
        <extensions>
          <ns3:TrackPointExtension>
            <ns3:hr>110</ns3:hr>
          </ns3:TrackPointExtension>
        </extensions>
      </trkpt>
      <trkpt lat="48.1080048345029354095458984375" lon="-122.7647017501294612884521484375">
        <ele>-2.400000095367431640625</ele>
        <time>2026-09-15T01:13:50.000Z</time>
        <extensions>
          <ns3:TrackPointExtension>
            <ns3:hr>112</ns3:hr>
          </ns3:TrackPointExtension>
        </extensions>
      </trkpt>
      <trkpt lat="48.10800910927355289459228515625" lon="-122.76470703072845935821533203125">
        <ele>-2.400000095367431640625</ele>
        <time>2026-09-15T01:13:51.000Z</time>
        <extensions>
          <ns3:TrackPointExtension>
            <ns3:hr>113</ns3:hr>
          </ns3:TrackPointExtension>
        </extensions>
      </trkpt>
      <trkpt lat="48.10801279731094837188720703125" lon="-122.76475162245333194732666015625">
        <ele>-2.2000000476837158203125</ele>
        <time>2026-09-15T01:13:55.000Z</time>
        <extensions>
          <ns3:TrackPointExtension>
            <ns3:hr>111</ns3:hr>
          </ns3:TrackPointExtension>
        </extensions>
      </trkpt>
      <trkpt lat="48.1080098636448383331298828125" lon="-122.76486150920391082763671875">
        <ele>-2.2000000476837158203125</ele>
        <time>2026-09-15T01:14:04.000Z</time>
        <extensions>
          <ns3:TrackPointExtension>
            <ns3:hr>114</ns3:hr>
          </ns3:TrackPointExtension>
        </extensions>
      </trkpt>
      <trkpt lat="48.10800072737038135528564453125" lon="-122.76488673873245716094970703125">
        <ele>-2.2000000476837158203125</ele>
        <time>2026-09-15T01:14:06.000Z</time>
        <extensions>
          <ns3:TrackPointExtension>
            <ns3:hr>117</ns3:hr>
          </ns3:TrackPointExtension>
        </extensions>
      </trkpt>
      <trkpt lat="48.10798664577305316925048828125" lon="-122.76497256942093372344970703125">
        <ele>-2.2000000476837158203125</ele>
        <time>2026-09-15T01:14:12.000Z</time>
        <extensions>
          <ns3:TrackPointExtension>
            <ns3:hr>119</ns3:hr>
          </ns3:TrackPointExtension>
        </extensions>
      </trkpt>
      <trkpt lat="48.10798932798206806182861328125" lon="-122.765006013214588165283203125">
        <ele>-2.2000000476837158203125</ele>
        <time>2026-09-15T01:14:14.000Z</time>
        <extensions>
          <ns3:TrackPointExtension>
            <ns3:hr>114</ns3:hr>
          </ns3:TrackPointExtension>
        </extensions>
      </trkpt>
      <trkpt lat="48.10798823833465576171875" lon="-122.765020430088043212890625">
        <ele>-2.2000000476837158203125</ele>
        <time>2026-09-15T01:14:15.000Z</time>
        <extensions>
          <ns3:TrackPointExtension>
            <ns3:hr>112</ns3:hr>
          </ns3:TrackPointExtension>
        </extensions>
      </trkpt>
      <trkpt lat="48.10798044316470623016357421875" lon="-122.76506778784096240997314453125">
        <ele>-2</ele>
        <time>2026-09-15T01:14:18.000Z</time>
        <extensions>
          <ns3:TrackPointExtension>
            <ns3:hr>115</ns3:hr>
          </ns3:TrackPointExtension>
        </extensions>
      </trkpt>
      <trkpt lat="48.10797507874667644500732421875" lon="-122.7651490084826946258544921875">
        <ele>-2</ele>
        <time>2026-09-15T01:14:23.000Z</time>
        <extensions>
          <ns3:TrackPointExtension>
            <ns3:hr>118</ns3:hr>
          </ns3:TrackPointExtension>
        </extensions>
      </trkpt>
      <trkpt lat="48.10797189362347126007080078125" lon="-122.76518203318119049072265625">
        <ele>-2</ele>
        <time>2026-09-15T01:14:25.000Z</time>
        <extensions>
          <ns3:TrackPointExtension>
            <ns3:hr>121</ns3:hr>
          </ns3:TrackPointExtension>
        </extensions>
      </trkpt>
      <trkpt lat="48.10796971432864665985107421875" lon="-122.7652163989841938018798828125">
        <ele>-2</ele>
        <time>2026-09-15T01:14:27.000Z</time>
        <extensions>
          <ns3:TrackPointExtension>
            <ns3:hr>124</ns3:hr>
          </ns3:TrackPointExtension>
        </extensions>
      </trkpt>
      <trkpt lat="48.10796082951128482818603515625" lon="-122.7653256990015506744384765625">
        <ele>-2.2000000476837158203125</ele>
        <time>2026-09-15T01:14:33.000Z</time>
        <extensions>
          <ns3:TrackPointExtension>
            <ns3:hr>122</ns3:hr>
          </ns3:TrackPointExtension>
        </extensions>
      </trkpt>
      <trkpt lat="48.10795613564550876617431640625" lon="-122.7653776668012142181396484375">
        <ele>-2.2000000476837158203125</ele>
        <time>2026-09-15T01:14:36.000Z</time>
        <extensions>
          <ns3:TrackPointExtension>
            <ns3:hr>121</ns3:hr>
          </ns3:TrackPointExtension>
        </extensions>
      </trkpt>
      <trkpt lat="48.1079488433897495269775390625" lon="-122.7654531039297580718994140625">
        <ele>-2.2000000476837158203125</ele>
        <time>2026-09-15T01:14:40.000Z</time>
        <extensions>
          <ns3:TrackPointExtension>
            <ns3:hr>118</ns3:hr>
          </ns3:TrackPointExtension>
        </extensions>
      </trkpt>
      <trkpt lat="48.10794808901846408843994140625" lon="-122.765472717583179473876953125">
        <ele>-2.2000000476837158203125</ele>
        <time>2026-09-15T01:14:41.000Z</time>
        <extensions>
          <ns3:TrackPointExtension>
            <ns3:hr>113</ns3:hr>
          </ns3:TrackPointExtension>
        </extensions>
      </trkpt>
      <trkpt lat="48.107949011027812957763671875" lon="-122.76549316942691802978515625">
        <ele>-2.2000000476837158203125</ele>
        <time>2026-09-15T01:14:42.000Z</time>
        <extensions>
          <ns3:TrackPointExtension>
            <ns3:hr>105</ns3:hr>
          </ns3:TrackPointExtension>
        </extensions>
      </trkpt>
      <trkpt lat="48.10794926248490810394287109375" lon="-122.7655137889087200164794921875">
        <ele>-2.2000000476837158203125</ele>
        <time>2026-09-15T01:14:43.000Z</time>
        <extensions>
          <ns3:TrackPointExtension>
            <ns3:hr>100</ns3:hr>
          </ns3:TrackPointExtension>
        </extensions>
      </trkpt>
      <trkpt lat="48.1079485081136226654052734375" lon="-122.7655318938195705413818359375">
        <ele>-2.2000000476837158203125</ele>
        <time>2026-09-15T01:14:44.000Z</time>
        <extensions>
          <ns3:TrackPointExtension>
            <ns3:hr>100</ns3:hr>
          </ns3:TrackPointExtension>
        </extensions>
      </trkpt>
      <trkpt lat="48.107946999371051788330078125" lon="-122.76562191545963287353515625">
        <ele>-2.2000000476837158203125</ele>
        <time>2026-09-15T01:14:49.000Z</time>
        <extensions>
          <ns3:TrackPointExtension>
            <ns3:hr>97</ns3:hr>
          </ns3:TrackPointExtension>
        </extensions>
      </trkpt>
      <trkpt lat="48.10794599354267120361328125" lon="-122.76563591323792934417724609375">
        <ele>-2.2000000476837158203125</ele>
        <time>2026-09-15T01:14:50.000Z</time>
        <extensions>
          <ns3:TrackPointExtension>
            <ns3:hr>97</ns3:hr>
          </ns3:TrackPointExtension>
        </extensions>
      </trkpt>
      <trkpt lat="48.1079337559640407562255859375" lon="-122.76577421464025974273681640625">
        <ele>-2.2000000476837158203125</ele>
        <time>2026-09-15T01:15:00.000Z</time>
        <extensions>
          <ns3:TrackPointExtension>
            <ns3:hr>96</ns3:hr>
          </ns3:TrackPointExtension>
        </extensions>
      </trkpt>
      <trkpt lat="48.10793124139308929443359375" lon="-122.765785194933414459228515625">
        <ele>-2.2000000476837158203125</ele>
        <time>2026-09-15T01:15:01.000Z</time>
        <extensions>
          <ns3:TrackPointExtension>
            <ns3:hr>99</ns3:hr>
          </ns3:TrackPointExtension>
        </extensions>
      </trkpt>
      <trkpt lat="48.107917495071887969970703125" lon="-122.765851579606533050537109375">
        <ele>-2.2000000476837158203125</ele>
        <time>2026-09-15T01:15:08.000Z</time>
        <extensions>
          <ns3:TrackPointExtension>
            <ns3:hr>95</ns3:hr>
          </ns3:TrackPointExtension>
        </extensions>
      </trkpt>
      <trkpt lat="48.1079179979860782623291015625" lon="-122.7658970095217227935791015625">
        <ele>-2.2000000476837158203125</ele>
        <time>2026-09-15T01:15:12.000Z</time>
        <extensions>
          <ns3:TrackPointExtension>
            <ns3:hr>95</ns3:hr>
          </ns3:TrackPointExtension>
        </extensions>
      </trkpt>
      <trkpt lat="48.10789075680077075958251953125" lon="-122.765988372266292572021484375">
        <ele>-2.2000000476837158203125</ele>
        <time>2026-09-15T01:15:23.000Z</time>
        <extensions>
          <ns3:TrackPointExtension>
            <ns3:hr>98</ns3:hr>
          </ns3:TrackPointExtension>
        </extensions>
      </trkpt>
      <trkpt lat="48.1078992225229740142822265625" lon="-122.7660341374576091766357421875">
        <ele>-2.400000095367431640625</ele>
        <time>2026-09-15T01:15:28.000Z</time>
        <extensions>
          <ns3:TrackPointExtension>
            <ns3:hr>100</ns3:hr>
          </ns3:TrackPointExtension>
        </extensions>
      </trkpt>
      <trkpt lat="48.107930235564708709716796875" lon="-122.76600773446261882781982421875">
        <ele>-2.400000095367431640625</ele>
        <time>2026-09-15T01:15:34.000Z</time>
        <extensions>
          <ns3:TrackPointExtension>
            <ns3:hr>101</ns3:hr>
          </ns3:TrackPointExtension>
        </extensions>
      </trkpt>
      <trkpt lat="48.1080165691673755645751953125" lon="-122.76595442555844783782958984375">
        <ele>-2.400000095367431640625</ele>
        <time>2026-09-15T01:15:48.000Z</time>
        <extensions>
          <ns3:TrackPointExtension>
            <ns3:hr>99</ns3:hr>
          </ns3:TrackPointExtension>
        </extensions>
      </trkpt>
      <trkpt lat="48.10802922584116458892822265625" lon="-122.76594369672238826751708984375">
        <ele>-2.400000095367431640625</ele>
        <time>2026-09-15T01:15:50.000Z</time>
        <extensions>
          <ns3:TrackPointExtension>
            <ns3:hr>95</ns3:hr>
          </ns3:TrackPointExtension>
        </extensions>
      </trkpt>
      <trkpt lat="48.1080574728548526763916015625" lon="-122.76591829955577850341796875">
        <ele>-2.599999904632568359375</ele>
        <time>2026-09-15T01:15:55.000Z</time>
        <extensions>
          <ns3:TrackPointExtension>
            <ns3:hr>101</ns3:hr>
          </ns3:TrackPointExtension>
        </extensions>
      </trkpt>
      <trkpt lat="48.10806459747254848480224609375" lon="-122.7659141086041927337646484375">
        <ele>-2.599999904632568359375</ele>
        <time>2026-09-15T01:15:56.000Z</time>
        <extensions>
          <ns3:TrackPointExtension>
            <ns3:hr>107</ns3:hr>
          </ns3:TrackPointExtension>
        </extensions>
      </trkpt>
      <trkpt lat="48.108072392642498016357421875" lon="-122.7659087441861629486083984375">
        <ele>-2.599999904632568359375</ele>
        <time>2026-09-15T01:15:57.000Z</time>
        <extensions>
          <ns3:TrackPointExtension>
            <ns3:hr>114</ns3:hr>
          </ns3:TrackPointExtension>
        </extensions>
      </trkpt>
      <trkpt lat="48.10807834379374980926513671875" lon="-122.7659040503203868865966796875">
        <ele>-2.599999904632568359375</ele>
        <time>2026-09-15T01:15:58.000Z</time>
        <extensions>
          <ns3:TrackPointExtension>
            <ns3:hr>114</ns3:hr>
          </ns3:TrackPointExtension>
        </extensions>
      </trkpt>
      <trkpt lat="48.10808504931628704071044921875" lon="-122.7658988535404205322265625">
        <ele>-2.599999904632568359375</ele>
        <time>2026-09-15T01:15:59.000Z</time>
        <extensions>
          <ns3:TrackPointExtension>
            <ns3:hr>114</ns3:hr>
          </ns3:TrackPointExtension>
        </extensions>
      </trkpt>
      <trkpt lat="48.1081080995500087738037109375" lon="-122.765865325927734375">
        <ele>-2.599999904632568359375</ele>
        <time>2026-09-15T01:16:04.000Z</time>
        <extensions>
          <ns3:TrackPointExtension>
            <ns3:hr>111</ns3:hr>
          </ns3:TrackPointExtension>
        </extensions>
      </trkpt>
      <trkpt lat="48.1082229316234588623046875" lon="-122.765761055052280426025390625">
        <ele>-2.400000095367431640625</ele>
        <time>2026-09-15T01:16:19.000Z</time>
        <extensions>
          <ns3:TrackPointExtension>
            <ns3:hr>110</ns3:hr>
          </ns3:TrackPointExtension>
        </extensions>
      </trkpt>
      <trkpt lat="48.10823089443147182464599609375" lon="-122.76575342752039432525634765625">
        <ele>-2.400000095367431640625</ele>
        <time>2026-09-15T01:16:20.000Z</time>
        <extensions>
          <ns3:TrackPointExtension>
            <ns3:hr>110</ns3:hr>
          </ns3:TrackPointExtension>
        </extensions>
      </trkpt>
      <trkpt lat="48.1082844547927379608154296875" lon="-122.76570229791104793548583984375">
        <ele>-2.400000095367431640625</ele>
        <time>2026-09-15T01:16:27.000Z</time>
        <extensions>
          <ns3:TrackPointExtension>
            <ns3:hr>111</ns3:hr>
          </ns3:TrackPointExtension>
        </extensions>
      </trkpt>
      <trkpt lat="48.10829526744782924652099609375" lon="-122.76570715941488742828369140625">
        <ele>-2.400000095367431640625</ele>
        <time>2026-09-15T01:16:29.000Z</time>
        <extensions>
          <ns3:TrackPointExtension>
            <ns3:hr>111</ns3:hr>
          </ns3:TrackPointExtension>
        </extensions>
      </trkpt>
      <trkpt lat="48.108297027647495269775390625" lon="-122.76576398871839046478271484375">
        <ele>-2.2000000476837158203125</ele>
        <time>2026-09-15T01:16:35.000Z</time>
        <extensions>
          <ns3:TrackPointExtension>
            <ns3:hr>108</ns3:hr>
          </ns3:TrackPointExtension>
        </extensions>
      </trkpt>
      <trkpt lat="48.108295686542987823486328125" lon="-122.765778489410877227783203125">
        <ele>-2.2000000476837158203125</ele>
        <time>2026-09-15T01:16:36.000Z</time>
        <extensions>
          <ns3:TrackPointExtension>
            <ns3:hr>108</ns3:hr>
          </ns3:TrackPointExtension>
        </extensions>
      </trkpt>
      <trkpt lat="48.1082904897630214691162109375" lon="-122.76583707891404628753662109375">
        <ele>-2.2000000476837158203125</ele>
        <time>2026-09-15T01:16:40.000Z</time>
        <extensions>
          <ns3:TrackPointExtension>
            <ns3:hr>104</ns3:hr>
          </ns3:TrackPointExtension>
        </extensions>
      </trkpt>
      <trkpt lat="48.1082844547927379608154296875" lon="-122.7658819220960140228271484375">
        <ele>-2.2000000476837158203125</ele>
        <time>2026-09-15T01:16:43.000Z</time>
        <extensions>
          <ns3:TrackPointExtension>
            <ns3:hr>99</ns3:hr>
          </ns3:TrackPointExtension>
        </extensions>
      </trkpt>
      <trkpt lat="48.10828261077404022216796875" lon="-122.765898518264293670654296875">
        <ele>-2.2000000476837158203125</ele>
        <time>2026-09-15T01:16:44.000Z</time>
        <extensions>
          <ns3:TrackPointExtension>
            <ns3:hr>96</ns3:hr>
          </ns3:TrackPointExtension>
        </extensions>
      </trkpt>
      <trkpt lat="48.108280934393405914306640625" lon="-122.76591561734676361083984375">
        <ele>-2.2000000476837158203125</ele>
        <time>2026-09-15T01:16:45.000Z</time>
        <extensions>
          <ns3:TrackPointExtension>
            <ns3:hr>99</ns3:hr>
          </ns3:TrackPointExtension>
        </extensions>
      </trkpt>
      <trkpt lat="48.1082764081656932830810546875" lon="-122.76596448384225368499755859375">
        <ele>-2.2000000476837158203125</ele>
        <time>2026-09-15T01:16:48.000Z</time>
        <extensions>
          <ns3:TrackPointExtension>
            <ns3:hr>103</ns3:hr>
          </ns3:TrackPointExtension>
        </extensions>
      </trkpt>
      <trkpt lat="48.108268193900585174560546875" lon="-122.76602919213473796844482421875">
        <ele>-2.2000000476837158203125</ele>
        <time>2026-09-15T01:16:52.000Z</time>
        <extensions>
          <ns3:TrackPointExtension>
            <ns3:hr>99</ns3:hr>
          </ns3:TrackPointExtension>
        </extensions>
      </trkpt>
      <trkpt lat="48.108260147273540496826171875" lon="-122.76610915549099445343017578125">
        <ele>-2.2000000476837158203125</ele>
        <time>2026-09-15T01:16:57.000Z</time>
        <extensions>
          <ns3:TrackPointExtension>
            <ns3:hr>96</ns3:hr>
          </ns3:TrackPointExtension>
        </extensions>
      </trkpt>
      <trkpt lat="48.1082589738070964813232421875" lon="-122.76613555848598480224609375">
        <ele>-2.2000000476837158203125</ele>
        <time>2026-09-15T01:16:59.000Z</time>
        <extensions>
          <ns3:TrackPointExtension>
            <ns3:hr>96</ns3:hr>
          </ns3:TrackPointExtension>
        </extensions>
      </trkpt>
      <trkpt lat="48.1082562915980815887451171875" lon="-122.76616665534675121307373046875">
        <ele>-2.2000000476837158203125</ele>
        <time>2026-09-15T01:17:01.000Z</time>
        <extensions>
          <ns3:TrackPointExtension>
            <ns3:hr>93</ns3:hr>
          </ns3:TrackPointExtension>
        </extensions>
      </trkpt>
      <trkpt lat="48.108243383467197418212890625" lon="-122.766291461884975433349609375">
        <ele>-2.2000000476837158203125</ele>
        <time>2026-09-15T01:17:10.000Z</time>
        <extensions>
          <ns3:TrackPointExtension>
            <ns3:hr>91</ns3:hr>
          </ns3:TrackPointExtension>
        </extensions>
      </trkpt>
      <trkpt lat="48.10821262188255786895751953125" lon="-122.7664636261761188507080078125">
        <ele>-2.2000000476837158203125</ele>
        <time>2026-09-15T01:17:24.000Z</time>
        <extensions>
          <ns3:TrackPointExtension>
            <ns3:hr>91</ns3:hr>
          </ns3:TrackPointExtension>
        </extensions>
      </trkpt>
      <trkpt lat="48.108193092048168182373046875" lon="-122.7666386403143405914306640625">
        <ele>-2</ele>
        <time>2026-09-15T01:17:37.000Z</time>
        <extensions>
          <ns3:TrackPointExtension>
            <ns3:hr>93</ns3:hr>
          </ns3:TrackPointExtension>
        </extensions>
      </trkpt>
      <trkpt lat="48.10817289166152477264404296875" lon="-122.7667533047497272491455078125">
        <ele>-2</ele>
        <time>2026-09-15T01:17:44.000Z</time>
        <extensions>
          <ns3:TrackPointExtension>
            <ns3:hr>90</ns3:hr>
          </ns3:TrackPointExtension>
        </extensions>
      </trkpt>
      <trkpt lat="48.10818630270659923553466796875" lon="-122.76681013405323028564453125">
        <ele>-2</ele>
        <time>2026-09-15T01:17:48.000Z</time>
        <extensions>
          <ns3:TrackPointExtension>
            <ns3:hr>89</ns3:hr>
          </ns3:TrackPointExtension>
        </extensions>
      </trkpt>
      <trkpt lat="48.108184374868869781494140625" lon="-122.76684307493269443511962890625">
        <ele>-1.7999999523162841796875</ele>
        <time>2026-09-15T01:17:51.000Z</time>
        <extensions>
          <ns3:TrackPointExtension>
            <ns3:hr>90</ns3:hr>
          </ns3:TrackPointExtension>
        </extensions>
      </trkpt>
      <trkpt lat="48.10816970653831958770751953125" lon="-122.7668810449540615081787109375">
        <ele>-1.7999999523162841796875</ele>
        <time>2026-09-15T01:17:54.000Z</time>
        <extensions>
          <ns3:TrackPointExtension>
            <ns3:hr>88</ns3:hr>
          </ns3:TrackPointExtension>
        </extensions>
      </trkpt>
      <trkpt lat="48.10811698436737060546875" lon="-122.76702948845922946929931640625">
        <ele>-2</ele>
        <time>2026-09-15T01:18:06.000Z</time>
        <extensions>
          <ns3:TrackPointExtension>
            <ns3:hr>88</ns3:hr>
          </ns3:TrackPointExtension>
        </extensions>
      </trkpt>
      <trkpt lat="48.10808840207755565643310546875" lon="-122.76709956116974353790283203125">
        <ele>-2</ele>
        <time>2026-09-15T01:18:12.000Z</time>
        <extensions>
          <ns3:TrackPointExtension>
            <ns3:hr>88</ns3:hr>
          </ns3:TrackPointExtension>
        </extensions>
      </trkpt>
      <trkpt lat="48.10807499103248119354248046875" lon="-122.76712395250797271728515625">
        <ele>-2</ele>
        <time>2026-09-15T01:18:14.000Z</time>
        <extensions>
          <ns3:TrackPointExtension>
            <ns3:hr>88</ns3:hr>
          </ns3:TrackPointExtension>
        </extensions>
      </trkpt>
      <trkpt lat="48.10806996189057826995849609375" lon="-122.767137698829174041748046875">
        <ele>-2</ele>
        <time>2026-09-15T01:18:15.000Z</time>
        <extensions>
          <ns3:TrackPointExtension>
            <ns3:hr>88</ns3:hr>
          </ns3:TrackPointExtension>
        </extensions>
      </trkpt>
      <trkpt lat="48.1080271303653717041015625" lon="-122.76725135743618011474609375">
        <ele>-2</ele>
        <time>2026-09-15T01:18:24.000Z</time>
        <extensions>
          <ns3:TrackPointExtension>
            <ns3:hr>91</ns3:hr>
          </ns3:TrackPointExtension>
        </extensions>
      </trkpt>
      <trkpt lat="48.10801732353866100311279296875" lon="-122.76727524586021900177001953125">
        <ele>-2</ele>
        <time>2026-09-15T01:18:26.000Z</time>
        <extensions>
          <ns3:TrackPointExtension>
            <ns3:hr>94</ns3:hr>
          </ns3:TrackPointExtension>
        </extensions>
      </trkpt>
      <trkpt lat="48.108012042939662933349609375" lon="-122.7672882378101348876953125">
        <ele>-2</ele>
        <time>2026-09-15T01:18:27.000Z</time>
        <extensions>
          <ns3:TrackPointExtension>
            <ns3:hr>95</ns3:hr>
          </ns3:TrackPointExtension>
        </extensions>
      </trkpt>
      <trkpt lat="48.107958398759365081787109375" lon="-122.76744992472231388092041015625">
        <ele>-2.2000000476837158203125</ele>
        <time>2026-09-15T01:18:41.000Z</time>
        <extensions>
          <ns3:TrackPointExtension>
            <ns3:hr>94</ns3:hr>
          </ns3:TrackPointExtension>
        </extensions>
      </trkpt>
      <trkpt lat="48.10792746953666210174560546875" lon="-122.76754044927656650543212890625">
        <ele>-2.2000000476837158203125</ele>
        <time>2026-09-15T01:18:48.000Z</time>
        <extensions>
          <ns3:TrackPointExtension>
            <ns3:hr>97</ns3:hr>
          </ns3:TrackPointExtension>
        </extensions>
      </trkpt>
      <trkpt lat="48.10789260081946849822998046875" lon="-122.76765905320644378662109375">
        <ele>-2.2000000476837158203125</ele>
        <time>2026-09-15T01:18:57.000Z</time>
        <extensions>
          <ns3:TrackPointExtension>
            <ns3:hr>97</ns3:hr>
          </ns3:TrackPointExtension>
        </extensions>
      </trkpt>
      <trkpt lat="48.10786393471062183380126953125" lon="-122.7677537687122821807861328125">
        <ele>-2.2000000476837158203125</ele>
        <time>2026-09-15T01:19:06.000Z</time>
        <extensions>
          <ns3:TrackPointExtension>
            <ns3:hr>94</ns3:hr>
          </ns3:TrackPointExtension>
        </extensions>
      </trkpt>
      <trkpt lat="48.10786091722548007965087890625" lon="-122.76776097714900970458984375">
        <ele>-2.2000000476837158203125</ele>
        <time>2026-09-15T01:19:07.000Z</time>
        <extensions>
          <ns3:TrackPointExtension>
            <ns3:hr>90</ns3:hr>
          </ns3:TrackPointExtension>
        </extensions>
      </trkpt>
      <trkpt lat="48.10783895663917064666748046875" lon="-122.7678328938782215118408203125">
        <ele>-2.2000000476837158203125</ele>
        <time>2026-09-15T01:19:16.000Z</time>
        <extensions>
          <ns3:TrackPointExtension>
            <ns3:hr>91</ns3:hr>
          </ns3:TrackPointExtension>
        </extensions>
      </trkpt>
      <trkpt lat="48.10783375985920429229736328125" lon="-122.76784521527588367462158203125">
        <ele>-2.2000000476837158203125</ele>
        <time>2026-09-15T01:19:18.000Z</time>
        <extensions>
          <ns3:TrackPointExtension>
            <ns3:hr>94</ns3:hr>
          </ns3:TrackPointExtension>
        </extensions>
      </trkpt>
      <trkpt lat="48.107830323278903961181640625" lon="-122.767849154770374298095703125">
        <ele>-2.400000095367431640625</ele>
        <time>2026-09-15T01:19:19.000Z</time>
        <extensions>
          <ns3:TrackPointExtension>
            <ns3:hr>97</ns3:hr>
          </ns3:TrackPointExtension>
        </extensions>
      </trkpt>
      <trkpt lat="48.107827641069889068603515625" lon="-122.76785426773130893707275390625">
        <ele>-2.400000095367431640625</ele>
        <time>2026-09-15T01:19:20.000Z</time>
        <extensions>
          <ns3:TrackPointExtension>
            <ns3:hr>97</ns3:hr>
          </ns3:TrackPointExtension>
        </extensions>
      </trkpt>
      <trkpt lat="48.1078137271106243133544921875" lon="-122.7678731270134449005126953125">
        <ele>-2.400000095367431640625</ele>
        <time>2026-09-15T01:19:25.000Z</time>
        <extensions>
          <ns3:TrackPointExtension>
            <ns3:hr>94</ns3:hr>
          </ns3:TrackPointExtension>
        </extensions>
      </trkpt>
      <trkpt lat="48.10781179927289485931396484375" lon="-122.7678774856030941009521484375">
        <ele>-2.400000095367431640625</ele>
        <time>2026-09-15T01:19:26.000Z</time>
        <extensions>
          <ns3:TrackPointExtension>
            <ns3:hr>94</ns3:hr>
          </ns3:TrackPointExtension>
        </extensions>
      </trkpt>
      <trkpt lat="48.10777156613767147064208984375" lon="-122.7679452113807201385498046875">
        <ele>-2.400000095367431640625</ele>
        <time>2026-09-15T01:19:42.000Z</time>
        <extensions>
          <ns3:TrackPointExtension>
            <ns3:hr>94</ns3:hr>
          </ns3:TrackPointExtension>
        </extensions>
      </trkpt>
      <trkpt lat="48.10775220394134521484375" lon="-122.76800346560776233673095703125">
        <ele>-2.400000095367431640625</ele>
        <time>2026-09-15T01:19:54.000Z</time>
        <extensions>
          <ns3:TrackPointExtension>
            <ns3:hr>90</ns3:hr>
          </ns3:TrackPointExtension>
        </extensions>
      </trkpt>
      <trkpt lat="48.1077473424375057220458984375" lon="-122.7680280245840549468994140625">
        <ele>-2.400000095367431640625</ele>
        <time>2026-09-15T01:19:58.000Z</time>
        <extensions>
          <ns3:TrackPointExtension>
            <ns3:hr>88</ns3:hr>
          </ns3:TrackPointExtension>
        </extensions>
      </trkpt>
      <trkpt lat="48.10772261582314968109130859375" lon="-122.76813522912561893463134765625">
        <ele>-2.599999904632568359375</ele>
        <time>2026-09-15T01:20:18.000Z</time>
        <extensions>
          <ns3:TrackPointExtension>
            <ns3:hr>86</ns3:hr>
          </ns3:TrackPointExtension>
        </extensions>
      </trkpt>
      <trkpt lat="48.10771708376705646514892578125" lon="-122.768161632120609283447265625">
        <ele>-2.599999904632568359375</ele>
        <time>2026-09-15T01:20:23.000Z</time>
        <extensions>
          <ns3:TrackPointExtension>
            <ns3:hr>82</ns3:hr>
          </ns3:TrackPointExtension>
        </extensions>
      </trkpt>
      <trkpt lat="48.10771071352064609527587890625" lon="-122.7681892924010753631591796875">
        <ele>-2.599999904632568359375</ele>
        <time>2026-09-15T01:20:28.000Z</time>
        <extensions>
          <ns3:TrackPointExtension>
            <ns3:hr>85</ns3:hr>
          </ns3:TrackPointExtension>
        </extensions>
      </trkpt>
      <trkpt lat="48.10770283453166484832763671875" lon="-122.76824251748621463775634765625">
        <ele>-2.7999999523162841796875</ele>
        <time>2026-09-15T01:20:37.000Z</time>
        <extensions>
          <ns3:TrackPointExtension>
            <ns3:hr>82</ns3:hr>
          </ns3:TrackPointExtension>
        </extensions>
      </trkpt>
      <trkpt lat="48.10770216397941112518310546875" lon="-122.7682540006935596466064453125">
        <ele>-2.7999999523162841796875</ele>
        <time>2026-09-15T01:20:39.000Z</time>
        <extensions>
          <ns3:TrackPointExtension>
            <ns3:hr>83</ns3:hr>
          </ns3:TrackPointExtension>
        </extensions>
      </trkpt>
      <trkpt lat="48.1077010743319988250732421875" lon="-122.76826464571058750152587890625">
        <ele>-2.7999999523162841796875</ele>
        <time>2026-09-15T01:20:41.000Z</time>
        <extensions>
          <ns3:TrackPointExtension>
            <ns3:hr>88</ns3:hr>
          </ns3:TrackPointExtension>
        </extensions>
      </trkpt>
      <trkpt lat="48.10770048759877681732177734375" lon="-122.7682694233953952789306640625">
        <ele>-2.7999999523162841796875</ele>
        <time>2026-09-15T01:20:42.000Z</time>
        <extensions>
          <ns3:TrackPointExtension>
            <ns3:hr>88</ns3:hr>
          </ns3:TrackPointExtension>
        </extensions>
      </trkpt>
      <trkpt lat="48.10769730247557163238525390625" lon="-122.76829314418137073516845703125">
        <ele>-2.7999999523162841796875</ele>
        <time>2026-09-15T01:20:47.000Z</time>
        <extensions>
          <ns3:TrackPointExtension>
            <ns3:hr>85</ns3:hr>
          </ns3:TrackPointExtension>
        </extensions>
      </trkpt>
      <trkpt lat="48.107686154544353485107421875" lon="-122.76833421550691127777099609375">
        <ele>-2.7999999523162841796875</ele>
        <time>2026-09-15T01:20:57.000Z</time>
        <extensions>
          <ns3:TrackPointExtension>
            <ns3:hr>87</ns3:hr>
          </ns3:TrackPointExtension>
        </extensions>
      </trkpt>
      <trkpt lat="48.10766595415771007537841796875" lon="-122.76839959435164928436279296875">
        <ele>-3</ele>
        <time>2026-09-15T01:21:12.000Z</time>
        <extensions>
          <ns3:TrackPointExtension>
            <ns3:hr>87</ns3:hr>
          </ns3:TrackPointExtension>
        </extensions>
      </trkpt>
      <trkpt lat="48.107648603618144989013671875" lon="-122.768457345664501190185546875">
        <ele>-3</ele>
        <time>2026-09-15T01:21:21.000Z</time>
        <extensions>
          <ns3:TrackPointExtension>
            <ns3:hr>83</ns3:hr>
          </ns3:TrackPointExtension>
        </extensions>
      </trkpt>
      <trkpt lat="48.1076383776962757110595703125" lon="-122.7684799768030643463134765625">
        <ele>-3</ele>
        <time>2026-09-15T01:21:25.000Z</time>
        <extensions>
          <ns3:TrackPointExtension>
            <ns3:hr>86</ns3:hr>
          </ns3:TrackPointExtension>
        </extensions>
      </trkpt>
      <trkpt lat="48.10763619840145111083984375" lon="-122.76848517358303070068359375">
        <ele>-3</ele>
        <time>2026-09-15T01:21:26.000Z</time>
        <extensions>
          <ns3:TrackPointExtension>
            <ns3:hr>87</ns3:hr>
          </ns3:TrackPointExtension>
        </extensions>
      </trkpt>
      <trkpt lat="48.107621110975742340087890625" lon="-122.768523395061492919921875">
        <ele>-3</ele>
        <time>2026-09-15T01:21:33.000Z</time>
        <extensions>
          <ns3:TrackPointExtension>
            <ns3:hr>84</ns3:hr>
          </ns3:TrackPointExtension>
        </extensions>
      </trkpt>
      <trkpt lat="48.10760627500712871551513671875" lon="-122.76856740005314350128173828125">
        <ele>-3</ele>
        <time>2026-09-15T01:21:40.000Z</time>
        <extensions>
          <ns3:TrackPointExtension>
            <ns3:hr>85</ns3:hr>
          </ns3:TrackPointExtension>
        </extensions>
      </trkpt>
      <trkpt lat="48.10760376043617725372314453125" lon="-122.76857963763177394866943359375">
        <ele>-3</ele>
        <time>2026-09-15T01:21:42.000Z</time>
        <extensions>
          <ns3:TrackPointExtension>
            <ns3:hr>90</ns3:hr>
          </ns3:TrackPointExtension>
        </extensions>
      </trkpt>
      <trkpt lat="48.10760200023651123046875" lon="-122.7685859240591526031494140625">
        <ele>-3</ele>
        <time>2026-09-15T01:21:43.000Z</time>
        <extensions>
          <ns3:TrackPointExtension>
            <ns3:hr>90</ns3:hr>
          </ns3:TrackPointExtension>
        </extensions>
      </trkpt>
      <trkpt lat="48.10758900828659534454345703125" lon="-122.76862406171858310699462890625">
        <ele>-3.2000000476837158203125</ele>
        <time>2026-09-15T01:21:50.000Z</time>
        <extensions>
          <ns3:TrackPointExtension>
            <ns3:hr>84</ns3:hr>
          </ns3:TrackPointExtension>
        </extensions>
      </trkpt>
      <trkpt lat="48.10758599080145359039306640625" lon="-122.7686291746795177459716796875">
        <ele>-3.2000000476837158203125</ele>
        <time>2026-09-15T01:21:51.000Z</time>
        <extensions>
          <ns3:TrackPointExtension>
            <ns3:hr>81</ns3:hr>
          </ns3:TrackPointExtension>
        </extensions>
      </trkpt>
      <trkpt lat="48.10757542960345745086669921875" lon="-122.76865239255130290985107421875">
        <ele>-3.2000000476837158203125</ele>
        <time>2026-09-15T01:21:55.000Z</time>
        <extensions>
          <ns3:TrackPointExtension>
            <ns3:hr>78</ns3:hr>
          </ns3:TrackPointExtension>
        </extensions>
      </trkpt>
      <trkpt lat="48.107564784586429595947265625" lon="-122.76866848580539226531982421875">
        <ele>-3.2000000476837158203125</ele>
        <time>2026-09-15T01:21:58.000Z</time>
        <extensions>
          <ns3:TrackPointExtension>
            <ns3:hr>77</ns3:hr>
          </ns3:TrackPointExtension>
        </extensions>
      </trkpt>
      <trkpt lat="48.10755765996873378753662109375" lon="-122.76868390850722789764404296875">
        <ele>-3.2000000476837158203125</ele>
        <time>2026-09-15T01:22:01.000Z</time>
        <extensions>
          <ns3:TrackPointExtension>
            <ns3:hr>80</ns3:hr>
          </ns3:TrackPointExtension>
        </extensions>
      </trkpt>
      <trkpt lat="48.107552714645862579345703125" lon="-122.76869329623878002166748046875">
        <ele>-3.2000000476837158203125</ele>
        <time>2026-09-15T01:22:03.000Z</time>
        <extensions>
          <ns3:TrackPointExtension>
            <ns3:hr>87</ns3:hr>
          </ns3:TrackPointExtension>
        </extensions>
      </trkpt>
      <trkpt lat="48.10754676349461078643798828125" lon="-122.76870754547417163848876953125">
        <ele>-3.2000000476837158203125</ele>
        <time>2026-09-15T01:22:05.000Z</time>
        <extensions>
          <ns3:TrackPointExtension>
            <ns3:hr>90</ns3:hr>
          </ns3:TrackPointExtension>
        </extensions>
      </trkpt>
      <trkpt lat="48.10753301717340946197509765625" lon="-122.768732607364654541015625">
        <ele>-3</ele>
        <time>2026-09-15T01:22:10.000Z</time>
        <extensions>
          <ns3:TrackPointExtension>
            <ns3:hr>89</ns3:hr>
          </ns3:TrackPointExtension>
        </extensions>
      </trkpt>
      <trkpt lat="48.10749764554202556610107421875" lon="-122.76880226098001003265380859375">
        <ele>-3.2000000476837158203125</ele>
        <time>2026-09-15T01:22:23.000Z</time>
        <extensions>
          <ns3:TrackPointExtension>
            <ns3:hr>92</ns3:hr>
          </ns3:TrackPointExtension>
        </extensions>
      </trkpt>
      <trkpt lat="48.10747819952666759490966796875" lon="-122.7688605152070522308349609375">
        <ele>-3.2000000476837158203125</ele>
        <time>2026-09-15T01:22:33.000Z</time>
        <extensions>
          <ns3:TrackPointExtension>
            <ns3:hr>89</ns3:hr>
          </ns3:TrackPointExtension>
        </extensions>
      </trkpt>
      <trkpt lat="48.10747987590730190277099609375" lon="-122.76888926513493061065673828125">
        <ele>-3.2000000476837158203125</ele>
        <time>2026-09-15T01:22:38.000Z</time>
        <extensions>
          <ns3:TrackPointExtension>
            <ns3:hr>88</ns3:hr>
          </ns3:TrackPointExtension>
        </extensions>
      </trkpt>
      <trkpt lat="48.1074935384094715118408203125" lon="-122.76890703476965427398681640625">
        <ele>-3.2000000476837158203125</ele>
        <time>2026-09-15T01:22:43.000Z</time>
        <extensions>
          <ns3:TrackPointExtension>
            <ns3:hr>84</ns3:hr>
          </ns3:TrackPointExtension>
        </extensions>
      </trkpt>
      <trkpt lat="48.107497058808803558349609375" lon="-122.7689084596931934356689453125">
        <ele>-3.2000000476837158203125</ele>
        <time>2026-09-15T01:22:44.000Z</time>
        <extensions>
          <ns3:TrackPointExtension>
            <ns3:hr>76</ns3:hr>
          </ns3:TrackPointExtension>
        </extensions>
      </trkpt>
      <trkpt lat="48.1075005792081356048583984375" lon="-122.76890753768384456634521484375">
        <ele>-3.2000000476837158203125</ele>
        <time>2026-09-15T01:22:45.000Z</time>
        <extensions>
          <ns3:TrackPointExtension>
            <ns3:hr>69</ns3:hr>
          </ns3:TrackPointExtension>
        </extensions>
      </trkpt>
      <trkpt lat="48.10750451870262622833251953125" lon="-122.76890552602708339691162109375">
        <ele>-3.2000000476837158203125</ele>
        <time>2026-09-15T01:22:46.000Z</time>
        <extensions>
          <ns3:TrackPointExtension>
            <ns3:hr>66</ns3:hr>
          </ns3:TrackPointExtension>
        </extensions>
      </trkpt>
      <trkpt lat="48.10751642100512981414794921875" lon="-122.7688921988010406494140625">
        <ele>-3.2000000476837158203125</ele>
        <time>2026-09-15T01:22:49.000Z</time>
        <extensions>
          <ns3:TrackPointExtension>
            <ns3:hr>64</ns3:hr>
          </ns3:TrackPointExtension>
        </extensions>
      </trkpt>
      <trkpt lat="48.10752044431865215301513671875" lon="-122.76888616383075714111328125">
        <ele>-3.2000000476837158203125</ele>
        <time>2026-09-15T01:22:50.000Z</time>
        <extensions>
          <ns3:TrackPointExtension>
            <ns3:hr>71</ns3:hr>
          </ns3:TrackPointExtension>
        </extensions>
      </trkpt>
      <trkpt lat="48.10752463527023792266845703125" lon="-122.76888222433626651763916015625">
        <ele>-3.2000000476837158203125</ele>
        <time>2026-09-15T01:22:51.000Z</time>
        <extensions>
          <ns3:TrackPointExtension>
            <ns3:hr>78</ns3:hr>
          </ns3:TrackPointExtension>
        </extensions>
      </trkpt>
      <trkpt lat="48.1075294129550457000732421875" lon="-122.76887719519436359405517578125">
        <ele>-3.2000000476837158203125</ele>
        <time>2026-09-15T01:22:52.000Z</time>
        <extensions>
          <ns3:TrackPointExtension>
            <ns3:hr>82</ns3:hr>
          </ns3:TrackPointExtension>
        </extensions>
      </trkpt>
      <trkpt lat="48.10753536410629749298095703125" lon="-122.76886738836765289306640625">
        <ele>-3.2000000476837158203125</ele>
        <time>2026-09-15T01:22:54.000Z</time>
        <extensions>
          <ns3:TrackPointExtension>
            <ns3:hr>77</ns3:hr>
          </ns3:TrackPointExtension>
        </extensions>
      </trkpt>
      <trkpt lat="48.10754190199077129364013671875" lon="-122.76885640807449817657470703125">
        <ele>-3.2000000476837158203125</ele>
        <time>2026-09-15T01:22:56.000Z</time>
        <extensions>
          <ns3:TrackPointExtension>
            <ns3:hr>72</ns3:hr>
          </ns3:TrackPointExtension>
        </extensions>
      </trkpt>
      <trkpt lat="48.10754408128559589385986328125" lon="-122.7688460983335971832275390625">
        <ele>-3.2000000476837158203125</ele>
        <time>2026-09-15T01:22:57.000Z</time>
        <extensions>
          <ns3:TrackPointExtension>
            <ns3:hr>72</ns3:hr>
          </ns3:TrackPointExtension>
        </extensions>
      </trkpt>
      <trkpt lat="48.10755363665521144866943359375" lon="-122.768807373940944671630859375">
        <ele>-3.2000000476837158203125</ele>
        <time>2026-09-15T01:23:01.000Z</time>
        <extensions>
          <ns3:TrackPointExtension>
            <ns3:hr>68</ns3:hr>
          </ns3:TrackPointExtension>
        </extensions>
      </trkpt>
      <trkpt lat="48.10755439102649688720703125" lon="-122.76880796067416667938232421875">
        <ele>-3.2000000476837158203125</ele>
        <time>2026-09-15T01:23:02.000Z</time>
        <extensions>
          <ns3:TrackPointExtension>
            <ns3:hr>65</ns3:hr>
          </ns3:TrackPointExtension>
        </extensions>
      </trkpt>
      <trkpt lat="48.10756780207157135009765625" lon="-122.7687733434140682220458984375">
        <ele>-3.2000000476837158203125</ele>
        <time>2026-09-15T01:23:09.000Z</time>
        <extensions>
          <ns3:TrackPointExtension>
            <ns3:hr>65</ns3:hr>
          </ns3:TrackPointExtension>
        </extensions>
      </trkpt>
      <trkpt lat="48.10758925974369049072265625" lon="-122.76874979026615619659423828125">
        <ele>-3.2000000476837158203125</ele>
        <time>2026-09-15T01:23:14.000Z</time>
        <extensions>
          <ns3:TrackPointExtension>
            <ns3:hr>68</ns3:hr>
          </ns3:TrackPointExtension>
        </extensions>
      </trkpt>
      <trkpt lat="48.1075957976281642913818359375" lon="-122.76874023489654064178466796875">
        <ele>-3.2000000476837158203125</ele>
        <time>2026-09-15T01:23:16.000Z</time>
        <extensions>
          <ns3:TrackPointExtension>
            <ns3:hr>72</ns3:hr>
          </ns3:TrackPointExtension>
        </extensions>
      </trkpt>
      <trkpt lat="48.10760200023651123046875" lon="-122.76873528957366943359375">
        <ele>-3.2000000476837158203125</ele>
        <time>2026-09-15T01:23:17.000Z</time>
        <extensions>
          <ns3:TrackPointExtension>
            <ns3:hr>81</ns3:hr>
          </ns3:TrackPointExtension>
        </extensions>
      </trkpt>
      <trkpt lat="48.10760493390262126922607421875" lon="-122.768730260431766510009765625">
        <ele>-3.2000000476837158203125</ele>
        <time>2026-09-15T01:23:18.000Z</time>
        <extensions>
          <ns3:TrackPointExtension>
            <ns3:hr>86</ns3:hr>
          </ns3:TrackPointExtension>
        </extensions>
      </trkpt>
      <trkpt lat="48.1076078675687313079833984375" lon="-122.76872464455664157867431640625">
        <ele>-3.2000000476837158203125</ele>
        <time>2026-09-15T01:23:19.000Z</time>
        <extensions>
          <ns3:TrackPointExtension>
            <ns3:hr>87</ns3:hr>
          </ns3:TrackPointExtension>
        </extensions>
      </trkpt>
      <trkpt lat="48.1076167523860931396484375" lon="-122.76871307753026485443115234375">
        <ele>-3</ele>
        <time>2026-09-15T01:23:22.000Z</time>
        <extensions>
          <ns3:TrackPointExtension>
            <ns3:hr>90</ns3:hr>
          </ns3:TrackPointExtension>
        </extensions>
      </trkpt>
      <trkpt lat="48.1076313368976116180419921875" lon="-122.76869497261941432952880859375">
        <ele>-3</ele>
        <time>2026-09-15T01:23:26.000Z</time>
        <extensions>
          <ns3:TrackPointExtension>
            <ns3:hr>93</ns3:hr>
          </ns3:TrackPointExtension>
        </extensions>
      </trkpt>
      <trkpt lat="48.10763644985854625701904296875" lon="-122.768684662878513336181640625">
        <ele>-3</ele>
        <time>2026-09-15T01:23:28.000Z</time>
        <extensions>
          <ns3:TrackPointExtension>
            <ns3:hr>98</ns3:hr>
          </ns3:TrackPointExtension>
        </extensions>
      </trkpt>
      <trkpt lat="48.1076484359800815582275390625" lon="-122.7686435915529727935791015625">
        <ele>-3</ele>
        <time>2026-09-15T01:23:33.000Z</time>
        <extensions>
          <ns3:TrackPointExtension>
            <ns3:hr>100</ns3:hr>
          </ns3:TrackPointExtension>
        </extensions>
      </trkpt>
      <trkpt lat="48.10767374932765960693359375" lon="-122.768606208264827728271484375">
        <ele>-3</ele>
        <time>2026-09-15T01:23:40.000Z</time>
        <extensions>
          <ns3:TrackPointExtension>
            <ns3:hr>96</ns3:hr>
          </ns3:TrackPointExtension>
        </extensions>
      </trkpt>
      <trkpt lat="48.10767735354602336883544921875" lon="-122.76860050857067108154296875">
        <ele>-3</ele>
        <time>2026-09-15T01:23:41.000Z</time>
        <extensions>
          <ns3:TrackPointExtension>
            <ns3:hr>96</ns3:hr>
          </ns3:TrackPointExtension>
        </extensions>
      </trkpt>
      <trkpt lat="48.10768313705921173095703125" lon="-122.76858818717300891876220703125">
        <ele>-3</ele>
        <time>2026-09-15T01:23:43.000Z</time>
        <extensions>
          <ns3:TrackPointExtension>
            <ns3:hr>93</ns3:hr>
          </ns3:TrackPointExtension>
        </extensions>
      </trkpt>
      <trkpt lat="48.1076972186565399169921875" lon="-122.768560610711574554443359375">
        <ele>-3</ele>
        <time>2026-09-15T01:23:47.000Z</time>
        <extensions>
          <ns3:TrackPointExtension>
            <ns3:hr>90</ns3:hr>
          </ns3:TrackPointExtension>
        </extensions>
      </trkpt>
      <trkpt lat="48.107714988291263580322265625" lon="-122.7685336209833621978759765625">
        <ele>-3</ele>
        <time>2026-09-15T01:23:52.000Z</time>
        <extensions>
          <ns3:TrackPointExtension>
            <ns3:hr>93</ns3:hr>
          </ns3:TrackPointExtension>
        </extensions>
      </trkpt>
      <trkpt lat="48.1077181734144687652587890625" lon="-122.76852448470890522003173828125">
        <ele>-3</ele>
        <time>2026-09-15T01:23:53.000Z</time>
        <extensions>
          <ns3:TrackPointExtension>
            <ns3:hr>98</ns3:hr>
          </ns3:TrackPointExtension>
        </extensions>
      </trkpt>
      <trkpt lat="48.1077215261757373809814453125" lon="-122.7685185335576534271240234375">
        <ele>-3</ele>
        <time>2026-09-15T01:23:54.000Z</time>
        <extensions>
          <ns3:TrackPointExtension>
            <ns3:hr>97</ns3:hr>
          </ns3:TrackPointExtension>
        </extensions>
      </trkpt>
      <trkpt lat="48.1077389605343341827392578125" lon="-122.76849028654396533966064453125">
        <ele>-2.7999999523162841796875</ele>
        <time>2026-09-15T01:23:58.000Z</time>
        <extensions>
          <ns3:TrackPointExtension>
            <ns3:hr>94</ns3:hr>
          </ns3:TrackPointExtension>
        </extensions>
      </trkpt>
      <trkpt lat="48.10775798745453357696533203125" lon="-122.7684498019516468048095703125">
        <ele>-2.7999999523162841796875</ele>
        <time>2026-09-15T01:24:04.000Z</time>
        <extensions>
          <ns3:TrackPointExtension>
            <ns3:hr>93</ns3:hr>
          </ns3:TrackPointExtension>
        </extensions>
      </trkpt>
      <trkpt lat="48.10778950341045856475830078125" lon="-122.7684035338461399078369140625">
        <ele>-2.7999999523162841796875</ele>
        <time>2026-09-15T01:24:13.000Z</time>
        <extensions>
          <ns3:TrackPointExtension>
            <ns3:hr>90</ns3:hr>
          </ns3:TrackPointExtension>
        </extensions>
      </trkpt>
      <trkpt lat="48.107800148427486419677734375" lon="-122.76840110309422016143798828125">
        <ele>-2.599999904632568359375</ele>
        <time>2026-09-15T01:24:17.000Z</time>
        <extensions>
          <ns3:TrackPointExtension>
            <ns3:hr>96</ns3:hr>
          </ns3:TrackPointExtension>
        </extensions>
      </trkpt>
      <trkpt lat="48.1078045070171356201171875" lon="-122.76840395294129848480224609375">
        <ele>-2.599999904632568359375</ele>
        <time>2026-09-15T01:24:18.000Z</time>
        <extensions>
          <ns3:TrackPointExtension>
            <ns3:hr>99</ns3:hr>
          </ns3:TrackPointExtension>
        </extensions>
      </trkpt>
      <trkpt lat="48.10780861414968967437744140625" lon="-122.76841132901608943939208984375">
        <ele>-2.7999999523162841796875</ele>
        <time>2026-09-15T01:24:21.000Z</time>
        <extensions>
          <ns3:TrackPointExtension>
            <ns3:hr>99</ns3:hr>
          </ns3:TrackPointExtension>
        </extensions>
      </trkpt>
      <trkpt lat="48.107796125113964080810546875" lon="-122.7684648893773555755615234375">
        <ele>-2.400000095367431640625</ele>
        <time>2026-09-15T01:24:32.000Z</time>
        <extensions>
          <ns3:TrackPointExtension>
            <ns3:hr>98</ns3:hr>
          </ns3:TrackPointExtension>
        </extensions>
      </trkpt>
      <trkpt lat="48.10779386200010776519775390625" lon="-122.76849246583878993988037109375">
        <ele>-2.2000000476837158203125</ele>
        <time>2026-09-15T01:24:36.000Z</time>
        <extensions>
          <ns3:TrackPointExtension>
            <ns3:hr>95</ns3:hr>
          </ns3:TrackPointExtension>
        </extensions>
      </trkpt>
      <trkpt lat="48.1077936105430126190185546875" lon="-122.768498919904232025146484375">
        <ele>-2.2000000476837158203125</ele>
        <time>2026-09-15T01:24:37.000Z</time>
        <extensions>
          <ns3:TrackPointExtension>
            <ns3:hr>86</ns3:hr>
          </ns3:TrackPointExtension>
        </extensions>
      </trkpt>
      <trkpt lat="48.107792772352695465087890625" lon="-122.76850939728319644927978515625">
        <ele>-2.2000000476837158203125</ele>
        <time>2026-09-15T01:24:38.000Z</time>
        <extensions>
          <ns3:TrackPointExtension>
            <ns3:hr>86</ns3:hr>
          </ns3:TrackPointExtension>
        </extensions>
      </trkpt>
      <trkpt lat="48.1077882461249828338623046875" lon="-122.76853873394429683685302734375">
        <ele>-2</ele>
        <time>2026-09-15T01:24:42.000Z</time>
        <extensions>
          <ns3:TrackPointExtension>
            <ns3:hr>91</ns3:hr>
          </ns3:TrackPointExtension>
        </extensions>
      </trkpt>
      <trkpt lat="48.10778749175369739532470703125" lon="-122.76854745112359523773193359375">
        <ele>-2</ele>
        <time>2026-09-15T01:24:43.000Z</time>
        <extensions>
          <ns3:TrackPointExtension>
            <ns3:hr>96</ns3:hr>
          </ns3:TrackPointExtension>
        </extensions>
      </trkpt>
      <trkpt lat="48.107786737382411956787109375" lon="-122.76855432428419589996337890625">
        <ele>-2</ele>
        <time>2026-09-15T01:24:44.000Z</time>
        <extensions>
          <ns3:TrackPointExtension>
            <ns3:hr>101</ns3:hr>
          </ns3:TrackPointExtension>
        </extensions>
      </trkpt>
      <trkpt lat="48.107780702412128448486328125" lon="-122.768603526055812835693359375">
        <ele>-2</ele>
        <time>2026-09-15T01:24:50.000Z</time>
        <extensions>
          <ns3:TrackPointExtension>
            <ns3:hr>96</ns3:hr>
          </ns3:TrackPointExtension>
        </extensions>
      </trkpt>
      <trkpt lat="48.107772655785083770751953125" lon="-122.76869036257266998291015625">
        <ele>-1.7999999523162841796875</ele>
        <time>2026-09-15T01:24:58.000Z</time>
        <extensions>
          <ns3:TrackPointExtension>
            <ns3:hr>97</ns3:hr>
          </ns3:TrackPointExtension>
        </extensions>
      </trkpt>
      <trkpt lat="48.1077701412141323089599609375" lon="-122.7687015943229198455810546875">
        <ele>-1.7999999523162841796875</ele>
        <time>2026-09-15T01:24:59.000Z</time>
        <extensions>
          <ns3:TrackPointExtension>
            <ns3:hr>100</ns3:hr>
          </ns3:TrackPointExtension>
        </extensions>
      </trkpt>
      <trkpt lat="48.107767291367053985595703125" lon="-122.76872481219470500946044921875">
        <ele>-1.7999999523162841796875</ele>
        <time>2026-09-15T01:25:01.000Z</time>
        <extensions>
          <ns3:TrackPointExtension>
            <ns3:hr>103</ns3:hr>
          </ns3:TrackPointExtension>
        </extensions>
      </trkpt>
      <trkpt lat="48.10776494443416595458984375" lon="-122.7687736786901950836181640625">
        <ele>-1.7999999523162841796875</ele>
        <time>2026-09-15T01:25:05.000Z</time>
        <extensions>
          <ns3:TrackPointExtension>
            <ns3:hr>106</ns3:hr>
          </ns3:TrackPointExtension>
        </extensions>
      </trkpt>
      <trkpt lat="48.10774826444685459136962890625" lon="-122.7688823081552982330322265625">
        <ele>-1.7999999523162841796875</ele>
        <time>2026-09-15T01:25:15.000Z</time>
        <extensions>
          <ns3:TrackPointExtension>
            <ns3:hr>104</ns3:hr>
          </ns3:TrackPointExtension>
        </extensions>
      </trkpt>
      <trkpt lat="48.1077413074672222137451171875" lon="-122.768939472734928131103515625">
        <ele>-1.7999999523162841796875</ele>
        <time>2026-09-15T01:25:21.000Z</time>
        <extensions>
          <ns3:TrackPointExtension>
            <ns3:hr>107</ns3:hr>
          </ns3:TrackPointExtension>
        </extensions>
      </trkpt>
      <trkpt lat="48.1077349372208118438720703125" lon="-122.76901625096797943115234375">
        <ele>-1.60000002384185791015625</ele>
        <time>2026-09-15T01:25:29.000Z</time>
        <extensions>
          <ns3:TrackPointExtension>
            <ns3:hr>107</ns3:hr>
          </ns3:TrackPointExtension>
        </extensions>
      </trkpt>
      <trkpt lat="48.1077158264815807342529296875" lon="-122.7690871618688106536865234375">
        <ele>-1.60000002384185791015625</ele>
        <time>2026-09-15T01:25:37.000Z</time>
        <extensions>
          <ns3:TrackPointExtension>
            <ns3:hr>101</ns3:hr>
          </ns3:TrackPointExtension>
        </extensions>
      </trkpt>
      <trkpt lat="48.10771255753934383392333984375" lon="-122.76909311302006244659423828125">
        <ele>-1.60000002384185791015625</ele>
        <time>2026-09-15T01:25:38.000Z</time>
        <extensions>
          <ns3:TrackPointExtension>
            <ns3:hr>101</ns3:hr>
          </ns3:TrackPointExtension>
        </extensions>
      </trkpt>
      <trkpt lat="48.10770836658775806427001953125" lon="-122.76911222375929355621337890625">
        <ele>-1.60000002384185791015625</ele>
        <time>2026-09-15T01:25:40.000Z</time>
        <extensions>
          <ns3:TrackPointExtension>
            <ns3:hr>101</ns3:hr>
          </ns3:TrackPointExtension>
        </extensions>
      </trkpt>
      <trkpt lat="48.10768892057240009307861328125" lon="-122.7692142315208911895751953125">
        <ele>-1.60000002384185791015625</ele>
        <time>2026-09-15T01:25:51.000Z</time>
        <extensions>
          <ns3:TrackPointExtension>
            <ns3:hr>101</ns3:hr>
          </ns3:TrackPointExtension>
        </extensions>
      </trkpt>
      <trkpt lat="48.10769042931497097015380859375" lon="-122.7693768404424190521240234375">
        <ele>-1.39999997615814208984375</ele>
        <time>2026-09-15T01:26:07.000Z</time>
        <extensions>
          <ns3:TrackPointExtension>
            <ns3:hr>100</ns3:hr>
          </ns3:TrackPointExtension>
        </extensions>
      </trkpt>
      <trkpt lat="48.10769076459109783172607421875" lon="-122.76943542994558811187744140625">
        <ele>-1.39999997615814208984375</ele>
        <time>2026-09-15T01:26:12.000Z</time>
        <extensions>
          <ns3:TrackPointExtension>
            <ns3:hr>103</ns3:hr>
          </ns3:TrackPointExtension>
        </extensions>
      </trkpt>
      <trkpt lat="48.10769596137106418609619140625" lon="-122.7695350907742977142333984375">
        <ele>-1.2000000476837158203125</ele>
        <time>2026-09-15T01:26:21.000Z</time>
        <extensions>
          <ns3:TrackPointExtension>
            <ns3:hr>105</ns3:hr>
          </ns3:TrackPointExtension>
        </extensions>
      </trkpt>
      <trkpt lat="48.10768825002014636993408203125" lon="-122.76960692368447780609130859375">
        <ele>-1.2000000476837158203125</ele>
        <time>2026-09-15T01:26:30.000Z</time>
        <extensions>
          <ns3:TrackPointExtension>
            <ns3:hr>101</ns3:hr>
          </ns3:TrackPointExtension>
        </extensions>
      </trkpt>
      <trkpt lat="48.107682131230831146240234375" lon="-122.76963726617395877838134765625">
        <ele>-1.2000000476837158203125</ele>
        <time>2026-09-15T01:26:34.000Z</time>
        <extensions>
          <ns3:TrackPointExtension>
            <ns3:hr>99</ns3:hr>
          </ns3:TrackPointExtension>
        </extensions>
      </trkpt>
      <trkpt lat="48.10766578651964664459228515625" lon="-122.76970784179866313934326171875">
        <ele>-1.2000000476837158203125</ele>
        <time>2026-09-15T01:26:44.000Z</time>
        <extensions>
          <ns3:TrackPointExtension>
            <ns3:hr>96</ns3:hr>
          </ns3:TrackPointExtension>
        </extensions>
      </trkpt>
      <trkpt lat="48.1076608411967754364013671875" lon="-122.76974447071552276611328125">
        <ele>-1.2000000476837158203125</ele>
        <time>2026-09-15T01:26:51.000Z</time>
        <extensions>
          <ns3:TrackPointExtension>
            <ns3:hr>99</ns3:hr>
          </ns3:TrackPointExtension>
        </extensions>
      </trkpt>
      <trkpt lat="48.10765991918742656707763671875" lon="-122.76974975131452083587646484375">
        <ele>-1.2000000476837158203125</ele>
        <time>2026-09-15T01:26:52.000Z</time>
        <extensions>
          <ns3:TrackPointExtension>
            <ns3:hr>100</ns3:hr>
          </ns3:TrackPointExtension>
        </extensions>
      </trkpt>
      <trkpt lat="48.107657991349697113037109375" lon="-122.76977037079632282257080078125">
        <ele>-1.2000000476837158203125</ele>
        <time>2026-09-15T01:26:56.000Z</time>
        <extensions>
          <ns3:TrackPointExtension>
            <ns3:hr>97</ns3:hr>
          </ns3:TrackPointExtension>
        </extensions>
      </trkpt>
      <trkpt lat="48.107655979692935943603515625" lon="-122.76979836635291576385498046875">
        <ele>-1.2000000476837158203125</ele>
        <time>2026-09-15T01:27:01.000Z</time>
        <extensions>
          <ns3:TrackPointExtension>
            <ns3:hr>95</ns3:hr>
          </ns3:TrackPointExtension>
        </extensions>
      </trkpt>
      <trkpt lat="48.1076543033123016357421875" lon="-122.76983055286109447479248046875">
        <ele>-1.2000000476837158203125</ele>
        <time>2026-09-15T01:27:06.000Z</time>
        <extensions>
          <ns3:TrackPointExtension>
            <ns3:hr>92</ns3:hr>
          </ns3:TrackPointExtension>
        </extensions>
      </trkpt>
      <trkpt lat="48.1076507829129695892333984375" lon="-122.76985938660800457000732421875">
        <ele>-1.2000000476837158203125</ele>
        <time>2026-09-15T01:27:10.000Z</time>
        <extensions>
          <ns3:TrackPointExtension>
            <ns3:hr>96</ns3:hr>
          </ns3:TrackPointExtension>
        </extensions>
      </trkpt>
      <trkpt lat="48.10764902271330356597900390625" lon="-122.7698653377592563629150390625">
        <ele>-1.2000000476837158203125</ele>
        <time>2026-09-15T01:27:11.000Z</time>
        <extensions>
          <ns3:TrackPointExtension>
            <ns3:hr>99</ns3:hr>
          </ns3:TrackPointExtension>
        </extensions>
      </trkpt>
      <trkpt lat="48.10764566995203495025634765625" lon="-122.7698774076998233795166015625">
        <ele>-1.2000000476837158203125</ele>
        <time>2026-09-15T01:27:13.000Z</time>
        <extensions>
          <ns3:TrackPointExtension>
            <ns3:hr>102</ns3:hr>
          </ns3:TrackPointExtension>
        </extensions>
      </trkpt>
      <trkpt lat="48.1076408922672271728515625" lon="-122.76990540325641632080078125">
        <ele>-1.2000000476837158203125</ele>
        <time>2026-09-15T01:27:16.000Z</time>
        <extensions>
          <ns3:TrackPointExtension>
            <ns3:hr>101</ns3:hr>
          </ns3:TrackPointExtension>
        </extensions>
      </trkpt>
      <trkpt lat="48.10763477347791194915771484375" lon="-122.76993985287845134735107421875">
        <ele>-1</ele>
        <time>2026-09-15T01:27:20.000Z</time>
        <extensions>
          <ns3:TrackPointExtension>
            <ns3:hr>98</ns3:hr>
          </ns3:TrackPointExtension>
        </extensions>
      </trkpt>
      <trkpt lat="48.1076239608228206634521484375" lon="-122.76996566914021968841552734375">
        <ele>-1</ele>
        <time>2026-09-15T01:27:23.000Z</time>
        <extensions>
          <ns3:TrackPointExtension>
            <ns3:hr>95</ns3:hr>
          </ns3:TrackPointExtension>
        </extensions>
      </trkpt>
      <trkpt lat="48.1076155789196491241455078125" lon="-122.77002300135791301727294921875">
        <ele>-0.800000011920928955078125</ele>
        <time>2026-09-15T01:27:29.000Z</time>
        <extensions>
          <ns3:TrackPointExtension>
            <ns3:hr>96</ns3:hr>
          </ns3:TrackPointExtension>
        </extensions>
      </trkpt>
      <trkpt lat="48.10761130414903163909912109375" lon="-122.77003775350749492645263671875">
        <ele>-0.800000011920928955078125</ele>
        <time>2026-09-15T01:27:31.000Z</time>
        <extensions>
          <ns3:TrackPointExtension>
            <ns3:hr>99</ns3:hr>
          </ns3:TrackPointExtension>
        </extensions>
      </trkpt>
      <trkpt lat="48.1076045148074626922607421875" lon="-122.7700765617191791534423828125">
        <ele>-0.800000011920928955078125</ele>
        <time>2026-09-15T01:27:36.000Z</time>
        <extensions>
          <ns3:TrackPointExtension>
            <ns3:hr>100</ns3:hr>
          </ns3:TrackPointExtension>
        </extensions>
      </trkpt>
      <trkpt lat="48.10759437270462512969970703125" lon="-122.7701295353472232818603515625">
        <ele>-0.800000011920928955078125</ele>
        <time>2026-09-15T01:27:43.000Z</time>
        <extensions>
          <ns3:TrackPointExtension>
            <ns3:hr>101</ns3:hr>
          </ns3:TrackPointExtension>
        </extensions>
      </trkpt>
      <trkpt lat="48.10757174156606197357177734375" lon="-122.770233638584613800048828125">
        <ele>-0.800000011920928955078125</ele>
        <time>2026-09-15T01:27:57.000Z</time>
        <extensions>
          <ns3:TrackPointExtension>
            <ns3:hr>98</ns3:hr>
          </ns3:TrackPointExtension>
        </extensions>
      </trkpt>
      <trkpt lat="48.10756872408092021942138671875" lon="-122.77024612762033939361572265625">
        <ele>-0.60000002384185791015625</ele>
        <time>2026-09-15T01:27:59.000Z</time>
        <extensions>
          <ns3:TrackPointExtension>
            <ns3:hr>98</ns3:hr>
          </ns3:TrackPointExtension>
        </extensions>
      </trkpt>
      <trkpt lat="48.107564449310302734375" lon="-122.7702649869024753570556640625">
        <ele>-0.60000002384185791015625</ele>
        <time>2026-09-15T01:28:02.000Z</time>
        <extensions>
          <ns3:TrackPointExtension>
            <ns3:hr>95</ns3:hr>
          </ns3:TrackPointExtension>
        </extensions>
      </trkpt>
      <trkpt lat="48.1075478531420230865478515625" lon="-122.770332209765911102294921875">
        <ele>-0.60000002384185791015625</ele>
        <time>2026-09-15T01:28:14.000Z</time>
        <extensions>
          <ns3:TrackPointExtension>
            <ns3:hr>96</ns3:hr>
          </ns3:TrackPointExtension>
        </extensions>
      </trkpt>
      <trkpt lat="48.1075408123433589935302734375" lon="-122.77037152089178562164306640625">
        <ele>-0.60000002384185791015625</ele>
        <time>2026-09-15T01:28:24.000Z</time>
        <extensions>
          <ns3:TrackPointExtension>
            <ns3:hr>97</ns3:hr>
          </ns3:TrackPointExtension>
        </extensions>
      </trkpt>
      <trkpt lat="48.107528574764728546142578125" lon="-122.77043304406106472015380859375">
        <ele>-0.4000000059604644775390625</ele>
        <time>2026-09-15T01:28:42.000Z</time>
        <extensions>
          <ns3:TrackPointExtension>
            <ns3:hr>96</ns3:hr>
          </ns3:TrackPointExtension>
        </extensions>
      </trkpt>
      <trkpt lat="48.107524216175079345703125" lon="-122.77046305127441883087158203125">
        <ele>-0.20000000298023223876953125</ele>
        <time>2026-09-15T01:28:54.000Z</time>
        <extensions>
          <ns3:TrackPointExtension>
            <ns3:hr>96</ns3:hr>
          </ns3:TrackPointExtension>
        </extensions>
      </trkpt>
      <trkpt lat="48.1075210310518741607666015625" lon="-122.7704748697578907012939453125">
        <ele>-0.20000000298023223876953125</ele>
        <time>2026-09-15T01:28:59.000Z</time>
        <extensions>
          <ns3:TrackPointExtension>
            <ns3:hr>100</ns3:hr>
          </ns3:TrackPointExtension>
        </extensions>
      </trkpt>
      <trkpt lat="48.1075210310518741607666015625" lon="-122.77048132382333278656005859375">
        <ele>-0.20000000298023223876953125</ele>
        <time>2026-09-15T01:29:04.000Z</time>
        <extensions>
          <ns3:TrackPointExtension>
            <ns3:hr>97</ns3:hr>
          </ns3:TrackPointExtension>
        </extensions>
      </trkpt>
      <trkpt lat="48.1075210310518741607666015625" lon="-122.77048132382333278656005859375">
        <ele>-0.20000000298023223876953125</ele>
        <time>2026-09-15T01:29:08.000Z</time>
        <extensions>
          <ns3:TrackPointExtension>
            <ns3:hr>95</ns3:hr>
          </ns3:TrackPointExtension>
        </extensions>
      </trkpt>
      <trkpt lat="48.10750703327357769012451171875" lon="-122.77055592276155948638916015625">
        <ele>-0.20000000298023223876953125</ele>
        <time>2026-09-15T01:29:39.000Z</time>
        <extensions>
          <ns3:TrackPointExtension>
            <ns3:hr>98</ns3:hr>
          </ns3:TrackPointExtension>
        </extensions>
      </trkpt>
      <trkpt lat="48.10748071409761905670166015625" lon="-122.77066622860729694366455078125">
        <ele>0</ele>
        <time>2026-09-15T01:30:00.000Z</time>
        <extensions>
          <ns3:TrackPointExtension>
            <ns3:hr>95</ns3:hr>
          </ns3:TrackPointExtension>
        </extensions>
      </trkpt>
      <trkpt lat="48.10740611515939235687255859375" lon="-122.77093562297523021697998046875">
        <ele>0</ele>
        <time>2026-09-15T01:30:31.000Z</time>
        <extensions>
          <ns3:TrackPointExtension>
            <ns3:hr>98</ns3:hr>
          </ns3:TrackPointExtension>
        </extensions>
      </trkpt>
      <trkpt lat="48.1073802150785923004150390625" lon="-122.77102899737656116485595703125">
        <ele>0</ele>
        <time>2026-09-15T01:30:47.000Z</time>
        <extensions>
          <ns3:TrackPointExtension>
            <ns3:hr>95</ns3:hr>
          </ns3:TrackPointExtension>
        </extensions>
      </trkpt>
      <trkpt lat="48.10735364444553852081298828125" lon="-122.7711058594286441802978515625">
        <ele>0.20000000298023223876953125</ele>
        <time>2026-09-15T01:31:04.000Z</time>
        <extensions>
          <ns3:TrackPointExtension>
            <ns3:hr>98</ns3:hr>
          </ns3:TrackPointExtension>
        </extensions>
      </trkpt>
      <trkpt lat="48.1073285825550556182861328125" lon="-122.7711843140423297882080078125">
        <ele>0.20000000298023223876953125</ele>
        <time>2026-09-15T01:31:26.000Z</time>
        <extensions>
          <ns3:TrackPointExtension>
            <ns3:hr>96</ns3:hr>
          </ns3:TrackPointExtension>
        </extensions>
      </trkpt>
      <trkpt lat="48.1073064543306827545166015625" lon="-122.77127374894917011260986328125">
        <ele>0</ele>
        <time>2026-09-15T01:31:50.000Z</time>
        <extensions>
          <ns3:TrackPointExtension>
            <ns3:hr>93</ns3:hr>
          </ns3:TrackPointExtension>
        </extensions>
      </trkpt>
      <trkpt lat="48.10729396529495716094970703125" lon="-122.77130526490509510040283203125">
        <ele>0.20000000298023223876953125</ele>
        <time>2026-09-15T01:31:58.000Z</time>
        <extensions>
          <ns3:TrackPointExtension>
            <ns3:hr>96</ns3:hr>
          </ns3:TrackPointExtension>
        </extensions>
      </trkpt>
      <trkpt lat="48.10727988369762897491455078125" lon="-122.77133728377521038055419921875">
        <ele>0.20000000298023223876953125</ele>
        <time>2026-09-15T01:32:08.000Z</time>
        <extensions>
          <ns3:TrackPointExtension>
            <ns3:hr>100</ns3:hr>
          </ns3:TrackPointExtension>
        </extensions>
      </trkpt>
      <trkpt lat="48.10727150179445743560791015625" lon="-122.77136276476085186004638671875">
        <ele>0.20000000298023223876953125</ele>
        <time>2026-09-15T01:32:33.000Z</time>
        <extensions>
          <ns3:TrackPointExtension>
            <ns3:hr>103</ns3:hr>
          </ns3:TrackPointExtension>
        </extensions>
      </trkpt>
      <trkpt lat="48.107269071042537689208984375" lon="-122.77136988937854766845703125">
        <ele>0.60000002384185791015625</ele>
        <time>2026-09-15T01:33:01.000Z</time>
        <extensions>
          <ns3:TrackPointExtension>
            <ns3:hr>99</ns3:hr>
          </ns3:TrackPointExtension>
        </extensions>
      </trkpt>
      <trkpt lat="48.1072668917477130889892578125" lon="-122.771376259624958038330078125">
        <ele>0.800000011920928955078125</ele>
        <time>2026-09-15T01:33:18.000Z</time>
        <extensions>
          <ns3:TrackPointExtension>
            <ns3:hr>96</ns3:hr>
          </ns3:TrackPointExtension>
        </extensions>
      </trkpt>
      <trkpt lat="48.10726194642484188079833984375" lon="-122.77138958685100078582763671875">
        <ele>1.2000000476837158203125</ele>
        <time>2026-09-15T01:33:49.000Z</time>
        <extensions>
          <ns3:TrackPointExtension>
            <ns3:hr>96</ns3:hr>
          </ns3:TrackPointExtension>
        </extensions>
      </trkpt>
      <trkpt lat="48.1072611920535564422607421875" lon="-122.771391682326793670654296875">
        <ele>1.2000000476837158203125</ele>
        <time>2026-09-15T01:33:54.000Z</time>
        <extensions>
          <ns3:TrackPointExtension>
            <ns3:hr>99</ns3:hr>
          </ns3:TrackPointExtension>
        </extensions>
      </trkpt>
      <trkpt lat="48.10726068913936614990234375" lon="-122.77139310725033283233642578125">
        <ele>1.2000000476837158203125</ele>
        <time>2026-09-15T01:33:57.000Z</time>
        <extensions>
          <ns3:TrackPointExtension>
            <ns3:hr>95</ns3:hr>
          </ns3:TrackPointExtension>
        </extensions>
      </trkpt>
      <trkpt lat="48.1072581745684146881103515625" lon="-122.771399728953838348388671875">
        <ele>1.2000000476837158203125</ele>
        <time>2026-09-15T01:34:12.000Z</time>
        <extensions>
          <ns3:TrackPointExtension>
            <ns3:hr>98</ns3:hr>
          </ns3:TrackPointExtension>
        </extensions>
      </trkpt>
      <trkpt lat="48.10725758783519268035888671875" lon="-122.77140140533447265625">
        <ele>1.2000000476837158203125</ele>
        <time>2026-09-15T01:34:16.000Z</time>
        <extensions>
          <ns3:TrackPointExtension>
            <ns3:hr>101</ns3:hr>
          </ns3:TrackPointExtension>
        </extensions>
      </trkpt>
      <trkpt lat="48.10725088231265544891357421875" lon="-122.7714196778833866119384765625">
        <ele>1</ele>
        <time>2026-09-15T01:35:00.000Z</time>
        <extensions>
          <ns3:TrackPointExtension>
            <ns3:hr>98</ns3:hr>
          </ns3:TrackPointExtension>
        </extensions>
      </trkpt>
      <trkpt lat="48.1072484515607357025146484375" lon="-122.771426551043987274169921875">
        <ele>1</ele>
        <time>2026-09-15T01:35:16.000Z</time>
        <extensions>
          <ns3:TrackPointExtension>
            <ns3:hr>95</ns3:hr>
          </ns3:TrackPointExtension>
        </extensions>
      </trkpt>
      <trkpt lat="48.1072477810084819793701171875" lon="-122.77142814360558986663818359375">
        <ele>0.800000011920928955078125</ele>
        <time>2026-09-15T01:35:20.000Z</time>
        <extensions>
          <ns3:TrackPointExtension>
            <ns3:hr>101</ns3:hr>
          </ns3:TrackPointExtension>
        </extensions>
      </trkpt>
      <trkpt lat="48.10724769718945026397705078125" lon="-122.77142864651978015899658203125">
        <ele>0.800000011920928955078125</ele>
        <time>2026-09-15T01:35:21.000Z</time>
        <extensions>
          <ns3:TrackPointExtension>
            <ns3:hr>104</ns3:hr>
          </ns3:TrackPointExtension>
        </extensions>
      </trkpt>
      <trkpt lat="48.10724635608494281768798828125" lon="-122.77143199928104877471923828125">
        <ele>0.800000011920928955078125</ele>
        <time>2026-09-15T01:35:29.000Z</time>
        <extensions>
          <ns3:TrackPointExtension>
            <ns3:hr>101</ns3:hr>
          </ns3:TrackPointExtension>
        </extensions>
      </trkpt>
      <trkpt lat="48.10724191367626190185546875" lon="-122.77144289575517177581787109375">
        <ele>0.800000011920928955078125</ele>
        <time>2026-09-15T01:35:54.000Z</time>
        <extensions>
          <ns3:TrackPointExtension>
            <ns3:hr>104</ns3:hr>
          </ns3:TrackPointExtension>
        </extensions>
      </trkpt>
      <trkpt lat="48.10723881237208843231201171875" lon="-122.77144993655383586883544921875">
        <ele>0.800000011920928955078125</ele>
        <time>2026-09-15T01:36:11.000Z</time>
        <extensions>
          <ns3:TrackPointExtension>
            <ns3:hr>101</ns3:hr>
          </ns3:TrackPointExtension>
        </extensions>
      </trkpt>
      <trkpt lat="48.10723395086824893951416015625" lon="-122.77146267704665660858154296875">
        <ele>0.60000002384185791015625</ele>
        <time>2026-09-15T01:36:42.000Z</time>
        <extensions>
          <ns3:TrackPointExtension>
            <ns3:hr>104</ns3:hr>
          </ns3:TrackPointExtension>
        </extensions>
      </trkpt>
      <trkpt lat="48.10722908936440944671630859375" lon="-122.77147491462528705596923828125">
        <ele>0.60000002384185791015625</ele>
        <time>2026-09-15T01:37:14.000Z</time>
        <extensions>
          <ns3:TrackPointExtension>
            <ns3:hr>107</ns3:hr>
          </ns3:TrackPointExtension>
        </extensions>
      </trkpt>
      <trkpt lat="48.10722808353602886199951171875" lon="-122.77147776447236537933349609375">
        <ele>0.60000002384185791015625</ele>
        <time>2026-09-15T01:37:21.000Z</time>
        <extensions>
          <ns3:TrackPointExtension>
            <ns3:hr>110</ns3:hr>
          </ns3:TrackPointExtension>
        </extensions>
      </trkpt>
      <trkpt lat="48.10722573660314083099365234375" lon="-122.77148279361426830291748046875">
        <ele>0.60000002384185791015625</ele>
        <time>2026-09-15T01:37:35.000Z</time>
        <extensions>
          <ns3:TrackPointExtension>
            <ns3:hr>107</ns3:hr>
          </ns3:TrackPointExtension>
        </extensions>
      </trkpt>
      <trkpt lat="48.1072212941944599151611328125" lon="-122.77149301953613758087158203125">
        <ele>0.4000000059604644775390625</ele>
        <time>2026-09-15T01:38:01.000Z</time>
        <extensions>
          <ns3:TrackPointExtension>
            <ns3:hr>104</ns3:hr>
          </ns3:TrackPointExtension>
        </extensions>
      </trkpt>
      <trkpt lat="48.10721869580447673797607421875" lon="-122.77149888686835765838623046875">
        <ele>0.4000000059604644775390625</ele>
        <time>2026-09-15T01:38:15.000Z</time>
        <extensions>
          <ns3:TrackPointExtension>
            <ns3:hr>100</ns3:hr>
          </ns3:TrackPointExtension>
        </extensions>
      </trkpt>
      <trkpt lat="48.10721852816641330718994140625" lon="-122.77149938978254795074462890625">
        <ele>0.4000000059604644775390625</ele>
        <time>2026-09-15T01:38:16.000Z</time>
        <extensions>
          <ns3:TrackPointExtension>
            <ns3:hr>97</ns3:hr>
          </ns3:TrackPointExtension>
        </extensions>
      </trkpt>
      <trkpt lat="48.10721836052834987640380859375" lon="-122.77149989269673824310302734375">
        <ele>0.4000000059604644775390625</ele>
        <time>2026-09-15T01:38:17.000Z</time>
        <extensions>
          <ns3:TrackPointExtension>
            <ns3:hr>92</ns3:hr>
          </ns3:TrackPointExtension>
        </extensions>
      </trkpt>
      <trkpt lat="48.10721819289028644561767578125" lon="-122.771500311791896820068359375">
        <ele>0.4000000059604644775390625</ele>
        <time>2026-09-15T01:38:18.000Z</time>
        <extensions>
          <ns3:TrackPointExtension>
            <ns3:hr>92</ns3:hr>
          </ns3:TrackPointExtension>
        </extensions>
      </trkpt>
      <trkpt lat="48.1072135828435420989990234375" lon="-122.77151070535182952880859375">
        <ele>0.60000002384185791015625</ele>
        <time>2026-09-15T01:38:39.000Z</time>
        <extensions>
          <ns3:TrackPointExtension>
            <ns3:hr>96</ns3:hr>
          </ns3:TrackPointExtension>
        </extensions>
      </trkpt>
      <trkpt lat="48.10721316374838352203369140625" lon="-122.771511711180210113525390625">
        <ele>0.60000002384185791015625</ele>
        <time>2026-09-15T01:38:41.000Z</time>
        <extensions>
          <ns3:TrackPointExtension>
            <ns3:hr>100</ns3:hr>
          </ns3:TrackPointExtension>
        </extensions>
      </trkpt>
      <trkpt lat="48.10721240937709808349609375" lon="-122.77151338756084442138671875">
        <ele>0.60000002384185791015625</ele>
        <time>2026-09-15T01:38:44.000Z</time>
        <extensions>
          <ns3:TrackPointExtension>
            <ns3:hr>103</ns3:hr>
          </ns3:TrackPointExtension>
        </extensions>
      </trkpt>
      <trkpt lat="48.10721031390130519866943359375" lon="-122.7715185843408107757568359375">
        <ele>0.60000002384185791015625</ele>
        <time>2026-09-15T01:38:53.000Z</time>
        <extensions>
          <ns3:TrackPointExtension>
            <ns3:hr>106</ns3:hr>
          </ns3:TrackPointExtension>
        </extensions>
      </trkpt>
      <trkpt lat="48.10720436275005340576171875" lon="-122.77153350412845611572265625">
        <ele>0.60000002384185791015625</ele>
        <time>2026-09-15T01:39:17.000Z</time>
        <extensions>
          <ns3:TrackPointExtension>
            <ns3:hr>103</ns3:hr>
          </ns3:TrackPointExtension>
        </extensions>
      </trkpt>
      <trkpt lat="48.1072010099887847900390625" lon="-122.77154163457453250885009765625">
        <ele>0.60000002384185791015625</ele>
        <time>2026-09-15T01:39:29.000Z</time>
        <extensions>
          <ns3:TrackPointExtension>
            <ns3:hr>99</ns3:hr>
          </ns3:TrackPointExtension>
        </extensions>
      </trkpt>
      <trkpt lat="48.10719899833202362060546875" lon="-122.77154666371643543243408203125">
        <ele>0.4000000059604644775390625</ele>
        <time>2026-09-15T01:39:36.000Z</time>
        <extensions>
          <ns3:TrackPointExtension>
            <ns3:hr>96</ns3:hr>
          </ns3:TrackPointExtension>
        </extensions>
      </trkpt>
      <trkpt lat="48.10719790868461132049560546875" lon="-122.77154959738254547119140625">
        <ele>0.4000000059604644775390625</ele>
        <time>2026-09-15T01:39:40.000Z</time>
        <extensions>
          <ns3:TrackPointExtension>
            <ns3:hr>99</ns3:hr>
          </ns3:TrackPointExtension>
        </extensions>
      </trkpt>
      <trkpt lat="48.107195980846881866455078125" lon="-122.771554291248321533203125">
        <ele>0.60000002384185791015625</ele>
        <time>2026-09-15T01:39:46.000Z</time>
        <extensions>
          <ns3:TrackPointExtension>
            <ns3:hr>102</ns3:hr>
          </ns3:TrackPointExtension>
        </extensions>
      </trkpt>
      <trkpt lat="48.106963969767093658447265625" lon="-122.772213108837604522705078125">
        <ele>0.60000002384185791015625</ele>
        <time>2026-09-15T01:40:10.000Z</time>
        <extensions>
          <ns3:TrackPointExtension>
            <ns3:hr>103</ns3:hr>
          </ns3:TrackPointExtension>
        </extensions>
      </trkpt>
      <trkpt lat="48.1067968346178531646728515625" lon="-122.772680483758449554443359375">
        <ele>0.20000000298023223876953125</ele>
        <time>2026-09-15T01:40:17.000Z</time>
        <extensions>
          <ns3:TrackPointExtension>
            <ns3:hr>102</ns3:hr>
          </ns3:TrackPointExtension>
        </extensions>
      </trkpt>
      <trkpt lat="48.1067850999534130096435546875" lon="-122.77272733859717845916748046875">
        <ele>0.20000000298023223876953125</ele>
        <time>2026-09-15T01:40:21.000Z</time>
        <extensions>
          <ns3:TrackPointExtension>
            <ns3:hr>103</ns3:hr>
          </ns3:TrackPointExtension>
        </extensions>
      </trkpt>
      <trkpt lat="48.106767833232879638671875" lon="-122.7727996744215488433837890625">
        <ele>0.20000000298023223876953125</ele>
        <time>2026-09-15T01:40:27.000Z</time>
        <extensions>
          <ns3:TrackPointExtension>
            <ns3:hr>106</ns3:hr>
          </ns3:TrackPointExtension>
        </extensions>
      </trkpt>
      <trkpt lat="48.1067596189677715301513671875" lon="-122.772836387157440185546875">
        <ele>0.20000000298023223876953125</ele>
        <time>2026-09-15T01:40:30.000Z</time>
        <extensions>
          <ns3:TrackPointExtension>
            <ns3:hr>106</ns3:hr>
          </ns3:TrackPointExtension>
        </extensions>
      </trkpt>
      <trkpt lat="48.1067354790866374969482421875" lon="-122.7729653008282184600830078125">
        <ele>0.20000000298023223876953125</ele>
        <time>2026-09-15T01:40:40.000Z</time>
        <extensions>
          <ns3:TrackPointExtension>
            <ns3:hr>105</ns3:hr>
          </ns3:TrackPointExtension>
        </extensions>
      </trkpt>
      <trkpt lat="48.1067106686532497406005859375" lon="-122.7730846591293811798095703125">
        <ele>0.20000000298023223876953125</ele>
        <time>2026-09-15T01:40:49.000Z</time>
        <extensions>
          <ns3:TrackPointExtension>
            <ns3:hr>107</ns3:hr>
          </ns3:TrackPointExtension>
        </extensions>
      </trkpt>
      <trkpt lat="48.10668912716209888458251953125" lon="-122.77321390807628631591796875">
        <ele>0.20000000298023223876953125</ele>
        <time>2026-09-15T01:40:58.000Z</time>
        <extensions>
          <ns3:TrackPointExtension>
            <ns3:hr>104</ns3:hr>
          </ns3:TrackPointExtension>
        </extensions>
      </trkpt>
      <trkpt lat="48.10667823068797588348388671875" lon="-122.77325070463120937347412109375">
        <ele>0.20000000298023223876953125</ele>
        <time>2026-09-15T01:41:01.000Z</time>
        <extensions>
          <ns3:TrackPointExtension>
            <ns3:hr>100</ns3:hr>
          </ns3:TrackPointExtension>
        </extensions>
      </trkpt>
      <trkpt lat="48.10667035169899463653564453125" lon="-122.7733012475073337554931640625">
        <ele>0.20000000298023223876953125</ele>
        <time>2026-09-15T01:41:06.000Z</time>
        <extensions>
          <ns3:TrackPointExtension>
            <ns3:hr>103</ns3:hr>
          </ns3:TrackPointExtension>
        </extensions>
      </trkpt>
      <trkpt lat="48.106666244566440582275390625" lon="-122.77331105433404445648193359375">
        <ele>0.20000000298023223876953125</ele>
        <time>2026-09-15T01:41:07.000Z</time>
        <extensions>
          <ns3:TrackPointExtension>
            <ns3:hr>103</ns3:hr>
          </ns3:TrackPointExtension>
        </extensions>
      </trkpt>
      <trkpt lat="48.10665442608296871185302734375" lon="-122.7734008245170116424560546875">
        <ele>0.20000000298023223876953125</ele>
        <time>2026-09-15T01:41:15.000Z</time>
        <extensions>
          <ns3:TrackPointExtension>
            <ns3:hr>104</ns3:hr>
          </ns3:TrackPointExtension>
        </extensions>
      </trkpt>
      <trkpt lat="48.10664822347462177276611328125" lon="-122.7735154889523983001708984375">
        <ele>0.20000000298023223876953125</ele>
        <time>2026-09-15T01:41:24.000Z</time>
        <extensions>
          <ns3:TrackPointExtension>
            <ns3:hr>107</ns3:hr>
          </ns3:TrackPointExtension>
        </extensions>
      </trkpt>
      <trkpt lat="48.10664906166493892669677734375" lon="-122.77352848090231418609619140625">
        <ele>0.20000000298023223876953125</ele>
        <time>2026-09-15T01:41:25.000Z</time>
        <extensions>
          <ns3:TrackPointExtension>
            <ns3:hr>108</ns3:hr>
          </ns3:TrackPointExtension>
        </extensions>
      </trkpt>
      <trkpt lat="48.1066436134278774261474609375" lon="-122.7736197598278522491455078125">
        <ele>0.20000000298023223876953125</ele>
        <time>2026-09-15T01:41:32.000Z</time>
        <extensions>
          <ns3:TrackPointExtension>
            <ns3:hr>111</ns3:hr>
          </ns3:TrackPointExtension>
        </extensions>
      </trkpt>
      <trkpt lat="48.10664906166493892669677734375" lon="-122.77366141788661479949951171875">
        <ele>0.4000000059604644775390625</ele>
        <time>2026-09-15T01:41:35.000Z</time>
        <extensions>
          <ns3:TrackPointExtension>
            <ns3:hr>111</ns3:hr>
          </ns3:TrackPointExtension>
        </extensions>
      </trkpt>
      <trkpt lat="48.106650151312351226806640625" lon="-122.77367390692234039306640625">
        <ele>0.4000000059604644775390625</ele>
        <time>2026-09-15T01:41:36.000Z</time>
        <extensions>
          <ns3:TrackPointExtension>
            <ns3:hr>111</ns3:hr>
          </ns3:TrackPointExtension>
        </extensions>
      </trkpt>
      <trkpt lat="48.10668661259114742279052734375" lon="-122.77379804290831089019775390625">
        <ele>0.4000000059604644775390625</ele>
        <time>2026-09-15T01:41:46.000Z</time>
        <extensions>
          <ns3:TrackPointExtension>
            <ns3:hr>113</ns3:hr>
          </ns3:TrackPointExtension>
        </extensions>
      </trkpt>
      <trkpt lat="48.1067143566906452178955078125" lon="-122.7738410420715808868408203125">
        <ele>0.4000000059604644775390625</ele>
        <time>2026-09-15T01:41:53.000Z</time>
        <extensions>
          <ns3:TrackPointExtension>
            <ns3:hr>113</ns3:hr>
          </ns3:TrackPointExtension>
        </extensions>
      </trkpt>
      <trkpt lat="48.10672961175441741943359375" lon="-122.77387029491364955902099609375">
        <ele>0.4000000059604644775390625</ele>
        <time>2026-09-15T01:41:58.000Z</time>
        <extensions>
          <ns3:TrackPointExtension>
            <ns3:hr>109</ns3:hr>
          </ns3:TrackPointExtension>
        </extensions>
      </trkpt>
      <trkpt lat="48.10673355124890804290771484375" lon="-122.7738742344081401824951171875">
        <ele>0.4000000059604644775390625</ele>
        <time>2026-09-15T01:41:59.000Z</time>
        <extensions>
          <ns3:TrackPointExtension>
            <ns3:hr>105</ns3:hr>
          </ns3:TrackPointExtension>
        </extensions>
      </trkpt>
      <trkpt lat="48.1067371554672718048095703125" lon="-122.7738765813410282135009765625">
        <ele>0.4000000059604644775390625</ele>
        <time>2026-09-15T01:42:00.000Z</time>
        <extensions>
          <ns3:TrackPointExtension>
            <ns3:hr>102</ns3:hr>
          </ns3:TrackPointExtension>
        </extensions>
      </trkpt>
      <trkpt lat="48.10674059204757213592529296875" lon="-122.77387817390263080596923828125">
        <ele>0.4000000059604644775390625</ele>
        <time>2026-09-15T01:42:01.000Z</time>
        <extensions>
          <ns3:TrackPointExtension>
            <ns3:hr>102</ns3:hr>
          </ns3:TrackPointExtension>
        </extensions>
      </trkpt>
      <trkpt lat="48.1067502312362194061279296875" lon="-122.77387968264520168304443359375">
        <ele>0.4000000059604644775390625</ele>
        <time>2026-09-15T01:42:04.000Z</time>
        <extensions>
          <ns3:TrackPointExtension>
            <ns3:hr>103</ns3:hr>
          </ns3:TrackPointExtension>
        </extensions>
      </trkpt>
      <trkpt lat="48.10676582157611846923828125" lon="-122.7738641761243343353271484375">
        <ele>0.20000000298023223876953125</ele>
        <time>2026-09-15T01:42:15.000Z</time>
        <extensions>
          <ns3:TrackPointExtension>
            <ns3:hr>102</ns3:hr>
          </ns3:TrackPointExtension>
        </extensions>
      </trkpt>
      <trkpt lat="48.1067700125277042388916015625" lon="-122.77386434376239776611328125">
        <ele>0.20000000298023223876953125</ele>
        <time>2026-09-15T01:42:20.000Z</time>
        <extensions>
          <ns3:TrackPointExtension>
            <ns3:hr>99</ns3:hr>
          </ns3:TrackPointExtension>
        </extensions>
      </trkpt>
      <trkpt lat="48.1067700125277042388916015625" lon="-122.77386434376239776611328125">
        <ele>0.20000000298023223876953125</ele>
        <time>2026-09-15T01:42:26.000Z</time>
        <extensions>
          <ns3:TrackPointExtension>
            <ns3:hr>99</ns3:hr>
          </ns3:TrackPointExtension>
        </extensions>
      </trkpt>
      <trkpt lat="48.1067700125277042388916015625" lon="-122.77386434376239776611328125">
        <ele>0.20000000298023223876953125</ele>
        <time>2026-09-15T01:42:30.000Z</time>
        <extensions>
          <ns3:TrackPointExtension>
            <ns3:hr>102</ns3:hr>
          </ns3:TrackPointExtension>
        </extensions>
      </trkpt>
      <trkpt lat="48.10676850378513336181640625" lon="-122.7738457359373569488525390625">
        <ele>0.20000000298023223876953125</ele>
        <time>2026-09-15T01:42:52.000Z</time>
        <extensions>
          <ns3:TrackPointExtension>
            <ns3:hr>105</ns3:hr>
          </ns3:TrackPointExtension>
        </extensions>
      </trkpt>
      <trkpt lat="48.10676850378513336181640625" lon="-122.7738403715193271636962890625">
        <ele>0.4000000059604644775390625</ele>
        <time>2026-09-15T01:43:02.000Z</time>
        <extensions>
          <ns3:TrackPointExtension>
            <ns3:hr>108</ns3:hr>
          </ns3:TrackPointExtension>
        </extensions>
      </trkpt>
      <trkpt lat="48.1067750416696071624755859375" lon="-122.77383576147258281707763671875">
        <ele>0.60000002384185791015625</ele>
        <time>2026-09-15T01:43:12.000Z</time>
        <extensions>
          <ns3:TrackPointExtension>
            <ns3:hr>111</ns3:hr>
          </ns3:TrackPointExtension>
        </extensions>
      </trkpt>
      <trkpt lat="48.10678786598145961761474609375" lon="-122.77383576147258281707763671875">
        <ele>0.60000002384185791015625</ele>
        <time>2026-09-15T01:43:20.000Z</time>
        <extensions>
          <ns3:TrackPointExtension>
            <ns3:hr>114</ns3:hr>
          </ns3:TrackPointExtension>
        </extensions>
      </trkpt>
      <trkpt lat="48.10680211521685123443603515625" lon="-122.773859985172748565673828125">
        <ele>0.60000002384185791015625</ele>
        <time>2026-09-15T01:43:27.000Z</time>
        <extensions>
          <ns3:TrackPointExtension>
            <ns3:hr>111</ns3:hr>
          </ns3:TrackPointExtension>
        </extensions>
      </trkpt>
      <trkpt lat="48.1068052165210247039794921875" lon="-122.77386174537241458892822265625">
        <ele>0.60000002384185791015625</ele>
        <time>2026-09-15T01:43:29.000Z</time>
        <extensions>
          <ns3:TrackPointExtension>
            <ns3:hr>114</ns3:hr>
          </ns3:TrackPointExtension>
        </extensions>
      </trkpt>
      <trkpt lat="48.10682089067995548248291015625" lon="-122.7738730609416961669921875">
        <ele>0.60000002384185791015625</ele>
        <time>2026-09-15T01:43:34.000Z</time>
        <extensions>
          <ns3:TrackPointExtension>
            <ns3:hr>109</ns3:hr>
          </ns3:TrackPointExtension>
        </extensions>
      </trkpt>
      <trkpt lat="48.10682726092636585235595703125" lon="-122.77388487942516803741455078125">
        <ele>0.60000002384185791015625</ele>
        <time>2026-09-15T01:43:39.000Z</time>
        <extensions>
          <ns3:TrackPointExtension>
            <ns3:hr>113</ns3:hr>
          </ns3:TrackPointExtension>
        </extensions>
      </trkpt>
      <trkpt lat="48.106864728033542633056640625" lon="-122.7739087678492069244384765625">
        <ele>0.60000002384185791015625</ele>
        <time>2026-09-15T01:43:48.000Z</time>
        <extensions>
          <ns3:TrackPointExtension>
            <ns3:hr>116</ns3:hr>
          </ns3:TrackPointExtension>
        </extensions>
      </trkpt>
      <trkpt lat="48.10687352903187274932861328125" lon="-122.77391371317207813262939453125">
        <ele>0.4000000059604644775390625</ele>
        <time>2026-09-15T01:43:50.000Z</time>
        <extensions>
          <ns3:TrackPointExtension>
            <ns3:hr>106</ns3:hr>
          </ns3:TrackPointExtension>
        </extensions>
      </trkpt>
      <trkpt lat="48.10687704943120479583740234375" lon="-122.77391673065721988677978515625">
        <ele>0.4000000059604644775390625</ele>
        <time>2026-09-15T01:43:51.000Z</time>
        <extensions>
          <ns3:TrackPointExtension>
            <ns3:hr>101</ns3:hr>
          </ns3:TrackPointExtension>
        </extensions>
      </trkpt>
      <trkpt lat="48.10688090510666370391845703125" lon="-122.77392008341848850250244140625">
        <ele>0.4000000059604644775390625</ele>
        <time>2026-09-15T01:43:52.000Z</time>
        <extensions>
          <ns3:TrackPointExtension>
            <ns3:hr>101</ns3:hr>
          </ns3:TrackPointExtension>
        </extensions>
      </trkpt>
      <trkpt lat="48.10695617459714412689208984375" lon="-122.7739801816642284393310546875">
        <ele>0.20000000298023223876953125</ele>
        <time>2026-09-15T01:44:14.000Z</time>
        <extensions>
          <ns3:TrackPointExtension>
            <ns3:hr>104</ns3:hr>
          </ns3:TrackPointExtension>
        </extensions>
      </trkpt>
      <trkpt lat="48.10695751570165157318115234375" lon="-122.77398101985454559326171875">
        <ele>0.20000000298023223876953125</ele>
        <time>2026-09-15T01:44:16.000Z</time>
        <extensions>
          <ns3:TrackPointExtension>
            <ns3:hr>109</ns3:hr>
          </ns3:TrackPointExtension>
        </extensions>
      </trkpt>
      <trkpt lat="48.10695818625390529632568359375" lon="-122.7739811874926090240478515625">
        <ele>0.20000000298023223876953125</ele>
        <time>2026-09-15T01:44:17.000Z</time>
        <extensions>
          <ns3:TrackPointExtension>
            <ns3:hr>109</ns3:hr>
          </ns3:TrackPointExtension>
        </extensions>
      </trkpt>
      <trkpt lat="48.10697763226926326751708984375" lon="-122.7740036509931087493896484375">
        <ele>0.20000000298023223876953125</ele>
        <time>2026-09-15T01:44:21.000Z</time>
        <extensions>
          <ns3:TrackPointExtension>
            <ns3:hr>105</ns3:hr>
          </ns3:TrackPointExtension>
        </extensions>
      </trkpt>
      <trkpt lat="48.107024990022182464599609375" lon="-122.77404136955738067626953125">
        <ele>0.20000000298023223876953125</ele>
        <time>2026-09-15T01:44:25.000Z</time>
        <extensions>
          <ns3:TrackPointExtension>
            <ns3:hr>104</ns3:hr>
          </ns3:TrackPointExtension>
        </extensions>
      </trkpt>
      <trkpt lat="48.10713923536241054534912109375" lon="-122.77413449250161647796630859375">
        <ele>0.20000000298023223876953125</ele>
        <time>2026-09-15T01:44:40.000Z</time>
        <extensions>
          <ns3:TrackPointExtension>
            <ns3:hr>104</ns3:hr>
          </ns3:TrackPointExtension>
        </extensions>
      </trkpt>
      <trkpt lat="48.10715532861649990081787109375" lon="-122.774152345955371856689453125">
        <ele>0.20000000298023223876953125</ele>
        <time>2026-09-15T01:44:45.000Z</time>
        <extensions>
          <ns3:TrackPointExtension>
            <ns3:hr>107</ns3:hr>
          </ns3:TrackPointExtension>
        </extensions>
      </trkpt>
      <trkpt lat="48.10719707049429416656494140625" lon="-122.774190567433834075927734375">
        <ele>0.20000000298023223876953125</ele>
        <time>2026-09-15T01:44:53.000Z</time>
        <extensions>
          <ns3:TrackPointExtension>
            <ns3:hr>106</ns3:hr>
          </ns3:TrackPointExtension>
        </extensions>
      </trkpt>
      <trkpt lat="48.10725658200681209564208984375" lon="-122.7742356620728969573974609375">
        <ele>0.20000000298023223876953125</ele>
        <time>2026-09-15T01:45:02.000Z</time>
        <extensions>
          <ns3:TrackPointExtension>
            <ns3:hr>103</ns3:hr>
          </ns3:TrackPointExtension>
        </extensions>
      </trkpt>
      <trkpt lat="48.10726462863385677337646484375" lon="-122.77424161322414875030517578125">
        <ele>0.20000000298023223876953125</ele>
        <time>2026-09-15T01:45:03.000Z</time>
        <extensions>
          <ns3:TrackPointExtension>
            <ns3:hr>99</ns3:hr>
          </ns3:TrackPointExtension>
        </extensions>
      </trkpt>
      <trkpt lat="48.10727150179445743560791015625" lon="-122.77424915693700313568115234375">
        <ele>0.20000000298023223876953125</ele>
        <time>2026-09-15T01:45:04.000Z</time>
        <extensions>
          <ns3:TrackPointExtension>
            <ns3:hr>95</ns3:hr>
          </ns3:TrackPointExtension>
        </extensions>
      </trkpt>
      <trkpt lat="48.10727636329829692840576171875" lon="-122.7742544375360012054443359375">
        <ele>0.20000000298023223876953125</ele>
        <time>2026-09-15T01:45:05.000Z</time>
        <extensions>
          <ns3:TrackPointExtension>
            <ns3:hr>95</ns3:hr>
          </ns3:TrackPointExtension>
        </extensions>
      </trkpt>
      <trkpt lat="48.1072890199720859527587890625" lon="-122.7742638252675533294677734375">
        <ele>0.20000000298023223876953125</ele>
        <time>2026-09-15T01:45:07.000Z</time>
        <extensions>
          <ns3:TrackPointExtension>
            <ns3:hr>92</ns3:hr>
          </ns3:TrackPointExtension>
        </extensions>
      </trkpt>
      <trkpt lat="48.10730217956006526947021484375" lon="-122.77427346445620059967041015625">
        <ele>0.20000000298023223876953125</ele>
        <time>2026-09-15T01:45:09.000Z</time>
        <extensions>
          <ns3:TrackPointExtension>
            <ns3:hr>92</ns3:hr>
          </ns3:TrackPointExtension>
        </extensions>
      </trkpt>
      <trkpt lat="48.10733822174370288848876953125" lon="-122.77429710142314434051513671875">
        <ele>0.20000000298023223876953125</ele>
        <time>2026-09-15T01:45:14.000Z</time>
        <extensions>
          <ns3:TrackPointExtension>
            <ns3:hr>89</ns3:hr>
          </ns3:TrackPointExtension>
        </extensions>
      </trkpt>
      <trkpt lat="48.107357919216156005859375" lon="-122.774316631257534027099609375">
        <ele>0.20000000298023223876953125</ele>
        <time>2026-09-15T01:45:18.000Z</time>
        <extensions>
          <ns3:TrackPointExtension>
            <ns3:hr>92</ns3:hr>
          </ns3:TrackPointExtension>
        </extensions>
      </trkpt>
      <trkpt lat="48.10738138854503631591796875" lon="-122.77433146722614765167236328125">
        <ele>0.20000000298023223876953125</ele>
        <time>2026-09-15T01:45:22.000Z</time>
        <extensions>
          <ns3:TrackPointExtension>
            <ns3:hr>95</ns3:hr>
          </ns3:TrackPointExtension>
        </extensions>
      </trkpt>
      <trkpt lat="48.10741499997675418853759765625" lon="-122.77436013333499431610107421875">
        <ele>0</ele>
        <time>2026-09-15T01:45:28.000Z</time>
        <extensions>
          <ns3:TrackPointExtension>
            <ns3:hr>98</ns3:hr>
          </ns3:TrackPointExtension>
        </extensions>
      </trkpt>
      <trkpt lat="48.10742790810763835906982421875" lon="-122.77441143058240413665771484375">
        <ele>0.20000000298023223876953125</ele>
        <time>2026-09-15T01:45:34.000Z</time>
        <extensions>
          <ns3:TrackPointExtension>
            <ns3:hr>101</ns3:hr>
          </ns3:TrackPointExtension>
        </extensions>
      </trkpt>
      <trkpt lat="48.10745875351130962371826171875" lon="-122.77448217384517192840576171875">
        <ele>0.20000000298023223876953125</ele>
        <time>2026-09-15T01:45:45.000Z</time>
        <extensions>
          <ns3:TrackPointExtension>
            <ns3:hr>99</ns3:hr>
          </ns3:TrackPointExtension>
        </extensions>
      </trkpt>
      <trkpt lat="48.10751281678676605224609375" lon="-122.77456901036202907562255859375">
        <ele>0</ele>
        <time>2026-09-15T01:45:56.000Z</time>
        <extensions>
          <ns3:TrackPointExtension>
            <ns3:hr>97</ns3:hr>
          </ns3:TrackPointExtension>
        </extensions>
      </trkpt>
      <trkpt lat="48.10754927806556224822998046875" lon="-122.77462743222713470458984375">
        <ele>0</ele>
        <time>2026-09-15T01:46:03.000Z</time>
        <extensions>
          <ns3:TrackPointExtension>
            <ns3:hr>94</ns3:hr>
          </ns3:TrackPointExtension>
        </extensions>
      </trkpt>
      <trkpt lat="48.10760191641747951507568359375" lon="-122.77467680163681507110595703125">
        <ele>0</ele>
        <time>2026-09-15T01:46:12.000Z</time>
        <extensions>
          <ns3:TrackPointExtension>
            <ns3:hr>90</ns3:hr>
          </ns3:TrackPointExtension>
        </extensions>
      </trkpt>
      <trkpt lat="48.1076219491660594940185546875" lon="-122.77469574473798274993896484375">
        <ele>0</ele>
        <time>2026-09-15T01:46:16.000Z</time>
        <extensions>
          <ns3:TrackPointExtension>
            <ns3:hr>95</ns3:hr>
          </ns3:TrackPointExtension>
        </extensions>
      </trkpt>
      <trkpt lat="48.1076316721737384796142578125" lon="-122.77470446191728115081787109375">
        <ele>0</ele>
        <time>2026-09-15T01:46:18.000Z</time>
        <extensions>
          <ns3:TrackPointExtension>
            <ns3:hr>99</ns3:hr>
          </ns3:TrackPointExtension>
        </extensions>
      </trkpt>
      <trkpt lat="48.107699565589427947998046875" lon="-122.77475257404148578643798828125">
        <ele>0</ele>
        <time>2026-09-15T01:46:28.000Z</time>
        <extensions>
          <ns3:TrackPointExtension>
            <ns3:hr>101</ns3:hr>
          </ns3:TrackPointExtension>
        </extensions>
      </trkpt>
      <trkpt lat="48.10773116536438465118408203125" lon="-122.7747905440628528594970703125">
        <ele>-0.60000002384185791015625</ele>
        <time>2026-09-15T01:46:38.000Z</time>
        <extensions>
          <ns3:TrackPointExtension>
            <ns3:hr>103</ns3:hr>
          </ns3:TrackPointExtension>
        </extensions>
      </trkpt>
      <trkpt lat="48.10773250646889209747314453125" lon="-122.77479180134832859039306640625">
        <ele>-0.60000002384185791015625</ele>
        <time>2026-09-15T01:46:39.000Z</time>
        <extensions>
          <ns3:TrackPointExtension>
            <ns3:hr>107</ns3:hr>
          </ns3:TrackPointExtension>
        </extensions>
      </trkpt>
      <trkpt lat="48.10773401521146297454833984375" lon="-122.77479247190058231353759765625">
        <ele>-0.800000011920928955078125</ele>
        <time>2026-09-15T01:46:40.000Z</time>
        <extensions>
          <ns3:TrackPointExtension>
            <ns3:hr>106</ns3:hr>
          </ns3:TrackPointExtension>
        </extensions>
      </trkpt>
      <trkpt lat="48.107735775411128997802734375" lon="-122.77479414828121662139892578125">
        <ele>-1</ele>
        <time>2026-09-15T01:46:44.000Z</time>
        <extensions>
          <ns3:TrackPointExtension>
            <ns3:hr>104</ns3:hr>
          </ns3:TrackPointExtension>
        </extensions>
      </trkpt>
      <trkpt lat="48.107731081545352935791015625" lon="-122.77478031814098358154296875">
        <ele>-1.2000000476837158203125</ele>
        <time>2026-09-15T01:47:07.000Z</time>
        <extensions>
          <ns3:TrackPointExtension>
            <ns3:hr>108</ns3:hr>
          </ns3:TrackPointExtension>
        </extensions>
      </trkpt>
      <trkpt lat="48.1077320873737335205078125" lon="-122.77476883493363857269287109375">
        <ele>-1.39999997615814208984375</ele>
        <time>2026-09-15T01:47:20.000Z</time>
        <extensions>
          <ns3:TrackPointExtension>
            <ns3:hr>105</ns3:hr>
          </ns3:TrackPointExtension>
        </extensions>
      </trkpt>
      <trkpt lat="48.10773217119276523590087890625" lon="-122.774767577648162841796875">
        <ele>-1.39999997615814208984375</ele>
        <time>2026-09-15T01:47:23.000Z</time>
        <extensions>
          <ns3:TrackPointExtension>
            <ns3:hr>101</ns3:hr>
          </ns3:TrackPointExtension>
        </extensions>
      </trkpt>
      <trkpt lat="48.10773217119276523590087890625" lon="-122.77476564981043338775634765625">
        <ele>-1.2000000476837158203125</ele>
        <time>2026-09-15T01:47:26.000Z</time>
        <extensions>
          <ns3:TrackPointExtension>
            <ns3:hr>97</ns3:hr>
          </ns3:TrackPointExtension>
        </extensions>
      </trkpt>
      <trkpt lat="48.1077386252582073211669921875" lon="-122.77476833201944828033447265625">
        <ele>-0.60000002384185791015625</ele>
        <time>2026-09-15T01:47:37.000Z</time>
        <extensions>
          <ns3:TrackPointExtension>
            <ns3:hr>102</ns3:hr>
          </ns3:TrackPointExtension>
        </extensions>
      </trkpt>
      <trkpt lat="48.107741810381412506103515625" lon="-122.77476933784782886505126953125">
        <ele>-0.60000002384185791015625</ele>
        <time>2026-09-15T01:47:38.000Z</time>
        <extensions>
          <ns3:TrackPointExtension>
            <ns3:hr>108</ns3:hr>
          </ns3:TrackPointExtension>
        </extensions>
      </trkpt>
      <trkpt lat="48.10774524696171283721923828125" lon="-122.77477336116135120391845703125">
        <ele>-0.60000002384185791015625</ele>
        <time>2026-09-15T01:47:39.000Z</time>
        <extensions>
          <ns3:TrackPointExtension>
            <ns3:hr>112</ns3:hr>
          </ns3:TrackPointExtension>
        </extensions>
      </trkpt>
      <trkpt lat="48.10774994082748889923095703125" lon="-122.77477805502712726593017578125">
        <ele>-0.60000002384185791015625</ele>
        <time>2026-09-15T01:47:40.000Z</time>
        <extensions>
          <ns3:TrackPointExtension>
            <ns3:hr>114</ns3:hr>
          </ns3:TrackPointExtension>
        </extensions>
      </trkpt>
      <trkpt lat="48.1077604182064533233642578125" lon="-122.7747876942157745361328125">
        <ele>-0.60000002384185791015625</ele>
        <time>2026-09-15T01:47:42.000Z</time>
        <extensions>
          <ns3:TrackPointExtension>
            <ns3:hr>117</ns3:hr>
          </ns3:TrackPointExtension>
        </extensions>
      </trkpt>
      <trkpt lat="48.1077647767961025238037109375" lon="-122.77477637864649295806884765625">
        <ele>-0.20000000298023223876953125</ele>
        <time>2026-09-15T01:47:50.000Z</time>
        <extensions>
          <ns3:TrackPointExtension>
            <ns3:hr>119</ns3:hr>
          </ns3:TrackPointExtension>
        </extensions>
      </trkpt>
      <trkpt lat="48.10778011567890644073486328125" lon="-122.774792052805423736572265625">
        <ele>-0.20000000298023223876953125</ele>
        <time>2026-09-15T01:47:52.000Z</time>
        <extensions>
          <ns3:TrackPointExtension>
            <ns3:hr>119</ns3:hr>
          </ns3:TrackPointExtension>
        </extensions>
      </trkpt>
      <trkpt lat="48.10779981315135955810546875" lon="-122.7748200483620166778564453125">
        <ele>0</ele>
        <time>2026-09-15T01:47:55.000Z</time>
        <extensions>
          <ns3:TrackPointExtension>
            <ns3:hr>120</ns3:hr>
          </ns3:TrackPointExtension>
        </extensions>
      </trkpt>
      <trkpt lat="48.10781280510127544403076171875" lon="-122.77483932673931121826171875">
        <ele>0.20000000298023223876953125</ele>
        <time>2026-09-15T01:47:57.000Z</time>
        <extensions>
          <ns3:TrackPointExtension>
            <ns3:hr>120</ns3:hr>
          </ns3:TrackPointExtension>
        </extensions>
      </trkpt>
      <trkpt lat="48.1078382022678852081298828125" lon="-122.774866484105587005615234375">
        <ele>0.60000002384185791015625</ele>
        <time>2026-09-15T01:48:00.000Z</time>
        <extensions>
          <ns3:TrackPointExtension>
            <ns3:hr>117</ns3:hr>
          </ns3:TrackPointExtension>
        </extensions>
      </trkpt>
      <trkpt lat="48.10786527581512928009033203125" lon="-122.774895988404750823974609375">
        <ele>0.60000002384185791015625</ele>
        <time>2026-09-15T01:48:03.000Z</time>
        <extensions>
          <ns3:TrackPointExtension>
            <ns3:hr>116</ns3:hr>
          </ns3:TrackPointExtension>
        </extensions>
      </trkpt>
      <trkpt lat="48.1078727357089519500732421875" lon="-122.77490965090692043304443359375">
        <ele>0.60000002384185791015625</ele>
        <time>2026-09-15T01:48:04.000Z</time>
        <extensions>
          <ns3:TrackPointExtension>
            <ns3:hr>115</ns3:hr>
          </ns3:TrackPointExtension>
        </extensions>
      </trkpt>
      <trkpt lat="48.10787131078541278839111328125" lon="-122.7749387361109256744384765625">
        <ele>0.800000011920928955078125</ele>
        <time>2026-09-15T01:48:06.000Z</time>
        <extensions>
          <ns3:TrackPointExtension>
            <ns3:hr>114</ns3:hr>
          </ns3:TrackPointExtension>
        </extensions>
      </trkpt>
      <trkpt lat="48.10785605572164058685302734375" lon="-122.774968408048152923583984375">
        <ele>0.800000011920928955078125</ele>
        <time>2026-09-15T01:48:08.000Z</time>
        <extensions>
          <ns3:TrackPointExtension>
            <ns3:hr>113</ns3:hr>
          </ns3:TrackPointExtension>
        </extensions>
      </trkpt>
      <trkpt lat="48.10780492611229419708251953125" lon="-122.77503873221576213836669921875">
        <ele>0.800000011920928955078125</ele>
        <time>2026-09-15T01:48:14.000Z</time>
        <extensions>
          <ns3:TrackPointExtension>
            <ns3:hr>111</ns3:hr>
          </ns3:TrackPointExtension>
        </extensions>
      </trkpt>
      <trkpt lat="48.10778950341045856475830078125" lon="-122.77503378689289093017578125">
        <ele>0.800000011920928955078125</ele>
        <time>2026-09-15T01:48:16.000Z</time>
        <extensions>
          <ns3:TrackPointExtension>
            <ns3:hr>111</ns3:hr>
          </ns3:TrackPointExtension>
        </extensions>
      </trkpt>
      <trkpt lat="48.107786066830158233642578125" lon="-122.77502439916133880615234375">
        <ele>0.800000011920928955078125</ele>
        <time>2026-09-15T01:48:17.000Z</time>
        <extensions>
          <ns3:TrackPointExtension>
            <ns3:hr>111</ns3:hr>
          </ns3:TrackPointExtension>
        </extensions>
      </trkpt>
      <trkpt lat="48.10775061137974262237548828125" lon="-122.77497972361743450164794921875">
        <ele>1</ele>
        <time>2026-09-15T01:48:21.000Z</time>
        <extensions>
          <ns3:TrackPointExtension>
            <ns3:hr>110</ns3:hr>
          </ns3:TrackPointExtension>
        </extensions>
      </trkpt>
      <trkpt lat="48.10772814787924289703369140625" lon="-122.7749578468501567840576171875">
        <ele>1</ele>
        <time>2026-09-15T01:48:23.000Z</time>
        <extensions>
          <ns3:TrackPointExtension>
            <ns3:hr>107</ns3:hr>
          </ns3:TrackPointExtension>
        </extensions>
      </trkpt>
      <trkpt lat="48.10764667578041553497314453125" lon="-122.774894647300243377685546875">
        <ele>0.60000002384185791015625</ele>
        <time>2026-09-15T01:48:32.000Z</time>
        <extensions>
          <ns3:TrackPointExtension>
            <ns3:hr>108</ns3:hr>
          </ns3:TrackPointExtension>
        </extensions>
      </trkpt>
      <trkpt lat="48.10764164663851261138916015625" lon="-122.7748928032815456390380859375">
        <ele>0.60000002384185791015625</ele>
        <time>2026-09-15T01:48:35.000Z</time>
        <extensions>
          <ns3:TrackPointExtension>
            <ns3:hr>108</ns3:hr>
          </ns3:TrackPointExtension>
        </extensions>
      </trkpt>
      <trkpt lat="48.1076516211032867431640625" lon="-122.77489540167152881622314453125">
        <ele>0.60000002384185791015625</ele>
        <time>2026-09-15T01:48:40.000Z</time>
        <extensions>
          <ns3:TrackPointExtension>
            <ns3:hr>105</ns3:hr>
          </ns3:TrackPointExtension>
        </extensions>
      </trkpt>
      <trkpt lat="48.10766444541513919830322265625" lon="-122.774904035031795501708984375">
        <ele>0.60000002384185791015625</ele>
        <time>2026-09-15T01:48:46.000Z</time>
        <extensions>
          <ns3:TrackPointExtension>
            <ns3:hr>104</ns3:hr>
          </ns3:TrackPointExtension>
        </extensions>
      </trkpt>
      <trkpt lat="48.1076732464134693145751953125" lon="-122.77491451241075992584228515625">
        <ele>0.800000011920928955078125</ele>
        <time>2026-09-15T01:48:47.000Z</time>
        <extensions>
          <ns3:TrackPointExtension>
            <ns3:hr>104</ns3:hr>
          </ns3:TrackPointExtension>
        </extensions>
      </trkpt>
      <trkpt lat="48.10771272517740726470947265625" lon="-122.77495759539306163787841796875">
        <ele>1</ele>
        <time>2026-09-15T01:48:51.000Z</time>
        <extensions>
          <ns3:TrackPointExtension>
            <ns3:hr>103</ns3:hr>
          </ns3:TrackPointExtension>
        </extensions>
      </trkpt>
      <trkpt lat="48.1077406369149684906005859375" lon="-122.7749839983880519866943359375">
        <ele>1.2000000476837158203125</ele>
        <time>2026-09-15T01:48:54.000Z</time>
        <extensions>
          <ns3:TrackPointExtension>
            <ns3:hr>105</ns3:hr>
          </ns3:TrackPointExtension>
        </extensions>
      </trkpt>
      <trkpt lat="48.107780702412128448486328125" lon="-122.7750237286090850830078125">
        <ele>1.60000002384185791015625</ele>
        <time>2026-09-15T01:48:58.000Z</time>
        <extensions>
          <ns3:TrackPointExtension>
            <ns3:hr>109</ns3:hr>
          </ns3:TrackPointExtension>
        </extensions>
      </trkpt>
      <trkpt lat="48.10779553838074207305908203125" lon="-122.77504225261509418487548828125">
        <ele>1.7999999523162841796875</ele>
        <time>2026-09-15T01:49:00.000Z</time>
        <extensions>
          <ns3:TrackPointExtension>
            <ns3:hr>109</ns3:hr>
          </ns3:TrackPointExtension>
        </extensions>
      </trkpt>
      <trkpt lat="48.10786561109125614166259765625" lon="-122.7750916220247745513916015625">
        <ele>1.60000002384185791015625</ele>
        <time>2026-09-15T01:49:06.000Z</time>
        <extensions>
          <ns3:TrackPointExtension>
            <ns3:hr>106</ns3:hr>
          </ns3:TrackPointExtension>
        </extensions>
      </trkpt>
      <trkpt lat="48.10790081508457660675048828125" lon="-122.7751122415065765380859375">
        <ele>1.60000002384185791015625</ele>
        <time>2026-09-15T01:49:09.000Z</time>
        <extensions>
          <ns3:TrackPointExtension>
            <ns3:hr>103</ns3:hr>
          </ns3:TrackPointExtension>
        </extensions>
      </trkpt>
      <trkpt lat="48.1079226918518543243408203125" lon="-122.7751202881336212158203125">
        <ele>1.7999999523162841796875</ele>
        <time>2026-09-15T01:49:11.000Z</time>
        <extensions>
          <ns3:TrackPointExtension>
            <ns3:hr>103</ns3:hr>
          </ns3:TrackPointExtension>
        </extensions>
      </trkpt>
      <trkpt lat="48.108001314103603363037109375" lon="-122.77518105693161487579345703125">
        <ele>1.7999999523162841796875</ele>
        <time>2026-09-15T01:49:19.000Z</time>
        <extensions>
          <ns3:TrackPointExtension>
            <ns3:hr>103</ns3:hr>
          </ns3:TrackPointExtension>
        </extensions>
      </trkpt>
      <trkpt lat="48.10802302323281764984130859375" lon="-122.775189019739627838134765625">
        <ele>1.7999999523162841796875</ele>
        <time>2026-09-15T01:49:21.000Z</time>
        <extensions>
          <ns3:TrackPointExtension>
            <ns3:hr>101</ns3:hr>
          </ns3:TrackPointExtension>
        </extensions>
      </trkpt>
      <trkpt lat="48.1080987118184566497802734375" lon="-122.77523604221642017364501953125">
        <ele>1.7999999523162841796875</ele>
        <time>2026-09-15T01:49:30.000Z</time>
        <extensions>
          <ns3:TrackPointExtension>
            <ns3:hr>101</ns3:hr>
          </ns3:TrackPointExtension>
        </extensions>
      </trkpt>
      <trkpt lat="48.10811706818640232086181640625" lon="-122.7752248942852020263671875">
        <ele>1.60000002384185791015625</ele>
        <time>2026-09-15T01:49:40.000Z</time>
        <extensions>
          <ns3:TrackPointExtension>
            <ns3:hr>100</ns3:hr>
          </ns3:TrackPointExtension>
        </extensions>
      </trkpt>
      <trkpt lat="48.108118660748004913330078125" lon="-122.77522615157067775726318359375">
        <ele>1.39999997615814208984375</ele>
        <time>2026-09-15T01:49:51.000Z</time>
        <extensions>
          <ns3:TrackPointExtension>
            <ns3:hr>103</ns3:hr>
          </ns3:TrackPointExtension>
        </extensions>
      </trkpt>
      <trkpt lat="48.108118660748004913330078125" lon="-122.77522615157067775726318359375">
        <ele>1.39999997615814208984375</ele>
        <time>2026-09-15T01:49:53.000Z</time>
        <extensions>
          <ns3:TrackPointExtension>
            <ns3:hr>107</ns3:hr>
          </ns3:TrackPointExtension>
        </extensions>
      </trkpt>
      <trkpt lat="48.1081194989383220672607421875" lon="-122.77522698976099491119384765625">
        <ele>1.60000002384185791015625</ele>
        <time>2026-09-15T01:50:01.000Z</time>
        <extensions>
          <ns3:TrackPointExtension>
            <ns3:hr>101</ns3:hr>
          </ns3:TrackPointExtension>
        </extensions>
      </trkpt>
      <trkpt lat="48.1081194989383220672607421875" lon="-122.77522698976099491119384765625">
        <ele>1.60000002384185791015625</ele>
        <time>2026-09-15T01:50:02.000Z</time>
        <extensions>
          <ns3:TrackPointExtension>
            <ns3:hr>101</ns3:hr>
          </ns3:TrackPointExtension>
        </extensions>
      </trkpt>
      <trkpt lat="48.1081194989383220672607421875" lon="-122.77522648684680461883544921875">
        <ele>1.39999997615814208984375</ele>
        <time>2026-09-15T01:50:07.000Z</time>
        <extensions>
          <ns3:TrackPointExtension>
            <ns3:hr>102</ns3:hr>
          </ns3:TrackPointExtension>
        </extensions>
      </trkpt>
      <trkpt lat="48.1081161461770534515380859375" lon="-122.77522648684680461883544921875">
        <ele>1.2000000476837158203125</ele>
        <time>2026-09-15T01:50:15.000Z</time>
        <extensions>
          <ns3:TrackPointExtension>
            <ns3:hr>106</ns3:hr>
          </ns3:TrackPointExtension>
        </extensions>
      </trkpt>
      <trkpt lat="48.1081151403486728668212890625" lon="-122.77522648684680461883544921875">
        <ele>1.2000000476837158203125</ele>
        <time>2026-09-15T01:50:21.000Z</time>
        <extensions>
          <ns3:TrackPointExtension>
            <ns3:hr>109</ns3:hr>
          </ns3:TrackPointExtension>
        </extensions>
      </trkpt>
      <trkpt lat="48.1081156432628631591796875" lon="-122.7752337791025638580322265625">
        <ele>1.2000000476837158203125</ele>
        <time>2026-09-15T01:50:31.000Z</time>
        <extensions>
          <ns3:TrackPointExtension>
            <ns3:hr>102</ns3:hr>
          </ns3:TrackPointExtension>
        </extensions>
      </trkpt>
      <trkpt lat="48.1081211753189563751220703125" lon="-122.7752409875392913818359375">
        <ele>1.39999997615814208984375</ele>
        <time>2026-09-15T01:50:32.000Z</time>
        <extensions>
          <ns3:TrackPointExtension>
            <ns3:hr>102</ns3:hr>
          </ns3:TrackPointExtension>
        </extensions>
      </trkpt>
      <trkpt lat="48.10805386863648891448974609375" lon="-122.77518399059772491455078125">
        <ele>1.39999997615814208984375</ele>
        <time>2026-09-15T01:50:42.000Z</time>
        <extensions>
          <ns3:TrackPointExtension>
            <ns3:hr>100</ns3:hr>
          </ns3:TrackPointExtension>
        </extensions>
      </trkpt>
      <trkpt lat="48.10805219225585460662841796875" lon="-122.77518373914062976837158203125">
        <ele>1.39999997615814208984375</ele>
        <time>2026-09-15T01:50:43.000Z</time>
        <extensions>
          <ns3:TrackPointExtension>
            <ns3:hr>97</ns3:hr>
          </ns3:TrackPointExtension>
        </extensions>
      </trkpt>
      <trkpt lat="48.10806778259575366973876953125" lon="-122.775199078023433685302734375">
        <ele>1.39999997615814208984375</ele>
        <time>2026-09-15T01:50:45.000Z</time>
        <extensions>
          <ns3:TrackPointExtension>
            <ns3:hr>92</ns3:hr>
          </ns3:TrackPointExtension>
        </extensions>
      </trkpt>
      <trkpt lat="48.1080641783773899078369140625" lon="-122.77520469389855861663818359375">
        <ele>1.2000000476837158203125</ele>
        <time>2026-09-15T01:50:48.000Z</time>
        <extensions>
          <ns3:TrackPointExtension>
            <ns3:hr>92</ns3:hr>
          </ns3:TrackPointExtension>
        </extensions>
      </trkpt>
      <trkpt lat="48.10806945897638797760009765625" lon="-122.77520620264112949371337890625">
        <ele>1</ele>
        <time>2026-09-15T01:50:54.000Z</time>
        <extensions>
          <ns3:TrackPointExtension>
            <ns3:hr>92</ns3:hr>
          </ns3:TrackPointExtension>
        </extensions>
      </trkpt>
      <trkpt lat="48.10806845314800739288330078125" lon="-122.77520385570824146270751953125">
        <ele>1</ele>
        <time>2026-09-15T01:51:06.000Z</time>
        <extensions>
          <ns3:TrackPointExtension>
            <ns3:hr>95</ns3:hr>
          </ns3:TrackPointExtension>
        </extensions>
      </trkpt>
      <trkpt lat="48.108071722090244293212890625" lon="-122.775204442441463470458984375">
        <ele>1.2000000476837158203125</ele>
        <time>2026-09-15T01:51:10.000Z</time>
        <extensions>
          <ns3:TrackPointExtension>
            <ns3:hr>99</ns3:hr>
          </ns3:TrackPointExtension>
        </extensions>
      </trkpt>
      <trkpt lat="48.10807230882346630096435546875" lon="-122.77520419098436832427978515625">
        <ele>1.2000000476837158203125</ele>
        <time>2026-09-15T01:51:12.000Z</time>
        <extensions>
          <ns3:TrackPointExtension>
            <ns3:hr>101</ns3:hr>
          </ns3:TrackPointExtension>
        </extensions>
      </trkpt>
      <trkpt lat="48.10807264409959316253662109375" lon="-122.77520452626049518585205078125">
        <ele>1.2000000476837158203125</ele>
        <time>2026-09-15T01:51:30.000Z</time>
        <extensions>
          <ns3:TrackPointExtension>
            <ns3:hr>104</ns3:hr>
          </ns3:TrackPointExtension>
        </extensions>
      </trkpt>
      <trkpt lat="48.1080799363553524017333984375" lon="-122.775203771889209747314453125">
        <ele>1.2000000476837158203125</ele>
        <time>2026-09-15T01:51:41.000Z</time>
        <extensions>
          <ns3:TrackPointExtension>
            <ns3:hr>101</ns3:hr>
          </ns3:TrackPointExtension>
        </extensions>
      </trkpt>
      <trkpt lat="48.1080866418778896331787109375" lon="-122.7751985751092433929443359375">
        <ele>1.2000000476837158203125</ele>
        <time>2026-09-15T01:52:04.000Z</time>
        <extensions>
          <ns3:TrackPointExtension>
            <ns3:hr>106</ns3:hr>
          </ns3:TrackPointExtension>
        </extensions>
      </trkpt>
      <trkpt lat="48.108088485896587371826171875" lon="-122.775207795202732086181640625">
        <ele>1.39999997615814208984375</ele>
        <time>2026-09-15T01:52:12.000Z</time>
        <extensions>
          <ns3:TrackPointExtension>
            <ns3:hr>103</ns3:hr>
          </ns3:TrackPointExtension>
        </extensions>
      </trkpt>
      <trkpt lat="48.10808873735368251800537109375" lon="-122.775209806859493255615234375">
        <ele>1.39999997615814208984375</ele>
        <time>2026-09-15T01:52:14.000Z</time>
        <extensions>
          <ns3:TrackPointExtension>
            <ns3:hr>100</ns3:hr>
          </ns3:TrackPointExtension>
        </extensions>
      </trkpt>
      <trkpt lat="48.1080926768481731414794921875" lon="-122.77522011660039424896240234375">
        <ele>1.39999997615814208984375</ele>
        <time>2026-09-15T01:52:17.000Z</time>
        <extensions>
          <ns3:TrackPointExtension>
            <ns3:hr>97</ns3:hr>
          </ns3:TrackPointExtension>
        </extensions>
      </trkpt>
      <trkpt lat="48.10809661634266376495361328125" lon="-122.77522313408553600311279296875">
        <ele>1.7999999523162841796875</ele>
        <time>2026-09-15T01:52:32.000Z</time>
        <extensions>
          <ns3:TrackPointExtension>
            <ns3:hr>100</ns3:hr>
          </ns3:TrackPointExtension>
        </extensions>
      </trkpt>
      <trkpt lat="48.1080997176468372344970703125" lon="-122.77523201890289783477783203125">
        <ele>1.7999999523162841796875</ele>
        <time>2026-09-15T01:52:53.000Z</time>
        <extensions>
          <ns3:TrackPointExtension>
            <ns3:hr>103</ns3:hr>
          </ns3:TrackPointExtension>
        </extensions>
      </trkpt>
      <trkpt lat="48.1081003881990909576416015625" lon="-122.7752331085503101348876953125">
        <ele>1.7999999523162841796875</ele>
        <time>2026-09-15T01:52:56.000Z</time>
        <extensions>
          <ns3:TrackPointExtension>
            <ns3:hr>106</ns3:hr>
          </ns3:TrackPointExtension>
        </extensions>
      </trkpt>
      <trkpt lat="48.10810164548456668853759765625" lon="-122.77523336000740528106689453125">
        <ele>1.7999999523162841796875</ele>
        <time>2026-09-15T01:52:59.000Z</time>
        <extensions>
          <ns3:TrackPointExtension>
            <ns3:hr>112</ns3:hr>
          </ns3:TrackPointExtension>
        </extensions>
      </trkpt>
      <trkpt lat="48.108103238046169281005859375" lon="-122.775233946740627288818359375">
        <ele>2</ele>
        <time>2026-09-15T01:53:04.000Z</time>
        <extensions>
          <ns3:TrackPointExtension>
            <ns3:hr>109</ns3:hr>
          </ns3:TrackPointExtension>
        </extensions>
      </trkpt>
      <trkpt lat="48.108103238046169281005859375" lon="-122.77523453347384929656982421875">
        <ele>2</ele>
        <time>2026-09-15T01:53:05.000Z</time>
        <extensions>
          <ns3:TrackPointExtension>
            <ns3:hr>106</ns3:hr>
          </ns3:TrackPointExtension>
        </extensions>
      </trkpt>
      <trkpt lat="48.10810332186520099639892578125" lon="-122.7752357907593250274658203125">
        <ele>2</ele>
        <time>2026-09-15T01:53:07.000Z</time>
        <extensions>
          <ns3:TrackPointExtension>
            <ns3:hr>103</ns3:hr>
          </ns3:TrackPointExtension>
        </extensions>
      </trkpt>
      <trkpt lat="48.10810332186520099639892578125" lon="-122.77523654513061046600341796875">
        <ele>2</ele>
        <time>2026-09-15T01:53:12.000Z</time>
        <extensions>
          <ns3:TrackPointExtension>
            <ns3:hr>106</ns3:hr>
          </ns3:TrackPointExtension>
        </extensions>
      </trkpt>
      <trkpt lat="48.1081034056842327117919921875" lon="-122.7752361260354518890380859375">
        <ele>2</ele>
        <time>2026-09-15T01:53:14.000Z</time>
        <extensions>
          <ns3:TrackPointExtension>
            <ns3:hr>110</ns3:hr>
          </ns3:TrackPointExtension>
        </extensions>
      </trkpt>
      <trkpt lat="48.108103573322296142578125" lon="-122.77523495256900787353515625">
        <ele>2.2000000476837158203125</ele>
        <time>2026-09-15T01:53:17.000Z</time>
        <extensions>
          <ns3:TrackPointExtension>
            <ns3:hr>114</ns3:hr>
          </ns3:TrackPointExtension>
        </extensions>
      </trkpt>
      <trkpt lat="48.108103573322296142578125" lon="-122.77523436583578586578369140625">
        <ele>2.2000000476837158203125</ele>
        <time>2026-09-15T01:53:20.000Z</time>
        <extensions>
          <ns3:TrackPointExtension>
            <ns3:hr>117</ns3:hr>
          </ns3:TrackPointExtension>
        </extensions>
      </trkpt>
      <trkpt lat="48.10810348950326442718505859375" lon="-122.77523403055965900421142578125">
        <ele>2.2000000476837158203125</ele>
        <time>2026-09-15T01:53:21.000Z</time>
        <extensions>
          <ns3:TrackPointExtension>
            <ns3:hr>118</ns3:hr>
          </ns3:TrackPointExtension>
        </extensions>
      </trkpt>
      <trkpt lat="48.1081017293035984039306640625" lon="-122.7752310968935489654541015625">
        <ele>2.2000000476837158203125</ele>
        <time>2026-09-15T01:53:30.000Z</time>
        <extensions>
          <ns3:TrackPointExtension>
            <ns3:hr>115</ns3:hr>
          </ns3:TrackPointExtension>
        </extensions>
      </trkpt>
      <trkpt lat="48.10810164548456668853759765625" lon="-122.77523000724613666534423828125">
        <ele>2.2000000476837158203125</ele>
        <time>2026-09-15T01:53:31.000Z</time>
        <extensions>
          <ns3:TrackPointExtension>
            <ns3:hr>112</ns3:hr>
          </ns3:TrackPointExtension>
        </extensions>
      </trkpt>
      <trkpt lat="48.10810156166553497314453125" lon="-122.7752287499606609344482421875">
        <ele>2.2000000476837158203125</ele>
        <time>2026-09-15T01:53:32.000Z</time>
        <extensions>
          <ns3:TrackPointExtension>
            <ns3:hr>109</ns3:hr>
          </ns3:TrackPointExtension>
        </extensions>
      </trkpt>
      <trkpt lat="48.1081013940274715423583984375" lon="-122.775227911770343780517578125">
        <ele>2.2000000476837158203125</ele>
        <time>2026-09-15T01:53:33.000Z</time>
        <extensions>
          <ns3:TrackPointExtension>
            <ns3:hr>101</ns3:hr>
          </ns3:TrackPointExtension>
        </extensions>
      </trkpt>
      <trkpt lat="48.108101226389408111572265625" lon="-122.775227241218090057373046875">
        <ele>2.2000000476837158203125</ele>
        <time>2026-09-15T01:53:34.000Z</time>
        <extensions>
          <ns3:TrackPointExtension>
            <ns3:hr>92</ns3:hr>
          </ns3:TrackPointExtension>
        </extensions>
      </trkpt>
      <trkpt lat="48.1081010587513446807861328125" lon="-122.7752267383038997650146484375">
        <ele>2.2000000476837158203125</ele>
        <time>2026-09-15T01:53:35.000Z</time>
        <extensions>
          <ns3:TrackPointExtension>
            <ns3:hr>80</ns3:hr>
          </ns3:TrackPointExtension>
        </extensions>
      </trkpt>
      <trkpt lat="48.10809913091361522674560546875" lon="-122.77522598393261432647705078125">
        <ele>2.2000000476837158203125</ele>
        <time>2026-09-15T01:53:38.000Z</time>
        <extensions>
          <ns3:TrackPointExtension>
            <ns3:hr>77</ns3:hr>
          </ns3:TrackPointExtension>
        </extensions>
      </trkpt>
      <trkpt lat="48.10809795744717121124267578125" lon="-122.7752257324755191802978515625">
        <ele>2.400000095367431640625</ele>
        <time>2026-09-15T01:53:42.000Z</time>
        <extensions>
          <ns3:TrackPointExtension>
            <ns3:hr>81</ns3:hr>
          </ns3:TrackPointExtension>
        </extensions>
      </trkpt>
      <trkpt lat="48.10809695161879062652587890625" lon="-122.7752270735800266265869140625">
        <ele>2.400000095367431640625</ele>
        <time>2026-09-15T01:53:53.000Z</time>
        <extensions>
          <ns3:TrackPointExtension>
            <ns3:hr>78</ns3:hr>
          </ns3:TrackPointExtension>
        </extensions>
      </trkpt>
      <trkpt lat="48.1080970354378223419189453125" lon="-122.7752302587032318115234375">
        <ele>2.2000000476837158203125</ele>
        <time>2026-09-15T01:53:57.000Z</time>
        <extensions>
          <ns3:TrackPointExtension>
            <ns3:hr>75</ns3:hr>
          </ns3:TrackPointExtension>
        </extensions>
      </trkpt>
      <trkpt lat="48.10809753835201263427734375" lon="-122.7752327732741832733154296875">
        <ele>2.400000095367431640625</ele>
        <time>2026-09-15T01:54:07.000Z</time>
        <extensions>
          <ns3:TrackPointExtension>
            <ns3:hr>78</ns3:hr>
          </ns3:TrackPointExtension>
        </extensions>
      </trkpt>
    </trkseg>
  </trk>
</gpx>
